customer_id,customer_name,city,service_area
C0001,Customer 0001,Hosur,Hosur-Area-3
C0002,Customer 0002,Hyderabad,Hyderabad-Area-3
C0003,Customer 0003,Hubballi,Hubballi-Area-6
C0004,Customer 0004,Hubballi,Hubballi-Area-9
C0005,Customer 0005,Pune,Pune-Area-3
C0006,Customer 0006,Pune,Pune-Area-8
C0007,Customer 0007,Pune,Pune-Area-12
C0008,Customer 0008,Tumakuru,Tumakuru-Area-2
C0009,Customer 0009,Mangaluru,Mangaluru-Area-2
C0010,Customer 0010,Chennai,Chennai-Area-4
C0011,Customer 0011,Hosur,Hosur-Area-9
C0012,Customer 0012,Tumakuru,Tumakuru-Area-2
C0013,Customer 0013,Hosur,Hosur-Area-1
C0014,Customer 0014,Pune,Pune-Area-9
C0015,Customer 0015,Mysuru,Mysuru-Area-8
C0016,Customer 0016,Tumakuru,Tumakuru-Area-11
C0017,Customer 0017,Pune,Pune-Area-10
C0018,Customer 0018,Hosur,Hosur-Area-11
C0019,Customer 0019,Tumakuru,Tumakuru-Area-2
C0020,Customer 0020,Hyderabad,Hyderabad-Area-8
C0021,Customer 0021,Bengaluru,Bengaluru-Area-10
C0022,Customer 0022,Hubballi,Hubballi-Area-6
C0023,Customer 0023,Coimbatore,Coimbatore-Area-4
C0024,Customer 0024,Mysuru,Mysuru-Area-11
C0025,Customer 0025,Mangaluru,Mangaluru-Area-12
C0026,Customer 0026,Pune,Pune-Area-11
C0027,Customer 0027,Hosur,Hosur-Area-2
C0028,Customer 0028,Chennai,Chennai-Area-1
C0029,Customer 0029,Bengaluru,Bengaluru-Area-5
C0030,Customer 0030,Mangaluru,Mangaluru-Area-2
C0031,Customer 0031,Mysuru,Mysuru-Area-4
C0032,Customer 0032,Hubballi,Hubballi-Area-3
C0033,Customer 0033,Hosur,Hosur-Area-8
C0034,Customer 0034,Tumakuru,Tumakuru-Area-11
C0035,Customer 0035,Hubballi,Hubballi-Area-7
C0036,Customer 0036,Coimbatore,Coimbatore-Area-12
C0037,Customer 0037,Chennai,Chennai-Area-7
C0038,Customer 0038,Mysuru,Mysuru-Area-8
C0039,Customer 0039,Coimbatore,Coimbatore-Area-7
C0040,Customer 0040,Pune,Pune-Area-1
C0041,Customer 0041,Tumakuru,Tumakuru-Area-4
C0042,Customer 0042,Mangaluru,Mangaluru-Area-8
C0043,Customer 0043,Hyderabad,Hyderabad-Area-6
C0044,Customer 0044,Mysuru,Mysuru-Area-11
C0045,Customer 0045,Tumakuru,Tumakuru-Area-9
C0046,Customer 0046,Tumakuru,Tumakuru-Area-1
C0047,Customer 0047,Hosur,Hosur-Area-5
C0048,Customer 0048,Hyderabad,Hyderabad-Area-2
C0049,Customer 0049,Mangaluru,Mangaluru-Area-2
C0050,Customer 0050,Hyderabad,Hyderabad-Area-11
C0051,Customer 0051,Coimbatore,Coimbatore-Area-1
C0052,Customer 0052,Bengaluru,Bengaluru-Area-6
C0053,Customer 0053,Hyderabad,Hyderabad-Area-3
C0054,Customer 0054,Coimbatore,Coimbatore-Area-4
C0055,Customer 0055,Mysuru,Mysuru-Area-9
C0056,Customer 0056,Hyderabad,Hyderabad-Area-10
C0057,Customer 0057,Hyderabad,Hyderabad-Area-4
C0058,Customer 0058,Tumakuru,Tumakuru-Area-3
C0059,Customer 0059,Coimbatore,Coimbatore-Area-1
C0060,Customer 0060,Pune,Pune-Area-3
C0061,Customer 0061,Chennai,Chennai-Area-9
C0062,Customer 0062,Pune,Pune-Area-3
C0063,Customer 0063,Mysuru,Mysuru-Area-11
C0064,Customer 0064,Bengaluru,Bengaluru-Area-3
C0065,Customer 0065,Bengaluru,Bengaluru-Area-6
C0066,Customer 0066,Hyderabad,Hyderabad-Area-10
C0067,Customer 0067,Tumakuru,Tumakuru-Area-1
C0068,Customer 0068,Chennai,Chennai-Area-5
C0069,Customer 0069,Bengaluru,Bengaluru-Area-3
C0070,Customer 0070,Hosur,Hosur-Area-9
C0071,Customer 0071,Mysuru,Mysuru-Area-12
C0072,Customer 0072,Mysuru,Mysuru-Area-8
C0073,Customer 0073,Mangaluru,Mangaluru-Area-6
C0074,Customer 0074,Hubballi,Hubballi-Area-10
C0075,Customer 0075,Mysuru,Mysuru-Area-8
C0076,Customer 0076,Hubballi,Hubballi-Area-4
C0077,Customer 0077,Coimbatore,Coimbatore-Area-1
C0078,Customer 0078,Hubballi,Hubballi-Area-5
C0079,Customer 0079,Mangaluru,Mangaluru-Area-11
C0080,Customer 0080,Bengaluru,Bengaluru-Area-1
C0081,Customer 0081,Mangaluru,Mangaluru-Area-7
C0082,Customer 0082,Hosur,Hosur-Area-11
C0083,Customer 0083,Mysuru,Mysuru-Area-8
C0084,Customer 0084,Mangaluru,Mangaluru-Area-2
C0085,Customer 0085,Mysuru,Mysuru-Area-6
C0086,Customer 0086,Coimbatore,Coimbatore-Area-3
C0087,Customer 0087,Mysuru,Mysuru-Area-3
C0088,Customer 0088,Pune,Pune-Area-10
C0089,Customer 0089,Coimbatore,Coimbatore-Area-9
C0090,Customer 0090,Tumakuru,Tumakuru-Area-7
C0091,Customer 0091,Coimbatore,Coimbatore-Area-9
C0092,Customer 0092,Pune,Pune-Area-8
C0093,Customer 0093,Hubballi,Hubballi-Area-10
C0094,Customer 0094,Hosur,Hosur-Area-2
C0095,Customer 0095,Mysuru,Mysuru-Area-11
C0096,Customer 0096,Hubballi,Hubballi-Area-12
C0097,Customer 0097,Hyderabad,Hyderabad-Area-7
C0098,Customer 0098,Mangaluru,Mangaluru-Area-4
C0099,Customer 0099,Hosur,Hosur-Area-6
C0100,Customer 0100,Mangaluru,Mangaluru-Area-7
C0101,Customer 0101,Hosur,Hosur-Area-12
C0102,Customer 0102,Mysuru,Mysuru-Area-6
C0103,Customer 0103,Hosur,Hosur-Area-6
C0104,Customer 0104,Pune,Pune-Area-6
C0105,Customer 0105,Chennai,Chennai-Area-11
C0106,Customer 0106,Mangaluru,Mangaluru-Area-2
C0107,Customer 0107,Mysuru,Mysuru-Area-2
C0108,Customer 0108,Mysuru,Mysuru-Area-7
C0109,Customer 0109,Mysuru,Mysuru-Area-12
C0110,Customer 0110,Tumakuru,Tumakuru-Area-3
C0111,Customer 0111,Hubballi,Hubballi-Area-1
C0112,Customer 0112,Coimbatore,Coimbatore-Area-9
C0113,Customer 0113,Hubballi,Hubballi-Area-6
C0114,Customer 0114,Mysuru,Mysuru-Area-7
C0115,Customer 0115,Tumakuru,Tumakuru-Area-11
C0116,Customer 0116,Hosur,Hosur-Area-12
C0117,Customer 0117,Bengaluru,Bengaluru-Area-5
C0118,Customer 0118,Coimbatore,Coimbatore-Area-5
C0119,Customer 0119,Tumakuru,Tumakuru-Area-2
C0120,Customer 0120,Coimbatore,Coimbatore-Area-9
C0121,Customer 0121,Hyderabad,Hyderabad-Area-3
C0122,Customer 0122,Mangaluru,Mangaluru-Area-4
C0123,Customer 0123,Mysuru,Mysuru-Area-6
C0124,Customer 0124,Hubballi,Hubballi-Area-6
C0125,Customer 0125,Mysuru,Mysuru-Area-5
C0126,Customer 0126,Coimbatore,Coimbatore-Area-4
C0127,Customer 0127,Hosur,Hosur-Area-9
C0128,Customer 0128,Coimbatore,Coimbatore-Area-10
C0129,Customer 0129,Hubballi,Hubballi-Area-1
C0130,Customer 0130,Coimbatore,Coimbatore-Area-11
C0131,Customer 0131,Pune,Pune-Area-1
C0132,Customer 0132,Chennai,Chennai-Area-5
C0133,Customer 0133,Pune,Pune-Area-6
C0134,Customer 0134,Tumakuru,Tumakuru-Area-1
C0135,Customer 0135,Chennai,Chennai-Area-3
C0136,Customer 0136,Coimbatore,Coimbatore-Area-11
C0137,Customer 0137,Hosur,Hosur-Area-2
C0138,Customer 0138,Chennai,Chennai-Area-12
C0139,Customer 0139,Bengaluru,Bengaluru-Area-2
C0140,Customer 0140,Hubballi,Hubballi-Area-4
C0141,Customer 0141,Hosur,Hosur-Area-7
C0142,Customer 0142,Mangaluru,Mangaluru-Area-6
C0143,Customer 0143,Chennai,Chennai-Area-6
C0144,Customer 0144,Pune,Pune-Area-12
C0145,Customer 0145,Tumakuru,Tumakuru-Area-10
C0146,Customer 0146,Coimbatore,Coimbatore-Area-2
C0147,Customer 0147,Bengaluru,Bengaluru-Area-3
C0148,Customer 0148,Chennai,Chennai-Area-10
C0149,Customer 0149,Bengaluru,Bengaluru-Area-11
C0150,Customer 0150,Mysuru,Mysuru-Area-5
C0151,Customer 0151,Mangaluru,Mangaluru-Area-11
C0152,Customer 0152,Hosur,Hosur-Area-8
C0153,Customer 0153,Coimbatore,Coimbatore-Area-8
C0154,Customer 0154,Hosur,Hosur-Area-5
C0155,Customer 0155,Hyderabad,Hyderabad-Area-9
C0156,Customer 0156,Mysuru,Mysuru-Area-6
C0157,Customer 0157,Hosur,Hosur-Area-2
C0158,Customer 0158,Pune,Pune-Area-11
C0159,Customer 0159,Coimbatore,Coimbatore-Area-8
C0160,Customer 0160,Hubballi,Hubballi-Area-11
C0161,Customer 0161,Pune,Pune-Area-1
C0162,Customer 0162,Hyderabad,Hyderabad-Area-7
C0163,Customer 0163,Coimbatore,Coimbatore-Area-1
C0164,Customer 0164,Bengaluru,Bengaluru-Area-4
C0165,Customer 0165,Pune,Pune-Area-4
C0166,Customer 0166,Chennai,Chennai-Area-5
C0167,Customer 0167,Pune,Pune-Area-6
C0168,Customer 0168,Mysuru,Mysuru-Area-1
C0169,Customer 0169,Mangaluru,Mangaluru-Area-12
C0170,Customer 0170,Hosur,Hosur-Area-3
C0171,Customer 0171,Chennai,Chennai-Area-7
C0172,Customer 0172,Hubballi,Hubballi-Area-12
C0173,Customer 0173,Hyderabad,Hyderabad-Area-9
C0174,Customer 0174,Hubballi,Hubballi-Area-11
C0175,Customer 0175,Tumakuru,Tumakuru-Area-2
C0176,Customer 0176,Hosur,Hosur-Area-12
C0177,Customer 0177,Bengaluru,Bengaluru-Area-7
C0178,Customer 0178,Bengaluru,Bengaluru-Area-8
C0179,Customer 0179,Mysuru,Mysuru-Area-6
C0180,Customer 0180,Coimbatore,Coimbatore-Area-7
C0181,Customer 0181,Coimbatore,Coimbatore-Area-7
C0182,Customer 0182,Hosur,Hosur-Area-5
C0183,Customer 0183,Mysuru,Mysuru-Area-7
C0184,Customer 0184,Bengaluru,Bengaluru-Area-6
C0185,Customer 0185,Chennai,Chennai-Area-10
C0186,Customer 0186,Mangaluru,Mangaluru-Area-12
C0187,Customer 0187,Tumakuru,Tumakuru-Area-2
C0188,Customer 0188,Hosur,Hosur-Area-2
C0189,Customer 0189,Hyderabad,Hyderabad-Area-7
C0190,Customer 0190,Coimbatore,Coimbatore-Area-7
C0191,Customer 0191,Hubballi,Hubballi-Area-2
C0192,Customer 0192,Hosur,Hosur-Area-5
C0193,Customer 0193,Tumakuru,Tumakuru-Area-4
C0194,Customer 0194,Tumakuru,Tumakuru-Area-3
C0195,Customer 0195,Mysuru,Mysuru-Area-9
C0196,Customer 0196,Mysuru,Mysuru-Area-9
C0197,Customer 0197,Hubballi,Hubballi-Area-4
C0198,Customer 0198,Tumakuru,Tumakuru-Area-6
C0199,Customer 0199,Chennai,Chennai-Area-4
C0200,Customer 0200,Mysuru,Mysuru-Area-3
C0201,Customer 0201,Pune,Pune-Area-4
C0202,Customer 0202,Chennai,Chennai-Area-10
C0203,Customer 0203,Chennai,Chennai-Area-11
C0204,Customer 0204,Mysuru,Mysuru-Area-3
C0205,Customer 0205,Mangaluru,Mangaluru-Area-8
C0206,Customer 0206,Coimbatore,Coimbatore-Area-10
C0207,Customer 0207,Mangaluru,Mangaluru-Area-11
C0208,Customer 0208,Coimbatore,Coimbatore-Area-11
C0209,Customer 0209,Coimbatore,Coimbatore-Area-6
C0210,Customer 0210,Tumakuru,Tumakuru-Area-3
C0211,Customer 0211,Mangaluru,Mangaluru-Area-2
C0212,Customer 0212,Mangaluru,Mangaluru-Area-8
C0213,Customer 0213,Pune,Pune-Area-5
C0214,Customer 0214,Coimbatore,Coimbatore-Area-1
C0215,Customer 0215,Tumakuru,Tumakuru-Area-9
C0216,Customer 0216,Mysuru,Mysuru-Area-5
C0217,Customer 0217,Mangaluru,Mangaluru-Area-8
C0218,Customer 0218,Bengaluru,Bengaluru-Area-1
C0219,Customer 0219,Tumakuru,Tumakuru-Area-5
C0220,Customer 0220,Mysuru,Mysuru-Area-11
C0221,Customer 0221,Mysuru,Mysuru-Area-10
C0222,Customer 0222,Coimbatore,Coimbatore-Area-9
C0223,Customer 0223,Hosur,Hosur-Area-8
C0224,Customer 0224,Coimbatore,Coimbatore-Area-9
C0225,Customer 0225,Bengaluru,Bengaluru-Area-8
C0226,Customer 0226,Coimbatore,Coimbatore-Area-11
C0227,Customer 0227,Hyderabad,Hyderabad-Area-6
C0228,Customer 0228,Coimbatore,Coimbatore-Area-8
C0229,Customer 0229,Hubballi,Hubballi-Area-3
C0230,Customer 0230,Bengaluru,Bengaluru-Area-8
C0231,Customer 0231,Mysuru,Mysuru-Area-6
C0232,Customer 0232,Mysuru,Mysuru-Area-9
C0233,Customer 0233,Chennai,Chennai-Area-1
C0234,Customer 0234,Hyderabad,Hyderabad-Area-12
C0235,Customer 0235,Mangaluru,Mangaluru-Area-8
C0236,Customer 0236,Hubballi,Hubballi-Area-9
C0237,Customer 0237,Coimbatore,Coimbatore-Area-3
C0238,Customer 0238,Tumakuru,Tumakuru-Area-6
C0239,Customer 0239,Pune,Pune-Area-7
C0240,Customer 0240,Hosur,Hosur-Area-6
C0241,Customer 0241,Coimbatore,Coimbatore-Area-1
C0242,Customer 0242,Tumakuru,Tumakuru-Area-2
C0243,Customer 0243,Tumakuru,Tumakuru-Area-2
C0244,Customer 0244,Hubballi,Hubballi-Area-11
C0245,Customer 0245,Hosur,Hosur-Area-5
C0246,Customer 0246,Pune,Pune-Area-12
C0247,Customer 0247,Coimbatore,Coimbatore-Area-3
C0248,Customer 0248,Tumakuru,Tumakuru-Area-2
C0249,Customer 0249,Coimbatore,Coimbatore-Area-11
C0250,Customer 0250,Chennai,Chennai-Area-6
C0251,Customer 0251,Pune,Pune-Area-11
C0252,Customer 0252,Hosur,Hosur-Area-3
C0253,Customer 0253,Coimbatore,Coimbatore-Area-12
C0254,Customer 0254,Mysuru,Mysuru-Area-5
C0255,Customer 0255,Hubballi,Hubballi-Area-7
C0256,Customer 0256,Tumakuru,Tumakuru-Area-3
C0257,Customer 0257,Hubballi,Hubballi-Area-2
C0258,Customer 0258,Hosur,Hosur-Area-9
C0259,Customer 0259,Tumakuru,Tumakuru-Area-1
C0260,Customer 0260,Tumakuru,Tumakuru-Area-5
C0261,Customer 0261,Chennai,Chennai-Area-4
C0262,Customer 0262,Tumakuru,Tumakuru-Area-8
C0263,Customer 0263,Hyderabad,Hyderabad-Area-4
C0264,Customer 0264,Chennai,Chennai-Area-3
C0265,Customer 0265,Mysuru,Mysuru-Area-5
C0266,Customer 0266,Mysuru,Mysuru-Area-9
C0267,Customer 0267,Hubballi,Hubballi-Area-12
C0268,Customer 0268,Hubballi,Hubballi-Area-1
C0269,Customer 0269,Tumakuru,Tumakuru-Area-10
C0270,Customer 0270,Chennai,Chennai-Area-10
C0271,Customer 0271,Hosur,Hosur-Area-3
C0272,Customer 0272,Chennai,Chennai-Area-3
C0273,Customer 0273,Coimbatore,Coimbatore-Area-3
C0274,Customer 0274,Mangaluru,Mangaluru-Area-1
C0275,Customer 0275,Hosur,Hosur-Area-6
C0276,Customer 0276,Hyderabad,Hyderabad-Area-8
C0277,Customer 0277,Coimbatore,Coimbatore-Area-5
C0278,Customer 0278,Mangaluru,Mangaluru-Area-4
C0279,Customer 0279,Hubballi,Hubballi-Area-4
C0280,Customer 0280,Pune,Pune-Area-8
C0281,Customer 0281,Hyderabad,Hyderabad-Area-6
C0282,Customer 0282,Coimbatore,Coimbatore-Area-8
C0283,Customer 0283,Mangaluru,Mangaluru-Area-5
C0284,Customer 0284,Hosur,Hosur-Area-9
C0285,Customer 0285,Hubballi,Hubballi-Area-7
C0286,Customer 0286,Chennai,Chennai-Area-4
C0287,Customer 0287,Coimbatore,Coimbatore-Area-3
C0288,Customer 0288,Pune,Pune-Area-1
C0289,Customer 0289,Mangaluru,Mangaluru-Area-6
C0290,Customer 0290,Hubballi,Hubballi-Area-2
C0291,Customer 0291,Hubballi,Hubballi-Area-2
C0292,Customer 0292,Pune,Pune-Area-2
C0293,Customer 0293,Chennai,Chennai-Area-5
C0294,Customer 0294,Mangaluru,Mangaluru-Area-9
C0295,Customer 0295,Chennai,Chennai-Area-7
C0296,Customer 0296,Mysuru,Mysuru-Area-4
C0297,Customer 0297,Mangaluru,Mangaluru-Area-6
C0298,Customer 0298,Bengaluru,Bengaluru-Area-7
C0299,Customer 0299,Bengaluru,Bengaluru-Area-7
C0300,Customer 0300,Hubballi,Hubballi-Area-6
C0301,Customer 0301,Hyderabad,Hyderabad-Area-7
C0302,Customer 0302,Mysuru,Mysuru-Area-6
C0303,Customer 0303,Hyderabad,Hyderabad-Area-1
C0304,Customer 0304,Tumakuru,Tumakuru-Area-2
C0305,Customer 0305,Tumakuru,Tumakuru-Area-3
C0306,Customer 0306,Chennai,Chennai-Area-1
C0307,Customer 0307,Pune,Pune-Area-8
C0308,Customer 0308,Chennai,Chennai-Area-12
C0309,Customer 0309,Mangaluru,Mangaluru-Area-8
C0310,Customer 0310,Coimbatore,Coimbatore-Area-1
C0311,Customer 0311,Mysuru,Mysuru-Area-1
C0312,Customer 0312,Pune,Pune-Area-4
C0313,Customer 0313,Chennai,Chennai-Area-9
C0314,Customer 0314,Coimbatore,Coimbatore-Area-9
C0315,Customer 0315,Hosur,Hosur-Area-2
C0316,Customer 0316,Pune,Pune-Area-4
C0317,Customer 0317,Pune,Pune-Area-2
C0318,Customer 0318,Bengaluru,Bengaluru-Area-4
C0319,Customer 0319,Hosur,Hosur-Area-11
C0320,Customer 0320,Coimbatore,Coimbatore-Area-8
C0321,Customer 0321,Mysuru,Mysuru-Area-2
C0322,Customer 0322,Mangaluru,Mangaluru-Area-10
C0323,Customer 0323,Hubballi,Hubballi-Area-1
C0324,Customer 0324,Hubballi,Hubballi-Area-10
C0325,Customer 0325,Hyderabad,Hyderabad-Area-12
C0326,Customer 0326,Chennai,Chennai-Area-5
C0327,Customer 0327,Hosur,Hosur-Area-1
C0328,Customer 0328,Coimbatore,Coimbatore-Area-6
C0329,Customer 0329,Hyderabad,Hyderabad-Area-10
C0330,Customer 0330,Hosur,Hosur-Area-3
C0331,Customer 0331,Mysuru,Mysuru-Area-9
C0332,Customer 0332,Tumakuru,Tumakuru-Area-2
C0333,Customer 0333,Hubballi,Hubballi-Area-9
C0334,Customer 0334,Hubballi,Hubballi-Area-9
C0335,Customer 0335,Hubballi,Hubballi-Area-1
C0336,Customer 0336,Hosur,Hosur-Area-8
C0337,Customer 0337,Bengaluru,Bengaluru-Area-11
C0338,Customer 0338,Hosur,Hosur-Area-6
C0339,Customer 0339,Pune,Pune-Area-12
C0340,Customer 0340,Bengaluru,Bengaluru-Area-6
C0341,Customer 0341,Mysuru,Mysuru-Area-6
C0342,Customer 0342,Hyderabad,Hyderabad-Area-12
C0343,Customer 0343,Mysuru,Mysuru-Area-10
C0344,Customer 0344,Tumakuru,Tumakuru-Area-3
C0345,Customer 0345,Bengaluru,Bengaluru-Area-6
C0346,Customer 0346,Hubballi,Hubballi-Area-6
C0347,Customer 0347,Chennai,Chennai-Area-11
C0348,Customer 0348,Mangaluru,Mangaluru-Area-12
C0349,Customer 0349,Mangaluru,Mangaluru-Area-11
C0350,Customer 0350,Chennai,Chennai-Area-3
C0351,Customer 0351,Mysuru,Mysuru-Area-12
C0352,Customer 0352,Mangaluru,Mangaluru-Area-1
C0353,Customer 0353,Pune,Pune-Area-4
C0354,Customer 0354,Bengaluru,Bengaluru-Area-4
C0355,Customer 0355,Bengaluru,Bengaluru-Area-6
C0356,Customer 0356,Pune,Pune-Area-9
C0357,Customer 0357,Hosur,Hosur-Area-9
C0358,Customer 0358,Mangaluru,Mangaluru-Area-5
C0359,Customer 0359,Bengaluru,Bengaluru-Area-11
C0360,Customer 0360,Hyderabad,Hyderabad-Area-5
C0361,Customer 0361,Tumakuru,Tumakuru-Area-1
C0362,Customer 0362,Tumakuru,Tumakuru-Area-5
C0363,Customer 0363,Mysuru,Mysuru-Area-6
C0364,Customer 0364,Hosur,Hosur-Area-7
C0365,Customer 0365,Mangaluru,Mangaluru-Area-7
C0366,Customer 0366,Tumakuru,Tumakuru-Area-3
C0367,Customer 0367,Mangaluru,Mangaluru-Area-12
C0368,Customer 0368,Mangaluru,Mangaluru-Area-6
C0369,Customer 0369,Hubballi,Hubballi-Area-5
C0370,Customer 0370,Mysuru,Mysuru-Area-12
C0371,Customer 0371,Hosur,Hosur-Area-2
C0372,Customer 0372,Hosur,Hosur-Area-10
C0373,Customer 0373,Chennai,Chennai-Area-9
C0374,Customer 0374,Pune,Pune-Area-6
C0375,Customer 0375,Mysuru,Mysuru-Area-2
C0376,Customer 0376,Tumakuru,Tumakuru-Area-11
C0377,Customer 0377,Pune,Pune-Area-5
C0378,Customer 0378,Mangaluru,Mangaluru-Area-10
C0379,Customer 0379,Hosur,Hosur-Area-3
C0380,Customer 0380,Mangaluru,Mangaluru-Area-6
C0381,Customer 0381,Mangaluru,Mangaluru-Area-1
C0382,Customer 0382,Tumakuru,Tumakuru-Area-10
C0383,Customer 0383,Hosur,Hosur-Area-5
C0384,Customer 0384,Bengaluru,Bengaluru-Area-2
C0385,Customer 0385,Hosur,Hosur-Area-6
C0386,Customer 0386,Hubballi,Hubballi-Area-12
C0387,Customer 0387,Chennai,Chennai-Area-1
C0388,Customer 0388,Chennai,Chennai-Area-10
C0389,Customer 0389,Mangaluru,Mangaluru-Area-1
C0390,Customer 0390,Chennai,Chennai-Area-2
C0391,Customer 0391,Hyderabad,Hyderabad-Area-11
C0392,Customer 0392,Tumakuru,Tumakuru-Area-6
C0393,Customer 0393,Hosur,Hosur-Area-10
C0394,Customer 0394,Bengaluru,Bengaluru-Area-10
C0395,Customer 0395,Chennai,Chennai-Area-11
C0396,Customer 0396,Mangaluru,Mangaluru-Area-6
C0397,Customer 0397,Tumakuru,Tumakuru-Area-8
C0398,Customer 0398,Mysuru,Mysuru-Area-10
C0399,Customer 0399,Chennai,Chennai-Area-9
C0400,Customer 0400,Tumakuru,Tumakuru-Area-7
C0401,Customer 0401,Tumakuru,Tumakuru-Area-11
C0402,Customer 0402,Pune,Pune-Area-4
C0403,Customer 0403,Mysuru,Mysuru-Area-1
C0404,Customer 0404,Chennai,Chennai-Area-8
C0405,Customer 0405,Hubballi,Hubballi-Area-7
C0406,Customer 0406,Hubballi,Hubballi-Area-2
C0407,Customer 0407,Pune,Pune-Area-5
C0408,Customer 0408,Mangaluru,Mangaluru-Area-4
C0409,Customer 0409,Coimbatore,Coimbatore-Area-5
C0410,Customer 0410,Mangaluru,Mangaluru-Area-4
C0411,Customer 0411,Mysuru,Mysuru-Area-3
C0412,Customer 0412,Mysuru,Mysuru-Area-8
C0413,Customer 0413,Chennai,Chennai-Area-12
C0414,Customer 0414,Mangaluru,Mangaluru-Area-2
C0415,Customer 0415,Tumakuru,Tumakuru-Area-11
C0416,Customer 0416,Tumakuru,Tumakuru-Area-12
C0417,Customer 0417,Mysuru,Mysuru-Area-9
C0418,Customer 0418,Hubballi,Hubballi-Area-5
C0419,Customer 0419,Pune,Pune-Area-3
C0420,Customer 0420,Chennai,Chennai-Area-6
C0421,Customer 0421,Hubballi,Hubballi-Area-4
C0422,Customer 0422,Mysuru,Mysuru-Area-4
C0423,Customer 0423,Chennai,Chennai-Area-4
C0424,Customer 0424,Mangaluru,Mangaluru-Area-1
C0425,Customer 0425,Tumakuru,Tumakuru-Area-9
C0426,Customer 0426,Coimbatore,Coimbatore-Area-6
C0427,Customer 0427,Mangaluru,Mangaluru-Area-9
C0428,Customer 0428,Chennai,Chennai-Area-10
C0429,Customer 0429,Mysuru,Mysuru-Area-2
C0430,Customer 0430,Pune,Pune-Area-7
C0431,Customer 0431,Mangaluru,Mangaluru-Area-9
C0432,Customer 0432,Hosur,Hosur-Area-7
C0433,Customer 0433,Coimbatore,Coimbatore-Area-2
C0434,Customer 0434,Chennai,Chennai-Area-6
C0435,Customer 0435,Mysuru,Mysuru-Area-8
C0436,Customer 0436,Mangaluru,Mangaluru-Area-11
C0437,Customer 0437,Hubballi,Hubballi-Area-6
C0438,Customer 0438,Chennai,Chennai-Area-9
C0439,Customer 0439,Coimbatore,Coimbatore-Area-3
C0440,Customer 0440,Chennai,Chennai-Area-7
C0441,Customer 0441,Hubballi,Hubballi-Area-1
C0442,Customer 0442,Mysuru,Mysuru-Area-9
C0443,Customer 0443,Chennai,Chennai-Area-5
C0444,Customer 0444,Chennai,Chennai-Area-3
C0445,Customer 0445,Tumakuru,Tumakuru-Area-12
C0446,Customer 0446,Hyderabad,Hyderabad-Area-6
C0447,Customer 0447,Hubballi,Hubballi-Area-5
C0448,Customer 0448,Mysuru,Mysuru-Area-5
C0449,Customer 0449,Hyderabad,Hyderabad-Area-11
C0450,Customer 0450,Hubballi,Hubballi-Area-5
C0451,Customer 0451,Chennai,Chennai-Area-11
C0452,Customer 0452,Pune,Pune-Area-10
C0453,Customer 0453,Hubballi,Hubballi-Area-2
C0454,Customer 0454,Hubballi,Hubballi-Area-11
C0455,Customer 0455,Chennai,Chennai-Area-10
C0456,Customer 0456,Coimbatore,Coimbatore-Area-3
C0457,Customer 0457,Chennai,Chennai-Area-11
C0458,Customer 0458,Coimbatore,Coimbatore-Area-12
C0459,Customer 0459,Coimbatore,Coimbatore-Area-6
C0460,Customer 0460,Coimbatore,Coimbatore-Area-1
C0461,Customer 0461,Bengaluru,Bengaluru-Area-2
C0462,Customer 0462,Bengaluru,Bengaluru-Area-11
C0463,Customer 0463,Coimbatore,Coimbatore-Area-5
C0464,Customer 0464,Hyderabad,Hyderabad-Area-10
C0465,Customer 0465,Hosur,Hosur-Area-10
C0466,Customer 0466,Bengaluru,Bengaluru-Area-8
C0467,Customer 0467,Hubballi,Hubballi-Area-5
C0468,Customer 0468,Pune,Pune-Area-8
C0469,Customer 0469,Hyderabad,Hyderabad-Area-11
C0470,Customer 0470,Hosur,Hosur-Area-5
C0471,Customer 0471,Mangaluru,Mangaluru-Area-2
C0472,Customer 0472,Bengaluru,Bengaluru-Area-3
C0473,Customer 0473,Mangaluru,Mangaluru-Area-7
C0474,Customer 0474,Mangaluru,Mangaluru-Area-8
C0475,Customer 0475,Hyderabad,Hyderabad-Area-6
C0476,Customer 0476,Coimbatore,Coimbatore-Area-3
C0477,Customer 0477,Tumakuru,Tumakuru-Area-12
C0478,Customer 0478,Tumakuru,Tumakuru-Area-12
C0479,Customer 0479,Tumakuru,Tumakuru-Area-7
C0480,Customer 0480,Chennai,Chennai-Area-6
C0481,Customer 0481,Hubballi,Hubballi-Area-9
C0482,Customer 0482,Mysuru,Mysuru-Area-6
C0483,Customer 0483,Hyderabad,Hyderabad-Area-8
C0484,Customer 0484,Mysuru,Mysuru-Area-5
C0485,Customer 0485,Mangaluru,Mangaluru-Area-4
C0486,Customer 0486,Chennai,Chennai-Area-2
C0487,Customer 0487,Bengaluru,Bengaluru-Area-5
C0488,Customer 0488,Hosur,Hosur-Area-10
C0489,Customer 0489,Hosur,Hosur-Area-4
C0490,Customer 0490,Chennai,Chennai-Area-6
C0491,Customer 0491,Coimbatore,Coimbatore-Area-12
C0492,Customer 0492,Tumakuru,Tumakuru-Area-4
C0493,Customer 0493,Chennai,Chennai-Area-8
C0494,Customer 0494,Hubballi,Hubballi-Area-8
C0495,Customer 0495,Mangaluru,Mangaluru-Area-5
C0496,Customer 0496,Mangaluru,Mangaluru-Area-1
C0497,Customer 0497,Mysuru,Mysuru-Area-7
C0498,Customer 0498,Hubballi,Hubballi-Area-8
C0499,Customer 0499,Hyderabad,Hyderabad-Area-4
C0500,Customer 0500,Coimbatore,Coimbatore-Area-6
C0501,Customer 0501,Bengaluru,Bengaluru-Area-1
C0502,Customer 0502,Pune,Pune-Area-8
C0503,Customer 0503,Coimbatore,Coimbatore-Area-11
C0504,Customer 0504,Mangaluru,Mangaluru-Area-5
C0505,Customer 0505,Hubballi,Hubballi-Area-1
C0506,Customer 0506,Mysuru,Mysuru-Area-7
C0507,Customer 0507,Chennai,Chennai-Area-5
C0508,Customer 0508,Tumakuru,Tumakuru-Area-7
C0509,Customer 0509,Tumakuru,Tumakuru-Area-1
C0510,Customer 0510,Hosur,Hosur-Area-1
C0511,Customer 0511,Coimbatore,Coimbatore-Area-9
C0512,Customer 0512,Hyderabad,Hyderabad-Area-6
C0513,Customer 0513,Hubballi,Hubballi-Area-5
C0514,Customer 0514,Mysuru,Mysuru-Area-7
C0515,Customer 0515,Hubballi,Hubballi-Area-8
C0516,Customer 0516,Hubballi,Hubballi-Area-5
C0517,Customer 0517,Coimbatore,Coimbatore-Area-11
C0518,Customer 0518,Coimbatore,Coimbatore-Area-2
C0519,Customer 0519,Chennai,Chennai-Area-2
C0520,Customer 0520,Hosur,Hosur-Area-6
C0521,Customer 0521,Tumakuru,Tumakuru-Area-9
C0522,Customer 0522,Tumakuru,Tumakuru-Area-3
C0523,Customer 0523,Hyderabad,Hyderabad-Area-10
C0524,Customer 0524,Hubballi,Hubballi-Area-7
C0525,Customer 0525,Hubballi,Hubballi-Area-1
C0526,Customer 0526,Bengaluru,Bengaluru-Area-1
C0527,Customer 0527,Chennai,Chennai-Area-12
C0528,Customer 0528,Tumakuru,Tumakuru-Area-8
C0529,Customer 0529,Hubballi,Hubballi-Area-8
C0530,Customer 0530,Chennai,Chennai-Area-10
C0531,Customer 0531,Hubballi,Hubballi-Area-3
C0532,Customer 0532,Tumakuru,Tumakuru-Area-10
C0533,Customer 0533,Tumakuru,Tumakuru-Area-3
C0534,Customer 0534,Hosur,Hosur-Area-10
C0535,Customer 0535,Pune,Pune-Area-10
C0536,Customer 0536,Tumakuru,Tumakuru-Area-9
C0537,Customer 0537,Hubballi,Hubballi-Area-9
C0538,Customer 0538,Mangaluru,Mangaluru-Area-12
C0539,Customer 0539,Coimbatore,Coimbatore-Area-5
C0540,Customer 0540,Mangaluru,Mangaluru-Area-1
C0541,Customer 0541,Tumakuru,Tumakuru-Area-6
C0542,Customer 0542,Mysuru,Mysuru-Area-7
C0543,Customer 0543,Coimbatore,Coimbatore-Area-5
C0544,Customer 0544,Bengaluru,Bengaluru-Area-10
C0545,Customer 0545,Mangaluru,Mangaluru-Area-5
C0546,Customer 0546,Coimbatore,Coimbatore-Area-10
C0547,Customer 0547,Hyderabad,Hyderabad-Area-12
C0548,Customer 0548,Bengaluru,Bengaluru-Area-10
C0549,Customer 0549,Mangaluru,Mangaluru-Area-3
C0550,Customer 0550,Hubballi,Hubballi-Area-11
C0551,Customer 0551,Coimbatore,Coimbatore-Area-7
C0552,Customer 0552,Chennai,Chennai-Area-11
C0553,Customer 0553,Hyderabad,Hyderabad-Area-1
C0554,Customer 0554,Coimbatore,Coimbatore-Area-12
C0555,Customer 0555,Mysuru,Mysuru-Area-4
C0556,Customer 0556,Bengaluru,Bengaluru-Area-8
C0557,Customer 0557,Tumakuru,Tumakuru-Area-7
C0558,Customer 0558,Chennai,Chennai-Area-7
C0559,Customer 0559,Hyderabad,Hyderabad-Area-7
C0560,Customer 0560,Hubballi,Hubballi-Area-10
C0561,Customer 0561,Mangaluru,Mangaluru-Area-12
C0562,Customer 0562,Bengaluru,Bengaluru-Area-12
C0563,Customer 0563,Chennai,Chennai-Area-9
C0564,Customer 0564,Hyderabad,Hyderabad-Area-9
C0565,Customer 0565,Tumakuru,Tumakuru-Area-11
C0566,Customer 0566,Mangaluru,Mangaluru-Area-9
C0567,Customer 0567,Hosur,Hosur-Area-6
C0568,Customer 0568,Chennai,Chennai-Area-8
C0569,Customer 0569,Hubballi,Hubballi-Area-6
C0570,Customer 0570,Hubballi,Hubballi-Area-6
C0571,Customer 0571,Pune,Pune-Area-10
C0572,Customer 0572,Mangaluru,Mangaluru-Area-4
C0573,Customer 0573,Hyderabad,Hyderabad-Area-5
C0574,Customer 0574,Hubballi,Hubballi-Area-5
C0575,Customer 0575,Hyderabad,Hyderabad-Area-5
C0576,Customer 0576,Pune,Pune-Area-12
C0577,Customer 0577,Hyderabad,Hyderabad-Area-12
C0578,Customer 0578,Mangaluru,Mangaluru-Area-6
C0579,Customer 0579,Mangaluru,Mangaluru-Area-6
C0580,Customer 0580,Hubballi,Hubballi-Area-12
C0581,Customer 0581,Pune,Pune-Area-5
C0582,Customer 0582,Mysuru,Mysuru-Area-10
C0583,Customer 0583,Hubballi,Hubballi-Area-7
C0584,Customer 0584,Hosur,Hosur-Area-6
C0585,Customer 0585,Chennai,Chennai-Area-5
C0586,Customer 0586,Bengaluru,Bengaluru-Area-5
C0587,Customer 0587,Mysuru,Mysuru-Area-6
C0588,Customer 0588,Mangaluru,Mangaluru-Area-11
C0589,Customer 0589,Pune,Pune-Area-12
C0590,Customer 0590,Mangaluru,Mangaluru-Area-4
C0591,Customer 0591,Hyderabad,Hyderabad-Area-9
C0592,Customer 0592,Pune,Pune-Area-9
C0593,Customer 0593,Pune,Pune-Area-3
C0594,Customer 0594,Mysuru,Mysuru-Area-10
C0595,Customer 0595,Coimbatore,Coimbatore-Area-4
C0596,Customer 0596,Hyderabad,Hyderabad-Area-1
C0597,Customer 0597,Hubballi,Hubballi-Area-4
C0598,Customer 0598,Hyderabad,Hyderabad-Area-1
C0599,Customer 0599,Mysuru,Mysuru-Area-7
C0600,Customer 0600,Tumakuru,Tumakuru-Area-12
C0601,Customer 0601,Mangaluru,Mangaluru-Area-2
C0602,Customer 0602,Chennai,Chennai-Area-1
C0603,Customer 0603,Hubballi,Hubballi-Area-3
C0604,Customer 0604,Hosur,Hosur-Area-11
C0605,Customer 0605,Mangaluru,Mangaluru-Area-8
C0606,Customer 0606,Hyderabad,Hyderabad-Area-5
C0607,Customer 0607,Tumakuru,Tumakuru-Area-5
C0608,Customer 0608,Bengaluru,Bengaluru-Area-2
C0609,Customer 0609,Coimbatore,Coimbatore-Area-4
C0610,Customer 0610,Hubballi,Hubballi-Area-12
C0611,Customer 0611,Bengaluru,Bengaluru-Area-3
C0612,Customer 0612,Hosur,Hosur-Area-3
C0613,Customer 0613,Bengaluru,Bengaluru-Area-7
C0614,Customer 0614,Mangaluru,Mangaluru-Area-3
C0615,Customer 0615,Pune,Pune-Area-1
C0616,Customer 0616,Bengaluru,Bengaluru-Area-5
C0617,Customer 0617,Coimbatore,Coimbatore-Area-10
C0618,Customer 0618,Mysuru,Mysuru-Area-6
C0619,Customer 0619,Pune,Pune-Area-8
C0620,Customer 0620,Hubballi,Hubballi-Area-9
C0621,Customer 0621,Mangaluru,Mangaluru-Area-3
C0622,Customer 0622,Hubballi,Hubballi-Area-8
C0623,Customer 0623,Pune,Pune-Area-4
C0624,Customer 0624,Mysuru,Mysuru-Area-6
C0625,Customer 0625,Chennai,Chennai-Area-12
C0626,Customer 0626,Mangaluru,Mangaluru-Area-11
C0627,Customer 0627,Pune,Pune-Area-12
C0628,Customer 0628,Chennai,Chennai-Area-1
C0629,Customer 0629,Tumakuru,Tumakuru-Area-5
C0630,Customer 0630,Coimbatore,Coimbatore-Area-11
C0631,Customer 0631,Hyderabad,Hyderabad-Area-3
C0632,Customer 0632,Coimbatore,Coimbatore-Area-11
C0633,Customer 0633,Hosur,Hosur-Area-7
C0634,Customer 0634,Hubballi,Hubballi-Area-6
C0635,Customer 0635,Mysuru,Mysuru-Area-7
C0636,Customer 0636,Mysuru,Mysuru-Area-3
C0637,Customer 0637,Chennai,Chennai-Area-8
C0638,Customer 0638,Tumakuru,Tumakuru-Area-4
C0639,Customer 0639,Bengaluru,Bengaluru-Area-5
C0640,Customer 0640,Hosur,Hosur-Area-4
C0641,Customer 0641,Mangaluru,Mangaluru-Area-5
C0642,Customer 0642,Tumakuru,Tumakuru-Area-5
C0643,Customer 0643,Coimbatore,Coimbatore-Area-12
C0644,Customer 0644,Coimbatore,Coimbatore-Area-1
C0645,Customer 0645,Pune,Pune-Area-11
C0646,Customer 0646,Tumakuru,Tumakuru-Area-12
C0647,Customer 0647,Hyderabad,Hyderabad-Area-1
C0648,Customer 0648,Mysuru,Mysuru-Area-8
C0649,Customer 0649,Pune,Pune-Area-3
C0650,Customer 0650,Hosur,Hosur-Area-11
C0651,Customer 0651,Hubballi,Hubballi-Area-12
C0652,Customer 0652,Pune,Pune-Area-12
C0653,Customer 0653,Mysuru,Mysuru-Area-11
C0654,Customer 0654,Pune,Pune-Area-6
C0655,Customer 0655,Coimbatore,Coimbatore-Area-4
C0656,Customer 0656,Hyderabad,Hyderabad-Area-3
C0657,Customer 0657,Mangaluru,Mangaluru-Area-3
C0658,Customer 0658,Mangaluru,Mangaluru-Area-12
C0659,Customer 0659,Coimbatore,Coimbatore-Area-6
C0660,Customer 0660,Hosur,Hosur-Area-12
C0661,Customer 0661,Hubballi,Hubballi-Area-8
C0662,Customer 0662,Hubballi,Hubballi-Area-11
C0663,Customer 0663,Hyderabad,Hyderabad-Area-4
C0664,Customer 0664,Coimbatore,Coimbatore-Area-2
C0665,Customer 0665,Hubballi,Hubballi-Area-8
C0666,Customer 0666,Hubballi,Hubballi-Area-12
C0667,Customer 0667,Tumakuru,Tumakuru-Area-2
C0668,Customer 0668,Coimbatore,Coimbatore-Area-2
C0669,Customer 0669,Bengaluru,Bengaluru-Area-9
C0670,Customer 0670,Hubballi,Hubballi-Area-4
C0671,Customer 0671,Coimbatore,Coimbatore-Area-9
C0672,Customer 0672,Chennai,Chennai-Area-3
C0673,Customer 0673,Tumakuru,Tumakuru-Area-9
C0674,Customer 0674,Mangaluru,Mangaluru-Area-2
C0675,Customer 0675,Hyderabad,Hyderabad-Area-12
C0676,Customer 0676,Coimbatore,Coimbatore-Area-8
C0677,Customer 0677,Mysuru,Mysuru-Area-9
C0678,Customer 0678,Mangaluru,Mangaluru-Area-1
C0679,Customer 0679,Mangaluru,Mangaluru-Area-3
C0680,Customer 0680,Hubballi,Hubballi-Area-7
C0681,Customer 0681,Mangaluru,Mangaluru-Area-10
C0682,Customer 0682,Bengaluru,Bengaluru-Area-9
C0683,Customer 0683,Mangaluru,Mangaluru-Area-11
C0684,Customer 0684,Pune,Pune-Area-12
C0685,Customer 0685,Bengaluru,Bengaluru-Area-7
C0686,Customer 0686,Pune,Pune-Area-1
C0687,Customer 0687,Hyderabad,Hyderabad-Area-10
C0688,Customer 0688,Mysuru,Mysuru-Area-1
C0689,Customer 0689,Hosur,Hosur-Area-6
C0690,Customer 0690,Mysuru,Mysuru-Area-9
C0691,Customer 0691,Bengaluru,Bengaluru-Area-2
C0692,Customer 0692,Mangaluru,Mangaluru-Area-1
C0693,Customer 0693,Pune,Pune-Area-7
C0694,Customer 0694,Chennai,Chennai-Area-3
C0695,Customer 0695,Hosur,Hosur-Area-6
C0696,Customer 0696,Hosur,Hosur-Area-8
C0697,Customer 0697,Hosur,Hosur-Area-7
C0698,Customer 0698,Mysuru,Mysuru-Area-11
C0699,Customer 0699,Hubballi,Hubballi-Area-3
C0700,Customer 0700,Tumakuru,Tumakuru-Area-2
C0701,Customer 0701,Chennai,Chennai-Area-9
C0702,Customer 0702,Hosur,Hosur-Area-9
C0703,Customer 0703,Chennai,Chennai-Area-12
C0704,Customer 0704,Hyderabad,Hyderabad-Area-1
C0705,Customer 0705,Bengaluru,Bengaluru-Area-5
C0706,Customer 0706,Mangaluru,Mangaluru-Area-11
C0707,Customer 0707,Hubballi,Hubballi-Area-7
C0708,Customer 0708,Hubballi,Hubballi-Area-7
C0709,Customer 0709,Hyderabad,Hyderabad-Area-4
C0710,Customer 0710,Mangaluru,Mangaluru-Area-6
C0711,Customer 0711,Chennai,Chennai-Area-5
C0712,Customer 0712,Hyderabad,Hyderabad-Area-12
C0713,Customer 0713,Mysuru,Mysuru-Area-1
C0714,Customer 0714,Hosur,Hosur-Area-10
C0715,Customer 0715,Bengaluru,Bengaluru-Area-4
C0716,Customer 0716,Hyderabad,Hyderabad-Area-2
C0717,Customer 0717,Mysuru,Mysuru-Area-10
C0718,Customer 0718,Bengaluru,Bengaluru-Area-8
C0719,Customer 0719,Coimbatore,Coimbatore-Area-11
C0720,Customer 0720,Bengaluru,Bengaluru-Area-4
C0721,Customer 0721,Bengaluru,Bengaluru-Area-7
C0722,Customer 0722,Mangaluru,Mangaluru-Area-4
C0723,Customer 0723,Hubballi,Hubballi-Area-4
C0724,Customer 0724,Bengaluru,Bengaluru-Area-3
C0725,Customer 0725,Hubballi,Hubballi-Area-5
C0726,Customer 0726,Hyderabad,Hyderabad-Area-12
C0727,Customer 0727,Coimbatore,Coimbatore-Area-6
C0728,Customer 0728,Coimbatore,Coimbatore-Area-10
C0729,Customer 0729,Tumakuru,Tumakuru-Area-4
C0730,Customer 0730,Pune,Pune-Area-3
C0731,Customer 0731,Hubballi,Hubballi-Area-4
C0732,Customer 0732,Hosur,Hosur-Area-5
C0733,Customer 0733,Pune,Pune-Area-1
C0734,Customer 0734,Hubballi,Hubballi-Area-10
C0735,Customer 0735,Chennai,Chennai-Area-11
C0736,Customer 0736,Hosur,Hosur-Area-9
C0737,Customer 0737,Mangaluru,Mangaluru-Area-1
C0738,Customer 0738,Tumakuru,Tumakuru-Area-11
C0739,Customer 0739,Hosur,Hosur-Area-9
C0740,Customer 0740,Tumakuru,Tumakuru-Area-12
C0741,Customer 0741,Hosur,Hosur-Area-7
C0742,Customer 0742,Chennai,Chennai-Area-5
C0743,Customer 0743,Hosur,Hosur-Area-3
C0744,Customer 0744,Hubballi,Hubballi-Area-8
C0745,Customer 0745,Hyderabad,Hyderabad-Area-4
C0746,Customer 0746,Pune,Pune-Area-12
C0747,Customer 0747,Chennai,Chennai-Area-8
C0748,Customer 0748,Bengaluru,Bengaluru-Area-9
C0749,Customer 0749,Hosur,Hosur-Area-7
C0750,Customer 0750,Hubballi,Hubballi-Area-9
C0751,Customer 0751,Chennai,Chennai-Area-7
C0752,Customer 0752,Hyderabad,Hyderabad-Area-5
C0753,Customer 0753,Hyderabad,Hyderabad-Area-6
C0754,Customer 0754,Mysuru,Mysuru-Area-8
C0755,Customer 0755,Tumakuru,Tumakuru-Area-2
C0756,Customer 0756,Hubballi,Hubballi-Area-12
C0757,Customer 0757,Hyderabad,Hyderabad-Area-1
C0758,Customer 0758,Pune,Pune-Area-7
C0759,Customer 0759,Coimbatore,Coimbatore-Area-10
C0760,Customer 0760,Bengaluru,Bengaluru-Area-2
C0761,Customer 0761,Hyderabad,Hyderabad-Area-10
C0762,Customer 0762,Hubballi,Hubballi-Area-4
C0763,Customer 0763,Mangaluru,Mangaluru-Area-4
C0764,Customer 0764,Tumakuru,Tumakuru-Area-5
C0765,Customer 0765,Bengaluru,Bengaluru-Area-4
C0766,Customer 0766,Hyderabad,Hyderabad-Area-12
C0767,Customer 0767,Mysuru,Mysuru-Area-12
C0768,Customer 0768,Mangaluru,Mangaluru-Area-4
C0769,Customer 0769,Coimbatore,Coimbatore-Area-12
C0770,Customer 0770,Hyderabad,Hyderabad-Area-7
C0771,Customer 0771,Hyderabad,Hyderabad-Area-9
C0772,Customer 0772,Tumakuru,Tumakuru-Area-5
C0773,Customer 0773,Hosur,Hosur-Area-8
C0774,Customer 0774,Hubballi,Hubballi-Area-11
C0775,Customer 0775,Tumakuru,Tumakuru-Area-5
C0776,Customer 0776,Pune,Pune-Area-6
C0777,Customer 0777,Hubballi,Hubballi-Area-8
C0778,Customer 0778,Mangaluru,Mangaluru-Area-2
C0779,Customer 0779,Mangaluru,Mangaluru-Area-6
C0780,Customer 0780,Hyderabad,Hyderabad-Area-6
C0781,Customer 0781,Tumakuru,Tumakuru-Area-7
C0782,Customer 0782,Bengaluru,Bengaluru-Area-10
C0783,Customer 0783,Hyderabad,Hyderabad-Area-12
C0784,Customer 0784,Chennai,Chennai-Area-1
C0785,Customer 0785,Pune,Pune-Area-9
C0786,Customer 0786,Coimbatore,Coimbatore-Area-10
C0787,Customer 0787,Hosur,Hosur-Area-5
C0788,Customer 0788,Chennai,Chennai-Area-4
C0789,Customer 0789,Tumakuru,Tumakuru-Area-4
C0790,Customer 0790,Hosur,Hosur-Area-10
C0791,Customer 0791,Hyderabad,Hyderabad-Area-8
C0792,Customer 0792,Hubballi,Hubballi-Area-11
C0793,Customer 0793,Tumakuru,Tumakuru-Area-5
C0794,Customer 0794,Mangaluru,Mangaluru-Area-12
C0795,Customer 0795,Mangaluru,Mangaluru-Area-8
C0796,Customer 0796,Chennai,Chennai-Area-12
C0797,Customer 0797,Tumakuru,Tumakuru-Area-3
C0798,Customer 0798,Chennai,Chennai-Area-12
C0799,Customer 0799,Hubballi,Hubballi-Area-8
C0800,Customer 0800,Chennai,Chennai-Area-9
C0801,Customer 0801,Bengaluru,Bengaluru-Area-9
C0802,Customer 0802,Bengaluru,Bengaluru-Area-2
C0803,Customer 0803,Bengaluru,Bengaluru-Area-1
C0804,Customer 0804,Hosur,Hosur-Area-3
C0805,Customer 0805,Hyderabad,Hyderabad-Area-2
C0806,Customer 0806,Chennai,Chennai-Area-1
C0807,Customer 0807,Hyderabad,Hyderabad-Area-9
C0808,Customer 0808,Mangaluru,Mangaluru-Area-6
C0809,Customer 0809,Bengaluru,Bengaluru-Area-10
C0810,Customer 0810,Coimbatore,Coimbatore-Area-8
C0811,Customer 0811,Mangaluru,Mangaluru-Area-1
C0812,Customer 0812,Bengaluru,Bengaluru-Area-9
C0813,Customer 0813,Hubballi,Hubballi-Area-7
C0814,Customer 0814,Bengaluru,Bengaluru-Area-1
C0815,Customer 0815,Hubballi,Hubballi-Area-12
C0816,Customer 0816,Pune,Pune-Area-9
C0817,Customer 0817,Pune,Pune-Area-1
C0818,Customer 0818,Hubballi,Hubballi-Area-12
C0819,Customer 0819,Hosur,Hosur-Area-3
C0820,Customer 0820,Mysuru,Mysuru-Area-2
C0821,Customer 0821,Hubballi,Hubballi-Area-3
C0822,Customer 0822,Hyderabad,Hyderabad-Area-4
C0823,Customer 0823,Coimbatore,Coimbatore-Area-9
C0824,Customer 0824,Pune,Pune-Area-6
C0825,Customer 0825,Pune,Pune-Area-7
C0826,Customer 0826,Mysuru,Mysuru-Area-6
C0827,Customer 0827,Hosur,Hosur-Area-8
C0828,Customer 0828,Coimbatore,Coimbatore-Area-4
C0829,Customer 0829,Hyderabad,Hyderabad-Area-5
C0830,Customer 0830,Mysuru,Mysuru-Area-11
C0831,Customer 0831,Bengaluru,Bengaluru-Area-2
C0832,Customer 0832,Hosur,Hosur-Area-7
C0833,Customer 0833,Hosur,Hosur-Area-9
C0834,Customer 0834,Mangaluru,Mangaluru-Area-1
C0835,Customer 0835,Bengaluru,Bengaluru-Area-12
C0836,Customer 0836,Chennai,Chennai-Area-2
C0837,Customer 0837,Mangaluru,Mangaluru-Area-7
C0838,Customer 0838,Tumakuru,Tumakuru-Area-10
C0839,Customer 0839,Mysuru,Mysuru-Area-9
C0840,Customer 0840,Bengaluru,Bengaluru-Area-4
C0841,Customer 0841,Hyderabad,Hyderabad-Area-12
C0842,Customer 0842,Coimbatore,Coimbatore-Area-8
C0843,Customer 0843,Pune,Pune-Area-1
C0844,Customer 0844,Mysuru,Mysuru-Area-11
C0845,Customer 0845,Pune,Pune-Area-9
C0846,Customer 0846,Coimbatore,Coimbatore-Area-11
C0847,Customer 0847,Bengaluru,Bengaluru-Area-3
C0848,Customer 0848,Tumakuru,Tumakuru-Area-1
C0849,Customer 0849,Hyderabad,Hyderabad-Area-10
C0850,Customer 0850,Chennai,Chennai-Area-12
C0851,Customer 0851,Hosur,Hosur-Area-2
C0852,Customer 0852,Pune,Pune-Area-3
C0853,Customer 0853,Coimbatore,Coimbatore-Area-4
C0854,Customer 0854,Coimbatore,Coimbatore-Area-7
C0855,Customer 0855,Hubballi,Hubballi-Area-6
C0856,Customer 0856,Hosur,Hosur-Area-12
C0857,Customer 0857,Chennai,Chennai-Area-12
C0858,Customer 0858,Mysuru,Mysuru-Area-9
C0859,Customer 0859,Tumakuru,Tumakuru-Area-1
C0860,Customer 0860,Mysuru,Mysuru-Area-7
C0861,Customer 0861,Hyderabad,Hyderabad-Area-2
C0862,Customer 0862,Tumakuru,Tumakuru-Area-10
C0863,Customer 0863,Coimbatore,Coimbatore-Area-10
C0864,Customer 0864,Hosur,Hosur-Area-6
C0865,Customer 0865,Bengaluru,Bengaluru-Area-11
C0866,Customer 0866,Pune,Pune-Area-8
C0867,Customer 0867,Mangaluru,Mangaluru-Area-4
C0868,Customer 0868,Tumakuru,Tumakuru-Area-9
C0869,Customer 0869,Hosur,Hosur-Area-7
C0870,Customer 0870,Chennai,Chennai-Area-11
C0871,Customer 0871,Coimbatore,Coimbatore-Area-11
C0872,Customer 0872,Hosur,Hosur-Area-2
C0873,Customer 0873,Coimbatore,Coimbatore-Area-5
C0874,Customer 0874,Hyderabad,Hyderabad-Area-12
C0875,Customer 0875,Mysuru,Mysuru-Area-2
C0876,Customer 0876,Pune,Pune-Area-3
C0877,Customer 0877,Hosur,Hosur-Area-12
C0878,Customer 0878,Chennai,Chennai-Area-12
C0879,Customer 0879,Hosur,Hosur-Area-6
C0880,Customer 0880,Tumakuru,Tumakuru-Area-2
C0881,Customer 0881,Mysuru,Mysuru-Area-1
C0882,Customer 0882,Pune,Pune-Area-8
C0883,Customer 0883,Tumakuru,Tumakuru-Area-5
C0884,Customer 0884,Mysuru,Mysuru-Area-3
C0885,Customer 0885,Mysuru,Mysuru-Area-3
C0886,Customer 0886,Hosur,Hosur-Area-8
C0887,Customer 0887,Hubballi,Hubballi-Area-9
C0888,Customer 0888,Hubballi,Hubballi-Area-7
C0889,Customer 0889,Mysuru,Mysuru-Area-1
C0890,Customer 0890,Mysuru,Mysuru-Area-6
C0891,Customer 0891,Hubballi,Hubballi-Area-2
C0892,Customer 0892,Coimbatore,Coimbatore-Area-10
C0893,Customer 0893,Tumakuru,Tumakuru-Area-7
C0894,Customer 0894,Bengaluru,Bengaluru-Area-5
C0895,Customer 0895,Hosur,Hosur-Area-7
C0896,Customer 0896,Mysuru,Mysuru-Area-12
C0897,Customer 0897,Hubballi,Hubballi-Area-4
C0898,Customer 0898,Coimbatore,Coimbatore-Area-9
C0899,Customer 0899,Chennai,Chennai-Area-11
C0900,Customer 0900,Hosur,Hosur-Area-3
C0901,Customer 0901,Chennai,Chennai-Area-5
C0902,Customer 0902,Pune,Pune-Area-5
C0903,Customer 0903,Mangaluru,Mangaluru-Area-3
C0904,Customer 0904,Mysuru,Mysuru-Area-3
C0905,Customer 0905,Hosur,Hosur-Area-5
C0906,Customer 0906,Hosur,Hosur-Area-5
C0907,Customer 0907,Mangaluru,Mangaluru-Area-2
C0908,Customer 0908,Tumakuru,Tumakuru-Area-5
C0909,Customer 0909,Hyderabad,Hyderabad-Area-12
C0910,Customer 0910,Mangaluru,Mangaluru-Area-10
C0911,Customer 0911,Coimbatore,Coimbatore-Area-4
C0912,Customer 0912,Mangaluru,Mangaluru-Area-2
C0913,Customer 0913,Chennai,Chennai-Area-5
C0914,Customer 0914,Bengaluru,Bengaluru-Area-7
C0915,Customer 0915,Tumakuru,Tumakuru-Area-10
C0916,Customer 0916,Hosur,Hosur-Area-6
C0917,Customer 0917,Mangaluru,Mangaluru-Area-6
C0918,Customer 0918,Hosur,Hosur-Area-11
C0919,Customer 0919,Coimbatore,Coimbatore-Area-3
C0920,Customer 0920,Pune,Pune-Area-6
C0921,Customer 0921,Coimbatore,Coimbatore-Area-12
C0922,Customer 0922,Hyderabad,Hyderabad-Area-8
C0923,Customer 0923,Tumakuru,Tumakuru-Area-3
C0924,Customer 0924,Hosur,Hosur-Area-6
C0925,Customer 0925,Pune,Pune-Area-12
C0926,Customer 0926,Mangaluru,Mangaluru-Area-10
C0927,Customer 0927,Hyderabad,Hyderabad-Area-6
C0928,Customer 0928,Hosur,Hosur-Area-5
C0929,Customer 0929,Hosur,Hosur-Area-6
C0930,Customer 0930,Mysuru,Mysuru-Area-10
C0931,Customer 0931,Hyderabad,Hyderabad-Area-10
C0932,Customer 0932,Hubballi,Hubballi-Area-3
C0933,Customer 0933,Hubballi,Hubballi-Area-1
C0934,Customer 0934,Mangaluru,Mangaluru-Area-12
C0935,Customer 0935,Hyderabad,Hyderabad-Area-8
C0936,Customer 0936,Pune,Pune-Area-12
C0937,Customer 0937,Mysuru,Mysuru-Area-7
C0938,Customer 0938,Mangaluru,Mangaluru-Area-3
C0939,Customer 0939,Pune,Pune-Area-4
C0940,Customer 0940,Pune,Pune-Area-11
C0941,Customer 0941,Chennai,Chennai-Area-12
C0942,Customer 0942,Hosur,Hosur-Area-7
C0943,Customer 0943,Mysuru,Mysuru-Area-8
C0944,Customer 0944,Coimbatore,Coimbatore-Area-8
C0945,Customer 0945,Coimbatore,Coimbatore-Area-7
C0946,Customer 0946,Hubballi,Hubballi-Area-9
C0947,Customer 0947,Hosur,Hosur-Area-9
C0948,Customer 0948,Bengaluru,Bengaluru-Area-6
C0949,Customer 0949,Hubballi,Hubballi-Area-10
C0950,Customer 0950,Mysuru,Mysuru-Area-2
C0951,Customer 0951,Hyderabad,Hyderabad-Area-11
C0952,Customer 0952,Tumakuru,Tumakuru-Area-3
C0953,Customer 0953,Coimbatore,Coimbatore-Area-1
C0954,Customer 0954,Coimbatore,Coimbatore-Area-11
C0955,Customer 0955,Hosur,Hosur-Area-6
C0956,Customer 0956,Hosur,Hosur-Area-2
C0957,Customer 0957,Bengaluru,Bengaluru-Area-2
C0958,Customer 0958,Pune,Pune-Area-4
C0959,Customer 0959,Hubballi,Hubballi-Area-12
C0960,Customer 0960,Hubballi,Hubballi-Area-9
C0961,Customer 0961,Coimbatore,Coimbatore-Area-12
C0962,Customer 0962,Coimbatore,Coimbatore-Area-4
C0963,Customer 0963,Mangaluru,Mangaluru-Area-6
C0964,Customer 0964,Hosur,Hosur-Area-8
C0965,Customer 0965,Coimbatore,Coimbatore-Area-12
C0966,Customer 0966,Hubballi,Hubballi-Area-3
C0967,Customer 0967,Tumakuru,Tumakuru-Area-1
C0968,Customer 0968,Mangaluru,Mangaluru-Area-2
C0969,Customer 0969,Pune,Pune-Area-7
C0970,Customer 0970,Mysuru,Mysuru-Area-2
C0971,Customer 0971,Chennai,Chennai-Area-6
C0972,Customer 0972,Pune,Pune-Area-6
C0973,Customer 0973,Mangaluru,Mangaluru-Area-4
C0974,Customer 0974,Hubballi,Hubballi-Area-8
C0975,Customer 0975,Tumakuru,Tumakuru-Area-8
C0976,Customer 0976,Mysuru,Mysuru-Area-8
C0977,Customer 0977,Mangaluru,Mangaluru-Area-6
C0978,Customer 0978,Mysuru,Mysuru-Area-5
C0979,Customer 0979,Bengaluru,Bengaluru-Area-12
C0980,Customer 0980,Mysuru,Mysuru-Area-1
C0981,Customer 0981,Tumakuru,Tumakuru-Area-11
C0982,Customer 0982,Mysuru,Mysuru-Area-11
C0983,Customer 0983,Chennai,Chennai-Area-12
C0984,Customer 0984,Hyderabad,Hyderabad-Area-9
C0985,Customer 0985,Chennai,Chennai-Area-9
C0986,Customer 0986,Chennai,Chennai-Area-6
C0987,Customer 0987,Hubballi,Hubballi-Area-7
C0988,Customer 0988,Mangaluru,Mangaluru-Area-4
C0989,Customer 0989,Hosur,Hosur-Area-11
C0990,Customer 0990,Chennai,Chennai-Area-3
C0991,Customer 0991,Hosur,Hosur-Area-7
C0992,Customer 0992,Bengaluru,Bengaluru-Area-12
C0993,Customer 0993,Coimbatore,Coimbatore-Area-4
C0994,Customer 0994,Mangaluru,Mangaluru-Area-10
C0995,Customer 0995,Hosur,Hosur-Area-7
C0996,Customer 0996,Bengaluru,Bengaluru-Area-12
C0997,Customer 0997,Hyderabad,Hyderabad-Area-4
C0998,Customer 0998,Pune,Pune-Area-12
C0999,Customer 0999,Mysuru,Mysuru-Area-10
C1000,Customer 1000,Mysuru,Mysuru-Area-9
C1001,Customer 1001,Chennai,Chennai-Area-6
C1002,Customer 1002,Tumakuru,Tumakuru-Area-4
C1003,Customer 1003,Mangaluru,Mangaluru-Area-2
C1004,Customer 1004,Pune,Pune-Area-11
C1005,Customer 1005,Mangaluru,Mangaluru-Area-9
C1006,Customer 1006,Tumakuru,Tumakuru-Area-10
C1007,Customer 1007,Hosur,Hosur-Area-10
C1008,Customer 1008,Hosur,Hosur-Area-10
C1009,Customer 1009,Mysuru,Mysuru-Area-6
C1010,Customer 1010,Tumakuru,Tumakuru-Area-8
C1011,Customer 1011,Coimbatore,Coimbatore-Area-3
C1012,Customer 1012,Pune,Pune-Area-10
C1013,Customer 1013,Coimbatore,Coimbatore-Area-2
C1014,Customer 1014,Chennai,Chennai-Area-6
C1015,Customer 1015,Mysuru,Mysuru-Area-4
C1016,Customer 1016,Pune,Pune-Area-2
C1017,Customer 1017,Chennai,Chennai-Area-6
C1018,Customer 1018,Chennai,Chennai-Area-9
C1019,Customer 1019,Hosur,Hosur-Area-7
C1020,Customer 1020,Coimbatore,Coimbatore-Area-3
C1021,Customer 1021,Coimbatore,Coimbatore-Area-7
C1022,Customer 1022,Hosur,Hosur-Area-3
C1023,Customer 1023,Mangaluru,Mangaluru-Area-11
C1024,Customer 1024,Hubballi,Hubballi-Area-12
C1025,Customer 1025,Chennai,Chennai-Area-9
C1026,Customer 1026,Chennai,Chennai-Area-8
C1027,Customer 1027,Pune,Pune-Area-3
C1028,Customer 1028,Chennai,Chennai-Area-6
C1029,Customer 1029,Mangaluru,Mangaluru-Area-10
C1030,Customer 1030,Bengaluru,Bengaluru-Area-6
C1031,Customer 1031,Bengaluru,Bengaluru-Area-8
C1032,Customer 1032,Chennai,Chennai-Area-4
C1033,Customer 1033,Hosur,Hosur-Area-9
C1034,Customer 1034,Hubballi,Hubballi-Area-11
C1035,Customer 1035,Mangaluru,Mangaluru-Area-7
C1036,Customer 1036,Mangaluru,Mangaluru-Area-7
C1037,Customer 1037,Mangaluru,Mangaluru-Area-8
C1038,Customer 1038,Chennai,Chennai-Area-2
C1039,Customer 1039,Coimbatore,Coimbatore-Area-1
C1040,Customer 1040,Hyderabad,Hyderabad-Area-5
C1041,Customer 1041,Bengaluru,Bengaluru-Area-5
C1042,Customer 1042,Hyderabad,Hyderabad-Area-9
C1043,Customer 1043,Pune,Pune-Area-3
C1044,Customer 1044,Mangaluru,Mangaluru-Area-10
C1045,Customer 1045,Mangaluru,Mangaluru-Area-9
C1046,Customer 1046,Hubballi,Hubballi-Area-2
C1047,Customer 1047,Coimbatore,Coimbatore-Area-2
C1048,Customer 1048,Pune,Pune-Area-9
C1049,Customer 1049,Tumakuru,Tumakuru-Area-9
C1050,Customer 1050,Bengaluru,Bengaluru-Area-12
C1051,Customer 1051,Mangaluru,Mangaluru-Area-9
C1052,Customer 1052,Hyderabad,Hyderabad-Area-7
C1053,Customer 1053,Mysuru,Mysuru-Area-12
C1054,Customer 1054,Hyderabad,Hyderabad-Area-5
C1055,Customer 1055,Bengaluru,Bengaluru-Area-8
C1056,Customer 1056,Pune,Pune-Area-6
C1057,Customer 1057,Mysuru,Mysuru-Area-8
C1058,Customer 1058,Mysuru,Mysuru-Area-4
C1059,Customer 1059,Hyderabad,Hyderabad-Area-12
C1060,Customer 1060,Coimbatore,Coimbatore-Area-12
C1061,Customer 1061,Tumakuru,Tumakuru-Area-12
C1062,Customer 1062,Coimbatore,Coimbatore-Area-11
C1063,Customer 1063,Hosur,Hosur-Area-3
C1064,Customer 1064,Coimbatore,Coimbatore-Area-3
C1065,Customer 1065,Hyderabad,Hyderabad-Area-4
C1066,Customer 1066,Bengaluru,Bengaluru-Area-10
C1067,Customer 1067,Tumakuru,Tumakuru-Area-9
C1068,Customer 1068,Pune,Pune-Area-10
C1069,Customer 1069,Hubballi,Hubballi-Area-3
C1070,Customer 1070,Tumakuru,Tumakuru-Area-12
C1071,Customer 1071,Pune,Pune-Area-5
C1072,Customer 1072,Coimbatore,Coimbatore-Area-5
C1073,Customer 1073,Hubballi,Hubballi-Area-11
C1074,Customer 1074,Mysuru,Mysuru-Area-3
C1075,Customer 1075,Hosur,Hosur-Area-1
C1076,Customer 1076,Pune,Pune-Area-11
C1077,Customer 1077,Chennai,Chennai-Area-12
C1078,Customer 1078,Chennai,Chennai-Area-4
C1079,Customer 1079,Chennai,Chennai-Area-12
C1080,Customer 1080,Tumakuru,Tumakuru-Area-4
C1081,Customer 1081,Hosur,Hosur-Area-8
C1082,Customer 1082,Chennai,Chennai-Area-10
C1083,Customer 1083,Pune,Pune-Area-11
C1084,Customer 1084,Hosur,Hosur-Area-7
C1085,Customer 1085,Mangaluru,Mangaluru-Area-2
C1086,Customer 1086,Mysuru,Mysuru-Area-7
C1087,Customer 1087,Hubballi,Hubballi-Area-12
C1088,Customer 1088,Pune,Pune-Area-12
C1089,Customer 1089,Tumakuru,Tumakuru-Area-8
C1090,Customer 1090,Mangaluru,Mangaluru-Area-6
C1091,Customer 1091,Coimbatore,Coimbatore-Area-1
C1092,Customer 1092,Mysuru,Mysuru-Area-12
C1093,Customer 1093,Mangaluru,Mangaluru-Area-11
C1094,Customer 1094,Tumakuru,Tumakuru-Area-2
C1095,Customer 1095,Hubballi,Hubballi-Area-7
C1096,Customer 1096,Hyderabad,Hyderabad-Area-7
C1097,Customer 1097,Hyderabad,Hyderabad-Area-8
C1098,Customer 1098,Pune,Pune-Area-6
C1099,Customer 1099,Pune,Pune-Area-6
C1100,Customer 1100,Hubballi,Hubballi-Area-10
C1101,Customer 1101,Chennai,Chennai-Area-10
C1102,Customer 1102,Mangaluru,Mangaluru-Area-6
C1103,Customer 1103,Bengaluru,Bengaluru-Area-1
C1104,Customer 1104,Mysuru,Mysuru-Area-11
C1105,Customer 1105,Mangaluru,Mangaluru-Area-1
C1106,Customer 1106,Mysuru,Mysuru-Area-3
C1107,Customer 1107,Mangaluru,Mangaluru-Area-8
C1108,Customer 1108,Bengaluru,Bengaluru-Area-7
C1109,Customer 1109,Hyderabad,Hyderabad-Area-12
C1110,Customer 1110,Chennai,Chennai-Area-11
C1111,Customer 1111,Pune,Pune-Area-3
C1112,Customer 1112,Pune,Pune-Area-2
C1113,Customer 1113,Tumakuru,Tumakuru-Area-5
C1114,Customer 1114,Mysuru,Mysuru-Area-6
C1115,Customer 1115,Chennai,Chennai-Area-1
C1116,Customer 1116,Hosur,Hosur-Area-11
C1117,Customer 1117,Pune,Pune-Area-12
C1118,Customer 1118,Hyderabad,Hyderabad-Area-7
C1119,Customer 1119,Mysuru,Mysuru-Area-12
C1120,Customer 1120,Mysuru,Mysuru-Area-1
C1121,Customer 1121,Hyderabad,Hyderabad-Area-8
C1122,Customer 1122,Mysuru,Mysuru-Area-3
C1123,Customer 1123,Coimbatore,Coimbatore-Area-4
C1124,Customer 1124,Hubballi,Hubballi-Area-11
C1125,Customer 1125,Mangaluru,Mangaluru-Area-1
C1126,Customer 1126,Bengaluru,Bengaluru-Area-12
C1127,Customer 1127,Tumakuru,Tumakuru-Area-2
C1128,Customer 1128,Hosur,Hosur-Area-12
C1129,Customer 1129,Chennai,Chennai-Area-8
C1130,Customer 1130,Mysuru,Mysuru-Area-4
C1131,Customer 1131,Hosur,Hosur-Area-2
C1132,Customer 1132,Mysuru,Mysuru-Area-2
C1133,Customer 1133,Tumakuru,Tumakuru-Area-6
C1134,Customer 1134,Pune,Pune-Area-3
C1135,Customer 1135,Hosur,Hosur-Area-3
C1136,Customer 1136,Chennai,Chennai-Area-2
C1137,Customer 1137,Hubballi,Hubballi-Area-10
C1138,Customer 1138,Bengaluru,Bengaluru-Area-10
C1139,Customer 1139,Chennai,Chennai-Area-8
C1140,Customer 1140,Tumakuru,Tumakuru-Area-12
C1141,Customer 1141,Hyderabad,Hyderabad-Area-11
C1142,Customer 1142,Chennai,Chennai-Area-7
C1143,Customer 1143,Coimbatore,Coimbatore-Area-11
C1144,Customer 1144,Mangaluru,Mangaluru-Area-4
C1145,Customer 1145,Mysuru,Mysuru-Area-2
C1146,Customer 1146,Chennai,Chennai-Area-2
C1147,Customer 1147,Coimbatore,Coimbatore-Area-12
C1148,Customer 1148,Hosur,Hosur-Area-6
C1149,Customer 1149,Hosur,Hosur-Area-6
C1150,Customer 1150,Chennai,Chennai-Area-4
C1151,Customer 1151,Pune,Pune-Area-11
C1152,Customer 1152,Mysuru,Mysuru-Area-4
C1153,Customer 1153,Hubballi,Hubballi-Area-10
C1154,Customer 1154,Coimbatore,Coimbatore-Area-12
C1155,Customer 1155,Coimbatore,Coimbatore-Area-5
C1156,Customer 1156,Bengaluru,Bengaluru-Area-11
C1157,Customer 1157,Pune,Pune-Area-4
C1158,Customer 1158,Hubballi,Hubballi-Area-10
C1159,Customer 1159,Hubballi,Hubballi-Area-4
C1160,Customer 1160,Hosur,Hosur-Area-5
C1161,Customer 1161,Bengaluru,Bengaluru-Area-4
C1162,Customer 1162,Mangaluru,Mangaluru-Area-7
C1163,Customer 1163,Mysuru,Mysuru-Area-4
C1164,Customer 1164,Mangaluru,Mangaluru-Area-11
C1165,Customer 1165,Coimbatore,Coimbatore-Area-2
C1166,Customer 1166,Hubballi,Hubballi-Area-1
C1167,Customer 1167,Tumakuru,Tumakuru-Area-6
C1168,Customer 1168,Chennai,Chennai-Area-7
C1169,Customer 1169,Coimbatore,Coimbatore-Area-7
C1170,Customer 1170,Tumakuru,Tumakuru-Area-9
C1171,Customer 1171,Chennai,Chennai-Area-8
C1172,Customer 1172,Mysuru,Mysuru-Area-1
C1173,Customer 1173,Coimbatore,Coimbatore-Area-2
C1174,Customer 1174,Bengaluru,Bengaluru-Area-5
C1175,Customer 1175,Hyderabad,Hyderabad-Area-1
C1176,Customer 1176,Bengaluru,Bengaluru-Area-7
C1177,Customer 1177,Hubballi,Hubballi-Area-5
C1178,Customer 1178,Hubballi,Hubballi-Area-7
C1179,Customer 1179,Hosur,Hosur-Area-12
C1180,Customer 1180,Hosur,Hosur-Area-2
C1181,Customer 1181,Hubballi,Hubballi-Area-9
C1182,Customer 1182,Coimbatore,Coimbatore-Area-3
C1183,Customer 1183,Pune,Pune-Area-2
C1184,Customer 1184,Pune,Pune-Area-2
C1185,Customer 1185,Hubballi,Hubballi-Area-4
C1186,Customer 1186,Chennai,Chennai-Area-9
C1187,Customer 1187,Tumakuru,Tumakuru-Area-7
C1188,Customer 1188,Coimbatore,Coimbatore-Area-11
C1189,Customer 1189,Mysuru,Mysuru-Area-5
C1190,Customer 1190,Hosur,Hosur-Area-12
C1191,Customer 1191,Hyderabad,Hyderabad-Area-1
C1192,Customer 1192,Hyderabad,Hyderabad-Area-2
C1193,Customer 1193,Hosur,Hosur-Area-2
C1194,Customer 1194,Mangaluru,Mangaluru-Area-10
C1195,Customer 1195,Coimbatore,Coimbatore-Area-1
C1196,Customer 1196,Pune,Pune-Area-11
C1197,Customer 1197,Chennai,Chennai-Area-2
C1198,Customer 1198,Bengaluru,Bengaluru-Area-12
C1199,Customer 1199,Chennai,Chennai-Area-12
C1200,Customer 1200,Bengaluru,Bengaluru-Area-3
C1201,Customer 1201,Mangaluru,Mangaluru-Area-6
C1202,Customer 1202,Hubballi,Hubballi-Area-9
C1203,Customer 1203,Pune,Pune-Area-3
C1204,Customer 1204,Tumakuru,Tumakuru-Area-3
C1205,Customer 1205,Pune,Pune-Area-12
C1206,Customer 1206,Mysuru,Mysuru-Area-1
C1207,Customer 1207,Tumakuru,Tumakuru-Area-7
C1208,Customer 1208,Pune,Pune-Area-9
C1209,Customer 1209,Mysuru,Mysuru-Area-5
C1210,Customer 1210,Coimbatore,Coimbatore-Area-11
C1211,Customer 1211,Mysuru,Mysuru-Area-8
C1212,Customer 1212,Mangaluru,Mangaluru-Area-9
C1213,Customer 1213,Tumakuru,Tumakuru-Area-1
C1214,Customer 1214,Mangaluru,Mangaluru-Area-10
C1215,Customer 1215,Chennai,Chennai-Area-6
C1216,Customer 1216,Chennai,Chennai-Area-5
C1217,Customer 1217,Mysuru,Mysuru-Area-10
C1218,Customer 1218,Mysuru,Mysuru-Area-4
C1219,Customer 1219,Hubballi,Hubballi-Area-1
C1220,Customer 1220,Bengaluru,Bengaluru-Area-1
C1221,Customer 1221,Hyderabad,Hyderabad-Area-1
C1222,Customer 1222,Mangaluru,Mangaluru-Area-6
C1223,Customer 1223,Hosur,Hosur-Area-3
C1224,Customer 1224,Chennai,Chennai-Area-1
C1225,Customer 1225,Hubballi,Hubballi-Area-12
C1226,Customer 1226,Hosur,Hosur-Area-4
C1227,Customer 1227,Tumakuru,Tumakuru-Area-4
C1228,Customer 1228,Hosur,Hosur-Area-12
C1229,Customer 1229,Tumakuru,Tumakuru-Area-5
C1230,Customer 1230,Mysuru,Mysuru-Area-10
C1231,Customer 1231,Tumakuru,Tumakuru-Area-2
C1232,Customer 1232,Hubballi,Hubballi-Area-11
C1233,Customer 1233,Bengaluru,Bengaluru-Area-3
C1234,Customer 1234,Hyderabad,Hyderabad-Area-9
C1235,Customer 1235,Bengaluru,Bengaluru-Area-7
C1236,Customer 1236,Mysuru,Mysuru-Area-8
C1237,Customer 1237,Pune,Pune-Area-5
C1238,Customer 1238,Tumakuru,Tumakuru-Area-2
C1239,Customer 1239,Hubballi,Hubballi-Area-8
C1240,Customer 1240,Bengaluru,Bengaluru-Area-6
C1241,Customer 1241,Hyderabad,Hyderabad-Area-5
C1242,Customer 1242,Coimbatore,Coimbatore-Area-5
C1243,Customer 1243,Coimbatore,Coimbatore-Area-4
C1244,Customer 1244,Mangaluru,Mangaluru-Area-6
C1245,Customer 1245,Coimbatore,Coimbatore-Area-8
C1246,Customer 1246,Hyderabad,Hyderabad-Area-12
C1247,Customer 1247,Hubballi,Hubballi-Area-4
C1248,Customer 1248,Chennai,Chennai-Area-1
C1249,Customer 1249,Hosur,Hosur-Area-1
C1250,Customer 1250,Hyderabad,Hyderabad-Area-9
C1251,Customer 1251,Tumakuru,Tumakuru-Area-11
C1252,Customer 1252,Bengaluru,Bengaluru-Area-6
C1253,Customer 1253,Bengaluru,Bengaluru-Area-11
C1254,Customer 1254,Hosur,Hosur-Area-12
C1255,Customer 1255,Pune,Pune-Area-2
C1256,Customer 1256,Hyderabad,Hyderabad-Area-9
C1257,Customer 1257,Hyderabad,Hyderabad-Area-7
C1258,Customer 1258,Mangaluru,Mangaluru-Area-1
C1259,Customer 1259,Chennai,Chennai-Area-12
C1260,Customer 1260,Pune,Pune-Area-2
C1261,Customer 1261,Bengaluru,Bengaluru-Area-4
C1262,Customer 1262,Hubballi,Hubballi-Area-7
C1263,Customer 1263,Tumakuru,Tumakuru-Area-8
C1264,Customer 1264,Mysuru,Mysuru-Area-10
C1265,Customer 1265,Mysuru,Mysuru-Area-9
C1266,Customer 1266,Chennai,Chennai-Area-11
C1267,Customer 1267,Hosur,Hosur-Area-2
C1268,Customer 1268,Coimbatore,Coimbatore-Area-10
C1269,Customer 1269,Bengaluru,Bengaluru-Area-7
C1270,Customer 1270,Chennai,Chennai-Area-4
C1271,Customer 1271,Pune,Pune-Area-5
C1272,Customer 1272,Tumakuru,Tumakuru-Area-7
C1273,Customer 1273,Tumakuru,Tumakuru-Area-6
C1274,Customer 1274,Mangaluru,Mangaluru-Area-5
C1275,Customer 1275,Hyderabad,Hyderabad-Area-2
C1276,Customer 1276,Hyderabad,Hyderabad-Area-3
C1277,Customer 1277,Coimbatore,Coimbatore-Area-2
C1278,Customer 1278,Chennai,Chennai-Area-2
C1279,Customer 1279,Chennai,Chennai-Area-8
C1280,Customer 1280,Mangaluru,Mangaluru-Area-6
C1281,Customer 1281,Hosur,Hosur-Area-2
C1282,Customer 1282,Hubballi,Hubballi-Area-6
C1283,Customer 1283,Hyderabad,Hyderabad-Area-8
C1284,Customer 1284,Pune,Pune-Area-8
C1285,Customer 1285,Pune,Pune-Area-2
C1286,Customer 1286,Mysuru,Mysuru-Area-3
C1287,Customer 1287,Pune,Pune-Area-12
C1288,Customer 1288,Coimbatore,Coimbatore-Area-1
C1289,Customer 1289,Hyderabad,Hyderabad-Area-6
C1290,Customer 1290,Chennai,Chennai-Area-2
C1291,Customer 1291,Hyderabad,Hyderabad-Area-6
C1292,Customer 1292,Hosur,Hosur-Area-9
C1293,Customer 1293,Bengaluru,Bengaluru-Area-11
C1294,Customer 1294,Pune,Pune-Area-5
C1295,Customer 1295,Chennai,Chennai-Area-1
C1296,Customer 1296,Hosur,Hosur-Area-8
C1297,Customer 1297,Hubballi,Hubballi-Area-12
C1298,Customer 1298,Hubballi,Hubballi-Area-4
C1299,Customer 1299,Mysuru,Mysuru-Area-8
C1300,Customer 1300,Mysuru,Mysuru-Area-3
C1301,Customer 1301,Mysuru,Mysuru-Area-1
C1302,Customer 1302,Bengaluru,Bengaluru-Area-4
C1303,Customer 1303,Chennai,Chennai-Area-4
C1304,Customer 1304,Hosur,Hosur-Area-6
C1305,Customer 1305,Mysuru,Mysuru-Area-10
C1306,Customer 1306,Coimbatore,Coimbatore-Area-5
C1307,Customer 1307,Mysuru,Mysuru-Area-1
C1308,Customer 1308,Mysuru,Mysuru-Area-4
C1309,Customer 1309,Mangaluru,Mangaluru-Area-3
C1310,Customer 1310,Mysuru,Mysuru-Area-6
C1311,Customer 1311,Mysuru,Mysuru-Area-1
C1312,Customer 1312,Mangaluru,Mangaluru-Area-1
C1313,Customer 1313,Chennai,Chennai-Area-10
C1314,Customer 1314,Hosur,Hosur-Area-12
C1315,Customer 1315,Hosur,Hosur-Area-8
C1316,Customer 1316,Bengaluru,Bengaluru-Area-7
C1317,Customer 1317,Hosur,Hosur-Area-3
C1318,Customer 1318,Tumakuru,Tumakuru-Area-4
C1319,Customer 1319,Chennai,Chennai-Area-5
C1320,Customer 1320,Pune,Pune-Area-8
C1321,Customer 1321,Chennai,Chennai-Area-1
C1322,Customer 1322,Coimbatore,Coimbatore-Area-10
C1323,Customer 1323,Coimbatore,Coimbatore-Area-4
C1324,Customer 1324,Pune,Pune-Area-8
C1325,Customer 1325,Hosur,Hosur-Area-9
C1326,Customer 1326,Mangaluru,Mangaluru-Area-1
C1327,Customer 1327,Mysuru,Mysuru-Area-5
C1328,Customer 1328,Hosur,Hosur-Area-3
C1329,Customer 1329,Hosur,Hosur-Area-4
C1330,Customer 1330,Hubballi,Hubballi-Area-4
C1331,Customer 1331,Hubballi,Hubballi-Area-1
C1332,Customer 1332,Hosur,Hosur-Area-12
C1333,Customer 1333,Tumakuru,Tumakuru-Area-8
C1334,Customer 1334,Hubballi,Hubballi-Area-8
C1335,Customer 1335,Tumakuru,Tumakuru-Area-10
C1336,Customer 1336,Hubballi,Hubballi-Area-6
C1337,Customer 1337,Hosur,Hosur-Area-5
C1338,Customer 1338,Chennai,Chennai-Area-1
C1339,Customer 1339,Tumakuru,Tumakuru-Area-10
C1340,Customer 1340,Hyderabad,Hyderabad-Area-1
C1341,Customer 1341,Pune,Pune-Area-1
C1342,Customer 1342,Mangaluru,Mangaluru-Area-9
C1343,Customer 1343,Tumakuru,Tumakuru-Area-10
C1344,Customer 1344,Hyderabad,Hyderabad-Area-3
C1345,Customer 1345,Mysuru,Mysuru-Area-4
C1346,Customer 1346,Hyderabad,Hyderabad-Area-5
C1347,Customer 1347,Hubballi,Hubballi-Area-12
C1348,Customer 1348,Bengaluru,Bengaluru-Area-4
C1349,Customer 1349,Coimbatore,Coimbatore-Area-7
C1350,Customer 1350,Tumakuru,Tumakuru-Area-3
C1351,Customer 1351,Chennai,Chennai-Area-4
C1352,Customer 1352,Coimbatore,Coimbatore-Area-6
C1353,Customer 1353,Tumakuru,Tumakuru-Area-10
C1354,Customer 1354,Bengaluru,Bengaluru-Area-12
C1355,Customer 1355,Tumakuru,Tumakuru-Area-10
C1356,Customer 1356,Coimbatore,Coimbatore-Area-3
C1357,Customer 1357,Coimbatore,Coimbatore-Area-4
C1358,Customer 1358,Mangaluru,Mangaluru-Area-9
C1359,Customer 1359,Pune,Pune-Area-3
C1360,Customer 1360,Mangaluru,Mangaluru-Area-1
C1361,Customer 1361,Mysuru,Mysuru-Area-1
C1362,Customer 1362,Hyderabad,Hyderabad-Area-10
C1363,Customer 1363,Hyderabad,Hyderabad-Area-1
C1364,Customer 1364,Hubballi,Hubballi-Area-8
C1365,Customer 1365,Bengaluru,Bengaluru-Area-6
C1366,Customer 1366,Coimbatore,Coimbatore-Area-4
C1367,Customer 1367,Chennai,Chennai-Area-6
C1368,Customer 1368,Chennai,Chennai-Area-6
C1369,Customer 1369,Bengaluru,Bengaluru-Area-1
C1370,Customer 1370,Chennai,Chennai-Area-10
C1371,Customer 1371,Chennai,Chennai-Area-2
C1372,Customer 1372,Hubballi,Hubballi-Area-6
C1373,Customer 1373,Mysuru,Mysuru-Area-6
C1374,Customer 1374,Hosur,Hosur-Area-10
C1375,Customer 1375,Mysuru,Mysuru-Area-6
C1376,Customer 1376,Pune,Pune-Area-6
C1377,Customer 1377,Chennai,Chennai-Area-3
C1378,Customer 1378,Hosur,Hosur-Area-11
C1379,Customer 1379,Mangaluru,Mangaluru-Area-11
C1380,Customer 1380,Tumakuru,Tumakuru-Area-3
C1381,Customer 1381,Hubballi,Hubballi-Area-12
C1382,Customer 1382,Coimbatore,Coimbatore-Area-6
C1383,Customer 1383,Hyderabad,Hyderabad-Area-11
C1384,Customer 1384,Coimbatore,Coimbatore-Area-3
C1385,Customer 1385,Hosur,Hosur-Area-5
C1386,Customer 1386,Pune,Pune-Area-3
C1387,Customer 1387,Chennai,Chennai-Area-12
C1388,Customer 1388,Bengaluru,Bengaluru-Area-12
C1389,Customer 1389,Coimbatore,Coimbatore-Area-7
C1390,Customer 1390,Coimbatore,Coimbatore-Area-1
C1391,Customer 1391,Chennai,Chennai-Area-10
C1392,Customer 1392,Tumakuru,Tumakuru-Area-10
C1393,Customer 1393,Hyderabad,Hyderabad-Area-11
C1394,Customer 1394,Coimbatore,Coimbatore-Area-2
C1395,Customer 1395,Mangaluru,Mangaluru-Area-3
C1396,Customer 1396,Tumakuru,Tumakuru-Area-12
C1397,Customer 1397,Mysuru,Mysuru-Area-4
C1398,Customer 1398,Tumakuru,Tumakuru-Area-6
C1399,Customer 1399,Chennai,Chennai-Area-11
C1400,Customer 1400,Mysuru,Mysuru-Area-12
C1401,Customer 1401,Tumakuru,Tumakuru-Area-8
C1402,Customer 1402,Bengaluru,Bengaluru-Area-5
C1403,Customer 1403,Hyderabad,Hyderabad-Area-4
C1404,Customer 1404,Mysuru,Mysuru-Area-6
C1405,Customer 1405,Pune,Pune-Area-2
C1406,Customer 1406,Bengaluru,Bengaluru-Area-1
C1407,Customer 1407,Hosur,Hosur-Area-8
C1408,Customer 1408,Hosur,Hosur-Area-3
C1409,Customer 1409,Hosur,Hosur-Area-8
C1410,Customer 1410,Hosur,Hosur-Area-6
C1411,Customer 1411,Hubballi,Hubballi-Area-7
C1412,Customer 1412,Mysuru,Mysuru-Area-8
C1413,Customer 1413,Coimbatore,Coimbatore-Area-11
C1414,Customer 1414,Hyderabad,Hyderabad-Area-3
C1415,Customer 1415,Mangaluru,Mangaluru-Area-2
C1416,Customer 1416,Bengaluru,Bengaluru-Area-5
C1417,Customer 1417,Bengaluru,Bengaluru-Area-6
C1418,Customer 1418,Pune,Pune-Area-2
C1419,Customer 1419,Mysuru,Mysuru-Area-6
C1420,Customer 1420,Chennai,Chennai-Area-7
C1421,Customer 1421,Chennai,Chennai-Area-12
C1422,Customer 1422,Mysuru,Mysuru-Area-9
C1423,Customer 1423,Mysuru,Mysuru-Area-6
C1424,Customer 1424,Coimbatore,Coimbatore-Area-10
C1425,Customer 1425,Mangaluru,Mangaluru-Area-12
C1426,Customer 1426,Bengaluru,Bengaluru-Area-7
C1427,Customer 1427,Chennai,Chennai-Area-10
C1428,Customer 1428,Hosur,Hosur-Area-3
C1429,Customer 1429,Bengaluru,Bengaluru-Area-2
C1430,Customer 1430,Tumakuru,Tumakuru-Area-4
C1431,Customer 1431,Hyderabad,Hyderabad-Area-7
C1432,Customer 1432,Hubballi,Hubballi-Area-12
C1433,Customer 1433,Hubballi,Hubballi-Area-5
C1434,Customer 1434,Pune,Pune-Area-5
C1435,Customer 1435,Hyderabad,Hyderabad-Area-2
C1436,Customer 1436,Bengaluru,Bengaluru-Area-7
C1437,Customer 1437,Coimbatore,Coimbatore-Area-9
C1438,Customer 1438,Mangaluru,Mangaluru-Area-3
C1439,Customer 1439,Bengaluru,Bengaluru-Area-6
C1440,Customer 1440,Bengaluru,Bengaluru-Area-7
C1441,Customer 1441,Mysuru,Mysuru-Area-5
C1442,Customer 1442,Coimbatore,Coimbatore-Area-8
C1443,Customer 1443,Hyderabad,Hyderabad-Area-2
C1444,Customer 1444,Bengaluru,Bengaluru-Area-4
C1445,Customer 1445,Chennai,Chennai-Area-11
C1446,Customer 1446,Pune,Pune-Area-2
C1447,Customer 1447,Mangaluru,Mangaluru-Area-2
C1448,Customer 1448,Pune,Pune-Area-7
C1449,Customer 1449,Mangaluru,Mangaluru-Area-8
C1450,Customer 1450,Pune,Pune-Area-2
C1451,Customer 1451,Hubballi,Hubballi-Area-7
C1452,Customer 1452,Chennai,Chennai-Area-6
C1453,Customer 1453,Hosur,Hosur-Area-6
C1454,Customer 1454,Chennai,Chennai-Area-8
C1455,Customer 1455,Bengaluru,Bengaluru-Area-5
C1456,Customer 1456,Mangaluru,Mangaluru-Area-8
C1457,Customer 1457,Pune,Pune-Area-4
C1458,Customer 1458,Pune,Pune-Area-10
C1459,Customer 1459,Bengaluru,Bengaluru-Area-3
C1460,Customer 1460,Mysuru,Mysuru-Area-2
C1461,Customer 1461,Tumakuru,Tumakuru-Area-9
C1462,Customer 1462,Hosur,Hosur-Area-10
C1463,Customer 1463,Hyderabad,Hyderabad-Area-9
C1464,Customer 1464,Bengaluru,Bengaluru-Area-7
C1465,Customer 1465,Hubballi,Hubballi-Area-7
C1466,Customer 1466,Hubballi,Hubballi-Area-11
C1467,Customer 1467,Mangaluru,Mangaluru-Area-10
C1468,Customer 1468,Hyderabad,Hyderabad-Area-8
C1469,Customer 1469,Pune,Pune-Area-2
C1470,Customer 1470,Hosur,Hosur-Area-12
C1471,Customer 1471,Bengaluru,Bengaluru-Area-9
C1472,Customer 1472,Coimbatore,Coimbatore-Area-9
C1473,Customer 1473,Coimbatore,Coimbatore-Area-11
C1474,Customer 1474,Coimbatore,Coimbatore-Area-3
C1475,Customer 1475,Mysuru,Mysuru-Area-8
C1476,Customer 1476,Chennai,Chennai-Area-3
C1477,Customer 1477,Hyderabad,Hyderabad-Area-4
C1478,Customer 1478,Chennai,Chennai-Area-1
C1479,Customer 1479,Hosur,Hosur-Area-2
C1480,Customer 1480,Hosur,Hosur-Area-4
C1481,Customer 1481,Chennai,Chennai-Area-10
C1482,Customer 1482,Pune,Pune-Area-6
C1483,Customer 1483,Mysuru,Mysuru-Area-2
C1484,Customer 1484,Hosur,Hosur-Area-9
C1485,Customer 1485,Hosur,Hosur-Area-9
C1486,Customer 1486,Tumakuru,Tumakuru-Area-5
C1487,Customer 1487,Hubballi,Hubballi-Area-8
C1488,Customer 1488,Bengaluru,Bengaluru-Area-12
C1489,Customer 1489,Coimbatore,Coimbatore-Area-10
C1490,Customer 1490,Hubballi,Hubballi-Area-7
C1491,Customer 1491,Mysuru,Mysuru-Area-7
C1492,Customer 1492,Chennai,Chennai-Area-3
C1493,Customer 1493,Coimbatore,Coimbatore-Area-10
C1494,Customer 1494,Coimbatore,Coimbatore-Area-2
C1495,Customer 1495,Mysuru,Mysuru-Area-10
C1496,Customer 1496,Mysuru,Mysuru-Area-5
C1497,Customer 1497,Hubballi,Hubballi-Area-6
C1498,Customer 1498,Hosur,Hosur-Area-5
C1499,Customer 1499,Hosur,Hosur-Area-11
C1500,Customer 1500,Mangaluru,Mangaluru-Area-10
C1501,Customer 1501,Coimbatore,Coimbatore-Area-8
C1502,Customer 1502,Bengaluru,Bengaluru-Area-3
C1503,Customer 1503,Pune,Pune-Area-7
C1504,Customer 1504,Chennai,Chennai-Area-10
C1505,Customer 1505,Coimbatore,Coimbatore-Area-11
C1506,Customer 1506,Hosur,Hosur-Area-1
C1507,Customer 1507,Hosur,Hosur-Area-6
C1508,Customer 1508,Hyderabad,Hyderabad-Area-1
C1509,Customer 1509,Mangaluru,Mangaluru-Area-5
C1510,Customer 1510,Tumakuru,Tumakuru-Area-1
C1511,Customer 1511,Tumakuru,Tumakuru-Area-5
C1512,Customer 1512,Pune,Pune-Area-5
C1513,Customer 1513,Mangaluru,Mangaluru-Area-12
C1514,Customer 1514,Mysuru,Mysuru-Area-4
C1515,Customer 1515,Chennai,Chennai-Area-5
C1516,Customer 1516,Mangaluru,Mangaluru-Area-6
C1517,Customer 1517,Pune,Pune-Area-12
C1518,Customer 1518,Hosur,Hosur-Area-10
C1519,Customer 1519,Mysuru,Mysuru-Area-4
C1520,Customer 1520,Mangaluru,Mangaluru-Area-4
C1521,Customer 1521,Hosur,Hosur-Area-12
C1522,Customer 1522,Mangaluru,Mangaluru-Area-9
C1523,Customer 1523,Tumakuru,Tumakuru-Area-1
C1524,Customer 1524,Hubballi,Hubballi-Area-3
C1525,Customer 1525,Mysuru,Mysuru-Area-5
C1526,Customer 1526,Hubballi,Hubballi-Area-7
C1527,Customer 1527,Chennai,Chennai-Area-9
C1528,Customer 1528,Coimbatore,Coimbatore-Area-1
C1529,Customer 1529,Chennai,Chennai-Area-4
C1530,Customer 1530,Hyderabad,Hyderabad-Area-1
C1531,Customer 1531,Hyderabad,Hyderabad-Area-1
C1532,Customer 1532,Mangaluru,Mangaluru-Area-1
C1533,Customer 1533,Tumakuru,Tumakuru-Area-12
C1534,Customer 1534,Hyderabad,Hyderabad-Area-5
C1535,Customer 1535,Tumakuru,Tumakuru-Area-8
C1536,Customer 1536,Hubballi,Hubballi-Area-7
C1537,Customer 1537,Mysuru,Mysuru-Area-11
C1538,Customer 1538,Bengaluru,Bengaluru-Area-4
C1539,Customer 1539,Tumakuru,Tumakuru-Area-8
C1540,Customer 1540,Coimbatore,Coimbatore-Area-8
C1541,Customer 1541,Chennai,Chennai-Area-8
C1542,Customer 1542,Coimbatore,Coimbatore-Area-9
C1543,Customer 1543,Tumakuru,Tumakuru-Area-6
C1544,Customer 1544,Chennai,Chennai-Area-5
C1545,Customer 1545,Mysuru,Mysuru-Area-5
C1546,Customer 1546,Bengaluru,Bengaluru-Area-7
C1547,Customer 1547,Bengaluru,Bengaluru-Area-3
C1548,Customer 1548,Coimbatore,Coimbatore-Area-4
C1549,Customer 1549,Hyderabad,Hyderabad-Area-11
C1550,Customer 1550,Hyderabad,Hyderabad-Area-11
C1551,Customer 1551,Hyderabad,Hyderabad-Area-5
C1552,Customer 1552,Hosur,Hosur-Area-9
C1553,Customer 1553,Bengaluru,Bengaluru-Area-11
C1554,Customer 1554,Bengaluru,Bengaluru-Area-8
C1555,Customer 1555,Chennai,Chennai-Area-11
C1556,Customer 1556,Chennai,Chennai-Area-10
C1557,Customer 1557,Bengaluru,Bengaluru-Area-4
C1558,Customer 1558,Pune,Pune-Area-10
C1559,Customer 1559,Pune,Pune-Area-12
C1560,Customer 1560,Pune,Pune-Area-7
C1561,Customer 1561,Hosur,Hosur-Area-6
C1562,Customer 1562,Mangaluru,Mangaluru-Area-5
C1563,Customer 1563,Hyderabad,Hyderabad-Area-8
C1564,Customer 1564,Pune,Pune-Area-11
C1565,Customer 1565,Hubballi,Hubballi-Area-10
C1566,Customer 1566,Hosur,Hosur-Area-10
C1567,Customer 1567,Mysuru,Mysuru-Area-1
C1568,Customer 1568,Hubballi,Hubballi-Area-11
C1569,Customer 1569,Tumakuru,Tumakuru-Area-9
C1570,Customer 1570,Coimbatore,Coimbatore-Area-10
C1571,Customer 1571,Pune,Pune-Area-5
C1572,Customer 1572,Mysuru,Mysuru-Area-8
C1573,Customer 1573,Mysuru,Mysuru-Area-6
C1574,Customer 1574,Pune,Pune-Area-11
C1575,Customer 1575,Tumakuru,Tumakuru-Area-5
C1576,Customer 1576,Pune,Pune-Area-11
C1577,Customer 1577,Pune,Pune-Area-4
C1578,Customer 1578,Chennai,Chennai-Area-9
C1579,Customer 1579,Hyderabad,Hyderabad-Area-1
C1580,Customer 1580,Coimbatore,Coimbatore-Area-7
C1581,Customer 1581,Tumakuru,Tumakuru-Area-11
C1582,Customer 1582,Chennai,Chennai-Area-12
C1583,Customer 1583,Bengaluru,Bengaluru-Area-11
C1584,Customer 1584,Mangaluru,Mangaluru-Area-5
C1585,Customer 1585,Pune,Pune-Area-7
C1586,Customer 1586,Hosur,Hosur-Area-7
C1587,Customer 1587,Bengaluru,Bengaluru-Area-10
C1588,Customer 1588,Coimbatore,Coimbatore-Area-4
C1589,Customer 1589,Tumakuru,Tumakuru-Area-12
C1590,Customer 1590,Hyderabad,Hyderabad-Area-11
C1591,Customer 1591,Hubballi,Hubballi-Area-11
C1592,Customer 1592,Mangaluru,Mangaluru-Area-11
C1593,Customer 1593,Tumakuru,Tumakuru-Area-9
C1594,Customer 1594,Pune,Pune-Area-3
C1595,Customer 1595,Hubballi,Hubballi-Area-3
C1596,Customer 1596,Pune,Pune-Area-2
C1597,Customer 1597,Mangaluru,Mangaluru-Area-3
C1598,Customer 1598,Pune,Pune-Area-12
C1599,Customer 1599,Hubballi,Hubballi-Area-3
C1600,Customer 1600,Tumakuru,Tumakuru-Area-11
C1601,Customer 1601,Mysuru,Mysuru-Area-4
C1602,Customer 1602,Tumakuru,Tumakuru-Area-4
C1603,Customer 1603,Pune,Pune-Area-7
C1604,Customer 1604,Tumakuru,Tumakuru-Area-6
C1605,Customer 1605,Pune,Pune-Area-10
C1606,Customer 1606,Pune,Pune-Area-8
C1607,Customer 1607,Mysuru,Mysuru-Area-8
C1608,Customer 1608,Bengaluru,Bengaluru-Area-11
C1609,Customer 1609,Coimbatore,Coimbatore-Area-10
C1610,Customer 1610,Coimbatore,Coimbatore-Area-2
C1611,Customer 1611,Mangaluru,Mangaluru-Area-4
C1612,Customer 1612,Hubballi,Hubballi-Area-2
C1613,Customer 1613,Hosur,Hosur-Area-9
C1614,Customer 1614,Pune,Pune-Area-7
C1615,Customer 1615,Bengaluru,Bengaluru-Area-3
C1616,Customer 1616,Chennai,Chennai-Area-4
C1617,Customer 1617,Tumakuru,Tumakuru-Area-7
C1618,Customer 1618,Coimbatore,Coimbatore-Area-8
C1619,Customer 1619,Chennai,Chennai-Area-6
C1620,Customer 1620,Chennai,Chennai-Area-2
C1621,Customer 1621,Mangaluru,Mangaluru-Area-6
C1622,Customer 1622,Chennai,Chennai-Area-6
C1623,Customer 1623,Bengaluru,Bengaluru-Area-1
C1624,Customer 1624,Mangaluru,Mangaluru-Area-5
C1625,Customer 1625,Hyderabad,Hyderabad-Area-3
C1626,Customer 1626,Coimbatore,Coimbatore-Area-3
C1627,Customer 1627,Mangaluru,Mangaluru-Area-2
C1628,Customer 1628,Chennai,Chennai-Area-10
C1629,Customer 1629,Hosur,Hosur-Area-11
C1630,Customer 1630,Hosur,Hosur-Area-7
C1631,Customer 1631,Hosur,Hosur-Area-8
C1632,Customer 1632,Hosur,Hosur-Area-1
C1633,Customer 1633,Bengaluru,Bengaluru-Area-9
C1634,Customer 1634,Hyderabad,Hyderabad-Area-12
C1635,Customer 1635,Tumakuru,Tumakuru-Area-1
C1636,Customer 1636,Tumakuru,Tumakuru-Area-9
C1637,Customer 1637,Hyderabad,Hyderabad-Area-1
C1638,Customer 1638,Bengaluru,Bengaluru-Area-11
C1639,Customer 1639,Hyderabad,Hyderabad-Area-4
C1640,Customer 1640,Tumakuru,Tumakuru-Area-5
C1641,Customer 1641,Chennai,Chennai-Area-2
C1642,Customer 1642,Hosur,Hosur-Area-9
C1643,Customer 1643,Coimbatore,Coimbatore-Area-5
C1644,Customer 1644,Chennai,Chennai-Area-2
C1645,Customer 1645,Bengaluru,Bengaluru-Area-5
C1646,Customer 1646,Pune,Pune-Area-8
C1647,Customer 1647,Hubballi,Hubballi-Area-10
C1648,Customer 1648,Hubballi,Hubballi-Area-6
C1649,Customer 1649,Hosur,Hosur-Area-11
C1650,Customer 1650,Chennai,Chennai-Area-6
C1651,Customer 1651,Mangaluru,Mangaluru-Area-6
C1652,Customer 1652,Hyderabad,Hyderabad-Area-3
C1653,Customer 1653,Hosur,Hosur-Area-1
C1654,Customer 1654,Hyderabad,Hyderabad-Area-4
C1655,Customer 1655,Chennai,Chennai-Area-4
C1656,Customer 1656,Bengaluru,Bengaluru-Area-10
C1657,Customer 1657,Hubballi,Hubballi-Area-3
C1658,Customer 1658,Mysuru,Mysuru-Area-6
C1659,Customer 1659,Bengaluru,Bengaluru-Area-7
C1660,Customer 1660,Pune,Pune-Area-9
C1661,Customer 1661,Coimbatore,Coimbatore-Area-1
C1662,Customer 1662,Coimbatore,Coimbatore-Area-1
C1663,Customer 1663,Mysuru,Mysuru-Area-11
C1664,Customer 1664,Bengaluru,Bengaluru-Area-1
C1665,Customer 1665,Mysuru,Mysuru-Area-7
C1666,Customer 1666,Mangaluru,Mangaluru-Area-7
C1667,Customer 1667,Mysuru,Mysuru-Area-9
C1668,Customer 1668,Pune,Pune-Area-8
C1669,Customer 1669,Chennai,Chennai-Area-4
C1670,Customer 1670,Bengaluru,Bengaluru-Area-5
C1671,Customer 1671,Hosur,Hosur-Area-11
C1672,Customer 1672,Mysuru,Mysuru-Area-11
C1673,Customer 1673,Hubballi,Hubballi-Area-5
C1674,Customer 1674,Coimbatore,Coimbatore-Area-10
C1675,Customer 1675,Chennai,Chennai-Area-7
C1676,Customer 1676,Mysuru,Mysuru-Area-9
C1677,Customer 1677,Coimbatore,Coimbatore-Area-2
C1678,Customer 1678,Pune,Pune-Area-2
C1679,Customer 1679,Mysuru,Mysuru-Area-8
C1680,Customer 1680,Hyderabad,Hyderabad-Area-10
C1681,Customer 1681,Hyderabad,Hyderabad-Area-5
C1682,Customer 1682,Hubballi,Hubballi-Area-4
C1683,Customer 1683,Tumakuru,Tumakuru-Area-12
C1684,Customer 1684,Hosur,Hosur-Area-5
C1685,Customer 1685,Chennai,Chennai-Area-1
C1686,Customer 1686,Hubballi,Hubballi-Area-8
C1687,Customer 1687,Hyderabad,Hyderabad-Area-12
C1688,Customer 1688,Mangaluru,Mangaluru-Area-6
C1689,Customer 1689,Hyderabad,Hyderabad-Area-1
C1690,Customer 1690,Bengaluru,Bengaluru-Area-11
C1691,Customer 1691,Mysuru,Mysuru-Area-2
C1692,Customer 1692,Coimbatore,Coimbatore-Area-11
C1693,Customer 1693,Mangaluru,Mangaluru-Area-3
C1694,Customer 1694,Mysuru,Mysuru-Area-9
C1695,Customer 1695,Mysuru,Mysuru-Area-12
C1696,Customer 1696,Mysuru,Mysuru-Area-5
C1697,Customer 1697,Hyderabad,Hyderabad-Area-8
C1698,Customer 1698,Pune,Pune-Area-5
C1699,Customer 1699,Mangaluru,Mangaluru-Area-1
C1700,Customer 1700,Mysuru,Mysuru-Area-3
C1701,Customer 1701,Bengaluru,Bengaluru-Area-5
C1702,Customer 1702,Tumakuru,Tumakuru-Area-11
C1703,Customer 1703,Tumakuru,Tumakuru-Area-7
C1704,Customer 1704,Mysuru,Mysuru-Area-2
C1705,Customer 1705,Bengaluru,Bengaluru-Area-1
C1706,Customer 1706,Chennai,Chennai-Area-11
C1707,Customer 1707,Chennai,Chennai-Area-6
C1708,Customer 1708,Tumakuru,Tumakuru-Area-8
C1709,Customer 1709,Coimbatore,Coimbatore-Area-5
C1710,Customer 1710,Mysuru,Mysuru-Area-6
C1711,Customer 1711,Tumakuru,Tumakuru-Area-3
C1712,Customer 1712,Mysuru,Mysuru-Area-7
C1713,Customer 1713,Hosur,Hosur-Area-8
C1714,Customer 1714,Pune,Pune-Area-7
C1715,Customer 1715,Mangaluru,Mangaluru-Area-7
C1716,Customer 1716,Chennai,Chennai-Area-2
C1717,Customer 1717,Chennai,Chennai-Area-12
C1718,Customer 1718,Bengaluru,Bengaluru-Area-3
C1719,Customer 1719,Mysuru,Mysuru-Area-7
C1720,Customer 1720,Coimbatore,Coimbatore-Area-8
C1721,Customer 1721,Coimbatore,Coimbatore-Area-11
C1722,Customer 1722,Mangaluru,Mangaluru-Area-3
C1723,Customer 1723,Coimbatore,Coimbatore-Area-7
C1724,Customer 1724,Tumakuru,Tumakuru-Area-10
C1725,Customer 1725,Bengaluru,Bengaluru-Area-11
C1726,Customer 1726,Chennai,Chennai-Area-8
C1727,Customer 1727,Mangaluru,Mangaluru-Area-2
C1728,Customer 1728,Hosur,Hosur-Area-8
C1729,Customer 1729,Bengaluru,Bengaluru-Area-2
C1730,Customer 1730,Pune,Pune-Area-11
C1731,Customer 1731,Tumakuru,Tumakuru-Area-1
C1732,Customer 1732,Hubballi,Hubballi-Area-12
C1733,Customer 1733,Coimbatore,Coimbatore-Area-12
C1734,Customer 1734,Coimbatore,Coimbatore-Area-4
C1735,Customer 1735,Tumakuru,Tumakuru-Area-9
C1736,Customer 1736,Hubballi,Hubballi-Area-12
C1737,Customer 1737,Coimbatore,Coimbatore-Area-2
C1738,Customer 1738,Hosur,Hosur-Area-11
C1739,Customer 1739,Hyderabad,Hyderabad-Area-8
C1740,Customer 1740,Tumakuru,Tumakuru-Area-11
C1741,Customer 1741,Hosur,Hosur-Area-3
C1742,Customer 1742,Hubballi,Hubballi-Area-10
C1743,Customer 1743,Bengaluru,Bengaluru-Area-1
C1744,Customer 1744,Chennai,Chennai-Area-9
C1745,Customer 1745,Mangaluru,Mangaluru-Area-8
C1746,Customer 1746,Chennai,Chennai-Area-2
C1747,Customer 1747,Mangaluru,Mangaluru-Area-6
C1748,Customer 1748,Hyderabad,Hyderabad-Area-6
C1749,Customer 1749,Pune,Pune-Area-1
C1750,Customer 1750,Hubballi,Hubballi-Area-4
C1751,Customer 1751,Hubballi,Hubballi-Area-11
C1752,Customer 1752,Hosur,Hosur-Area-7
C1753,Customer 1753,Hyderabad,Hyderabad-Area-2
C1754,Customer 1754,Mangaluru,Mangaluru-Area-8
C1755,Customer 1755,Coimbatore,Coimbatore-Area-8
C1756,Customer 1756,Mysuru,Mysuru-Area-8
C1757,Customer 1757,Mangaluru,Mangaluru-Area-6
C1758,Customer 1758,Mysuru,Mysuru-Area-8
C1759,Customer 1759,Bengaluru,Bengaluru-Area-2
C1760,Customer 1760,Hosur,Hosur-Area-7
C1761,Customer 1761,Bengaluru,Bengaluru-Area-9
C1762,Customer 1762,Hubballi,Hubballi-Area-1
C1763,Customer 1763,Mysuru,Mysuru-Area-10
C1764,Customer 1764,Coimbatore,Coimbatore-Area-11
C1765,Customer 1765,Pune,Pune-Area-9
C1766,Customer 1766,Hubballi,Hubballi-Area-4
C1767,Customer 1767,Mangaluru,Mangaluru-Area-6
C1768,Customer 1768,Tumakuru,Tumakuru-Area-1
C1769,Customer 1769,Hyderabad,Hyderabad-Area-8
C1770,Customer 1770,Tumakuru,Tumakuru-Area-9
C1771,Customer 1771,Coimbatore,Coimbatore-Area-10
C1772,Customer 1772,Mangaluru,Mangaluru-Area-12
C1773,Customer 1773,Tumakuru,Tumakuru-Area-12
C1774,Customer 1774,Mangaluru,Mangaluru-Area-2
C1775,Customer 1775,Mysuru,Mysuru-Area-11
C1776,Customer 1776,Hyderabad,Hyderabad-Area-1
C1777,Customer 1777,Tumakuru,Tumakuru-Area-6
C1778,Customer 1778,Pune,Pune-Area-9
C1779,Customer 1779,Hubballi,Hubballi-Area-6
C1780,Customer 1780,Mysuru,Mysuru-Area-1
C1781,Customer 1781,Chennai,Chennai-Area-8
C1782,Customer 1782,Chennai,Chennai-Area-12
C1783,Customer 1783,Hosur,Hosur-Area-2
C1784,Customer 1784,Pune,Pune-Area-10
C1785,Customer 1785,Hyderabad,Hyderabad-Area-4
C1786,Customer 1786,Mysuru,Mysuru-Area-7
C1787,Customer 1787,Hyderabad,Hyderabad-Area-8
C1788,Customer 1788,Hyderabad,Hyderabad-Area-12
C1789,Customer 1789,Tumakuru,Tumakuru-Area-2
C1790,Customer 1790,Hosur,Hosur-Area-1
C1791,Customer 1791,Coimbatore,Coimbatore-Area-2
C1792,Customer 1792,Mangaluru,Mangaluru-Area-8
C1793,Customer 1793,Coimbatore,Coimbatore-Area-9
C1794,Customer 1794,Chennai,Chennai-Area-8
C1795,Customer 1795,Bengaluru,Bengaluru-Area-9
C1796,Customer 1796,Bengaluru,Bengaluru-Area-9
C1797,Customer 1797,Hosur,Hosur-Area-10
C1798,Customer 1798,Mangaluru,Mangaluru-Area-9
C1799,Customer 1799,Chennai,Chennai-Area-12
C1800,Customer 1800,Coimbatore,Coimbatore-Area-3
C1801,Customer 1801,Chennai,Chennai-Area-2
C1802,Customer 1802,Hosur,Hosur-Area-11
C1803,Customer 1803,Coimbatore,Coimbatore-Area-10
C1804,Customer 1804,Tumakuru,Tumakuru-Area-9
C1805,Customer 1805,Hosur,Hosur-Area-7
C1806,Customer 1806,Coimbatore,Coimbatore-Area-12
C1807,Customer 1807,Hyderabad,Hyderabad-Area-5
C1808,Customer 1808,Hosur,Hosur-Area-6
C1809,Customer 1809,Pune,Pune-Area-8
C1810,Customer 1810,Chennai,Chennai-Area-3
C1811,Customer 1811,Hosur,Hosur-Area-10
C1812,Customer 1812,Hubballi,Hubballi-Area-5
C1813,Customer 1813,Hubballi,Hubballi-Area-6
C1814,Customer 1814,Hubballi,Hubballi-Area-11
C1815,Customer 1815,Hyderabad,Hyderabad-Area-4
C1816,Customer 1816,Hyderabad,Hyderabad-Area-10
C1817,Customer 1817,Pune,Pune-Area-11
C1818,Customer 1818,Tumakuru,Tumakuru-Area-11
C1819,Customer 1819,Chennai,Chennai-Area-12
C1820,Customer 1820,Chennai,Chennai-Area-9
C1821,Customer 1821,Hubballi,Hubballi-Area-12
C1822,Customer 1822,Tumakuru,Tumakuru-Area-12
C1823,Customer 1823,Mysuru,Mysuru-Area-6
C1824,Customer 1824,Hubballi,Hubballi-Area-8
C1825,Customer 1825,Coimbatore,Coimbatore-Area-10
C1826,Customer 1826,Hosur,Hosur-Area-11
C1827,Customer 1827,Hubballi,Hubballi-Area-5
C1828,Customer 1828,Hosur,Hosur-Area-1
C1829,Customer 1829,Hubballi,Hubballi-Area-2
C1830,Customer 1830,Bengaluru,Bengaluru-Area-7
C1831,Customer 1831,Chennai,Chennai-Area-1
C1832,Customer 1832,Bengaluru,Bengaluru-Area-4
C1833,Customer 1833,Pune,Pune-Area-3
C1834,Customer 1834,Pune,Pune-Area-11
C1835,Customer 1835,Pune,Pune-Area-3
C1836,Customer 1836,Bengaluru,Bengaluru-Area-12
C1837,Customer 1837,Pune,Pune-Area-4
C1838,Customer 1838,Hubballi,Hubballi-Area-1
C1839,Customer 1839,Tumakuru,Tumakuru-Area-8
C1840,Customer 1840,Mysuru,Mysuru-Area-10
C1841,Customer 1841,Hubballi,Hubballi-Area-4
C1842,Customer 1842,Hubballi,Hubballi-Area-7
C1843,Customer 1843,Hyderabad,Hyderabad-Area-9
C1844,Customer 1844,Pune,Pune-Area-12
C1845,Customer 1845,Bengaluru,Bengaluru-Area-7
C1846,Customer 1846,Hosur,Hosur-Area-7
C1847,Customer 1847,Tumakuru,Tumakuru-Area-9
C1848,Customer 1848,Bengaluru,Bengaluru-Area-1
C1849,Customer 1849,Pune,Pune-Area-4
C1850,Customer 1850,Coimbatore,Coimbatore-Area-8
C1851,Customer 1851,Hyderabad,Hyderabad-Area-11
C1852,Customer 1852,Tumakuru,Tumakuru-Area-10
C1853,Customer 1853,Hubballi,Hubballi-Area-12
C1854,Customer 1854,Coimbatore,Coimbatore-Area-4
C1855,Customer 1855,Hyderabad,Hyderabad-Area-5
C1856,Customer 1856,Mangaluru,Mangaluru-Area-3
C1857,Customer 1857,Mysuru,Mysuru-Area-3
C1858,Customer 1858,Chennai,Chennai-Area-12
C1859,Customer 1859,Hubballi,Hubballi-Area-2
C1860,Customer 1860,Hosur,Hosur-Area-1
C1861,Customer 1861,Hosur,Hosur-Area-5
C1862,Customer 1862,Hubballi,Hubballi-Area-5
C1863,Customer 1863,Chennai,Chennai-Area-3
C1864,Customer 1864,Coimbatore,Coimbatore-Area-5
C1865,Customer 1865,Bengaluru,Bengaluru-Area-6
C1866,Customer 1866,Mangaluru,Mangaluru-Area-12
C1867,Customer 1867,Chennai,Chennai-Area-1
C1868,Customer 1868,Chennai,Chennai-Area-6
C1869,Customer 1869,Coimbatore,Coimbatore-Area-1
C1870,Customer 1870,Coimbatore,Coimbatore-Area-11
C1871,Customer 1871,Pune,Pune-Area-8
C1872,Customer 1872,Coimbatore,Coimbatore-Area-9
C1873,Customer 1873,Tumakuru,Tumakuru-Area-2
C1874,Customer 1874,Tumakuru,Tumakuru-Area-9
C1875,Customer 1875,Hyderabad,Hyderabad-Area-3
C1876,Customer 1876,Hubballi,Hubballi-Area-2
C1877,Customer 1877,Hubballi,Hubballi-Area-3
C1878,Customer 1878,Hosur,Hosur-Area-9
C1879,Customer 1879,Hubballi,Hubballi-Area-7
C1880,Customer 1880,Mysuru,Mysuru-Area-6
C1881,Customer 1881,Hyderabad,Hyderabad-Area-4
C1882,Customer 1882,Tumakuru,Tumakuru-Area-6
C1883,Customer 1883,Tumakuru,Tumakuru-Area-5
C1884,Customer 1884,Hyderabad,Hyderabad-Area-10
C1885,Customer 1885,Hubballi,Hubballi-Area-8
C1886,Customer 1886,Hubballi,Hubballi-Area-11
C1887,Customer 1887,Bengaluru,Bengaluru-Area-2
C1888,Customer 1888,Tumakuru,Tumakuru-Area-8
C1889,Customer 1889,Hyderabad,Hyderabad-Area-11
C1890,Customer 1890,Coimbatore,Coimbatore-Area-10
C1891,Customer 1891,Hyderabad,Hyderabad-Area-1
C1892,Customer 1892,Tumakuru,Tumakuru-Area-7
C1893,Customer 1893,Mysuru,Mysuru-Area-7
C1894,Customer 1894,Pune,Pune-Area-9
C1895,Customer 1895,Pune,Pune-Area-1
C1896,Customer 1896,Hubballi,Hubballi-Area-6
C1897,Customer 1897,Hubballi,Hubballi-Area-9
C1898,Customer 1898,Mangaluru,Mangaluru-Area-8
C1899,Customer 1899,Bengaluru,Bengaluru-Area-5
C1900,Customer 1900,Hyderabad,Hyderabad-Area-6
C1901,Customer 1901,Hubballi,Hubballi-Area-2
C1902,Customer 1902,Mysuru,Mysuru-Area-3
C1903,Customer 1903,Hubballi,Hubballi-Area-9
C1904,Customer 1904,Bengaluru,Bengaluru-Area-11
C1905,Customer 1905,Mysuru,Mysuru-Area-4
C1906,Customer 1906,Hyderabad,Hyderabad-Area-11
C1907,Customer 1907,Hosur,Hosur-Area-2
C1908,Customer 1908,Hyderabad,Hyderabad-Area-9
C1909,Customer 1909,Hosur,Hosur-Area-11
C1910,Customer 1910,Mysuru,Mysuru-Area-12
C1911,Customer 1911,Chennai,Chennai-Area-1
C1912,Customer 1912,Mangaluru,Mangaluru-Area-12
C1913,Customer 1913,Tumakuru,Tumakuru-Area-1
C1914,Customer 1914,Mysuru,Mysuru-Area-2
C1915,Customer 1915,Bengaluru,Bengaluru-Area-3
C1916,Customer 1916,Pune,Pune-Area-9
C1917,Customer 1917,Mysuru,Mysuru-Area-10
C1918,Customer 1918,Hyderabad,Hyderabad-Area-5
C1919,Customer 1919,Hosur,Hosur-Area-7
C1920,Customer 1920,Mangaluru,Mangaluru-Area-11
C1921,Customer 1921,Hosur,Hosur-Area-7
C1922,Customer 1922,Tumakuru,Tumakuru-Area-1
C1923,Customer 1923,Hosur,Hosur-Area-11
C1924,Customer 1924,Mysuru,Mysuru-Area-9
C1925,Customer 1925,Bengaluru,Bengaluru-Area-11
C1926,Customer 1926,Coimbatore,Coimbatore-Area-2
C1927,Customer 1927,Coimbatore,Coimbatore-Area-1
C1928,Customer 1928,Mysuru,Mysuru-Area-6
C1929,Customer 1929,Hubballi,Hubballi-Area-2
C1930,Customer 1930,Pune,Pune-Area-11
C1931,Customer 1931,Pune,Pune-Area-10
C1932,Customer 1932,Mysuru,Mysuru-Area-5
C1933,Customer 1933,Mangaluru,Mangaluru-Area-7
C1934,Customer 1934,Hosur,Hosur-Area-11
C1935,Customer 1935,Bengaluru,Bengaluru-Area-8
C1936,Customer 1936,Chennai,Chennai-Area-9
C1937,Customer 1937,Hyderabad,Hyderabad-Area-3
C1938,Customer 1938,Hosur,Hosur-Area-9
C1939,Customer 1939,Pune,Pune-Area-11
C1940,Customer 1940,Chennai,Chennai-Area-5
C1941,Customer 1941,Tumakuru,Tumakuru-Area-1
C1942,Customer 1942,Hubballi,Hubballi-Area-9
C1943,Customer 1943,Chennai,Chennai-Area-2
C1944,Customer 1944,Bengaluru,Bengaluru-Area-1
C1945,Customer 1945,Coimbatore,Coimbatore-Area-10
C1946,Customer 1946,Hosur,Hosur-Area-9
C1947,Customer 1947,Hubballi,Hubballi-Area-2
C1948,Customer 1948,Pune,Pune-Area-4
C1949,Customer 1949,Tumakuru,Tumakuru-Area-4
C1950,Customer 1950,Hosur,Hosur-Area-11
C1951,Customer 1951,Hubballi,Hubballi-Area-3
C1952,Customer 1952,Chennai,Chennai-Area-3
C1953,Customer 1953,Hyderabad,Hyderabad-Area-10
C1954,Customer 1954,Pune,Pune-Area-4
C1955,Customer 1955,Mysuru,Mysuru-Area-3
C1956,Customer 1956,Coimbatore,Coimbatore-Area-1
C1957,Customer 1957,Hubballi,Hubballi-Area-8
C1958,Customer 1958,Hubballi,Hubballi-Area-2
C1959,Customer 1959,Pune,Pune-Area-11
C1960,Customer 1960,Mysuru,Mysuru-Area-5
C1961,Customer 1961,Mysuru,Mysuru-Area-4
C1962,Customer 1962,Coimbatore,Coimbatore-Area-8
C1963,Customer 1963,Tumakuru,Tumakuru-Area-6
C1964,Customer 1964,Chennai,Chennai-Area-11
C1965,Customer 1965,Hyderabad,Hyderabad-Area-2
C1966,Customer 1966,Pune,Pune-Area-10
C1967,Customer 1967,Mysuru,Mysuru-Area-4
C1968,Customer 1968,Tumakuru,Tumakuru-Area-8
C1969,Customer 1969,Mangaluru,Mangaluru-Area-6
C1970,Customer 1970,Coimbatore,Coimbatore-Area-11
C1971,Customer 1971,Pune,Pune-Area-12
C1972,Customer 1972,Coimbatore,Coimbatore-Area-3
C1973,Customer 1973,Coimbatore,Coimbatore-Area-10
C1974,Customer 1974,Tumakuru,Tumakuru-Area-6
C1975,Customer 1975,Hosur,Hosur-Area-3
C1976,Customer 1976,Bengaluru,Bengaluru-Area-6
C1977,Customer 1977,Hyderabad,Hyderabad-Area-4
C1978,Customer 1978,Hosur,Hosur-Area-5
C1979,Customer 1979,Tumakuru,Tumakuru-Area-3
C1980,Customer 1980,Tumakuru,Tumakuru-Area-8
C1981,Customer 1981,Mangaluru,Mangaluru-Area-8
C1982,Customer 1982,Tumakuru,Tumakuru-Area-5
C1983,Customer 1983,Mangaluru,Mangaluru-Area-9
C1984,Customer 1984,Mysuru,Mysuru-Area-3
C1985,Customer 1985,Coimbatore,Coimbatore-Area-2
C1986,Customer 1986,Pune,Pune-Area-3
C1987,Customer 1987,Hubballi,Hubballi-Area-4
C1988,Customer 1988,Pune,Pune-Area-12
C1989,Customer 1989,Mysuru,Mysuru-Area-12
C1990,Customer 1990,Mysuru,Mysuru-Area-1
C1991,Customer 1991,Hubballi,Hubballi-Area-11
C1992,Customer 1992,Bengaluru,Bengaluru-Area-10
C1993,Customer 1993,Coimbatore,Coimbatore-Area-7
C1994,Customer 1994,Coimbatore,Coimbatore-Area-4
C1995,Customer 1995,Bengaluru,Bengaluru-Area-9
C1996,Customer 1996,Pune,Pune-Area-9
C1997,Customer 1997,Hubballi,Hubballi-Area-8
C1998,Customer 1998,Chennai,Chennai-Area-6
C1999,Customer 1999,Hosur,Hosur-Area-4
C2000,Customer 2000,Coimbatore,Coimbatore-Area-12
C2001,Customer 2001,Pune,Pune-Area-3
C2002,Customer 2002,Mangaluru,Mangaluru-Area-9
C2003,Customer 2003,Hubballi,Hubballi-Area-2
C2004,Customer 2004,Hosur,Hosur-Area-6
C2005,Customer 2005,Hubballi,Hubballi-Area-1
C2006,Customer 2006,Hyderabad,Hyderabad-Area-10
C2007,Customer 2007,Chennai,Chennai-Area-9
C2008,Customer 2008,Chennai,Chennai-Area-8
C2009,Customer 2009,Chennai,Chennai-Area-3
C2010,Customer 2010,Coimbatore,Coimbatore-Area-10
C2011,Customer 2011,Chennai,Chennai-Area-12
C2012,Customer 2012,Mangaluru,Mangaluru-Area-6
C2013,Customer 2013,Bengaluru,Bengaluru-Area-4
C2014,Customer 2014,Mangaluru,Mangaluru-Area-4
C2015,Customer 2015,Mysuru,Mysuru-Area-5
C2016,Customer 2016,Tumakuru,Tumakuru-Area-4
C2017,Customer 2017,Bengaluru,Bengaluru-Area-11
C2018,Customer 2018,Hyderabad,Hyderabad-Area-9
C2019,Customer 2019,Tumakuru,Tumakuru-Area-7
C2020,Customer 2020,Mangaluru,Mangaluru-Area-8
C2021,Customer 2021,Bengaluru,Bengaluru-Area-1
C2022,Customer 2022,Tumakuru,Tumakuru-Area-2
C2023,Customer 2023,Hubballi,Hubballi-Area-11
C2024,Customer 2024,Pune,Pune-Area-12
C2025,Customer 2025,Pune,Pune-Area-10
C2026,Customer 2026,Hubballi,Hubballi-Area-10
C2027,Customer 2027,Chennai,Chennai-Area-7
C2028,Customer 2028,Hosur,Hosur-Area-6
C2029,Customer 2029,Coimbatore,Coimbatore-Area-11
C2030,Customer 2030,Mysuru,Mysuru-Area-9
C2031,Customer 2031,Pune,Pune-Area-7
C2032,Customer 2032,Hyderabad,Hyderabad-Area-9
C2033,Customer 2033,Hosur,Hosur-Area-6
C2034,Customer 2034,Tumakuru,Tumakuru-Area-8
C2035,Customer 2035,Mangaluru,Mangaluru-Area-10
C2036,Customer 2036,Bengaluru,Bengaluru-Area-9
C2037,Customer 2037,Chennai,Chennai-Area-8
C2038,Customer 2038,Chennai,Chennai-Area-4
C2039,Customer 2039,Mysuru,Mysuru-Area-9
C2040,Customer 2040,Pune,Pune-Area-4
C2041,Customer 2041,Chennai,Chennai-Area-3
C2042,Customer 2042,Chennai,Chennai-Area-6
C2043,Customer 2043,Coimbatore,Coimbatore-Area-12
C2044,Customer 2044,Mysuru,Mysuru-Area-11
C2045,Customer 2045,Hyderabad,Hyderabad-Area-7
C2046,Customer 2046,Tumakuru,Tumakuru-Area-12
C2047,Customer 2047,Mysuru,Mysuru-Area-8
C2048,Customer 2048,Mangaluru,Mangaluru-Area-8
C2049,Customer 2049,Hyderabad,Hyderabad-Area-10
C2050,Customer 2050,Chennai,Chennai-Area-11
C2051,Customer 2051,Hosur,Hosur-Area-1
C2052,Customer 2052,Hyderabad,Hyderabad-Area-1
C2053,Customer 2053,Chennai,Chennai-Area-10
C2054,Customer 2054,Coimbatore,Coimbatore-Area-3
C2055,Customer 2055,Chennai,Chennai-Area-11
C2056,Customer 2056,Hubballi,Hubballi-Area-1
C2057,Customer 2057,Coimbatore,Coimbatore-Area-3
C2058,Customer 2058,Bengaluru,Bengaluru-Area-3
C2059,Customer 2059,Pune,Pune-Area-3
C2060,Customer 2060,Hubballi,Hubballi-Area-7
C2061,Customer 2061,Coimbatore,Coimbatore-Area-10
C2062,Customer 2062,Bengaluru,Bengaluru-Area-12
C2063,Customer 2063,Pune,Pune-Area-2
C2064,Customer 2064,Hyderabad,Hyderabad-Area-8
C2065,Customer 2065,Coimbatore,Coimbatore-Area-8
C2066,Customer 2066,Mangaluru,Mangaluru-Area-3
C2067,Customer 2067,Hyderabad,Hyderabad-Area-7
C2068,Customer 2068,Coimbatore,Coimbatore-Area-3
C2069,Customer 2069,Coimbatore,Coimbatore-Area-3
C2070,Customer 2070,Coimbatore,Coimbatore-Area-11
C2071,Customer 2071,Hubballi,Hubballi-Area-5
C2072,Customer 2072,Chennai,Chennai-Area-12
C2073,Customer 2073,Tumakuru,Tumakuru-Area-8
C2074,Customer 2074,Coimbatore,Coimbatore-Area-10
C2075,Customer 2075,Mysuru,Mysuru-Area-4
C2076,Customer 2076,Hosur,Hosur-Area-7
C2077,Customer 2077,Chennai,Chennai-Area-2
C2078,Customer 2078,Bengaluru,Bengaluru-Area-4
C2079,Customer 2079,Hubballi,Hubballi-Area-9
C2080,Customer 2080,Hosur,Hosur-Area-3
C2081,Customer 2081,Coimbatore,Coimbatore-Area-2
C2082,Customer 2082,Chennai,Chennai-Area-8
C2083,Customer 2083,Coimbatore,Coimbatore-Area-10
C2084,Customer 2084,Bengaluru,Bengaluru-Area-9
C2085,Customer 2085,Hubballi,Hubballi-Area-2
C2086,Customer 2086,Mysuru,Mysuru-Area-8
C2087,Customer 2087,Chennai,Chennai-Area-10
C2088,Customer 2088,Hubballi,Hubballi-Area-1
C2089,Customer 2089,Hosur,Hosur-Area-9
C2090,Customer 2090,Hosur,Hosur-Area-6
C2091,Customer 2091,Bengaluru,Bengaluru-Area-12
C2092,Customer 2092,Hubballi,Hubballi-Area-7
C2093,Customer 2093,Hyderabad,Hyderabad-Area-8
C2094,Customer 2094,Hosur,Hosur-Area-6
C2095,Customer 2095,Coimbatore,Coimbatore-Area-12
C2096,Customer 2096,Coimbatore,Coimbatore-Area-2
C2097,Customer 2097,Hosur,Hosur-Area-3
C2098,Customer 2098,Pune,Pune-Area-8
C2099,Customer 2099,Hyderabad,Hyderabad-Area-2
C2100,Customer 2100,Pune,Pune-Area-10
C2101,Customer 2101,Hubballi,Hubballi-Area-7
C2102,Customer 2102,Pune,Pune-Area-4
C2103,Customer 2103,Bengaluru,Bengaluru-Area-12
C2104,Customer 2104,Bengaluru,Bengaluru-Area-10
C2105,Customer 2105,Hubballi,Hubballi-Area-2
C2106,Customer 2106,Hubballi,Hubballi-Area-1
C2107,Customer 2107,Hosur,Hosur-Area-11
C2108,Customer 2108,Hyderabad,Hyderabad-Area-12
C2109,Customer 2109,Tumakuru,Tumakuru-Area-7
C2110,Customer 2110,Tumakuru,Tumakuru-Area-2
C2111,Customer 2111,Chennai,Chennai-Area-7
C2112,Customer 2112,Coimbatore,Coimbatore-Area-5
C2113,Customer 2113,Pune,Pune-Area-9
C2114,Customer 2114,Hosur,Hosur-Area-10
C2115,Customer 2115,Tumakuru,Tumakuru-Area-10
C2116,Customer 2116,Pune,Pune-Area-11
C2117,Customer 2117,Hosur,Hosur-Area-4
C2118,Customer 2118,Hosur,Hosur-Area-9
C2119,Customer 2119,Hubballi,Hubballi-Area-8
C2120,Customer 2120,Chennai,Chennai-Area-6
C2121,Customer 2121,Hubballi,Hubballi-Area-9
C2122,Customer 2122,Mangaluru,Mangaluru-Area-5
C2123,Customer 2123,Pune,Pune-Area-10
C2124,Customer 2124,Tumakuru,Tumakuru-Area-12
C2125,Customer 2125,Hosur,Hosur-Area-12
C2126,Customer 2126,Chennai,Chennai-Area-11
C2127,Customer 2127,Mysuru,Mysuru-Area-12
C2128,Customer 2128,Hyderabad,Hyderabad-Area-8
C2129,Customer 2129,Chennai,Chennai-Area-2
C2130,Customer 2130,Hyderabad,Hyderabad-Area-9
C2131,Customer 2131,Hosur,Hosur-Area-6
C2132,Customer 2132,Hubballi,Hubballi-Area-10
C2133,Customer 2133,Bengaluru,Bengaluru-Area-3
C2134,Customer 2134,Hosur,Hosur-Area-11
C2135,Customer 2135,Bengaluru,Bengaluru-Area-2
C2136,Customer 2136,Chennai,Chennai-Area-8
C2137,Customer 2137,Coimbatore,Coimbatore-Area-7
C2138,Customer 2138,Mysuru,Mysuru-Area-2
C2139,Customer 2139,Pune,Pune-Area-4
C2140,Customer 2140,Tumakuru,Tumakuru-Area-2
C2141,Customer 2141,Coimbatore,Coimbatore-Area-1
C2142,Customer 2142,Hosur,Hosur-Area-7
C2143,Customer 2143,Coimbatore,Coimbatore-Area-11
C2144,Customer 2144,Hubballi,Hubballi-Area-5
C2145,Customer 2145,Coimbatore,Coimbatore-Area-1
C2146,Customer 2146,Chennai,Chennai-Area-11
C2147,Customer 2147,Mangaluru,Mangaluru-Area-8
C2148,Customer 2148,Bengaluru,Bengaluru-Area-4
C2149,Customer 2149,Hubballi,Hubballi-Area-5
C2150,Customer 2150,Hyderabad,Hyderabad-Area-1
C2151,Customer 2151,Coimbatore,Coimbatore-Area-9
C2152,Customer 2152,Hubballi,Hubballi-Area-12
C2153,Customer 2153,Hyderabad,Hyderabad-Area-10
C2154,Customer 2154,Chennai,Chennai-Area-11
C2155,Customer 2155,Bengaluru,Bengaluru-Area-6
C2156,Customer 2156,Hyderabad,Hyderabad-Area-11
C2157,Customer 2157,Bengaluru,Bengaluru-Area-3
C2158,Customer 2158,Mysuru,Mysuru-Area-5
C2159,Customer 2159,Hosur,Hosur-Area-6
C2160,Customer 2160,Hosur,Hosur-Area-7
C2161,Customer 2161,Coimbatore,Coimbatore-Area-4
C2162,Customer 2162,Hubballi,Hubballi-Area-1
C2163,Customer 2163,Mysuru,Mysuru-Area-2
C2164,Customer 2164,Hubballi,Hubballi-Area-5
C2165,Customer 2165,Hubballi,Hubballi-Area-10
C2166,Customer 2166,Tumakuru,Tumakuru-Area-6
C2167,Customer 2167,Pune,Pune-Area-4
C2168,Customer 2168,Coimbatore,Coimbatore-Area-4
C2169,Customer 2169,Mangaluru,Mangaluru-Area-7
C2170,Customer 2170,Coimbatore,Coimbatore-Area-1
C2171,Customer 2171,Pune,Pune-Area-3
C2172,Customer 2172,Hosur,Hosur-Area-9
C2173,Customer 2173,Mysuru,Mysuru-Area-9
C2174,Customer 2174,Mysuru,Mysuru-Area-9
C2175,Customer 2175,Pune,Pune-Area-6
C2176,Customer 2176,Mysuru,Mysuru-Area-9
C2177,Customer 2177,Pune,Pune-Area-9
C2178,Customer 2178,Coimbatore,Coimbatore-Area-5
C2179,Customer 2179,Mangaluru,Mangaluru-Area-7
C2180,Customer 2180,Coimbatore,Coimbatore-Area-8
C2181,Customer 2181,Hyderabad,Hyderabad-Area-6
C2182,Customer 2182,Mangaluru,Mangaluru-Area-11
C2183,Customer 2183,Mangaluru,Mangaluru-Area-10
C2184,Customer 2184,Bengaluru,Bengaluru-Area-8
C2185,Customer 2185,Mysuru,Mysuru-Area-5
C2186,Customer 2186,Mysuru,Mysuru-Area-7
C2187,Customer 2187,Hyderabad,Hyderabad-Area-11
C2188,Customer 2188,Hyderabad,Hyderabad-Area-6
C2189,Customer 2189,Hosur,Hosur-Area-6
C2190,Customer 2190,Hubballi,Hubballi-Area-9
C2191,Customer 2191,Bengaluru,Bengaluru-Area-12
C2192,Customer 2192,Pune,Pune-Area-4
C2193,Customer 2193,Pune,Pune-Area-2
C2194,Customer 2194,Hosur,Hosur-Area-11
C2195,Customer 2195,Tumakuru,Tumakuru-Area-2
C2196,Customer 2196,Hubballi,Hubballi-Area-3
C2197,Customer 2197,Mangaluru,Mangaluru-Area-6
C2198,Customer 2198,Tumakuru,Tumakuru-Area-4
C2199,Customer 2199,Coimbatore,Coimbatore-Area-5
C2200,Customer 2200,Chennai,Chennai-Area-12
C2201,Customer 2201,Hyderabad,Hyderabad-Area-8
C2202,Customer 2202,Hyderabad,Hyderabad-Area-4
C2203,Customer 2203,Hyderabad,Hyderabad-Area-5
C2204,Customer 2204,Hyderabad,Hyderabad-Area-4
C2205,Customer 2205,Hyderabad,Hyderabad-Area-4
C2206,Customer 2206,Coimbatore,Coimbatore-Area-6
C2207,Customer 2207,Chennai,Chennai-Area-2
C2208,Customer 2208,Mysuru,Mysuru-Area-2
C2209,Customer 2209,Mangaluru,Mangaluru-Area-10
C2210,Customer 2210,Bengaluru,Bengaluru-Area-9
C2211,Customer 2211,Bengaluru,Bengaluru-Area-8
C2212,Customer 2212,Tumakuru,Tumakuru-Area-10
C2213,Customer 2213,Tumakuru,Tumakuru-Area-8
C2214,Customer 2214,Coimbatore,Coimbatore-Area-5
C2215,Customer 2215,Mangaluru,Mangaluru-Area-3
C2216,Customer 2216,Hubballi,Hubballi-Area-5
C2217,Customer 2217,Hosur,Hosur-Area-4
C2218,Customer 2218,Coimbatore,Coimbatore-Area-3
C2219,Customer 2219,Bengaluru,Bengaluru-Area-9
C2220,Customer 2220,Hosur,Hosur-Area-8
C2221,Customer 2221,Hubballi,Hubballi-Area-1
C2222,Customer 2222,Hubballi,Hubballi-Area-6
C2223,Customer 2223,Hosur,Hosur-Area-11
C2224,Customer 2224,Chennai,Chennai-Area-8
C2225,Customer 2225,Mysuru,Mysuru-Area-12
C2226,Customer 2226,Hubballi,Hubballi-Area-8
C2227,Customer 2227,Tumakuru,Tumakuru-Area-12
C2228,Customer 2228,Bengaluru,Bengaluru-Area-1
C2229,Customer 2229,Hyderabad,Hyderabad-Area-7
C2230,Customer 2230,Coimbatore,Coimbatore-Area-2
C2231,Customer 2231,Tumakuru,Tumakuru-Area-6
C2232,Customer 2232,Coimbatore,Coimbatore-Area-5
C2233,Customer 2233,Chennai,Chennai-Area-9
C2234,Customer 2234,Pune,Pune-Area-4
C2235,Customer 2235,Pune,Pune-Area-8
C2236,Customer 2236,Coimbatore,Coimbatore-Area-6
C2237,Customer 2237,Tumakuru,Tumakuru-Area-3
C2238,Customer 2238,Mangaluru,Mangaluru-Area-7
C2239,Customer 2239,Hyderabad,Hyderabad-Area-7
C2240,Customer 2240,Tumakuru,Tumakuru-Area-6
C2241,Customer 2241,Hosur,Hosur-Area-5
C2242,Customer 2242,Mangaluru,Mangaluru-Area-3
C2243,Customer 2243,Coimbatore,Coimbatore-Area-3
C2244,Customer 2244,Coimbatore,Coimbatore-Area-11
C2245,Customer 2245,Hyderabad,Hyderabad-Area-2
C2246,Customer 2246,Pune,Pune-Area-4
C2247,Customer 2247,Hubballi,Hubballi-Area-7
C2248,Customer 2248,Hosur,Hosur-Area-4
C2249,Customer 2249,Chennai,Chennai-Area-12
C2250,Customer 2250,Chennai,Chennai-Area-8
C2251,Customer 2251,Bengaluru,Bengaluru-Area-3
C2252,Customer 2252,Hosur,Hosur-Area-8
C2253,Customer 2253,Chennai,Chennai-Area-11
C2254,Customer 2254,Hubballi,Hubballi-Area-9
C2255,Customer 2255,Tumakuru,Tumakuru-Area-8
C2256,Customer 2256,Pune,Pune-Area-5
C2257,Customer 2257,Hubballi,Hubballi-Area-10
C2258,Customer 2258,Bengaluru,Bengaluru-Area-7
C2259,Customer 2259,Mysuru,Mysuru-Area-12
C2260,Customer 2260,Chennai,Chennai-Area-1
C2261,Customer 2261,Hyderabad,Hyderabad-Area-5
C2262,Customer 2262,Mangaluru,Mangaluru-Area-11
C2263,Customer 2263,Mysuru,Mysuru-Area-8
C2264,Customer 2264,Tumakuru,Tumakuru-Area-5
C2265,Customer 2265,Tumakuru,Tumakuru-Area-6
C2266,Customer 2266,Hubballi,Hubballi-Area-9
C2267,Customer 2267,Pune,Pune-Area-6
C2268,Customer 2268,Bengaluru,Bengaluru-Area-7
C2269,Customer 2269,Mysuru,Mysuru-Area-6
C2270,Customer 2270,Coimbatore,Coimbatore-Area-4
C2271,Customer 2271,Coimbatore,Coimbatore-Area-10
C2272,Customer 2272,Hubballi,Hubballi-Area-3
C2273,Customer 2273,Pune,Pune-Area-6
C2274,Customer 2274,Tumakuru,Tumakuru-Area-11
C2275,Customer 2275,Hubballi,Hubballi-Area-8
C2276,Customer 2276,Mangaluru,Mangaluru-Area-2
C2277,Customer 2277,Hosur,Hosur-Area-10
C2278,Customer 2278,Pune,Pune-Area-8
C2279,Customer 2279,Chennai,Chennai-Area-3
C2280,Customer 2280,Tumakuru,Tumakuru-Area-7
C2281,Customer 2281,Coimbatore,Coimbatore-Area-10
C2282,Customer 2282,Hosur,Hosur-Area-2
C2283,Customer 2283,Mysuru,Mysuru-Area-3
C2284,Customer 2284,Tumakuru,Tumakuru-Area-4
C2285,Customer 2285,Tumakuru,Tumakuru-Area-6
C2286,Customer 2286,Pune,Pune-Area-12
C2287,Customer 2287,Pune,Pune-Area-10
C2288,Customer 2288,Hosur,Hosur-Area-5
C2289,Customer 2289,Mangaluru,Mangaluru-Area-6
C2290,Customer 2290,Coimbatore,Coimbatore-Area-9
C2291,Customer 2291,Mangaluru,Mangaluru-Area-7
C2292,Customer 2292,Chennai,Chennai-Area-3
C2293,Customer 2293,Bengaluru,Bengaluru-Area-3
C2294,Customer 2294,Hyderabad,Hyderabad-Area-11
C2295,Customer 2295,Pune,Pune-Area-12
C2296,Customer 2296,Mysuru,Mysuru-Area-4
C2297,Customer 2297,Chennai,Chennai-Area-7
C2298,Customer 2298,Mysuru,Mysuru-Area-2
C2299,Customer 2299,Mysuru,Mysuru-Area-8
C2300,Customer 2300,Hubballi,Hubballi-Area-1
C2301,Customer 2301,Bengaluru,Bengaluru-Area-7
C2302,Customer 2302,Hubballi,Hubballi-Area-2
C2303,Customer 2303,Mysuru,Mysuru-Area-5
C2304,Customer 2304,Coimbatore,Coimbatore-Area-3
C2305,Customer 2305,Mysuru,Mysuru-Area-11
C2306,Customer 2306,Hosur,Hosur-Area-5
C2307,Customer 2307,Hyderabad,Hyderabad-Area-4
C2308,Customer 2308,Pune,Pune-Area-8
C2309,Customer 2309,Chennai,Chennai-Area-3
C2310,Customer 2310,Hubballi,Hubballi-Area-3
C2311,Customer 2311,Bengaluru,Bengaluru-Area-1
C2312,Customer 2312,Tumakuru,Tumakuru-Area-6
C2313,Customer 2313,Mangaluru,Mangaluru-Area-8
C2314,Customer 2314,Hubballi,Hubballi-Area-5
C2315,Customer 2315,Hubballi,Hubballi-Area-8
C2316,Customer 2316,Chennai,Chennai-Area-12
C2317,Customer 2317,Hubballi,Hubballi-Area-3
C2318,Customer 2318,Coimbatore,Coimbatore-Area-10
C2319,Customer 2319,Mangaluru,Mangaluru-Area-11
C2320,Customer 2320,Coimbatore,Coimbatore-Area-7
C2321,Customer 2321,Hubballi,Hubballi-Area-11
C2322,Customer 2322,Hubballi,Hubballi-Area-5
C2323,Customer 2323,Tumakuru,Tumakuru-Area-8
C2324,Customer 2324,Hubballi,Hubballi-Area-4
C2325,Customer 2325,Mysuru,Mysuru-Area-8
C2326,Customer 2326,Pune,Pune-Area-6
C2327,Customer 2327,Hosur,Hosur-Area-5
C2328,Customer 2328,Chennai,Chennai-Area-5
C2329,Customer 2329,Bengaluru,Bengaluru-Area-1
C2330,Customer 2330,Hubballi,Hubballi-Area-3
C2331,Customer 2331,Tumakuru,Tumakuru-Area-5
C2332,Customer 2332,Mangaluru,Mangaluru-Area-9
C2333,Customer 2333,Bengaluru,Bengaluru-Area-12
C2334,Customer 2334,Mangaluru,Mangaluru-Area-8
C2335,Customer 2335,Pune,Pune-Area-1
C2336,Customer 2336,Hosur,Hosur-Area-5
C2337,Customer 2337,Coimbatore,Coimbatore-Area-4
C2338,Customer 2338,Bengaluru,Bengaluru-Area-9
C2339,Customer 2339,Tumakuru,Tumakuru-Area-4
C2340,Customer 2340,Hosur,Hosur-Area-9
C2341,Customer 2341,Hosur,Hosur-Area-7
C2342,Customer 2342,Hyderabad,Hyderabad-Area-3
C2343,Customer 2343,Hosur,Hosur-Area-7
C2344,Customer 2344,Hyderabad,Hyderabad-Area-5
C2345,Customer 2345,Mysuru,Mysuru-Area-7
C2346,Customer 2346,Hyderabad,Hyderabad-Area-9
C2347,Customer 2347,Coimbatore,Coimbatore-Area-12
C2348,Customer 2348,Pune,Pune-Area-5
C2349,Customer 2349,Hubballi,Hubballi-Area-5
C2350,Customer 2350,Hosur,Hosur-Area-4
C2351,Customer 2351,Mysuru,Mysuru-Area-3
C2352,Customer 2352,Chennai,Chennai-Area-5
C2353,Customer 2353,Mysuru,Mysuru-Area-11
C2354,Customer 2354,Mangaluru,Mangaluru-Area-10
C2355,Customer 2355,Mangaluru,Mangaluru-Area-5
C2356,Customer 2356,Coimbatore,Coimbatore-Area-8
C2357,Customer 2357,Hyderabad,Hyderabad-Area-6
C2358,Customer 2358,Bengaluru,Bengaluru-Area-3
C2359,Customer 2359,Bengaluru,Bengaluru-Area-9
C2360,Customer 2360,Bengaluru,Bengaluru-Area-3
C2361,Customer 2361,Mysuru,Mysuru-Area-5
C2362,Customer 2362,Pune,Pune-Area-3
C2363,Customer 2363,Mangaluru,Mangaluru-Area-12
C2364,Customer 2364,Bengaluru,Bengaluru-Area-4
C2365,Customer 2365,Mysuru,Mysuru-Area-3
C2366,Customer 2366,Bengaluru,Bengaluru-Area-8
C2367,Customer 2367,Hyderabad,Hyderabad-Area-6
C2368,Customer 2368,Hosur,Hosur-Area-5
C2369,Customer 2369,Mangaluru,Mangaluru-Area-6
C2370,Customer 2370,Mangaluru,Mangaluru-Area-12
C2371,Customer 2371,Bengaluru,Bengaluru-Area-6
C2372,Customer 2372,Mysuru,Mysuru-Area-3
C2373,Customer 2373,Bengaluru,Bengaluru-Area-5
C2374,Customer 2374,Hosur,Hosur-Area-2
C2375,Customer 2375,Hubballi,Hubballi-Area-8
C2376,Customer 2376,Chennai,Chennai-Area-4
C2377,Customer 2377,Pune,Pune-Area-7
C2378,Customer 2378,Bengaluru,Bengaluru-Area-2
C2379,Customer 2379,Hyderabad,Hyderabad-Area-7
C2380,Customer 2380,Mangaluru,Mangaluru-Area-4
C2381,Customer 2381,Bengaluru,Bengaluru-Area-4
C2382,Customer 2382,Mangaluru,Mangaluru-Area-12
C2383,Customer 2383,Mysuru,Mysuru-Area-9
C2384,Customer 2384,Hyderabad,Hyderabad-Area-8
C2385,Customer 2385,Hosur,Hosur-Area-11
C2386,Customer 2386,Pune,Pune-Area-6
C2387,Customer 2387,Chennai,Chennai-Area-11
C2388,Customer 2388,Bengaluru,Bengaluru-Area-12
C2389,Customer 2389,Hubballi,Hubballi-Area-9
C2390,Customer 2390,Mysuru,Mysuru-Area-5
C2391,Customer 2391,Mangaluru,Mangaluru-Area-11
C2392,Customer 2392,Pune,Pune-Area-4
C2393,Customer 2393,Tumakuru,Tumakuru-Area-1
C2394,Customer 2394,Hyderabad,Hyderabad-Area-2
C2395,Customer 2395,Hyderabad,Hyderabad-Area-11
C2396,Customer 2396,Hosur,Hosur-Area-6
C2397,Customer 2397,Bengaluru,Bengaluru-Area-3
C2398,Customer 2398,Pune,Pune-Area-10
C2399,Customer 2399,Mysuru,Mysuru-Area-7
C2400,Customer 2400,Hyderabad,Hyderabad-Area-1
C2401,Customer 2401,Bengaluru,Bengaluru-Area-10
C2402,Customer 2402,Mangaluru,Mangaluru-Area-12
C2403,Customer 2403,Coimbatore,Coimbatore-Area-3
C2404,Customer 2404,Tumakuru,Tumakuru-Area-2
C2405,Customer 2405,Hyderabad,Hyderabad-Area-3
C2406,Customer 2406,Mangaluru,Mangaluru-Area-2
C2407,Customer 2407,Coimbatore,Coimbatore-Area-6
C2408,Customer 2408,Bengaluru,Bengaluru-Area-1
C2409,Customer 2409,Tumakuru,Tumakuru-Area-11
C2410,Customer 2410,Chennai,Chennai-Area-12
C2411,Customer 2411,Hubballi,Hubballi-Area-2
C2412,Customer 2412,Chennai,Chennai-Area-8
C2413,Customer 2413,Hyderabad,Hyderabad-Area-6
C2414,Customer 2414,Hubballi,Hubballi-Area-11
C2415,Customer 2415,Tumakuru,Tumakuru-Area-8
C2416,Customer 2416,Hyderabad,Hyderabad-Area-1
C2417,Customer 2417,Hosur,Hosur-Area-6
C2418,Customer 2418,Chennai,Chennai-Area-5
C2419,Customer 2419,Bengaluru,Bengaluru-Area-8
C2420,Customer 2420,Mangaluru,Mangaluru-Area-9
C2421,Customer 2421,Pune,Pune-Area-9
C2422,Customer 2422,Mangaluru,Mangaluru-Area-4
C2423,Customer 2423,Coimbatore,Coimbatore-Area-3
C2424,Customer 2424,Hubballi,Hubballi-Area-6
C2425,Customer 2425,Tumakuru,Tumakuru-Area-12
C2426,Customer 2426,Mangaluru,Mangaluru-Area-5
C2427,Customer 2427,Coimbatore,Coimbatore-Area-9
C2428,Customer 2428,Chennai,Chennai-Area-2
C2429,Customer 2429,Hubballi,Hubballi-Area-3
C2430,Customer 2430,Mangaluru,Mangaluru-Area-5
C2431,Customer 2431,Pune,Pune-Area-9
C2432,Customer 2432,Tumakuru,Tumakuru-Area-8
C2433,Customer 2433,Bengaluru,Bengaluru-Area-11
C2434,Customer 2434,Hubballi,Hubballi-Area-7
C2435,Customer 2435,Chennai,Chennai-Area-1
C2436,Customer 2436,Coimbatore,Coimbatore-Area-6
C2437,Customer 2437,Coimbatore,Coimbatore-Area-4
C2438,Customer 2438,Tumakuru,Tumakuru-Area-12
C2439,Customer 2439,Mysuru,Mysuru-Area-11
C2440,Customer 2440,Hubballi,Hubballi-Area-7
C2441,Customer 2441,Hyderabad,Hyderabad-Area-9
C2442,Customer 2442,Mangaluru,Mangaluru-Area-9
C2443,Customer 2443,Chennai,Chennai-Area-10
C2444,Customer 2444,Pune,Pune-Area-6
C2445,Customer 2445,Hosur,Hosur-Area-11
C2446,Customer 2446,Tumakuru,Tumakuru-Area-2
C2447,Customer 2447,Mysuru,Mysuru-Area-9
C2448,Customer 2448,Mysuru,Mysuru-Area-1
C2449,Customer 2449,Chennai,Chennai-Area-3
C2450,Customer 2450,Bengaluru,Bengaluru-Area-4
C2451,Customer 2451,Mysuru,Mysuru-Area-8
C2452,Customer 2452,Hyderabad,Hyderabad-Area-2
C2453,Customer 2453,Bengaluru,Bengaluru-Area-10
C2454,Customer 2454,Hosur,Hosur-Area-11
C2455,Customer 2455,Mangaluru,Mangaluru-Area-9
C2456,Customer 2456,Coimbatore,Coimbatore-Area-12
C2457,Customer 2457,Coimbatore,Coimbatore-Area-5
C2458,Customer 2458,Bengaluru,Bengaluru-Area-6
C2459,Customer 2459,Hyderabad,Hyderabad-Area-10
C2460,Customer 2460,Mysuru,Mysuru-Area-1
C2461,Customer 2461,Hyderabad,Hyderabad-Area-11
C2462,Customer 2462,Mangaluru,Mangaluru-Area-2
C2463,Customer 2463,Mangaluru,Mangaluru-Area-11
C2464,Customer 2464,Bengaluru,Bengaluru-Area-6
C2465,Customer 2465,Hubballi,Hubballi-Area-12
C2466,Customer 2466,Hosur,Hosur-Area-6
C2467,Customer 2467,Bengaluru,Bengaluru-Area-10
C2468,Customer 2468,Pune,Pune-Area-9
C2469,Customer 2469,Bengaluru,Bengaluru-Area-12
C2470,Customer 2470,Mysuru,Mysuru-Area-5
C2471,Customer 2471,Mysuru,Mysuru-Area-4
C2472,Customer 2472,Hubballi,Hubballi-Area-2
C2473,Customer 2473,Mysuru,Mysuru-Area-12
C2474,Customer 2474,Hyderabad,Hyderabad-Area-9
C2475,Customer 2475,Hosur,Hosur-Area-4
C2476,Customer 2476,Hyderabad,Hyderabad-Area-9
C2477,Customer 2477,Hyderabad,Hyderabad-Area-10
C2478,Customer 2478,Chennai,Chennai-Area-9
C2479,Customer 2479,Hubballi,Hubballi-Area-7
C2480,Customer 2480,Mysuru,Mysuru-Area-11
C2481,Customer 2481,Coimbatore,Coimbatore-Area-6
C2482,Customer 2482,Mangaluru,Mangaluru-Area-12
C2483,Customer 2483,Hosur,Hosur-Area-2
C2484,Customer 2484,Chennai,Chennai-Area-3
C2485,Customer 2485,Hubballi,Hubballi-Area-7
C2486,Customer 2486,Hubballi,Hubballi-Area-6
C2487,Customer 2487,Chennai,Chennai-Area-9
C2488,Customer 2488,Coimbatore,Coimbatore-Area-8
C2489,Customer 2489,Tumakuru,Tumakuru-Area-6
C2490,Customer 2490,Hubballi,Hubballi-Area-6
C2491,Customer 2491,Tumakuru,Tumakuru-Area-7
C2492,Customer 2492,Hosur,Hosur-Area-12
C2493,Customer 2493,Tumakuru,Tumakuru-Area-10
C2494,Customer 2494,Hyderabad,Hyderabad-Area-10
C2495,Customer 2495,Hubballi,Hubballi-Area-4
C2496,Customer 2496,Hosur,Hosur-Area-9
C2497,Customer 2497,Pune,Pune-Area-6
C2498,Customer 2498,Mangaluru,Mangaluru-Area-8
C2499,Customer 2499,Hosur,Hosur-Area-1
C2500,Customer 2500,Bengaluru,Bengaluru-Area-5
