order_id,scan_time,status,location,vehicle_id,driver_id
ORD00001,2026-08-02T13:45:00+00:00,delivered,Coimbatore,V039,DRV001
ORD00002,2026-08-03T00:32:00+00:00,delayed,Mysuru,V089,DRV106
ORD00003,2026-09-12T00:00:00+00:00,delivered,Tumakuru,V018,DRV034
ORD00004,2026-08-28T11:07:00+00:00,delivered,Mysuru,V052,DRV073
ORD00005,2026-08-16T23:06:00+00:00,delivered,Mangaluru,V089,DRV090
ORD00006,2026-08-04T12:49:00+00:00,delayed,Coimbatore,V074,DRV049
ORD00007,2026-09-09T18:29:00+00:00,delivered,Hubballi,V016,DRV112
ORD00008,2026-08-06T01:21:00+00:00,delivered,Mangaluru,V006,DRV041
ORD00009,2026-08-21T07:44:00+00:00,delivered,Chennai,V087,DRV094
ORD00010,2026-09-16T00:02:00+00:00,delivered,Hosur,V056,DRV038
ORD00011,2026-08-08T14:53:00+00:00,delivered,Mangaluru,V096,DRV007
ORD00012,2026-09-06T11:01:00+00:00,delivered,Pune,V100,DRV090
ORD00013,2026-08-19T03:10:00+00:00,delivered,Mangaluru,V084,DRV074
ORD00014,2026-08-25T06:55:00+00:00,delayed,Hyderabad,V042,DRV088
ORD00015,2026-09-08T16:10:00+00:00,delivered,Chennai,V025,DRV042
ORD00016,2026-09-01T20:40:00+00:00,in_transit,Mangaluru,V057,DRV080
ORD00017,2026-08-19T05:00:00+00:00,in_transit,Mangaluru,V020,DRV097
ORD00018,2026-08-14T13:32:00+00:00,picked_up,Hosur,V037,DRV002
ORD00019,2026-09-12T23:23:00+00:00,delivered,Hosur,V027,DRV095
ORD00020,2026-09-17T18:37:00+00:00,delayed,Tumakuru,V071,DRV062
ORD00021,2026-09-18T04:24:00+00:00,delivered,Coimbatore,V022,DRV008
ORD00022,2026-08-06T01:56:00+00:00,delivered,Mangaluru,V002,DRV009
ORD00023,2026-08-11T00:21:00+00:00,delivered,Hubballi,V084,DRV050
ORD00024,2026-08-29T19:08:00+00:00,delivered,Hyderabad,V077,DRV069
ORD00025,2026-09-11T21:20:00+00:00,in_transit,Chennai,V092,DRV003
ORD00026,2026-08-31T12:01:00+00:00,delivered,Hubballi,V096,DRV021
ORD00027,2026-08-28T16:04:00+00:00,delivered,Pune,V065,DRV036
ORD00028,2026-09-20T18:13:00+00:00,picked_up,Mysuru,V029,DRV020
ORD00029,2026-08-09T02:10:00+00:00,delayed,Coimbatore,V067,DRV087
ORD00030,2026-08-15T01:50:00+00:00,delivered,Hosur,V040,DRV117
ORD00031,2026-08-13T01:21:00+00:00,delivered,Tumakuru,V018,DRV075
ORD00032,2026-09-17T19:18:00+00:00,picked_up,Hubballi,V056,DRV117
ORD00033,2026-09-20T19:05:00+00:00,delivered,Mysuru,V093,DRV016
ORD00034,2026-08-30T05:57:00+00:00,picked_up,Mysuru,V053,DRV053
ORD00035,2026-08-15T01:30:00+00:00,delayed,Coimbatore,V014,DRV017
ORD00036,2026-08-25T09:16:00+00:00,in_transit,Mangaluru,V079,DRV030
ORD00037,2026-09-02T22:41:00+00:00,delivered,Mysuru,V100,DRV062
ORD00038,2026-08-17T19:52:00+00:00,picked_up,Coimbatore,V063,DRV061
ORD00039,2026-08-04T00:37:00+00:00,delivered,Coimbatore,V002,DRV119
ORD00040,2026-08-19T19:06:00+00:00,delivered,Bengaluru,V057,DRV111
ORD00041,2026-09-09T01:41:00+00:00,delivered,Hosur,V006,DRV078
ORD00042,2026-09-22T05:35:00+00:00,in_transit,Mangaluru,V068,DRV083
ORD00043,2026-08-04T21:19:00+00:00,picked_up,Hosur,V032,DRV067
ORD00044,2026-09-05T10:22:00+00:00,delivered,Mangaluru,V081,DRV007
ORD00045,2026-08-28T20:08:00+00:00,delayed,Coimbatore,V037,DRV060
ORD00046,2026-08-06T03:45:00+00:00,in_transit,Mangaluru,V019,DRV060
ORD00047,2026-08-17T12:33:00+00:00,delayed,Bengaluru,V090,DRV070
ORD00048,2026-09-11T02:04:00+00:00,delivered,Mangaluru,V059,DRV076
ORD00049,2026-08-30T13:03:00+00:00,in_transit,Mysuru,V092,DRV102
ORD00050,2026-09-11T01:16:00+00:00,in_transit,Bengaluru,V011,DRV068
ORD00051,2026-09-04T17:09:00+00:00,delivered,Pune,V022,DRV117
ORD00052,2026-08-17T10:52:00+00:00,delayed,Mysuru,V007,DRV054
ORD00053,2026-08-17T11:10:00+00:00,delivered,Hyderabad,V017,DRV026
ORD00054,2026-09-15T09:26:00+00:00,picked_up,Hosur,V070,DRV104
ORD00055,2026-09-23T19:50:00+00:00,in_transit,Hubballi,V059,DRV053
ORD00056,2026-08-01T15:06:00+00:00,delivered,Coimbatore,V071,DRV036
ORD00057,2026-08-14T17:07:00+00:00,delivered,Coimbatore,V045,DRV005
ORD00058,2026-08-28T05:48:00+00:00,delivered,Mysuru,V012,DRV007
ORD00059,2026-08-27T01:27:00+00:00,in_transit,Coimbatore,V089,DRV090
ORD00060,2026-09-02T22:18:00+00:00,picked_up,Coimbatore,V012,DRV099
ORD00061,2026-08-07T05:17:00+00:00,delayed,Mangaluru,V071,DRV009
ORD00062,2026-08-26T05:01:00+00:00,delivered,Pune,V053,DRV068
ORD00063,2026-08-11T04:15:00+00:00,in_transit,Coimbatore,V081,DRV068
ORD00064,2026-09-08T22:20:00+00:00,in_transit,Hyderabad,V041,DRV034
ORD00065,2026-09-21T06:57:00+00:00,delivered,Mangaluru,V094,DRV081
ORD00066,2026-08-22T08:41:00+00:00,delayed,Mangaluru,V025,DRV001
ORD00067,2026-08-20T00:14:00+00:00,delayed,Pune,V054,DRV053
ORD00068,2026-08-20T08:45:00+00:00,delivered,Mangaluru,V026,DRV089
ORD00069,2026-08-28T11:08:00+00:00,delivered,Hubballi,V042,DRV099
ORD00070,2026-09-06T04:19:00+00:00,delayed,Mangaluru,V079,DRV004
ORD00071,2026-09-13T16:16:00+00:00,picked_up,Mangaluru,V005,DRV083
ORD00072,2026-09-19T01:47:00+00:00,picked_up,Hosur,V060,DRV101
ORD00073,2026-09-21T12:14:00+00:00,delayed,Coimbatore,V041,DRV072
ORD00074,2026-08-31T05:14:00+00:00,delayed,Hosur,V046,DRV009
ORD00075,2026-09-04T05:38:00+00:00,in_transit,Mangaluru,V022,DRV074
ORD00076,2026-08-11T17:54:00+00:00,picked_up,Coimbatore,V097,DRV040
ORD00077,2026-08-08T23:46:00+00:00,delivered,Chennai,V031,DRV048
ORD00078,2026-08-28T13:32:00+00:00,delivered,Pune,V048,DRV101
ORD00079,2026-09-16T03:18:00+00:00,delivered,Mangaluru,V062,DRV116
ORD00080,2026-09-14T01:19:00+00:00,delayed,Mangaluru,V068,DRV040
ORD00081,2026-08-13T02:17:00+00:00,delivered,Chennai,V005,DRV059
ORD00082,2026-08-05T04:30:00+00:00,in_transit,Hubballi,V077,DRV112
ORD00083,2026-08-10T14:28:00+00:00,delivered,Mysuru,V085,DRV096
ORD00084,2026-08-20T06:29:00+00:00,delivered,Hubballi,V025,DRV037
ORD00085,2026-08-25T21:42:00+00:00,delivered,Pune,V036,DRV015
ORD00086,2026-09-01T23:03:00+00:00,delivered,Tumakuru,V035,DRV019
ORD00087,2026-08-29T09:38:00+00:00,in_transit,Hyderabad,V044,DRV070
ORD00088,2026-09-12T21:24:00+00:00,picked_up,Mysuru,V007,DRV014
ORD00089,2026-09-05T21:44:00+00:00,delivered,Mysuru,V077,DRV115
ORD00090,2026-08-29T14:50:00+00:00,delivered,Pune,V026,DRV092
ORD00091,2026-08-13T02:52:00+00:00,delivered,Coimbatore,V090,DRV060
ORD00092,2026-09-12T23:35:00+00:00,delivered,Hubballi,V029,DRV019
ORD00093,2026-08-31T02:29:00+00:00,delayed,Coimbatore,V042,DRV059
ORD00094,2026-08-11T09:54:00+00:00,delivered,Hyderabad,V060,DRV109
ORD00095,2026-09-22T12:28:00+00:00,delivered,Mysuru,V014,DRV052
ORD00096,2026-08-28T17:36:00+00:00,delivered,Hyderabad,V052,DRV076
ORD00097,2026-09-19T23:06:00+00:00,delivered,Hosur,V062,DRV050
ORD00098,2026-09-09T07:39:00+00:00,delayed,Hyderabad,V056,DRV073
ORD00099,2026-09-22T09:26:00+00:00,picked_up,Hyderabad,V015,DRV076
ORD00100,2026-08-10T02:45:00+00:00,picked_up,Mangaluru,V023,DRV040
ORD00101,2026-09-24T07:58:00+00:00,delayed,Chennai,V049,DRV042
ORD00102,2026-08-13T21:26:00+00:00,picked_up,Hubballi,V097,DRV082
ORD00103,2026-09-11T07:32:00+00:00,delivered,Chennai,V050,DRV079
ORD00104,2026-08-29T20:42:00+00:00,delivered,Coimbatore,V087,DRV039
ORD00105,2026-08-01T18:35:00+00:00,in_transit,Coimbatore,V066,DRV052
ORD00106,2026-09-20T00:19:00+00:00,cancelled,Coimbatore,V001,DRV091
ORD00107,2026-08-03T23:42:00+00:00,delivered,Hyderabad,V090,DRV076
ORD00108,2026-09-04T19:03:00+00:00,delivered,Bengaluru,V028,DRV085
ORD00109,2026-09-20T16:07:00+00:00,delivered,Coimbatore,V047,DRV108
ORD00110,2026-08-13T11:16:00+00:00,delivered,Mangaluru,V083,DRV003
ORD00111,2026-08-13T14:05:00+00:00,delivered,Hosur,V083,DRV104
ORD00112,2026-08-17T12:07:00+00:00,delivered,Mysuru,V055,DRV071
ORD00113,2026-08-18T02:28:00+00:00,delivered,Coimbatore,V001,DRV074
ORD00114,2026-09-07T14:39:00+00:00,picked_up,Mangaluru,V074,DRV047
ORD00115,2026-09-03T17:59:00+00:00,delivered,Mangaluru,V062,DRV089
ORD00116,2026-09-12T10:05:00+00:00,delivered,Coimbatore,V067,DRV114
ORD00117,2026-08-08T08:07:00+00:00,in_transit,Hyderabad,V070,DRV103
ORD00118,2026-09-01T11:42:00+00:00,delivered,Coimbatore,V002,DRV061
ORD00119,2026-09-08T13:08:00+00:00,delivered,Hosur,V038,DRV038
ORD00120,2026-09-21T12:39:00+00:00,delivered,Coimbatore,V081,DRV061
ORD00121,2026-08-27T14:22:00+00:00,picked_up,Coimbatore,V080,DRV004
ORD00122,2026-09-16T03:09:00+00:00,delivered,Mangaluru,V036,DRV033
ORD00123,2026-08-02T12:58:00+00:00,delayed,Mysuru,V078,DRV023
ORD00124,2026-09-03T17:38:00+00:00,picked_up,Hosur,V034,DRV101
ORD00125,2026-08-04T04:50:00+00:00,delivered,Pune,V011,DRV019
ORD00126,2026-09-05T02:17:00+00:00,delivered,Chennai,V057,DRV093
ORD00127,2026-08-06T00:25:00+00:00,in_transit,Hubballi,V097,DRV105
ORD00128,2026-09-06T10:38:00+00:00,delivered,Hubballi,V061,DRV096
ORD00129,2026-09-13T07:32:00+00:00,delivered,Hosur,V068,DRV112
ORD00130,2026-09-04T23:22:00+00:00,in_transit,Hosur,V068,DRV088
ORD00131,2026-09-09T09:53:00+00:00,in_transit,Pune,V084,DRV110
ORD00132,2026-08-10T04:02:00+00:00,delivered,Mangaluru,V075,DRV051
ORD00133,2026-09-17T08:15:00+00:00,delivered,Coimbatore,V089,DRV024
ORD00134,2026-08-02T04:19:00+00:00,delivered,Mysuru,V068,DRV014
ORD00135,2026-08-24T03:40:00+00:00,delivered,Hyderabad,V004,DRV080
ORD00136,2026-09-24T16:54:00+00:00,in_transit,Hubballi,V091,DRV016
ORD00137,2026-08-17T23:56:00+00:00,picked_up,Coimbatore,V090,DRV024
ORD00138,2026-09-11T09:04:00+00:00,picked_up,Hyderabad,V036,DRV099
ORD00139,2026-08-07T18:28:00+00:00,delivered,Coimbatore,V008,DRV049
ORD00140,2026-08-25T04:01:00+00:00,delivered,Hubballi,V009,DRV063
ORD00141,2026-08-11T00:58:00+00:00,delivered,Tumakuru,V099,DRV056
ORD00142,2026-08-10T10:07:00+00:00,delivered,Hubballi,V010,DRV074
ORD00143,2026-08-14T15:46:00+00:00,in_transit,Hosur,V001,DRV120
ORD00144,2026-08-31T04:55:00+00:00,picked_up,Chennai,V074,DRV001
ORD00145,2026-09-06T18:42:00+00:00,picked_up,Hosur,V100,DRV104
ORD00146,2026-09-14T00:00:00+00:00,delivered,Hosur,V069,DRV120
ORD00147,2026-08-06T01:35:00+00:00,in_transit,Bengaluru,V083,DRV012
ORD00148,2026-08-27T15:23:00+00:00,in_transit,Hosur,V023,DRV071
ORD00149,2026-08-28T05:56:00+00:00,in_transit,Coimbatore,V014,DRV081
ORD00150,2026-08-18T10:23:00+00:00,delivered,Mangaluru,V025,DRV004
ORD00151,2026-08-06T18:04:00+00:00,delayed,Hosur,V083,DRV040
ORD00152,2026-08-31T23:18:00+00:00,delivered,Tumakuru,V093,DRV006
ORD00153,2026-09-11T18:15:00+00:00,picked_up,Chennai,V069,DRV020
ORD00154,2026-08-14T03:10:00+00:00,delivered,Tumakuru,V003,DRV061
ORD00155,2026-08-02T11:35:00+00:00,delivered,Mangaluru,V007,DRV116
ORD00156,2026-08-16T17:26:00+00:00,picked_up,Mangaluru,V009,DRV105
ORD00157,2026-08-21T04:56:00+00:00,delivered,Coimbatore,V026,DRV055
ORD00158,2026-09-22T15:36:00+00:00,delivered,Pune,V042,DRV108
ORD00159,2026-08-31T16:24:00+00:00,delivered,Pune,V036,DRV019
ORD00160,2026-08-16T06:10:00+00:00,delivered,Pune,V075,DRV006
ORD00161,2026-09-04T06:03:00+00:00,delayed,Mangaluru,V003,DRV113
ORD00162,2026-08-17T11:49:00+00:00,picked_up,Hyderabad,V091,DRV084
ORD00163,2026-08-12T17:02:00+00:00,delivered,Hyderabad,V082,DRV035
ORD00164,2026-08-17T02:51:00+00:00,in_transit,Chennai,V005,DRV077
ORD00165,2026-08-28T11:18:00+00:00,delivered,Coimbatore,V001,DRV072
ORD00166,2026-08-09T21:18:00+00:00,in_transit,Pune,V098,DRV070
ORD00167,2026-08-26T08:25:00+00:00,delivered,Coimbatore,V015,DRV102
ORD00168,2026-08-15T15:07:00+00:00,in_transit,Pune,V006,DRV007
ORD00169,2026-08-23T21:55:00+00:00,delivered,Hosur,V098,DRV059
ORD00170,2026-08-17T01:09:00+00:00,delivered,Pune,V004,DRV063
ORD00171,2026-09-10T14:00:00+00:00,in_transit,Chennai,V042,DRV054
ORD00172,2026-08-30T19:58:00+00:00,delivered,Bengaluru,V031,DRV095
ORD00173,2026-08-07T18:47:00+00:00,delivered,Coimbatore,V063,DRV007
ORD00174,2026-09-11T15:39:00+00:00,delivered,Mangaluru,V048,DRV018
ORD00175,2026-08-25T15:52:00+00:00,delivered,Pune,V017,DRV005
ORD00176,2026-08-11T04:55:00+00:00,picked_up,Coimbatore,V059,DRV054
ORD00177,2026-09-24T23:43:00+00:00,delivered,Mangaluru,V082,DRV079
ORD00178,2026-09-17T14:31:00+00:00,delivered,Chennai,V028,DRV076
ORD00179,2026-09-09T04:29:00+00:00,delayed,Chennai,V032,DRV032
ORD00180,2026-09-23T21:26:00+00:00,picked_up,Coimbatore,V074,DRV115
ORD00181,2026-09-13T00:34:00+00:00,delayed,Mysuru,V065,DRV005
ORD00182,2026-09-11T06:33:00+00:00,delivered,Hyderabad,V011,DRV072
ORD00183,2026-09-02T17:52:00+00:00,delivered,Mangaluru,V083,DRV012
ORD00184,2026-09-11T23:36:00+00:00,picked_up,Coimbatore,V096,DRV075
ORD00185,2026-09-07T03:12:00+00:00,delivered,Coimbatore,V048,DRV081
ORD00186,2026-09-05T04:44:00+00:00,picked_up,Hyderabad,V043,DRV068
ORD00187,2026-09-19T09:46:00+00:00,in_transit,Mangaluru,V027,DRV101
ORD00188,2026-09-03T08:44:00+00:00,picked_up,Coimbatore,V015,DRV050
ORD00189,2026-09-03T08:06:00+00:00,delivered,Mysuru,V083,DRV072
ORD00190,2026-08-22T19:33:00+00:00,delivered,Hosur,V084,DRV062
ORD00191,2026-09-02T03:17:00+00:00,picked_up,Mangaluru,V065,DRV088
ORD00192,2026-09-04T02:45:00+00:00,delivered,Mysuru,V063,DRV065
ORD00193,2026-09-18T13:58:00+00:00,picked_up,Pune,V058,DRV080
ORD00194,2026-08-09T00:27:00+00:00,delivered,Hosur,V023,DRV037
ORD00195,2026-08-11T07:33:00+00:00,in_transit,Coimbatore,V064,DRV020
ORD00196,2026-09-19T12:36:00+00:00,picked_up,Coimbatore,V061,DRV045
ORD00197,2026-08-27T16:39:00+00:00,delivered,Pune,V003,DRV112
ORD00198,2026-09-01T09:04:00+00:00,in_transit,Coimbatore,V042,DRV063
ORD00199,2026-09-21T19:37:00+00:00,delivered,Coimbatore,V040,DRV022
ORD00200,2026-08-27T09:40:00+00:00,delayed,Coimbatore,V007,DRV019
ORD00201,2026-08-15T16:57:00+00:00,delayed,Mangaluru,V037,DRV024
ORD00202,2026-08-11T17:57:00+00:00,delivered,Chennai,V041,DRV074
ORD00203,2026-08-17T20:37:00+00:00,delivered,Coimbatore,V091,DRV005
ORD00204,2026-09-10T20:08:00+00:00,delivered,Coimbatore,V021,DRV069
ORD00205,2026-09-15T11:21:00+00:00,delayed,Bengaluru,V059,DRV119
ORD00206,2026-09-16T09:40:00+00:00,delivered,Tumakuru,V091,DRV038
ORD00207,2026-09-21T11:26:00+00:00,delayed,Mysuru,V057,DRV044
ORD00208,2026-09-20T06:57:00+00:00,delivered,Coimbatore,V004,DRV052
ORD00209,2026-08-30T19:39:00+00:00,delivered,Coimbatore,V083,DRV025
ORD00210,2026-08-03T03:14:00+00:00,delivered,Bengaluru,V058,DRV087
ORD00211,2026-08-29T23:44:00+00:00,in_transit,Tumakuru,V066,DRV008
ORD00212,2026-09-03T18:25:00+00:00,delivered,Mysuru,V002,DRV037
ORD00213,2026-09-21T05:41:00+00:00,delivered,Hosur,V094,DRV114
ORD00214,2026-08-16T03:08:00+00:00,picked_up,Hyderabad,V055,DRV094
ORD00215,2026-08-08T20:55:00+00:00,delivered,Coimbatore,V039,DRV061
ORD00216,2026-09-04T06:42:00+00:00,delivered,Hyderabad,V053,DRV082
ORD00217,2026-09-12T03:25:00+00:00,delayed,Mangaluru,V097,DRV118
ORD00218,2026-08-27T12:52:00+00:00,in_transit,Mangaluru,V006,DRV106
ORD00219,2026-09-12T10:12:00+00:00,delivered,Mangaluru,V001,DRV020
ORD00220,2026-08-12T13:06:00+00:00,in_transit,Hyderabad,V037,DRV054
ORD00221,2026-08-03T19:25:00+00:00,delivered,Hosur,V036,DRV064
ORD00222,2026-09-21T15:01:00+00:00,delivered,Mangaluru,V034,DRV081
ORD00223,2026-09-22T10:14:00+00:00,delivered,Coimbatore,V034,DRV021
ORD00224,2026-09-12T01:48:00+00:00,picked_up,Mysuru,V018,DRV046
ORD00225,2026-09-08T09:17:00+00:00,in_transit,Hubballi,V046,DRV007
ORD00226,2026-09-16T23:31:00+00:00,delivered,Hyderabad,V081,DRV024
ORD00227,2026-08-29T22:11:00+00:00,picked_up,Mangaluru,V088,DRV103
ORD00228,2026-09-18T18:57:00+00:00,in_transit,Hyderabad,V019,DRV002
ORD00229,2026-09-07T16:37:00+00:00,delivered,Tumakuru,V021,DRV014
ORD00230,2026-08-18T07:29:00+00:00,delayed,Coimbatore,V072,DRV079
ORD00231,2026-08-08T02:11:00+00:00,delivered,Hosur,V017,DRV119
ORD00232,2026-09-03T01:50:00+00:00,delivered,Hubballi,V057,DRV114
ORD00233,2026-08-03T17:05:00+00:00,delayed,Coimbatore,V016,DRV029
ORD00234,2026-08-12T10:18:00+00:00,delivered,Hubballi,V011,DRV055
ORD00235,2026-09-09T10:24:00+00:00,delivered,Mangaluru,V014,DRV005
ORD00236,2026-08-24T02:05:00+00:00,delivered,Pune,V039,DRV086
ORD00237,2026-08-19T17:48:00+00:00,in_transit,Mysuru,V026,DRV024
ORD00238,2026-08-26T10:34:00+00:00,picked_up,Mysuru,V045,DRV046
ORD00239,2026-08-07T07:15:00+00:00,delivered,Coimbatore,V075,DRV098
ORD00240,2026-08-16T19:52:00+00:00,picked_up,Hyderabad,V069,DRV001
ORD00241,2026-09-03T11:54:00+00:00,in_transit,Hyderabad,V024,DRV057
ORD00242,2026-09-08T15:49:00+00:00,delivered,Mangaluru,V030,DRV053
ORD00243,2026-08-11T06:04:00+00:00,delivered,Hubballi,V064,DRV098
ORD00244,2026-08-08T17:07:00+00:00,delivered,Mysuru,V015,DRV050
ORD00245,2026-09-10T10:45:00+00:00,delivered,Hubballi,V053,DRV038
ORD00246,2026-09-03T14:45:00+00:00,delivered,Hyderabad,V087,DRV063
ORD00247,2026-08-08T19:27:00+00:00,delivered,Chennai,V051,DRV052
ORD00248,2026-09-03T03:54:00+00:00,cancelled,Mysuru,V044,DRV026
ORD00249,2026-09-08T21:35:00+00:00,delayed,Mangaluru,V036,DRV098
ORD00250,2026-09-02T11:29:00+00:00,delivered,Bengaluru,V078,DRV052
ORD00251,2026-08-10T20:35:00+00:00,delivered,Hosur,V063,DRV064
ORD00252,2026-08-05T23:02:00+00:00,picked_up,Hyderabad,V064,DRV087
ORD00253,2026-08-31T00:12:00+00:00,delivered,Mysuru,V080,DRV080
ORD00254,2026-09-14T23:50:00+00:00,delayed,Chennai,V026,DRV038
ORD00255,2026-09-19T12:58:00+00:00,delivered,Hubballi,V070,DRV070
ORD00256,2026-09-04T22:39:00+00:00,delivered,Pune,V049,DRV057
ORD00257,2026-09-20T20:03:00+00:00,in_transit,Pune,V100,DRV039
ORD00258,2026-08-29T16:31:00+00:00,delayed,Coimbatore,V063,DRV098
ORD00259,2026-09-19T05:59:00+00:00,in_transit,Pune,V061,DRV072
ORD00260,2026-09-15T03:44:00+00:00,in_transit,Hubballi,V049,DRV079
ORD00261,2026-08-03T18:47:00+00:00,in_transit,Coimbatore,V017,DRV108
ORD00262,2026-09-01T04:48:00+00:00,delivered,Mysuru,V055,DRV045
ORD00263,2026-08-23T06:24:00+00:00,delivered,Coimbatore,V083,DRV040
ORD00264,2026-08-11T14:18:00+00:00,delivered,Hubballi,V003,DRV069
ORD00265,2026-09-21T22:16:00+00:00,delivered,Mysuru,V054,DRV035
ORD00266,2026-08-29T23:56:00+00:00,delivered,Pune,V050,DRV042
ORD00267,2026-08-19T23:22:00+00:00,delivered,Hyderabad,V065,DRV104
ORD00268,2026-09-03T04:29:00+00:00,cancelled,Coimbatore,V026,DRV064
ORD00269,2026-08-05T13:06:00+00:00,delivered,Hubballi,V074,DRV052
ORD00270,2026-09-24T00:54:00+00:00,delivered,Hyderabad,V009,DRV073
ORD00271,2026-09-01T18:44:00+00:00,delayed,Coimbatore,V084,DRV106
ORD00272,2026-08-29T17:31:00+00:00,delivered,Tumakuru,V052,DRV033
ORD00273,2026-08-02T18:47:00+00:00,in_transit,Coimbatore,V067,DRV111
ORD00274,2026-08-25T14:05:00+00:00,picked_up,Hubballi,V069,DRV104
ORD00275,2026-09-03T07:36:00+00:00,delivered,Bengaluru,V031,DRV020
ORD00276,2026-08-06T23:15:00+00:00,in_transit,Mysuru,V053,DRV035
ORD00277,2026-08-22T14:15:00+00:00,delivered,Coimbatore,V015,DRV020
ORD00278,2026-09-12T07:39:00+00:00,delivered,Hubballi,V056,DRV055
ORD00279,2026-08-13T15:51:00+00:00,delivered,Mangaluru,V036,DRV085
ORD00280,2026-09-14T10:48:00+00:00,delayed,Mysuru,V008,DRV111
ORD00281,2026-08-06T22:36:00+00:00,picked_up,Coimbatore,V053,DRV115
ORD00282,2026-08-22T16:12:00+00:00,delivered,Coimbatore,V095,DRV065
ORD00283,2026-08-22T21:24:00+00:00,in_transit,Coimbatore,V099,DRV104
ORD00284,2026-08-22T13:33:00+00:00,picked_up,Hosur,V028,DRV019
ORD00285,2026-09-10T01:19:00+00:00,delivered,Coimbatore,V076,DRV008
ORD00286,2026-09-19T19:36:00+00:00,delivered,Mysuru,V088,DRV032
ORD00287,2026-09-03T17:19:00+00:00,picked_up,Hyderabad,V003,DRV083
ORD00288,2026-08-23T00:27:00+00:00,delivered,Coimbatore,V050,DRV040
ORD00289,2026-09-10T07:32:00+00:00,delivered,Chennai,V051,DRV119
ORD00290,2026-08-28T07:32:00+00:00,delivered,Chennai,V021,DRV118
ORD00291,2026-08-04T05:51:00+00:00,delivered,Chennai,V011,DRV106
ORD00292,2026-09-08T15:19:00+00:00,picked_up,Hosur,V013,DRV106
ORD00293,2026-09-02T04:50:00+00:00,delivered,Mysuru,V094,DRV105
ORD00294,2026-08-05T18:09:00+00:00,in_transit,Mysuru,V024,DRV081
ORD00295,2026-08-19T06:44:00+00:00,in_transit,Bengaluru,V041,DRV074
ORD00296,2026-09-17T03:04:00+00:00,delayed,Hosur,V099,DRV107
ORD00297,2026-09-13T15:44:00+00:00,picked_up,Hosur,V018,DRV034
ORD00298,2026-08-08T16:52:00+00:00,delivered,Bengaluru,V024,DRV051
ORD00299,2026-09-20T22:08:00+00:00,in_transit,Pune,V081,DRV030
ORD00300,2026-08-16T10:15:00+00:00,delivered,Hubballi,V080,DRV055
ORD00301,2026-09-03T15:56:00+00:00,delivered,Coimbatore,V073,DRV016
ORD00302,2026-08-11T23:26:00+00:00,delivered,Hosur,V027,DRV025
ORD00303,2026-08-12T22:21:00+00:00,delivered,Mangaluru,V027,DRV077
ORD00304,2026-08-17T12:21:00+00:00,delivered,Coimbatore,V019,DRV004
ORD00305,2026-09-11T01:35:00+00:00,picked_up,Mysuru,V048,DRV075
ORD00306,2026-08-13T06:55:00+00:00,picked_up,Hyderabad,V089,DRV051
ORD00307,2026-08-24T10:04:00+00:00,delivered,Coimbatore,V072,DRV008
ORD00308,2026-09-02T06:21:00+00:00,cancelled,Hyderabad,V086,DRV103
ORD00309,2026-09-16T03:17:00+00:00,in_transit,Mysuru,V039,DRV051
ORD00310,2026-09-23T00:24:00+00:00,delivered,Mysuru,V022,DRV065
ORD00311,2026-08-09T05:09:00+00:00,delivered,Mangaluru,V068,DRV056
ORD00312,2026-08-05T04:28:00+00:00,cancelled,Mysuru,V064,DRV112
ORD00313,2026-08-25T03:03:00+00:00,in_transit,Hyderabad,V098,DRV119
ORD00314,2026-08-29T18:05:00+00:00,delayed,Mangaluru,V063,DRV098
ORD00315,2026-08-14T14:23:00+00:00,delivered,Coimbatore,V024,DRV005
ORD00316,2026-09-09T22:30:00+00:00,delivered,Hubballi,V064,DRV006
ORD00317,2026-09-11T19:17:00+00:00,delivered,Tumakuru,V093,DRV111
ORD00318,2026-08-19T18:11:00+00:00,picked_up,Coimbatore,V024,DRV107
ORD00319,2026-08-20T11:52:00+00:00,in_transit,Coimbatore,V001,DRV068
ORD00320,2026-08-23T12:29:00+00:00,delayed,Hyderabad,V087,DRV013
ORD00321,2026-09-05T21:38:00+00:00,delivered,Pune,V014,DRV108
ORD00322,2026-09-12T02:47:00+00:00,picked_up,Pune,V085,DRV062
ORD00323,2026-08-31T04:49:00+00:00,cancelled,Hyderabad,V084,DRV080
ORD00324,2026-08-20T06:40:00+00:00,picked_up,Mangaluru,V083,DRV037
ORD00325,2026-09-24T23:27:00+00:00,delivered,Pune,V052,DRV033
ORD00326,2026-08-03T02:39:00+00:00,picked_up,Coimbatore,V021,DRV050
ORD00327,2026-08-12T02:50:00+00:00,delivered,Chennai,V056,DRV095
ORD00328,2026-09-03T13:20:00+00:00,delivered,Hyderabad,V063,DRV058
ORD00329,2026-09-24T19:29:00+00:00,delivered,Coimbatore,V097,DRV055
ORD00330,2026-08-09T15:35:00+00:00,delivered,Mysuru,V044,DRV060
ORD00331,2026-09-17T21:03:00+00:00,delivered,Pune,V060,DRV056
ORD00332,2026-08-12T18:00:00+00:00,in_transit,Chennai,V039,DRV108
ORD00333,2026-08-05T12:06:00+00:00,in_transit,Coimbatore,V006,DRV066
ORD00334,2026-09-12T09:33:00+00:00,in_transit,Hyderabad,V073,DRV105
ORD00335,2026-08-08T12:30:00+00:00,delayed,Coimbatore,V003,DRV015
ORD00336,2026-08-05T07:02:00+00:00,delivered,Coimbatore,V091,DRV039
ORD00337,2026-08-25T08:32:00+00:00,delivered,Mysuru,V024,DRV028
ORD00338,2026-08-10T16:42:00+00:00,delivered,Hubballi,V003,DRV001
ORD00339,2026-09-13T13:12:00+00:00,delivered,Mangaluru,V052,DRV112
ORD00340,2026-09-02T21:05:00+00:00,in_transit,Mysuru,V089,DRV087
ORD00341,2026-08-13T07:42:00+00:00,delivered,Mangaluru,V015,DRV105
ORD00342,2026-09-13T20:04:00+00:00,in_transit,Coimbatore,V084,DRV031
ORD00343,2026-09-12T06:00:00+00:00,delivered,Coimbatore,V055,DRV003
ORD00344,2026-09-14T06:26:00+00:00,delivered,Mangaluru,V058,DRV075
ORD00345,2026-09-05T20:18:00+00:00,delivered,Coimbatore,V002,DRV014
ORD00346,2026-09-24T10:05:00+00:00,delayed,Coimbatore,V038,DRV005
ORD00347,2026-09-23T19:59:00+00:00,delayed,Coimbatore,V087,DRV116
ORD00348,2026-08-02T23:23:00+00:00,delivered,Pune,V041,DRV071
ORD00349,2026-09-13T06:04:00+00:00,delivered,Coimbatore,V080,DRV083
ORD00350,2026-08-15T18:44:00+00:00,delivered,Pune,V025,DRV061
ORD00351,2026-08-21T01:23:00+00:00,in_transit,Chennai,V088,DRV044
ORD00352,2026-09-05T14:28:00+00:00,cancelled,Mangaluru,V087,DRV084
ORD00353,2026-08-19T22:27:00+00:00,delivered,Mysuru,V096,DRV012
ORD00354,2026-08-15T08:23:00+00:00,in_transit,Bengaluru,V013,DRV102
ORD00355,2026-08-20T03:11:00+00:00,in_transit,Chennai,V003,DRV046
ORD00356,2026-09-16T01:27:00+00:00,delivered,Pune,V009,DRV044
ORD00357,2026-08-12T00:21:00+00:00,in_transit,Mangaluru,V063,DRV034
ORD00358,2026-08-25T09:05:00+00:00,picked_up,Mangaluru,V089,DRV112
ORD00359,2026-09-11T19:44:00+00:00,cancelled,Mangaluru,V097,DRV015
ORD00360,2026-09-16T05:53:00+00:00,delivered,Mysuru,V081,DRV016
ORD00361,2026-09-10T10:21:00+00:00,delayed,Mangaluru,V064,DRV094
ORD00362,2026-08-31T14:49:00+00:00,picked_up,Hubballi,V016,DRV109
ORD00363,2026-08-23T08:57:00+00:00,picked_up,Hyderabad,V061,DRV044
ORD00364,2026-09-04T02:26:00+00:00,delayed,Mangaluru,V054,DRV047
ORD00365,2026-08-21T23:12:00+00:00,delivered,Coimbatore,V055,DRV053
ORD00366,2026-08-03T18:04:00+00:00,delivered,Hubballi,V099,DRV002
ORD00367,2026-08-29T19:23:00+00:00,delivered,Mangaluru,V099,DRV022
ORD00368,2026-08-14T21:39:00+00:00,picked_up,Tumakuru,V008,DRV081
ORD00369,2026-09-20T09:46:00+00:00,picked_up,Bengaluru,V093,DRV096
ORD00370,2026-09-18T06:47:00+00:00,in_transit,Coimbatore,V019,DRV090
ORD00371,2026-09-19T19:10:00+00:00,in_transit,Coimbatore,V080,DRV084
ORD00372,2026-08-19T02:38:00+00:00,picked_up,Bengaluru,V011,DRV005
ORD00373,2026-09-17T13:45:00+00:00,cancelled,Mangaluru,V037,DRV028
ORD00374,2026-08-15T16:30:00+00:00,delivered,Mangaluru,V070,DRV076
ORD00375,2026-09-16T05:28:00+00:00,delivered,Mysuru,V008,DRV108
ORD00376,2026-09-02T09:13:00+00:00,delivered,Chennai,V097,DRV084
ORD00377,2026-08-01T14:42:00+00:00,delivered,Hosur,V031,DRV104
ORD00378,2026-08-27T02:20:00+00:00,in_transit,Coimbatore,V092,DRV074
ORD00379,2026-08-10T15:02:00+00:00,delivered,Hosur,V075,DRV025
ORD00380,2026-09-08T19:22:00+00:00,picked_up,Mysuru,V011,DRV012
ORD00381,2026-08-20T18:33:00+00:00,delivered,Hyderabad,V048,DRV087
ORD00382,2026-09-17T09:44:00+00:00,delayed,Mangaluru,V034,DRV075
ORD00383,2026-09-08T03:00:00+00:00,picked_up,Tumakuru,V019,DRV065
ORD00384,2026-09-16T21:26:00+00:00,picked_up,Mangaluru,V016,DRV089
ORD00385,2026-08-15T07:53:00+00:00,picked_up,Tumakuru,V048,DRV118
ORD00386,2026-09-03T18:52:00+00:00,in_transit,Pune,V006,DRV067
ORD00387,2026-09-04T07:22:00+00:00,delivered,Hubballi,V063,DRV004
ORD00388,2026-08-05T12:09:00+00:00,picked_up,Coimbatore,V040,DRV114
ORD00389,2026-08-01T08:59:00+00:00,delivered,Tumakuru,V045,DRV009
ORD00390,2026-08-29T10:03:00+00:00,in_transit,Hosur,V044,DRV101
ORD00391,2026-08-13T16:12:00+00:00,delivered,Mangaluru,V059,DRV098
ORD00392,2026-08-09T05:25:00+00:00,delayed,Mangaluru,V086,DRV080
ORD00393,2026-09-01T02:23:00+00:00,delivered,Coimbatore,V086,DRV114
ORD00394,2026-08-16T07:36:00+00:00,delayed,Coimbatore,V074,DRV081
ORD00395,2026-08-08T23:12:00+00:00,delivered,Mangaluru,V080,DRV070
ORD00396,2026-08-18T11:41:00+00:00,delayed,Chennai,V065,DRV115
ORD00397,2026-08-17T13:55:00+00:00,cancelled,Pune,V036,DRV101
ORD00398,2026-08-08T21:25:00+00:00,picked_up,Mangaluru,V078,DRV042
ORD00399,2026-09-01T02:13:00+00:00,delivered,Pune,V054,DRV004
ORD00400,2026-08-09T08:23:00+00:00,delivered,Mysuru,V013,DRV070
ORD00401,2026-08-24T07:06:00+00:00,delayed,Coimbatore,V020,DRV040
ORD00402,2026-08-30T15:46:00+00:00,delivered,Mangaluru,V092,DRV008
ORD00403,2026-08-13T23:58:00+00:00,delivered,Mysuru,V042,DRV034
ORD00404,2026-08-22T20:45:00+00:00,delayed,Bengaluru,V076,DRV031
ORD00405,2026-08-06T13:01:00+00:00,delivered,Mangaluru,V071,DRV053
ORD00406,2026-08-22T09:02:00+00:00,picked_up,Chennai,V003,DRV035
ORD00407,2026-08-12T11:50:00+00:00,delivered,Mangaluru,V053,DRV058
ORD00408,2026-09-19T05:17:00+00:00,cancelled,Coimbatore,V032,DRV069
ORD00409,2026-09-12T07:52:00+00:00,cancelled,Hyderabad,V080,DRV038
ORD00410,2026-08-26T02:21:00+00:00,in_transit,Mangaluru,V088,DRV049
ORD00411,2026-08-26T17:25:00+00:00,delivered,Coimbatore,V095,DRV069
ORD00412,2026-09-06T03:34:00+00:00,in_transit,Coimbatore,V018,DRV093
ORD00413,2026-09-16T02:58:00+00:00,cancelled,Coimbatore,V041,DRV114
ORD00414,2026-08-23T14:40:00+00:00,in_transit,Mangaluru,V042,DRV044
ORD00415,2026-08-02T11:02:00+00:00,picked_up,Hosur,V018,DRV083
ORD00416,2026-08-17T00:00:00+00:00,delivered,Chennai,V090,DRV091
ORD00417,2026-08-08T04:53:00+00:00,delivered,Pune,V086,DRV057
ORD00418,2026-09-02T18:15:00+00:00,delivered,Coimbatore,V099,DRV104
ORD00419,2026-08-18T16:58:00+00:00,delivered,Coimbatore,V029,DRV096
ORD00420,2026-08-09T09:04:00+00:00,picked_up,Coimbatore,V081,DRV039
ORD00421,2026-08-04T08:45:00+00:00,delivered,Hubballi,V091,DRV091
ORD00422,2026-09-06T03:02:00+00:00,delivered,Bengaluru,V036,DRV073
ORD00423,2026-08-18T16:10:00+00:00,in_transit,Pune,V073,DRV087
ORD00424,2026-08-12T20:56:00+00:00,delayed,Hyderabad,V017,DRV034
ORD00425,2026-08-18T16:12:00+00:00,picked_up,Coimbatore,V003,DRV089
ORD00426,2026-08-01T08:17:00+00:00,picked_up,Hosur,V083,DRV087
ORD00427,2026-08-26T03:22:00+00:00,delivered,Chennai,V067,DRV060
ORD00428,2026-08-21T10:53:00+00:00,delivered,Mysuru,V054,DRV069
ORD00429,2026-08-18T21:03:00+00:00,delivered,Coimbatore,V074,DRV104
ORD00430,2026-08-23T18:39:00+00:00,delivered,Hyderabad,V043,DRV040
ORD00431,2026-09-09T10:02:00+00:00,picked_up,Mangaluru,V076,DRV103
ORD00432,2026-09-13T07:18:00+00:00,delivered,Chennai,V044,DRV107
ORD00433,2026-08-07T20:32:00+00:00,delayed,Chennai,V080,DRV057
ORD00434,2026-08-08T20:16:00+00:00,cancelled,Pune,V005,DRV049
ORD00435,2026-09-10T06:35:00+00:00,delivered,Coimbatore,V079,DRV081
ORD00436,2026-09-21T00:02:00+00:00,delivered,Coimbatore,V049,DRV052
ORD00437,2026-08-02T02:23:00+00:00,delivered,Coimbatore,V060,DRV102
ORD00438,2026-09-11T08:22:00+00:00,delivered,Mysuru,V076,DRV025
ORD00439,2026-08-07T09:19:00+00:00,in_transit,Coimbatore,V025,DRV116
ORD00440,2026-08-24T10:15:00+00:00,delivered,Coimbatore,V062,DRV093
ORD00441,2026-08-05T03:15:00+00:00,delivered,Coimbatore,V040,DRV075
ORD00442,2026-09-19T08:57:00+00:00,delayed,Coimbatore,V019,DRV061
ORD00443,2026-08-01T20:00:00+00:00,delivered,Coimbatore,V085,DRV087
ORD00444,2026-09-21T03:55:00+00:00,picked_up,Chennai,V055,DRV045
ORD00445,2026-08-07T10:41:00+00:00,delivered,Bengaluru,V086,DRV061
ORD00446,2026-08-31T17:27:00+00:00,in_transit,Coimbatore,V054,DRV043
ORD00447,2026-09-15T07:40:00+00:00,delivered,Mysuru,V001,DRV082
ORD00448,2026-08-20T11:41:00+00:00,delivered,Mysuru,V095,DRV099
ORD00449,2026-08-17T21:52:00+00:00,picked_up,Bengaluru,V001,DRV047
ORD00450,2026-09-20T12:26:00+00:00,delivered,Mysuru,V038,DRV057
ORD00451,2026-08-19T06:12:00+00:00,delivered,Mysuru,V023,DRV029
ORD00452,2026-08-23T09:49:00+00:00,delivered,Pune,V003,DRV023
ORD00453,2026-09-04T15:59:00+00:00,in_transit,Coimbatore,V015,DRV044
ORD00454,2026-09-03T16:22:00+00:00,picked_up,Chennai,V085,DRV022
ORD00455,2026-08-14T08:23:00+00:00,picked_up,Pune,V017,DRV102
ORD00456,2026-09-04T07:09:00+00:00,delivered,Mangaluru,V055,DRV082
ORD00457,2026-08-18T07:31:00+00:00,picked_up,Hyderabad,V038,DRV102
ORD00458,2026-08-26T12:50:00+00:00,picked_up,Coimbatore,V066,DRV075
ORD00459,2026-08-07T02:18:00+00:00,delivered,Hyderabad,V050,DRV097
ORD00460,2026-09-12T10:45:00+00:00,delivered,Chennai,V092,DRV048
ORD00461,2026-08-25T12:17:00+00:00,in_transit,Hyderabad,V082,DRV118
ORD00462,2026-08-19T15:24:00+00:00,delivered,Coimbatore,V031,DRV051
ORD00463,2026-09-22T01:38:00+00:00,delivered,Mangaluru,V048,DRV033
ORD00464,2026-08-28T00:50:00+00:00,delivered,Pune,V046,DRV030
ORD00465,2026-08-31T19:23:00+00:00,delivered,Coimbatore,V060,DRV056
ORD00466,2026-08-26T02:15:00+00:00,delivered,Mysuru,V023,DRV057
ORD00467,2026-09-02T19:08:00+00:00,picked_up,Hyderabad,V038,DRV108
ORD00468,2026-08-10T02:08:00+00:00,delivered,Mangaluru,V047,DRV005
ORD00469,2026-08-31T04:43:00+00:00,delivered,Bengaluru,V096,DRV105
ORD00470,2026-09-19T13:45:00+00:00,picked_up,Coimbatore,V002,DRV099
ORD00471,2026-09-07T04:17:00+00:00,picked_up,Bengaluru,V097,DRV084
ORD00472,2026-08-14T16:25:00+00:00,picked_up,Coimbatore,V030,DRV030
ORD00473,2026-09-23T11:22:00+00:00,delayed,Chennai,V097,DRV060
ORD00474,2026-08-18T06:31:00+00:00,delivered,Mysuru,V090,DRV054
ORD00475,2026-08-03T18:09:00+00:00,delivered,Mangaluru,V074,DRV112
ORD00476,2026-09-02T09:52:00+00:00,delivered,Hosur,V054,DRV055
ORD00477,2026-08-03T05:55:00+00:00,in_transit,Hyderabad,V005,DRV119
ORD00478,2026-09-24T23:20:00+00:00,picked_up,Coimbatore,V074,DRV111
ORD00479,2026-08-07T00:21:00+00:00,delivered,Coimbatore,V025,DRV061
ORD00480,2026-08-28T18:06:00+00:00,delivered,Hosur,V014,DRV087
ORD00481,2026-09-14T13:28:00+00:00,delivered,Mysuru,V026,DRV009
ORD00482,2026-08-27T16:40:00+00:00,in_transit,Mangaluru,V009,DRV059
ORD00483,2026-08-16T16:47:00+00:00,delivered,Chennai,V053,DRV051
ORD00484,2026-09-08T04:07:00+00:00,delivered,Pune,V009,DRV050
ORD00485,2026-09-09T13:29:00+00:00,picked_up,Hubballi,V086,DRV061
ORD00486,2026-09-15T19:13:00+00:00,delayed,Bengaluru,V059,DRV036
ORD00487,2026-08-07T00:55:00+00:00,picked_up,Hosur,V078,DRV104
ORD00488,2026-09-12T03:09:00+00:00,delivered,Tumakuru,V006,DRV095
ORD00489,2026-09-01T19:06:00+00:00,delayed,Hosur,V092,DRV102
ORD00490,2026-09-07T22:17:00+00:00,delivered,Pune,V080,DRV094
ORD00491,2026-09-21T20:49:00+00:00,delivered,Coimbatore,V090,DRV006
ORD00492,2026-08-27T17:28:00+00:00,in_transit,Pune,V009,DRV090
ORD00493,2026-08-12T04:38:00+00:00,cancelled,Pune,V010,DRV097
ORD00494,2026-08-16T01:02:00+00:00,delivered,Hosur,V065,DRV006
ORD00495,2026-09-04T17:17:00+00:00,delivered,Hubballi,V052,DRV110
ORD00496,2026-08-23T23:43:00+00:00,delivered,Chennai,V018,DRV042
ORD00497,2026-08-08T16:40:00+00:00,delivered,Mysuru,V032,DRV092
ORD00498,2026-08-15T19:20:00+00:00,delivered,Coimbatore,V003,DRV078
ORD00499,2026-09-18T17:36:00+00:00,delayed,Pune,V022,DRV010
ORD00500,2026-09-02T18:21:00+00:00,delivered,Mangaluru,V092,DRV005
ORD00501,2026-09-17T17:11:00+00:00,in_transit,Coimbatore,V092,DRV085
ORD00502,2026-08-05T20:57:00+00:00,in_transit,Mangaluru,V007,DRV099
ORD00503,2026-08-22T20:17:00+00:00,delivered,Coimbatore,V003,DRV054
ORD00504,2026-08-06T18:42:00+00:00,delivered,Coimbatore,V013,DRV103
ORD00505,2026-09-16T21:13:00+00:00,delivered,Coimbatore,V042,DRV042
ORD00506,2026-09-19T08:36:00+00:00,delivered,Coimbatore,V055,DRV016
ORD00507,2026-08-30T14:03:00+00:00,delivered,Pune,V052,DRV084
ORD00508,2026-09-11T18:54:00+00:00,delivered,Hubballi,V085,DRV105
ORD00509,2026-08-21T02:21:00+00:00,delivered,Mysuru,V099,DRV077
ORD00510,2026-08-16T16:01:00+00:00,delivered,Coimbatore,V013,DRV077
ORD00511,2026-08-17T02:11:00+00:00,in_transit,Hosur,V089,DRV041
ORD00512,2026-09-23T08:20:00+00:00,delivered,Pune,V066,DRV082
ORD00513,2026-08-12T07:50:00+00:00,delivered,Pune,V095,DRV055
ORD00514,2026-09-04T07:57:00+00:00,delivered,Coimbatore,V026,DRV020
ORD00515,2026-08-22T18:45:00+00:00,picked_up,Tumakuru,V077,DRV057
ORD00516,2026-08-04T16:48:00+00:00,delivered,Mysuru,V054,DRV083
ORD00517,2026-09-01T10:13:00+00:00,delivered,Hosur,V070,DRV007
ORD00518,2026-09-17T15:41:00+00:00,delivered,Mangaluru,V057,DRV081
ORD00519,2026-08-18T14:14:00+00:00,delivered,Mysuru,V019,DRV027
ORD00520,2026-09-20T02:56:00+00:00,picked_up,Hyderabad,V027,DRV031
ORD00521,2026-08-29T13:54:00+00:00,delivered,Hubballi,V026,DRV032
ORD00522,2026-08-28T18:34:00+00:00,delivered,Hosur,V058,DRV082
ORD00523,2026-09-02T22:09:00+00:00,delivered,Pune,V022,DRV061
ORD00524,2026-09-09T11:52:00+00:00,delayed,Mangaluru,V062,DRV003
ORD00525,2026-09-24T07:45:00+00:00,delivered,Coimbatore,V071,DRV094
ORD00526,2026-08-28T21:04:00+00:00,delivered,Hubballi,V049,DRV072
ORD00527,2026-08-13T10:57:00+00:00,delayed,Hosur,V026,DRV020
ORD00528,2026-09-04T06:04:00+00:00,delivered,Chennai,V054,DRV051
ORD00529,2026-09-23T18:19:00+00:00,delivered,Hubballi,V005,DRV118
ORD00530,2026-08-18T22:02:00+00:00,delayed,Coimbatore,V033,DRV099
ORD00531,2026-08-06T10:27:00+00:00,in_transit,Coimbatore,V055,DRV095
ORD00532,2026-09-03T03:00:00+00:00,in_transit,Tumakuru,V087,DRV004
ORD00533,2026-08-14T11:14:00+00:00,delivered,Hosur,V078,DRV075
ORD00534,2026-09-05T03:33:00+00:00,delivered,Coimbatore,V076,DRV116
ORD00535,2026-09-09T01:50:00+00:00,delivered,Mangaluru,V039,DRV065
ORD00536,2026-09-07T16:55:00+00:00,delayed,Hubballi,V094,DRV112
ORD00537,2026-09-01T11:17:00+00:00,picked_up,Hosur,V035,DRV096
ORD00538,2026-08-16T12:40:00+00:00,picked_up,Hyderabad,V001,DRV013
ORD00539,2026-08-27T07:21:00+00:00,delayed,Coimbatore,V022,DRV023
ORD00540,2026-09-14T08:37:00+00:00,delivered,Bengaluru,V015,DRV058
ORD00541,2026-08-06T12:55:00+00:00,delayed,Bengaluru,V098,DRV025
ORD00542,2026-08-11T02:05:00+00:00,picked_up,Mysuru,V022,DRV011
ORD00543,2026-08-26T09:03:00+00:00,delivered,Pune,V004,DRV075
ORD00544,2026-08-01T21:55:00+00:00,delivered,Hyderabad,V097,DRV001
ORD00545,2026-09-17T17:31:00+00:00,delayed,Hubballi,V049,DRV078
ORD00546,2026-08-31T18:37:00+00:00,in_transit,Hyderabad,V044,DRV048
ORD00547,2026-09-06T06:49:00+00:00,delivered,Hubballi,V008,DRV046
ORD00548,2026-09-06T18:36:00+00:00,delayed,Hosur,V018,DRV004
ORD00549,2026-08-23T20:54:00+00:00,delivered,Coimbatore,V080,DRV088
ORD00550,2026-08-01T09:56:00+00:00,cancelled,Coimbatore,V042,DRV003
ORD00551,2026-08-22T10:11:00+00:00,in_transit,Mangaluru,V052,DRV095
ORD00552,2026-08-10T08:12:00+00:00,delayed,Hyderabad,V038,DRV078
ORD00553,2026-09-16T03:23:00+00:00,delivered,Hosur,V064,DRV102
ORD00554,2026-08-16T09:31:00+00:00,picked_up,Hubballi,V015,DRV062
ORD00555,2026-08-16T16:20:00+00:00,delayed,Hubballi,V085,DRV090
ORD00556,2026-08-15T16:14:00+00:00,picked_up,Mysuru,V042,DRV116
ORD00557,2026-09-13T09:35:00+00:00,cancelled,Mysuru,V086,DRV016
ORD00558,2026-08-21T14:43:00+00:00,picked_up,Hosur,V099,DRV119
ORD00559,2026-09-04T09:54:00+00:00,picked_up,Mangaluru,V096,DRV095
ORD00560,2026-08-24T19:22:00+00:00,delivered,Coimbatore,V012,DRV015
ORD00561,2026-08-11T18:53:00+00:00,in_transit,Coimbatore,V017,DRV110
ORD00562,2026-08-29T10:00:00+00:00,delivered,Hyderabad,V069,DRV025
ORD00563,2026-08-12T15:37:00+00:00,delivered,Hubballi,V078,DRV076
ORD00564,2026-09-19T04:30:00+00:00,picked_up,Chennai,V041,DRV019
ORD00565,2026-08-14T13:01:00+00:00,in_transit,Hosur,V019,DRV096
ORD00566,2026-08-12T10:15:00+00:00,delivered,Chennai,V091,DRV074
ORD00567,2026-09-04T07:41:00+00:00,delivered,Mangaluru,V043,DRV020
ORD00568,2026-09-14T13:58:00+00:00,delayed,Pune,V039,DRV105
ORD00569,2026-08-31T18:01:00+00:00,delivered,Coimbatore,V061,DRV045
ORD00570,2026-08-26T19:27:00+00:00,delivered,Pune,V025,DRV090
ORD00571,2026-08-30T14:45:00+00:00,delayed,Mangaluru,V075,DRV111
ORD00572,2026-09-22T14:56:00+00:00,delivered,Coimbatore,V090,DRV062
ORD00573,2026-08-18T20:59:00+00:00,delayed,Hubballi,V002,DRV047
ORD00574,2026-09-09T00:24:00+00:00,in_transit,Mangaluru,V022,DRV119
ORD00575,2026-08-17T10:00:00+00:00,picked_up,Hyderabad,V016,DRV066
ORD00576,2026-08-23T12:37:00+00:00,delivered,Bengaluru,V031,DRV051
ORD00577,2026-09-04T09:52:00+00:00,delayed,Pune,V086,DRV085
ORD00578,2026-08-26T02:32:00+00:00,in_transit,Mangaluru,V057,DRV048
ORD00579,2026-08-12T03:08:00+00:00,delivered,Pune,V086,DRV117
ORD00580,2026-09-22T07:17:00+00:00,cancelled,Hyderabad,V062,DRV036
ORD00581,2026-09-09T16:15:00+00:00,delivered,Mangaluru,V017,DRV013
ORD00582,2026-09-06T22:19:00+00:00,picked_up,Coimbatore,V003,DRV051
ORD00583,2026-09-23T07:12:00+00:00,delivered,Chennai,V084,DRV016
ORD00584,2026-08-17T09:44:00+00:00,delivered,Coimbatore,V058,DRV103
ORD00585,2026-09-22T08:54:00+00:00,delivered,Mangaluru,V021,DRV012
ORD00586,2026-08-12T14:22:00+00:00,delivered,Pune,V047,DRV070
ORD00587,2026-08-23T16:01:00+00:00,delivered,Hyderabad,V067,DRV116
ORD00588,2026-09-14T16:33:00+00:00,in_transit,Hosur,V067,DRV117
ORD00589,2026-08-22T19:25:00+00:00,delivered,Mysuru,V019,DRV039
ORD00590,2026-08-20T20:57:00+00:00,in_transit,Pune,V036,DRV017
ORD00591,2026-08-24T19:57:00+00:00,delivered,Mysuru,V021,DRV052
ORD00592,2026-08-14T04:25:00+00:00,delivered,Mysuru,V010,DRV081
ORD00593,2026-09-16T17:15:00+00:00,in_transit,Coimbatore,V054,DRV106
ORD00594,2026-08-03T13:28:00+00:00,cancelled,Mangaluru,V032,DRV010
ORD00595,2026-09-20T01:05:00+00:00,delivered,Bengaluru,V043,DRV082
ORD00596,2026-08-14T11:12:00+00:00,picked_up,Mangaluru,V029,DRV036
ORD00597,2026-09-04T16:29:00+00:00,cancelled,Coimbatore,V016,DRV023
ORD00598,2026-08-09T22:13:00+00:00,delivered,Tumakuru,V090,DRV074
ORD00599,2026-08-05T13:38:00+00:00,delivered,Hyderabad,V097,DRV050
ORD00600,2026-09-24T05:29:00+00:00,picked_up,Pune,V052,DRV062
ORD00601,2026-09-16T23:04:00+00:00,delayed,Chennai,V085,DRV017
ORD00602,2026-08-05T23:43:00+00:00,picked_up,Mangaluru,V082,DRV048
ORD00603,2026-09-10T02:54:00+00:00,cancelled,Coimbatore,V060,DRV065
ORD00604,2026-08-21T20:50:00+00:00,delivered,Chennai,V012,DRV040
ORD00605,2026-08-08T00:35:00+00:00,delayed,Pune,V012,DRV022
ORD00606,2026-09-20T14:59:00+00:00,picked_up,Hyderabad,V002,DRV055
ORD00607,2026-09-17T00:50:00+00:00,in_transit,Hosur,V087,DRV114
ORD00608,2026-08-18T09:52:00+00:00,picked_up,Chennai,V096,DRV001
ORD00609,2026-08-04T22:20:00+00:00,in_transit,Pune,V022,DRV087
ORD00610,2026-09-03T14:23:00+00:00,picked_up,Hyderabad,V066,DRV046
ORD00611,2026-08-16T15:13:00+00:00,delivered,Mangaluru,V015,DRV044
ORD00612,2026-09-14T01:35:00+00:00,delivered,Coimbatore,V028,DRV001
ORD00613,2026-09-16T23:00:00+00:00,picked_up,Hubballi,V005,DRV120
ORD00614,2026-08-01T13:14:00+00:00,in_transit,Pune,V043,DRV039
ORD00615,2026-08-18T00:41:00+00:00,delivered,Hubballi,V002,DRV013
ORD00616,2026-09-18T04:12:00+00:00,delivered,Pune,V020,DRV053
ORD00617,2026-08-23T22:24:00+00:00,delivered,Chennai,V051,DRV048
ORD00618,2026-09-18T21:21:00+00:00,picked_up,Coimbatore,V014,DRV057
ORD00619,2026-09-09T14:45:00+00:00,delivered,Pune,V091,DRV026
ORD00620,2026-08-13T06:02:00+00:00,delivered,Mysuru,V096,DRV043
ORD00621,2026-08-25T07:44:00+00:00,delivered,Mangaluru,V063,DRV071
ORD00622,2026-09-15T17:35:00+00:00,delayed,Bengaluru,V095,DRV108
ORD00623,2026-08-02T22:58:00+00:00,delivered,Chennai,V045,DRV065
ORD00624,2026-09-09T05:25:00+00:00,cancelled,Mangaluru,V095,DRV002
ORD00625,2026-09-14T07:58:00+00:00,delivered,Hyderabad,V055,DRV032
ORD00626,2026-08-11T15:37:00+00:00,picked_up,Coimbatore,V090,DRV032
ORD00627,2026-09-15T19:38:00+00:00,in_transit,Chennai,V025,DRV110
ORD00628,2026-08-13T01:29:00+00:00,delivered,Pune,V036,DRV025
ORD00629,2026-08-19T09:51:00+00:00,delivered,Mangaluru,V007,DRV049
ORD00630,2026-08-21T10:17:00+00:00,delivered,Mangaluru,V062,DRV008
ORD00631,2026-08-28T19:09:00+00:00,delivered,Coimbatore,V047,DRV036
ORD00632,2026-08-05T10:39:00+00:00,delivered,Mysuru,V001,DRV007
ORD00633,2026-08-26T16:32:00+00:00,picked_up,Hyderabad,V013,DRV056
ORD00634,2026-08-31T13:24:00+00:00,delivered,Hubballi,V013,DRV086
ORD00635,2026-09-02T23:48:00+00:00,delayed,Hubballi,V076,DRV068
ORD00636,2026-08-20T08:31:00+00:00,in_transit,Coimbatore,V012,DRV114
ORD00637,2026-08-12T03:03:00+00:00,delivered,Mysuru,V084,DRV105
ORD00638,2026-08-07T21:37:00+00:00,picked_up,Hyderabad,V080,DRV044
ORD00639,2026-08-15T04:48:00+00:00,delivered,Pune,V025,DRV054
ORD00640,2026-09-03T12:00:00+00:00,delivered,Hubballi,V092,DRV016
ORD00641,2026-09-17T21:36:00+00:00,picked_up,Coimbatore,V065,DRV102
ORD00642,2026-08-12T22:12:00+00:00,delivered,Coimbatore,V073,DRV008
ORD00643,2026-09-16T22:50:00+00:00,cancelled,Pune,V022,DRV057
ORD00644,2026-09-06T16:52:00+00:00,in_transit,Hosur,V027,DRV024
ORD00645,2026-09-24T00:24:00+00:00,in_transit,Hubballi,V066,DRV059
ORD00646,2026-08-28T00:07:00+00:00,delayed,Coimbatore,V071,DRV016
ORD00647,2026-08-22T19:01:00+00:00,delivered,Pune,V082,DRV019
ORD00648,2026-08-23T21:49:00+00:00,cancelled,Coimbatore,V027,DRV069
ORD00649,2026-09-03T15:48:00+00:00,delivered,Hubballi,V091,DRV114
ORD00650,2026-08-27T22:24:00+00:00,delivered,Chennai,V008,DRV081
ORD00651,2026-08-17T05:40:00+00:00,delivered,Coimbatore,V003,DRV069
ORD00652,2026-09-20T05:28:00+00:00,delivered,Mysuru,V057,DRV029
ORD00653,2026-09-06T01:29:00+00:00,delivered,Coimbatore,V030,DRV094
ORD00654,2026-08-09T17:51:00+00:00,delivered,Mangaluru,V059,DRV024
ORD00655,2026-08-17T13:47:00+00:00,in_transit,Tumakuru,V003,DRV040
ORD00656,2026-08-18T08:11:00+00:00,delivered,Mysuru,V010,DRV055
ORD00657,2026-08-10T06:30:00+00:00,delayed,Bengaluru,V018,DRV094
ORD00658,2026-08-02T23:42:00+00:00,delivered,Hosur,V002,DRV098
ORD00659,2026-08-25T09:56:00+00:00,delivered,Pune,V081,DRV077
ORD00660,2026-09-01T00:21:00+00:00,picked_up,Tumakuru,V011,DRV026
ORD00661,2026-08-16T01:21:00+00:00,delivered,Mangaluru,V062,DRV020
ORD00662,2026-09-19T12:44:00+00:00,delivered,Mangaluru,V006,DRV014
ORD00663,2026-09-07T22:49:00+00:00,delivered,Coimbatore,V029,DRV004
ORD00664,2026-09-02T08:20:00+00:00,in_transit,Mysuru,V029,DRV118
ORD00665,2026-08-11T01:55:00+00:00,delivered,Mangaluru,V037,DRV046
ORD00666,2026-08-08T22:06:00+00:00,picked_up,Hubballi,V078,DRV020
ORD00667,2026-09-24T17:10:00+00:00,delivered,Hosur,V055,DRV020
ORD00668,2026-08-25T16:33:00+00:00,picked_up,Chennai,V085,DRV048
ORD00669,2026-08-14T09:30:00+00:00,delivered,Chennai,V050,DRV058
ORD00670,2026-09-08T23:12:00+00:00,cancelled,Hosur,V036,DRV019
ORD00671,2026-09-05T06:33:00+00:00,delivered,Coimbatore,V064,DRV055
ORD00672,2026-08-13T17:50:00+00:00,picked_up,Hosur,V084,DRV118
ORD00673,2026-09-15T09:32:00+00:00,delivered,Pune,V064,DRV069
ORD00674,2026-09-22T23:28:00+00:00,delayed,Pune,V068,DRV074
ORD00675,2026-08-01T07:43:00+00:00,delivered,Hubballi,V003,DRV047
ORD00676,2026-08-06T14:23:00+00:00,picked_up,Bengaluru,V047,DRV109
ORD00677,2026-09-20T05:34:00+00:00,cancelled,Mysuru,V054,DRV032
ORD00678,2026-08-11T20:03:00+00:00,cancelled,Coimbatore,V091,DRV019
ORD00679,2026-08-06T03:32:00+00:00,delayed,Coimbatore,V085,DRV075
ORD00680,2026-08-03T18:22:00+00:00,delivered,Coimbatore,V019,DRV011
ORD00681,2026-09-08T02:10:00+00:00,delivered,Coimbatore,V024,DRV061
ORD00682,2026-08-31T18:11:00+00:00,delivered,Chennai,V083,DRV089
ORD00683,2026-08-06T11:29:00+00:00,picked_up,Chennai,V005,DRV078
ORD00684,2026-09-08T15:40:00+00:00,in_transit,Coimbatore,V059,DRV071
ORD00685,2026-08-15T08:40:00+00:00,delivered,Mysuru,V012,DRV067
ORD00686,2026-08-06T06:38:00+00:00,delivered,Bengaluru,V024,DRV106
ORD00687,2026-08-29T12:57:00+00:00,in_transit,Mangaluru,V052,DRV106
ORD00688,2026-09-08T20:11:00+00:00,delivered,Coimbatore,V014,DRV014
ORD00689,2026-08-03T15:24:00+00:00,delivered,Hosur,V021,DRV070
ORD00690,2026-08-02T05:44:00+00:00,delayed,Coimbatore,V040,DRV025
ORD00691,2026-08-22T21:44:00+00:00,delivered,Tumakuru,V073,DRV073
ORD00692,2026-08-29T18:55:00+00:00,delivered,Coimbatore,V040,DRV002
ORD00693,2026-08-18T18:52:00+00:00,delivered,Chennai,V051,DRV093
ORD00694,2026-09-07T02:15:00+00:00,picked_up,Hosur,V065,DRV013
ORD00695,2026-09-04T23:01:00+00:00,delivered,Hyderabad,V005,DRV038
ORD00696,2026-08-09T13:29:00+00:00,cancelled,Pune,V030,DRV114
ORD00697,2026-09-17T04:01:00+00:00,cancelled,Chennai,V078,DRV084
ORD00698,2026-09-01T00:14:00+00:00,delivered,Mangaluru,V080,DRV110
ORD00699,2026-08-20T01:19:00+00:00,cancelled,Chennai,V078,DRV010
ORD00700,2026-08-14T00:41:00+00:00,delayed,Chennai,V040,DRV071
ORD00701,2026-08-29T18:34:00+00:00,delivered,Hosur,V038,DRV021
ORD00702,2026-09-02T08:18:00+00:00,delivered,Hubballi,V023,DRV091
ORD00703,2026-09-10T06:19:00+00:00,in_transit,Mysuru,V018,DRV016
ORD00704,2026-08-27T05:35:00+00:00,delivered,Hubballi,V080,DRV118
ORD00705,2026-08-29T15:44:00+00:00,delivered,Coimbatore,V088,DRV053
ORD00706,2026-08-06T06:17:00+00:00,delayed,Mysuru,V032,DRV090
ORD00707,2026-08-27T14:35:00+00:00,delivered,Chennai,V073,DRV052
ORD00708,2026-08-09T13:30:00+00:00,delivered,Hubballi,V060,DRV083
ORD00709,2026-08-17T13:33:00+00:00,delayed,Pune,V051,DRV099
ORD00710,2026-08-06T22:08:00+00:00,delivered,Hosur,V078,DRV063
ORD00711,2026-09-11T12:05:00+00:00,delivered,Coimbatore,V020,DRV061
ORD00712,2026-08-04T00:25:00+00:00,cancelled,Coimbatore,V100,DRV049
ORD00713,2026-08-20T12:42:00+00:00,delivered,Hyderabad,V003,DRV098
ORD00714,2026-08-08T18:47:00+00:00,delivered,Pune,V036,DRV052
ORD00715,2026-09-17T22:22:00+00:00,delivered,Coimbatore,V034,DRV024
ORD00716,2026-08-28T05:29:00+00:00,delivered,Mangaluru,V045,DRV054
ORD00717,2026-09-09T23:17:00+00:00,delivered,Coimbatore,V089,DRV074
ORD00718,2026-08-19T07:45:00+00:00,delivered,Coimbatore,V086,DRV075
ORD00719,2026-08-02T10:01:00+00:00,delivered,Mysuru,V059,DRV120
ORD00720,2026-09-07T05:29:00+00:00,delivered,Bengaluru,V093,DRV001
ORD00721,2026-09-22T20:28:00+00:00,delivered,Hosur,V028,DRV096
ORD00722,2026-09-24T20:15:00+00:00,delivered,Mangaluru,V045,DRV027
ORD00723,2026-08-02T17:14:00+00:00,delivered,Hubballi,V040,DRV065
ORD00724,2026-09-07T21:17:00+00:00,delivered,Hosur,V046,DRV107
ORD00725,2026-08-11T12:43:00+00:00,picked_up,Hosur,V059,DRV055
ORD00726,2026-08-16T00:56:00+00:00,delivered,Coimbatore,V049,DRV037
ORD00727,2026-08-09T00:37:00+00:00,picked_up,Hyderabad,V014,DRV012
ORD00728,2026-09-19T16:47:00+00:00,delivered,Hosur,V057,DRV065
ORD00729,2026-08-20T08:50:00+00:00,delivered,Coimbatore,V059,DRV071
ORD00730,2026-08-12T11:21:00+00:00,delivered,Hyderabad,V060,DRV053
ORD00731,2026-09-16T07:10:00+00:00,delivered,Coimbatore,V085,DRV034
ORD00732,2026-09-07T20:47:00+00:00,delivered,Hyderabad,V004,DRV020
ORD00733,2026-09-22T07:32:00+00:00,cancelled,Mangaluru,V031,DRV072
ORD00734,2026-08-05T18:28:00+00:00,picked_up,Coimbatore,V074,DRV055
ORD00735,2026-08-30T03:35:00+00:00,delivered,Bengaluru,V056,DRV030
ORD00736,2026-09-22T15:24:00+00:00,delayed,Pune,V098,DRV081
ORD00737,2026-08-09T12:17:00+00:00,delivered,Coimbatore,V056,DRV002
ORD00738,2026-09-19T13:06:00+00:00,picked_up,Mysuru,V011,DRV074
ORD00739,2026-09-02T16:18:00+00:00,delivered,Hosur,V084,DRV115
ORD00740,2026-08-23T10:25:00+00:00,delayed,Pune,V049,DRV099
ORD00741,2026-08-14T06:19:00+00:00,in_transit,Pune,V082,DRV075
ORD00742,2026-08-12T04:59:00+00:00,delivered,Coimbatore,V037,DRV034
ORD00743,2026-09-02T22:00:00+00:00,picked_up,Hosur,V027,DRV051
ORD00744,2026-08-07T20:15:00+00:00,delivered,Chennai,V081,DRV010
ORD00745,2026-09-11T06:54:00+00:00,picked_up,Mysuru,V024,DRV039
ORD00746,2026-08-03T22:23:00+00:00,delivered,Coimbatore,V044,DRV045
ORD00747,2026-08-24T08:42:00+00:00,picked_up,Chennai,V025,DRV078
ORD00748,2026-08-14T23:55:00+00:00,delivered,Coimbatore,V047,DRV015
ORD00749,2026-08-21T04:30:00+00:00,delivered,Coimbatore,V089,DRV017
ORD00750,2026-08-09T13:27:00+00:00,delivered,Bengaluru,V071,DRV084
ORD00751,2026-09-16T18:37:00+00:00,picked_up,Hosur,V025,DRV033
ORD00752,2026-08-10T10:51:00+00:00,in_transit,Coimbatore,V099,DRV076
ORD00753,2026-09-09T16:33:00+00:00,picked_up,Tumakuru,V055,DRV077
ORD00754,2026-09-05T00:56:00+00:00,delivered,Chennai,V073,DRV046
ORD00755,2026-08-04T07:13:00+00:00,cancelled,Mangaluru,V033,DRV076
ORD00756,2026-09-02T03:25:00+00:00,delivered,Pune,V015,DRV024
ORD00757,2026-08-23T10:54:00+00:00,delivered,Pune,V085,DRV048
ORD00758,2026-08-02T01:20:00+00:00,delivered,Pune,V002,DRV092
ORD00759,2026-08-30T11:55:00+00:00,picked_up,Coimbatore,V072,DRV009
ORD00760,2026-09-18T05:02:00+00:00,delivered,Hubballi,V072,DRV036
ORD00761,2026-09-09T19:15:00+00:00,delivered,Coimbatore,V041,DRV026
ORD00762,2026-08-05T08:00:00+00:00,cancelled,Hosur,V054,DRV016
ORD00763,2026-08-30T18:33:00+00:00,in_transit,Coimbatore,V031,DRV074
ORD00764,2026-08-01T15:02:00+00:00,picked_up,Hosur,V037,DRV017
ORD00765,2026-08-04T17:19:00+00:00,delivered,Pune,V003,DRV009
ORD00766,2026-08-26T04:34:00+00:00,delivered,Coimbatore,V045,DRV052
ORD00767,2026-08-05T10:20:00+00:00,delivered,Mangaluru,V090,DRV059
ORD00768,2026-08-10T09:39:00+00:00,delivered,Mysuru,V007,DRV106
ORD00769,2026-09-09T16:31:00+00:00,delivered,Mangaluru,V012,DRV025
ORD00770,2026-08-05T03:39:00+00:00,delivered,Hubballi,V039,DRV010
ORD00771,2026-08-25T15:01:00+00:00,in_transit,Mangaluru,V018,DRV075
ORD00772,2026-08-14T16:05:00+00:00,delayed,Mysuru,V053,DRV082
ORD00773,2026-08-23T01:52:00+00:00,in_transit,Pune,V085,DRV063
ORD00774,2026-08-09T13:37:00+00:00,delivered,Coimbatore,V038,DRV092
ORD00775,2026-08-19T18:12:00+00:00,in_transit,Hosur,V010,DRV064
ORD00776,2026-09-12T16:47:00+00:00,picked_up,Hubballi,V025,DRV063
ORD00777,2026-09-18T06:34:00+00:00,delivered,Hyderabad,V041,DRV098
ORD00778,2026-09-16T02:18:00+00:00,delivered,Chennai,V017,DRV029
ORD00779,2026-09-16T21:36:00+00:00,delivered,Mysuru,V052,DRV025
ORD00780,2026-08-29T03:14:00+00:00,cancelled,Mangaluru,V074,DRV083
ORD00781,2026-08-11T05:07:00+00:00,delivered,Chennai,V059,DRV024
ORD00782,2026-09-11T08:09:00+00:00,delivered,Pune,V016,DRV119
ORD00783,2026-08-20T08:02:00+00:00,delivered,Hosur,V065,DRV056
ORD00784,2026-08-25T21:27:00+00:00,delivered,Mangaluru,V007,DRV084
ORD00785,2026-08-18T10:36:00+00:00,delivered,Mangaluru,V077,DRV036
ORD00786,2026-08-10T23:49:00+00:00,in_transit,Hosur,V083,DRV032
ORD00787,2026-08-04T08:38:00+00:00,in_transit,Coimbatore,V031,DRV009
ORD00788,2026-09-06T21:51:00+00:00,delivered,Coimbatore,V013,DRV029
ORD00789,2026-08-19T13:04:00+00:00,delivered,Mangaluru,V037,DRV091
ORD00790,2026-08-17T22:40:00+00:00,delivered,Hyderabad,V090,DRV080
ORD00791,2026-08-29T17:54:00+00:00,in_transit,Mangaluru,V022,DRV024
ORD00792,2026-09-13T06:33:00+00:00,delivered,Chennai,V003,DRV023
ORD00793,2026-09-24T04:03:00+00:00,delivered,Chennai,V061,DRV075
ORD00794,2026-08-11T03:45:00+00:00,delivered,Hyderabad,V003,DRV073
ORD00795,2026-08-16T08:39:00+00:00,delayed,Chennai,V100,DRV013
ORD00796,2026-09-14T19:18:00+00:00,delayed,Hosur,V070,DRV033
ORD00797,2026-08-02T06:54:00+00:00,picked_up,Hosur,V039,DRV091
ORD00798,2026-09-17T12:23:00+00:00,delayed,Mangaluru,V003,DRV019
ORD00799,2026-09-02T14:23:00+00:00,delivered,Mysuru,V032,DRV074
ORD00800,2026-08-18T21:07:00+00:00,picked_up,Coimbatore,V049,DRV082
ORD00801,2026-09-11T00:35:00+00:00,cancelled,Tumakuru,V068,DRV023
ORD00802,2026-09-23T20:16:00+00:00,delivered,Coimbatore,V036,DRV040
ORD00803,2026-09-01T08:40:00+00:00,picked_up,Chennai,V016,DRV056
ORD00804,2026-08-01T22:59:00+00:00,delivered,Bengaluru,V088,DRV019
ORD00805,2026-09-20T22:06:00+00:00,in_transit,Mangaluru,V039,DRV063
ORD00806,2026-09-11T08:15:00+00:00,delivered,Chennai,V037,DRV106
ORD00807,2026-08-28T22:32:00+00:00,delivered,Tumakuru,V046,DRV085
ORD00808,2026-09-01T22:07:00+00:00,picked_up,Coimbatore,V065,DRV086
ORD00809,2026-08-14T02:24:00+00:00,cancelled,Mangaluru,V026,DRV056
ORD00810,2026-08-04T01:56:00+00:00,delivered,Coimbatore,V046,DRV032
ORD00811,2026-08-24T21:48:00+00:00,picked_up,Hyderabad,V077,DRV040
ORD00812,2026-08-13T21:05:00+00:00,in_transit,Coimbatore,V026,DRV033
ORD00813,2026-08-28T13:12:00+00:00,delivered,Bengaluru,V039,DRV073
ORD00814,2026-08-09T22:07:00+00:00,delivered,Hosur,V057,DRV089
ORD00815,2026-09-09T02:10:00+00:00,delivered,Pune,V053,DRV060
ORD00816,2026-08-13T20:31:00+00:00,in_transit,Coimbatore,V039,DRV101
ORD00817,2026-09-19T14:33:00+00:00,picked_up,Mysuru,V038,DRV007
ORD00818,2026-09-12T03:49:00+00:00,picked_up,Hyderabad,V067,DRV059
ORD00819,2026-08-10T21:00:00+00:00,delivered,Mangaluru,V013,DRV106
ORD00820,2026-08-12T06:01:00+00:00,delayed,Coimbatore,V087,DRV066
ORD00821,2026-09-21T06:42:00+00:00,delayed,Mysuru,V064,DRV018
ORD00822,2026-08-01T14:59:00+00:00,picked_up,Hubballi,V080,DRV089
ORD00823,2026-08-15T00:20:00+00:00,in_transit,Hyderabad,V016,DRV067
ORD00824,2026-09-13T04:16:00+00:00,delivered,Chennai,V065,DRV057
ORD00825,2026-09-07T01:19:00+00:00,delivered,Coimbatore,V024,DRV105
ORD00826,2026-08-12T11:03:00+00:00,delivered,Mangaluru,V082,DRV003
ORD00827,2026-08-16T17:28:00+00:00,delivered,Chennai,V090,DRV070
ORD00828,2026-08-27T11:58:00+00:00,in_transit,Mangaluru,V076,DRV064
ORD00829,2026-08-10T22:42:00+00:00,delivered,Hosur,V055,DRV019
ORD00830,2026-09-21T09:13:00+00:00,delivered,Pune,V075,DRV039
ORD00831,2026-08-13T17:59:00+00:00,delivered,Pune,V093,DRV059
ORD00832,2026-09-15T18:21:00+00:00,picked_up,Pune,V065,DRV027
ORD00833,2026-08-17T01:26:00+00:00,in_transit,Mysuru,V046,DRV084
ORD00834,2026-08-26T13:52:00+00:00,delayed,Coimbatore,V085,DRV039
ORD00835,2026-09-04T07:57:00+00:00,cancelled,Mangaluru,V078,DRV085
ORD00836,2026-09-23T15:05:00+00:00,cancelled,Mangaluru,V045,DRV075
ORD00837,2026-08-15T14:48:00+00:00,delivered,Mysuru,V086,DRV014
ORD00838,2026-08-22T13:45:00+00:00,delivered,Mangaluru,V023,DRV094
ORD00839,2026-08-24T00:41:00+00:00,delivered,Coimbatore,V096,DRV010
ORD00840,2026-08-17T02:01:00+00:00,delivered,Mysuru,V090,DRV058
ORD00841,2026-09-20T17:52:00+00:00,delivered,Hosur,V033,DRV063
ORD00842,2026-08-15T23:23:00+00:00,delivered,Bengaluru,V068,DRV104
ORD00843,2026-08-09T21:57:00+00:00,delivered,Mysuru,V018,DRV115
ORD00844,2026-09-19T19:58:00+00:00,picked_up,Coimbatore,V044,DRV024
ORD00845,2026-09-21T22:53:00+00:00,picked_up,Coimbatore,V065,DRV046
ORD00846,2026-09-09T02:38:00+00:00,in_transit,Mangaluru,V010,DRV073
ORD00847,2026-08-10T04:57:00+00:00,delivered,Coimbatore,V030,DRV007
ORD00848,2026-08-27T10:57:00+00:00,picked_up,Coimbatore,V033,DRV050
ORD00849,2026-08-07T23:05:00+00:00,delivered,Hyderabad,V031,DRV110
ORD00850,2026-08-06T09:38:00+00:00,delivered,Mysuru,V015,DRV075
ORD00851,2026-08-04T00:01:00+00:00,delivered,Mysuru,V034,DRV026
ORD00852,2026-09-19T23:39:00+00:00,picked_up,Coimbatore,V043,DRV119
ORD00853,2026-09-21T08:41:00+00:00,picked_up,Hyderabad,V090,DRV107
ORD00854,2026-09-24T12:06:00+00:00,delayed,Coimbatore,V011,DRV114
ORD00855,2026-08-04T23:11:00+00:00,delivered,Mangaluru,V064,DRV065
ORD00856,2026-08-28T16:49:00+00:00,delayed,Mangaluru,V030,DRV003
ORD00857,2026-09-04T13:33:00+00:00,in_transit,Pune,V095,DRV003
ORD00858,2026-09-04T09:23:00+00:00,in_transit,Hosur,V056,DRV090
ORD00859,2026-08-11T21:48:00+00:00,picked_up,Mangaluru,V048,DRV046
ORD00860,2026-08-22T21:11:00+00:00,delivered,Coimbatore,V076,DRV002
ORD00861,2026-08-05T04:59:00+00:00,cancelled,Coimbatore,V002,DRV112
ORD00862,2026-08-12T18:16:00+00:00,delivered,Coimbatore,V037,DRV006
ORD00863,2026-08-27T15:46:00+00:00,delivered,Hosur,V051,DRV062
ORD00864,2026-09-19T15:43:00+00:00,delivered,Mysuru,V091,DRV095
ORD00865,2026-09-03T12:37:00+00:00,delayed,Coimbatore,V038,DRV112
ORD00866,2026-09-15T22:30:00+00:00,delivered,Tumakuru,V045,DRV116
ORD00867,2026-08-19T14:02:00+00:00,picked_up,Pune,V067,DRV030
ORD00868,2026-08-13T23:25:00+00:00,delivered,Coimbatore,V031,DRV090
ORD00869,2026-09-15T12:45:00+00:00,picked_up,Pune,V035,DRV036
ORD00870,2026-08-06T14:02:00+00:00,delivered,Pune,V079,DRV050
ORD00871,2026-09-10T14:50:00+00:00,delivered,Hosur,V027,DRV049
ORD00872,2026-08-28T21:10:00+00:00,delivered,Coimbatore,V098,DRV045
ORD00873,2026-08-20T17:51:00+00:00,delayed,Hyderabad,V044,DRV093
ORD00874,2026-09-20T12:38:00+00:00,delivered,Chennai,V093,DRV120
ORD00875,2026-09-21T19:49:00+00:00,delayed,Hosur,V034,DRV021
ORD00876,2026-08-02T14:07:00+00:00,delivered,Mangaluru,V088,DRV036
ORD00877,2026-08-31T19:58:00+00:00,in_transit,Mangaluru,V005,DRV079
ORD00878,2026-08-02T04:48:00+00:00,delivered,Mysuru,V073,DRV085
ORD00879,2026-09-12T07:15:00+00:00,delivered,Mangaluru,V002,DRV060
ORD00880,2026-08-20T20:45:00+00:00,delivered,Mangaluru,V075,DRV011
ORD00881,2026-08-17T11:03:00+00:00,delivered,Mangaluru,V036,DRV034
ORD00882,2026-08-14T14:49:00+00:00,picked_up,Pune,V084,DRV007
ORD00883,2026-08-17T23:33:00+00:00,in_transit,Tumakuru,V057,DRV075
ORD00884,2026-08-06T17:46:00+00:00,cancelled,Mangaluru,V034,DRV033
ORD00885,2026-09-24T17:16:00+00:00,delivered,Mysuru,V014,DRV010
ORD00886,2026-08-08T02:07:00+00:00,delivered,Coimbatore,V042,DRV074
ORD00887,2026-08-26T22:12:00+00:00,delivered,Mysuru,V042,DRV078
ORD00888,2026-09-12T23:41:00+00:00,picked_up,Coimbatore,V038,DRV080
ORD00889,2026-08-27T14:25:00+00:00,picked_up,Mysuru,V076,DRV004
ORD00890,2026-09-16T11:26:00+00:00,delayed,Coimbatore,V092,DRV045
ORD00891,2026-08-14T20:59:00+00:00,delivered,Tumakuru,V084,DRV011
ORD00892,2026-09-22T11:42:00+00:00,in_transit,Chennai,V094,DRV054
ORD00893,2026-09-13T01:48:00+00:00,in_transit,Coimbatore,V067,DRV057
ORD00894,2026-08-27T20:25:00+00:00,picked_up,Hosur,V043,DRV032
ORD00895,2026-08-11T13:07:00+00:00,in_transit,Mysuru,V057,DRV094
ORD00896,2026-09-21T04:29:00+00:00,delivered,Pune,V047,DRV084
ORD00897,2026-08-22T01:43:00+00:00,in_transit,Coimbatore,V017,DRV119
ORD00898,2026-08-13T14:47:00+00:00,in_transit,Coimbatore,V037,DRV044
ORD00899,2026-09-08T09:36:00+00:00,delivered,Chennai,V019,DRV074
ORD00900,2026-08-02T11:04:00+00:00,delivered,Hosur,V054,DRV034
ORD00901,2026-08-04T03:53:00+00:00,picked_up,Mangaluru,V004,DRV089
ORD00902,2026-09-18T09:22:00+00:00,picked_up,Coimbatore,V055,DRV046
ORD00903,2026-08-27T17:38:00+00:00,delivered,Chennai,V044,DRV076
ORD00904,2026-09-02T10:13:00+00:00,picked_up,Hyderabad,V053,DRV081
ORD00905,2026-08-13T07:40:00+00:00,delayed,Mangaluru,V093,DRV099
ORD00906,2026-09-24T03:42:00+00:00,in_transit,Hyderabad,V087,DRV084
ORD00907,2026-08-17T04:55:00+00:00,delivered,Mangaluru,V076,DRV036
ORD00908,2026-09-01T03:56:00+00:00,delivered,Hosur,V067,DRV115
ORD00909,2026-09-05T03:00:00+00:00,delivered,Mangaluru,V023,DRV019
ORD00910,2026-08-26T10:36:00+00:00,in_transit,Chennai,V079,DRV041
ORD00911,2026-08-11T21:45:00+00:00,delivered,Mangaluru,V063,DRV057
ORD00912,2026-08-10T17:54:00+00:00,picked_up,Hubballi,V086,DRV036
ORD00913,2026-09-16T07:39:00+00:00,delayed,Pune,V004,DRV077
ORD00914,2026-08-03T13:04:00+00:00,delivered,Tumakuru,V037,DRV074
ORD00915,2026-09-11T11:27:00+00:00,delivered,Mangaluru,V015,DRV092
ORD00916,2026-08-24T23:39:00+00:00,delivered,Hosur,V018,DRV036
ORD00917,2026-08-08T00:07:00+00:00,delivered,Coimbatore,V065,DRV043
ORD00918,2026-08-07T19:01:00+00:00,delayed,Coimbatore,V041,DRV115
ORD00919,2026-08-30T00:03:00+00:00,delivered,Chennai,V072,DRV085
ORD00920,2026-09-23T13:13:00+00:00,delivered,Coimbatore,V029,DRV087
ORD00921,2026-09-14T04:26:00+00:00,picked_up,Chennai,V094,DRV064
ORD00922,2026-09-17T00:47:00+00:00,picked_up,Coimbatore,V096,DRV028
ORD00923,2026-09-20T20:57:00+00:00,in_transit,Tumakuru,V091,DRV023
ORD00924,2026-09-04T19:36:00+00:00,in_transit,Mangaluru,V031,DRV082
ORD00925,2026-08-28T13:16:00+00:00,picked_up,Coimbatore,V038,DRV086
ORD00926,2026-09-24T11:17:00+00:00,delivered,Coimbatore,V062,DRV038
ORD00927,2026-09-08T06:27:00+00:00,cancelled,Hyderabad,V042,DRV032
ORD00928,2026-08-30T05:06:00+00:00,in_transit,Hubballi,V045,DRV090
ORD00929,2026-09-24T21:40:00+00:00,delivered,Tumakuru,V031,DRV004
ORD00930,2026-09-07T09:19:00+00:00,delivered,Hubballi,V099,DRV042
ORD00931,2026-09-10T09:55:00+00:00,delivered,Coimbatore,V034,DRV117
ORD00932,2026-09-01T00:36:00+00:00,in_transit,Coimbatore,V006,DRV040
ORD00933,2026-08-16T05:14:00+00:00,delivered,Hosur,V100,DRV081
ORD00934,2026-09-19T06:18:00+00:00,delivered,Mysuru,V093,DRV003
ORD00935,2026-09-20T12:42:00+00:00,delivered,Pune,V007,DRV067
ORD00936,2026-08-15T08:39:00+00:00,picked_up,Bengaluru,V051,DRV111
ORD00937,2026-08-31T04:48:00+00:00,delivered,Coimbatore,V071,DRV094
ORD00938,2026-09-17T23:56:00+00:00,delivered,Pune,V051,DRV102
ORD00939,2026-08-28T13:12:00+00:00,delivered,Hyderabad,V081,DRV099
ORD00940,2026-09-04T10:25:00+00:00,in_transit,Pune,V017,DRV105
ORD00941,2026-09-15T22:34:00+00:00,delayed,Hyderabad,V098,DRV094
ORD00942,2026-08-15T01:12:00+00:00,delivered,Tumakuru,V076,DRV102
ORD00943,2026-08-30T15:25:00+00:00,delivered,Hubballi,V096,DRV003
ORD00944,2026-08-10T04:34:00+00:00,delivered,Bengaluru,V084,DRV074
ORD00945,2026-08-09T14:02:00+00:00,delivered,Mysuru,V053,DRV072
ORD00946,2026-09-16T07:39:00+00:00,delivered,Pune,V003,DRV064
ORD00947,2026-09-11T07:28:00+00:00,delivered,Chennai,V004,DRV051
ORD00948,2026-09-21T07:21:00+00:00,delivered,Mangaluru,V040,DRV043
ORD00949,2026-08-16T11:16:00+00:00,delivered,Mangaluru,V063,DRV076
ORD00950,2026-09-13T06:56:00+00:00,delivered,Bengaluru,V073,DRV098
ORD00951,2026-09-07T14:47:00+00:00,delivered,Mysuru,V044,DRV107
ORD00952,2026-09-24T16:55:00+00:00,delivered,Coimbatore,V001,DRV035
ORD00953,2026-08-29T16:30:00+00:00,cancelled,Hosur,V031,DRV042
ORD00954,2026-08-08T11:18:00+00:00,picked_up,Mangaluru,V055,DRV090
ORD00955,2026-08-15T19:23:00+00:00,delivered,Chennai,V016,DRV022
ORD00956,2026-09-08T16:09:00+00:00,delivered,Tumakuru,V081,DRV103
ORD00957,2026-09-08T04:05:00+00:00,delivered,Pune,V038,DRV016
ORD00958,2026-08-30T11:03:00+00:00,in_transit,Chennai,V048,DRV073
ORD00959,2026-08-19T19:00:00+00:00,picked_up,Chennai,V092,DRV048
ORD00960,2026-08-20T08:54:00+00:00,picked_up,Hubballi,V096,DRV093
ORD00961,2026-08-01T21:49:00+00:00,delivered,Hyderabad,V023,DRV020
ORD00962,2026-08-18T03:06:00+00:00,delivered,Hubballi,V013,DRV069
ORD00963,2026-09-12T19:08:00+00:00,in_transit,Coimbatore,V009,DRV045
ORD00964,2026-08-18T18:28:00+00:00,delivered,Chennai,V055,DRV075
ORD00965,2026-08-24T09:53:00+00:00,in_transit,Bengaluru,V083,DRV085
ORD00966,2026-08-10T10:21:00+00:00,delayed,Chennai,V036,DRV023
ORD00967,2026-09-23T16:35:00+00:00,in_transit,Chennai,V050,DRV043
ORD00968,2026-08-20T02:47:00+00:00,delivered,Hyderabad,V030,DRV028
ORD00969,2026-09-13T11:21:00+00:00,picked_up,Mangaluru,V042,DRV010
ORD00970,2026-09-08T19:41:00+00:00,in_transit,Mangaluru,V042,DRV039
ORD00971,2026-09-05T22:02:00+00:00,delivered,Mangaluru,V050,DRV091
ORD00972,2026-08-30T02:10:00+00:00,delivered,Chennai,V078,DRV108
ORD00973,2026-08-14T01:29:00+00:00,picked_up,Coimbatore,V072,DRV057
ORD00974,2026-09-09T18:27:00+00:00,in_transit,Mangaluru,V023,DRV004
ORD00975,2026-08-20T11:25:00+00:00,in_transit,Mysuru,V025,DRV049
ORD00976,2026-09-10T08:52:00+00:00,delivered,Bengaluru,V025,DRV001
ORD00977,2026-09-03T14:25:00+00:00,picked_up,Hyderabad,V065,DRV118
ORD00978,2026-09-13T19:28:00+00:00,delivered,Coimbatore,V090,DRV091
ORD00979,2026-09-22T06:27:00+00:00,picked_up,Coimbatore,V092,DRV119
ORD00980,2026-09-13T02:54:00+00:00,delayed,Pune,V083,DRV097
ORD00981,2026-08-03T16:01:00+00:00,in_transit,Coimbatore,V092,DRV020
ORD00982,2026-08-11T22:02:00+00:00,delivered,Coimbatore,V082,DRV091
ORD00983,2026-08-26T09:11:00+00:00,cancelled,Tumakuru,V025,DRV084
ORD00984,2026-09-23T13:52:00+00:00,delayed,Mangaluru,V047,DRV067
ORD00985,2026-08-06T22:55:00+00:00,delivered,Coimbatore,V098,DRV065
ORD00986,2026-09-10T10:25:00+00:00,delivered,Pune,V078,DRV026
ORD00987,2026-08-29T12:54:00+00:00,delivered,Hyderabad,V045,DRV016
ORD00988,2026-09-21T13:55:00+00:00,picked_up,Coimbatore,V012,DRV015
ORD00989,2026-08-29T23:46:00+00:00,in_transit,Coimbatore,V003,DRV099
ORD00990,2026-09-11T23:05:00+00:00,delivered,Coimbatore,V093,DRV032
ORD00991,2026-08-06T01:39:00+00:00,delivered,Hubballi,V037,DRV023
ORD00992,2026-09-07T19:12:00+00:00,delivered,Mysuru,V025,DRV035
ORD00993,2026-09-10T03:37:00+00:00,delivered,Hubballi,V063,DRV046
ORD00994,2026-09-11T03:38:00+00:00,picked_up,Chennai,V088,DRV107
ORD00995,2026-08-15T09:58:00+00:00,delivered,Hosur,V027,DRV090
ORD00996,2026-08-20T01:52:00+00:00,delivered,Hyderabad,V065,DRV071
ORD00997,2026-08-24T16:27:00+00:00,delivered,Coimbatore,V034,DRV005
ORD00998,2026-09-12T15:47:00+00:00,in_transit,Coimbatore,V048,DRV073
ORD00999,2026-09-02T19:10:00+00:00,picked_up,Chennai,V002,DRV021
ORD01000,2026-08-10T07:53:00+00:00,delivered,Mangaluru,V046,DRV040
ORD01001,2026-08-03T03:14:00+00:00,delivered,Coimbatore,V079,DRV059
ORD01002,2026-08-23T07:52:00+00:00,delivered,Hyderabad,V048,DRV077
ORD01003,2026-08-04T19:34:00+00:00,cancelled,Coimbatore,V030,DRV098
ORD01004,2026-08-25T17:07:00+00:00,cancelled,Mysuru,V052,DRV076
ORD01005,2026-08-28T10:03:00+00:00,picked_up,Mangaluru,V090,DRV068
ORD01006,2026-08-06T01:45:00+00:00,cancelled,Hosur,V040,DRV102
ORD01007,2026-08-16T04:05:00+00:00,delivered,Coimbatore,V085,DRV019
ORD01008,2026-08-08T09:12:00+00:00,delivered,Hubballi,V027,DRV056
ORD01009,2026-09-04T06:35:00+00:00,delivered,Mangaluru,V021,DRV045
ORD01010,2026-08-20T09:20:00+00:00,picked_up,Coimbatore,V086,DRV049
ORD01011,2026-08-12T20:40:00+00:00,delivered,Hosur,V018,DRV052
ORD01012,2026-09-05T22:35:00+00:00,delivered,Coimbatore,V045,DRV063
ORD01013,2026-08-17T10:43:00+00:00,delayed,Mysuru,V048,DRV047
ORD01014,2026-09-06T07:46:00+00:00,picked_up,Coimbatore,V083,DRV030
ORD01015,2026-08-20T09:23:00+00:00,delivered,Mysuru,V012,DRV044
ORD01016,2026-08-27T01:03:00+00:00,delivered,Chennai,V087,DRV106
ORD01017,2026-08-17T09:11:00+00:00,delivered,Coimbatore,V088,DRV067
ORD01018,2026-08-10T08:34:00+00:00,in_transit,Hubballi,V052,DRV103
ORD01019,2026-09-22T13:18:00+00:00,delivered,Mangaluru,V088,DRV059
ORD01020,2026-09-08T16:21:00+00:00,delayed,Bengaluru,V039,DRV055
ORD01021,2026-09-15T18:03:00+00:00,delivered,Hosur,V061,DRV092
ORD01022,2026-09-08T14:46:00+00:00,delivered,Pune,V050,DRV112
ORD01023,2026-09-23T17:56:00+00:00,delivered,Mangaluru,V066,DRV105
ORD01024,2026-08-26T20:50:00+00:00,delivered,Hubballi,V063,DRV059
ORD01025,2026-08-24T01:03:00+00:00,delivered,Coimbatore,V087,DRV038
ORD01026,2026-09-02T17:02:00+00:00,delivered,Mangaluru,V058,DRV042
ORD01027,2026-09-02T14:13:00+00:00,delayed,Bengaluru,V069,DRV095
ORD01028,2026-09-18T19:21:00+00:00,delivered,Pune,V094,DRV019
ORD01029,2026-09-11T17:15:00+00:00,in_transit,Hubballi,V032,DRV118
ORD01030,2026-08-30T22:08:00+00:00,delivered,Hyderabad,V019,DRV078
ORD01031,2026-08-31T18:23:00+00:00,picked_up,Pune,V096,DRV039
ORD01032,2026-08-24T10:25:00+00:00,delayed,Coimbatore,V096,DRV114
ORD01033,2026-09-21T23:53:00+00:00,delivered,Coimbatore,V039,DRV079
ORD01034,2026-09-22T06:23:00+00:00,delivered,Coimbatore,V098,DRV120
ORD01035,2026-09-15T18:19:00+00:00,in_transit,Coimbatore,V078,DRV052
ORD01036,2026-09-07T04:06:00+00:00,delivered,Hyderabad,V054,DRV085
ORD01037,2026-09-24T14:57:00+00:00,delayed,Hubballi,V082,DRV041
ORD01038,2026-08-30T18:28:00+00:00,delivered,Pune,V079,DRV037
ORD01039,2026-09-24T07:33:00+00:00,delivered,Coimbatore,V050,DRV061
ORD01040,2026-08-30T04:23:00+00:00,delivered,Mangaluru,V057,DRV020
ORD01041,2026-08-16T17:06:00+00:00,in_transit,Pune,V033,DRV052
ORD01042,2026-09-21T05:09:00+00:00,cancelled,Tumakuru,V011,DRV027
ORD01043,2026-08-29T22:30:00+00:00,delivered,Mangaluru,V060,DRV004
ORD01044,2026-09-21T12:21:00+00:00,delivered,Pune,V098,DRV003
ORD01045,2026-09-19T02:05:00+00:00,delivered,Mangaluru,V078,DRV109
ORD01046,2026-08-20T09:21:00+00:00,cancelled,Hubballi,V074,DRV038
ORD01047,2026-09-07T07:28:00+00:00,delivered,Pune,V028,DRV054
ORD01048,2026-08-10T17:01:00+00:00,in_transit,Hubballi,V088,DRV082
ORD01049,2026-09-15T02:48:00+00:00,delayed,Bengaluru,V037,DRV106
ORD01050,2026-08-27T07:12:00+00:00,delivered,Bengaluru,V043,DRV098
ORD01051,2026-09-23T00:58:00+00:00,in_transit,Hosur,V054,DRV053
ORD01052,2026-08-13T15:13:00+00:00,in_transit,Coimbatore,V065,DRV011
ORD01053,2026-08-23T18:31:00+00:00,delivered,Mangaluru,V081,DRV061
ORD01054,2026-09-05T13:59:00+00:00,in_transit,Coimbatore,V025,DRV109
ORD01055,2026-08-17T00:12:00+00:00,delivered,Chennai,V092,DRV118
ORD01056,2026-08-07T00:00:00+00:00,picked_up,Mangaluru,V027,DRV074
ORD01057,2026-09-10T14:39:00+00:00,cancelled,Mysuru,V023,DRV060
ORD01058,2026-08-15T15:43:00+00:00,delivered,Hosur,V093,DRV009
ORD01059,2026-09-13T00:06:00+00:00,picked_up,Chennai,V010,DRV101
ORD01060,2026-09-18T18:37:00+00:00,delayed,Pune,V057,DRV062
ORD01061,2026-09-03T03:11:00+00:00,delivered,Mysuru,V066,DRV081
ORD01062,2026-08-14T08:40:00+00:00,picked_up,Chennai,V098,DRV106
ORD01063,2026-09-07T16:05:00+00:00,in_transit,Hubballi,V019,DRV117
ORD01064,2026-08-09T22:35:00+00:00,delivered,Hubballi,V089,DRV010
ORD01065,2026-09-01T09:14:00+00:00,delivered,Hubballi,V057,DRV043
ORD01066,2026-09-24T03:05:00+00:00,delivered,Coimbatore,V018,DRV019
ORD01067,2026-09-03T23:18:00+00:00,in_transit,Coimbatore,V092,DRV038
ORD01068,2026-09-13T07:51:00+00:00,delayed,Hubballi,V087,DRV038
ORD01069,2026-08-27T16:44:00+00:00,picked_up,Mysuru,V033,DRV082
ORD01070,2026-08-28T18:13:00+00:00,delivered,Coimbatore,V002,DRV034
ORD01071,2026-08-16T17:02:00+00:00,cancelled,Mysuru,V083,DRV020
ORD01072,2026-09-04T11:31:00+00:00,picked_up,Coimbatore,V063,DRV083
ORD01073,2026-09-04T15:55:00+00:00,delivered,Mangaluru,V009,DRV044
ORD01074,2026-08-14T19:14:00+00:00,delivered,Coimbatore,V100,DRV094
ORD01075,2026-09-11T21:27:00+00:00,in_transit,Hosur,V082,DRV117
ORD01076,2026-08-04T02:22:00+00:00,delivered,Hubballi,V013,DRV043
ORD01077,2026-09-18T20:19:00+00:00,picked_up,Pune,V069,DRV112
ORD01078,2026-09-17T16:39:00+00:00,delivered,Coimbatore,V033,DRV103
ORD01079,2026-08-17T04:42:00+00:00,delivered,Hosur,V078,DRV035
ORD01080,2026-08-06T21:11:00+00:00,picked_up,Coimbatore,V017,DRV067
ORD01081,2026-08-23T09:47:00+00:00,in_transit,Mangaluru,V075,DRV062
ORD01082,2026-08-30T04:39:00+00:00,delayed,Coimbatore,V010,DRV026
ORD01083,2026-09-13T10:47:00+00:00,delivered,Pune,V070,DRV076
ORD01084,2026-08-02T02:19:00+00:00,in_transit,Coimbatore,V015,DRV093
ORD01085,2026-09-11T17:14:00+00:00,cancelled,Mangaluru,V033,DRV097
ORD01086,2026-08-31T02:47:00+00:00,delivered,Pune,V066,DRV037
ORD01087,2026-09-01T02:31:00+00:00,delivered,Hosur,V072,DRV065
ORD01088,2026-09-14T10:59:00+00:00,delivered,Coimbatore,V066,DRV061
ORD01089,2026-09-09T13:31:00+00:00,in_transit,Mysuru,V013,DRV119
ORD01090,2026-08-17T17:58:00+00:00,delivered,Pune,V014,DRV098
ORD01091,2026-08-29T00:39:00+00:00,delivered,Chennai,V068,DRV061
ORD01092,2026-09-22T01:10:00+00:00,in_transit,Coimbatore,V042,DRV021
ORD01093,2026-08-15T09:52:00+00:00,delivered,Coimbatore,V067,DRV061
ORD01094,2026-08-25T01:22:00+00:00,delivered,Mangaluru,V039,DRV048
ORD01095,2026-08-29T17:15:00+00:00,delivered,Pune,V055,DRV073
ORD01096,2026-08-06T03:29:00+00:00,cancelled,Bengaluru,V046,DRV083
ORD01097,2026-08-19T10:16:00+00:00,delivered,Pune,V092,DRV033
ORD01098,2026-09-09T00:03:00+00:00,delayed,Mangaluru,V042,DRV072
ORD01099,2026-09-15T20:23:00+00:00,delivered,Mysuru,V036,DRV014
ORD01100,2026-09-13T20:21:00+00:00,picked_up,Mangaluru,V076,DRV061
ORD01101,2026-08-26T12:46:00+00:00,cancelled,Hosur,V076,DRV049
ORD01102,2026-08-26T07:22:00+00:00,delivered,Mangaluru,V057,DRV119
ORD01103,2026-08-07T19:14:00+00:00,delivered,Coimbatore,V100,DRV094
ORD01104,2026-08-28T07:58:00+00:00,in_transit,Hyderabad,V072,DRV012
ORD01105,2026-09-19T18:33:00+00:00,delayed,Hosur,V034,DRV072
ORD01106,2026-08-07T08:41:00+00:00,picked_up,Coimbatore,V090,DRV092
ORD01107,2026-08-17T20:16:00+00:00,delivered,Hubballi,V030,DRV059
ORD01108,2026-08-24T09:48:00+00:00,in_transit,Hubballi,V003,DRV018
ORD01109,2026-09-14T06:55:00+00:00,delayed,Coimbatore,V068,DRV008
ORD01110,2026-09-09T21:49:00+00:00,cancelled,Coimbatore,V065,DRV112
ORD01111,2026-08-31T14:10:00+00:00,in_transit,Hosur,V095,DRV010
ORD01112,2026-09-18T15:11:00+00:00,delivered,Bengaluru,V066,DRV109
ORD01113,2026-08-07T19:50:00+00:00,delayed,Coimbatore,V056,DRV105
ORD01114,2026-08-31T06:40:00+00:00,delivered,Chennai,V083,DRV074
ORD01115,2026-08-02T23:19:00+00:00,delivered,Hosur,V038,DRV001
ORD01116,2026-08-30T13:07:00+00:00,delivered,Coimbatore,V034,DRV110
ORD01117,2026-08-19T07:33:00+00:00,delayed,Hosur,V074,DRV119
ORD01118,2026-08-19T19:44:00+00:00,delivered,Mysuru,V013,DRV004
ORD01119,2026-09-01T23:17:00+00:00,cancelled,Tumakuru,V042,DRV112
ORD01120,2026-08-19T11:58:00+00:00,delivered,Coimbatore,V055,DRV035
ORD01121,2026-08-13T16:04:00+00:00,picked_up,Mysuru,V057,DRV016
ORD01122,2026-09-04T18:35:00+00:00,delivered,Coimbatore,V057,DRV052
ORD01123,2026-08-12T10:01:00+00:00,delivered,Hyderabad,V023,DRV065
ORD01124,2026-08-12T02:47:00+00:00,picked_up,Coimbatore,V095,DRV078
ORD01125,2026-08-20T08:08:00+00:00,cancelled,Coimbatore,V065,DRV047
ORD01126,2026-09-11T15:24:00+00:00,delivered,Bengaluru,V049,DRV103
ORD01127,2026-09-02T20:20:00+00:00,picked_up,Pune,V009,DRV056
ORD01128,2026-09-12T23:14:00+00:00,delivered,Hosur,V036,DRV094
ORD01129,2026-08-17T07:46:00+00:00,in_transit,Hosur,V017,DRV067
ORD01130,2026-08-06T19:15:00+00:00,in_transit,Tumakuru,V027,DRV111
ORD01131,2026-08-15T09:53:00+00:00,delivered,Coimbatore,V023,DRV120
ORD01132,2026-08-11T02:44:00+00:00,delayed,Hubballi,V004,DRV064
ORD01133,2026-08-25T03:51:00+00:00,in_transit,Coimbatore,V004,DRV101
ORD01134,2026-08-04T07:41:00+00:00,delayed,Hyderabad,V019,DRV117
ORD01135,2026-09-24T14:45:00+00:00,delayed,Mangaluru,V022,DRV021
ORD01136,2026-08-09T13:06:00+00:00,delivered,Coimbatore,V009,DRV015
ORD01137,2026-09-10T06:29:00+00:00,delivered,Pune,V078,DRV104
ORD01138,2026-08-24T13:31:00+00:00,delivered,Hyderabad,V085,DRV070
ORD01139,2026-09-22T02:08:00+00:00,delivered,Hosur,V029,DRV066
ORD01140,2026-08-09T17:19:00+00:00,delayed,Pune,V037,DRV114
ORD01141,2026-08-17T20:46:00+00:00,delayed,Mysuru,V039,DRV043
ORD01142,2026-09-08T15:38:00+00:00,delivered,Mangaluru,V019,DRV075
ORD01143,2026-08-19T02:00:00+00:00,cancelled,Coimbatore,V002,DRV019
ORD01144,2026-08-30T14:15:00+00:00,delivered,Coimbatore,V062,DRV062
ORD01145,2026-09-06T23:30:00+00:00,delivered,Hosur,V028,DRV059
ORD01146,2026-09-16T23:09:00+00:00,picked_up,Coimbatore,V044,DRV115
ORD01147,2026-09-19T23:57:00+00:00,delivered,Tumakuru,V013,DRV086
ORD01148,2026-09-08T23:58:00+00:00,in_transit,Hubballi,V070,DRV017
ORD01149,2026-08-12T02:56:00+00:00,in_transit,Bengaluru,V038,DRV017
ORD01150,2026-09-20T12:24:00+00:00,cancelled,Hosur,V011,DRV111
ORD01151,2026-08-18T21:04:00+00:00,delivered,Coimbatore,V088,DRV029
ORD01152,2026-09-24T21:37:00+00:00,delayed,Pune,V073,DRV111
ORD01153,2026-09-19T03:38:00+00:00,delivered,Hubballi,V068,DRV022
ORD01154,2026-08-21T16:19:00+00:00,picked_up,Mangaluru,V097,DRV092
ORD01155,2026-08-05T15:14:00+00:00,cancelled,Coimbatore,V052,DRV038
ORD01156,2026-08-30T12:18:00+00:00,delivered,Hubballi,V039,DRV001
ORD01157,2026-08-20T03:51:00+00:00,picked_up,Hubballi,V079,DRV077
ORD01158,2026-08-14T03:48:00+00:00,delivered,Coimbatore,V021,DRV098
ORD01159,2026-09-05T16:24:00+00:00,in_transit,Coimbatore,V032,DRV107
ORD01160,2026-08-13T20:52:00+00:00,picked_up,Coimbatore,V016,DRV093
ORD01161,2026-08-14T03:51:00+00:00,in_transit,Mangaluru,V098,DRV042
ORD01162,2026-09-17T23:11:00+00:00,delivered,Hubballi,V081,DRV077
ORD01163,2026-08-28T06:25:00+00:00,picked_up,Mangaluru,V070,DRV096
ORD01164,2026-09-01T07:24:00+00:00,picked_up,Hyderabad,V006,DRV049
ORD01165,2026-09-08T20:39:00+00:00,in_transit,Hubballi,V091,DRV089
ORD01166,2026-08-10T11:29:00+00:00,delivered,Chennai,V094,DRV078
ORD01167,2026-09-09T11:13:00+00:00,delivered,Hosur,V082,DRV014
ORD01168,2026-08-30T23:31:00+00:00,delivered,Coimbatore,V033,DRV046
ORD01169,2026-08-23T03:29:00+00:00,in_transit,Tumakuru,V029,DRV076
ORD01170,2026-09-21T01:29:00+00:00,in_transit,Tumakuru,V073,DRV049
ORD01171,2026-08-10T20:49:00+00:00,in_transit,Mysuru,V083,DRV013
ORD01172,2026-09-02T23:38:00+00:00,in_transit,Chennai,V091,DRV116
ORD01173,2026-09-01T18:25:00+00:00,in_transit,Mysuru,V057,DRV110
ORD01174,2026-08-03T10:49:00+00:00,delivered,Hosur,V024,DRV004
ORD01175,2026-08-03T16:26:00+00:00,delayed,Chennai,V033,DRV046
ORD01176,2026-09-10T16:26:00+00:00,delayed,Coimbatore,V042,DRV059
ORD01177,2026-09-20T00:07:00+00:00,in_transit,Mangaluru,V095,DRV052
ORD01178,2026-08-31T12:03:00+00:00,delivered,Coimbatore,V069,DRV095
ORD01179,2026-08-09T09:08:00+00:00,in_transit,Hyderabad,V041,DRV080
ORD01180,2026-08-25T05:37:00+00:00,picked_up,Bengaluru,V063,DRV045
ORD01181,2026-08-16T12:50:00+00:00,delivered,Coimbatore,V015,DRV025
ORD01182,2026-08-28T01:05:00+00:00,delayed,Mangaluru,V069,DRV023
ORD01183,2026-08-09T09:01:00+00:00,delayed,Coimbatore,V085,DRV052
ORD01184,2026-09-02T07:58:00+00:00,delivered,Pune,V050,DRV014
ORD01185,2026-09-10T07:17:00+00:00,picked_up,Coimbatore,V032,DRV071
ORD01186,2026-08-21T16:12:00+00:00,picked_up,Hosur,V029,DRV032
ORD01187,2026-08-14T09:26:00+00:00,delivered,Hubballi,V032,DRV003
ORD01188,2026-09-20T09:51:00+00:00,cancelled,Mangaluru,V025,DRV053
ORD01189,2026-09-05T09:38:00+00:00,delayed,Hosur,V091,DRV102
ORD01190,2026-09-03T05:16:00+00:00,picked_up,Coimbatore,V031,DRV041
ORD01191,2026-08-30T07:49:00+00:00,picked_up,Coimbatore,V090,DRV032
ORD01192,2026-09-13T10:33:00+00:00,delivered,Chennai,V014,DRV104
ORD01193,2026-08-21T14:51:00+00:00,delivered,Pune,V074,DRV108
ORD01194,2026-09-15T11:06:00+00:00,in_transit,Mangaluru,V009,DRV022
ORD01195,2026-09-01T16:14:00+00:00,delivered,Coimbatore,V091,DRV019
ORD01196,2026-09-22T00:38:00+00:00,delivered,Coimbatore,V094,DRV004
ORD01197,2026-09-06T04:45:00+00:00,delivered,Coimbatore,V058,DRV040
ORD01198,2026-09-21T21:15:00+00:00,delayed,Mangaluru,V066,DRV053
ORD01199,2026-08-06T01:17:00+00:00,delayed,Mangaluru,V046,DRV076
ORD01200,2026-09-18T10:45:00+00:00,delivered,Mysuru,V021,DRV094
ORD01201,2026-08-17T13:00:00+00:00,delivered,Pune,V064,DRV094
ORD01202,2026-09-06T21:56:00+00:00,in_transit,Hyderabad,V088,DRV050
ORD01203,2026-09-01T08:25:00+00:00,delivered,Coimbatore,V040,DRV046
ORD01204,2026-08-09T12:03:00+00:00,delivered,Hosur,V052,DRV026
ORD01205,2026-09-01T03:37:00+00:00,delivered,Pune,V013,DRV068
ORD01206,2026-09-20T21:53:00+00:00,delivered,Coimbatore,V048,DRV013
ORD01207,2026-08-01T11:05:00+00:00,delivered,Chennai,V040,DRV004
ORD01208,2026-08-18T07:00:00+00:00,in_transit,Pune,V064,DRV024
ORD01209,2026-08-15T06:32:00+00:00,in_transit,Hyderabad,V074,DRV023
ORD01210,2026-09-10T15:19:00+00:00,delivered,Chennai,V005,DRV120
ORD01211,2026-08-10T20:37:00+00:00,delivered,Mangaluru,V024,DRV076
ORD01212,2026-08-18T19:54:00+00:00,in_transit,Hosur,V079,DRV118
ORD01213,2026-09-05T12:39:00+00:00,delayed,Pune,V015,DRV086
ORD01214,2026-09-03T10:15:00+00:00,delivered,Hosur,V063,DRV025
ORD01215,2026-09-13T22:16:00+00:00,picked_up,Coimbatore,V085,DRV091
ORD01216,2026-08-30T09:14:00+00:00,picked_up,Coimbatore,V073,DRV074
ORD01217,2026-08-26T22:55:00+00:00,delivered,Bengaluru,V058,DRV098
ORD01218,2026-09-06T20:17:00+00:00,delivered,Mysuru,V011,DRV063
ORD01219,2026-09-21T02:52:00+00:00,delivered,Mangaluru,V050,DRV040
ORD01220,2026-08-05T00:44:00+00:00,delivered,Pune,V012,DRV040
ORD01221,2026-08-05T12:05:00+00:00,delivered,Mysuru,V007,DRV039
ORD01222,2026-08-05T23:12:00+00:00,picked_up,Pune,V088,DRV112
ORD01223,2026-08-05T04:44:00+00:00,picked_up,Coimbatore,V013,DRV059
ORD01224,2026-08-19T16:22:00+00:00,delivered,Hyderabad,V074,DRV082
ORD01225,2026-08-11T15:57:00+00:00,picked_up,Coimbatore,V001,DRV116
ORD01226,2026-08-22T00:19:00+00:00,delivered,Hosur,V052,DRV006
ORD01227,2026-08-24T14:04:00+00:00,picked_up,Hosur,V055,DRV088
ORD01228,2026-09-07T08:37:00+00:00,in_transit,Mangaluru,V054,DRV106
ORD01229,2026-09-14T14:40:00+00:00,delivered,Coimbatore,V002,DRV081
ORD01230,2026-08-21T07:59:00+00:00,delivered,Mangaluru,V015,DRV015
ORD01231,2026-09-19T01:51:00+00:00,delivered,Coimbatore,V095,DRV033
ORD01232,2026-08-26T23:59:00+00:00,picked_up,Hyderabad,V034,DRV014
ORD01233,2026-09-20T16:12:00+00:00,picked_up,Coimbatore,V026,DRV017
ORD01234,2026-08-10T23:53:00+00:00,delivered,Mangaluru,V005,DRV107
ORD01235,2026-08-23T05:31:00+00:00,delivered,Mysuru,V048,DRV057
ORD01236,2026-09-15T20:52:00+00:00,delayed,Mysuru,V025,DRV099
ORD01237,2026-08-02T10:21:00+00:00,picked_up,Coimbatore,V044,DRV111
ORD01238,2026-08-19T09:08:00+00:00,picked_up,Hubballi,V008,DRV051
ORD01239,2026-08-06T19:34:00+00:00,delivered,Chennai,V081,DRV025
ORD01240,2026-08-07T09:07:00+00:00,picked_up,Mangaluru,V078,DRV068
ORD01241,2026-08-30T03:18:00+00:00,delivered,Pune,V088,DRV009
ORD01242,2026-08-30T07:03:00+00:00,delivered,Mangaluru,V019,DRV116
ORD01243,2026-08-01T09:42:00+00:00,in_transit,Mangaluru,V050,DRV099
ORD01244,2026-09-21T10:01:00+00:00,delivered,Tumakuru,V003,DRV084
ORD01245,2026-09-05T08:10:00+00:00,delivered,Mangaluru,V096,DRV031
ORD01246,2026-09-13T16:54:00+00:00,picked_up,Hosur,V020,DRV059
ORD01247,2026-08-27T06:07:00+00:00,in_transit,Mysuru,V023,DRV050
ORD01248,2026-09-09T12:05:00+00:00,picked_up,Pune,V019,DRV006
ORD01249,2026-09-06T18:36:00+00:00,delivered,Mangaluru,V081,DRV046
ORD01250,2026-09-12T01:21:00+00:00,delayed,Coimbatore,V057,DRV050
ORD01251,2026-09-06T09:19:00+00:00,delivered,Mangaluru,V068,DRV027
ORD01252,2026-08-18T22:06:00+00:00,picked_up,Coimbatore,V094,DRV085
ORD01253,2026-09-04T04:02:00+00:00,in_transit,Chennai,V028,DRV051
ORD01254,2026-09-11T06:08:00+00:00,delivered,Tumakuru,V100,DRV112
ORD01255,2026-08-31T19:32:00+00:00,in_transit,Hubballi,V021,DRV085
ORD01256,2026-08-03T09:12:00+00:00,in_transit,Mangaluru,V050,DRV073
ORD01257,2026-09-06T18:13:00+00:00,in_transit,Chennai,V026,DRV020
ORD01258,2026-08-12T22:21:00+00:00,delayed,Hosur,V063,DRV041
ORD01259,2026-08-08T22:41:00+00:00,delivered,Mysuru,V007,DRV043
ORD01260,2026-08-14T22:38:00+00:00,cancelled,Bengaluru,V040,DRV108
ORD01261,2026-09-23T05:21:00+00:00,picked_up,Mysuru,V058,DRV061
ORD01262,2026-08-10T09:35:00+00:00,picked_up,Coimbatore,V021,DRV116
ORD01263,2026-09-18T13:33:00+00:00,picked_up,Pune,V053,DRV021
ORD01264,2026-08-11T08:18:00+00:00,in_transit,Hosur,V019,DRV117
ORD01265,2026-09-04T20:16:00+00:00,delivered,Coimbatore,V062,DRV022
ORD01266,2026-09-22T04:34:00+00:00,delivered,Coimbatore,V003,DRV063
ORD01267,2026-09-03T17:48:00+00:00,delivered,Pune,V018,DRV080
ORD01268,2026-08-19T04:06:00+00:00,cancelled,Bengaluru,V042,DRV038
ORD01269,2026-08-02T13:20:00+00:00,in_transit,Hosur,V076,DRV054
ORD01270,2026-09-16T20:38:00+00:00,delivered,Coimbatore,V067,DRV116
ORD01271,2026-08-05T21:38:00+00:00,in_transit,Mangaluru,V090,DRV040
ORD01272,2026-08-04T19:32:00+00:00,delivered,Mangaluru,V098,DRV085
ORD01273,2026-08-03T23:26:00+00:00,delivered,Pune,V080,DRV002
ORD01274,2026-08-19T07:39:00+00:00,picked_up,Mangaluru,V049,DRV050
ORD01275,2026-09-03T12:33:00+00:00,picked_up,Hosur,V055,DRV053
ORD01276,2026-09-20T07:44:00+00:00,delivered,Hubballi,V037,DRV035
ORD01277,2026-09-16T09:52:00+00:00,picked_up,Mysuru,V003,DRV104
ORD01278,2026-08-17T03:51:00+00:00,delivered,Hyderabad,V020,DRV074
ORD01279,2026-08-02T10:40:00+00:00,delayed,Chennai,V044,DRV112
ORD01280,2026-08-31T04:22:00+00:00,delayed,Hosur,V014,DRV079
ORD01281,2026-08-08T11:36:00+00:00,delivered,Bengaluru,V092,DRV012
ORD01282,2026-08-05T17:36:00+00:00,delayed,Coimbatore,V050,DRV042
ORD01283,2026-09-15T06:06:00+00:00,in_transit,Bengaluru,V024,DRV061
ORD01284,2026-09-16T09:47:00+00:00,delivered,Coimbatore,V023,DRV026
ORD01285,2026-08-18T07:32:00+00:00,in_transit,Hosur,V090,DRV098
ORD01286,2026-08-21T22:54:00+00:00,delivered,Mangaluru,V082,DRV108
ORD01287,2026-09-16T05:11:00+00:00,in_transit,Chennai,V028,DRV055
ORD01288,2026-08-01T16:08:00+00:00,in_transit,Pune,V088,DRV033
ORD01289,2026-08-06T21:17:00+00:00,delivered,Coimbatore,V094,DRV008
ORD01290,2026-08-09T05:55:00+00:00,delivered,Chennai,V099,DRV118
ORD01291,2026-08-30T05:35:00+00:00,delivered,Hubballi,V096,DRV104
ORD01292,2026-09-14T13:06:00+00:00,delivered,Coimbatore,V096,DRV025
ORD01293,2026-09-07T11:21:00+00:00,delivered,Pune,V060,DRV042
ORD01294,2026-08-14T23:03:00+00:00,delivered,Hosur,V097,DRV050
ORD01295,2026-09-04T17:45:00+00:00,cancelled,Mysuru,V081,DRV020
ORD01296,2026-08-16T21:06:00+00:00,delivered,Hosur,V024,DRV028
ORD01297,2026-08-14T17:08:00+00:00,delivered,Hyderabad,V026,DRV003
ORD01298,2026-09-20T04:02:00+00:00,delivered,Coimbatore,V025,DRV063
ORD01299,2026-08-15T14:02:00+00:00,delivered,Hosur,V086,DRV008
ORD01300,2026-09-13T11:32:00+00:00,in_transit,Mangaluru,V019,DRV031
ORD01301,2026-09-14T21:13:00+00:00,delivered,Coimbatore,V040,DRV081
ORD01302,2026-09-09T04:23:00+00:00,in_transit,Hubballi,V077,DRV017
ORD01303,2026-08-12T19:23:00+00:00,delivered,Coimbatore,V061,DRV009
ORD01304,2026-08-23T15:22:00+00:00,delivered,Coimbatore,V042,DRV089
ORD01305,2026-08-26T14:14:00+00:00,in_transit,Hyderabad,V074,DRV102
ORD01306,2026-09-22T04:36:00+00:00,cancelled,Mangaluru,V030,DRV091
ORD01307,2026-09-21T10:08:00+00:00,delivered,Tumakuru,V003,DRV041
ORD01308,2026-08-30T07:33:00+00:00,delivered,Mysuru,V063,DRV060
ORD01309,2026-09-05T11:52:00+00:00,delayed,Hosur,V099,DRV036
ORD01310,2026-08-23T15:47:00+00:00,delivered,Hyderabad,V001,DRV042
ORD01311,2026-08-26T01:40:00+00:00,cancelled,Mysuru,V063,DRV041
ORD01312,2026-09-24T14:14:00+00:00,in_transit,Coimbatore,V038,DRV094
ORD01313,2026-08-26T19:35:00+00:00,delivered,Chennai,V049,DRV055
ORD01314,2026-08-14T06:10:00+00:00,delivered,Coimbatore,V004,DRV084
ORD01315,2026-08-14T13:28:00+00:00,delivered,Hubballi,V049,DRV072
ORD01316,2026-08-26T00:20:00+00:00,delivered,Chennai,V026,DRV091
ORD01317,2026-09-23T14:13:00+00:00,delivered,Coimbatore,V003,DRV016
ORD01318,2026-09-03T19:23:00+00:00,delivered,Mangaluru,V093,DRV049
ORD01319,2026-08-30T14:37:00+00:00,delivered,Hosur,V042,DRV079
ORD01320,2026-09-21T18:50:00+00:00,delivered,Coimbatore,V066,DRV008
ORD01321,2026-08-13T21:02:00+00:00,delivered,Mysuru,V067,DRV021
ORD01322,2026-08-31T22:28:00+00:00,delivered,Pune,V044,DRV097
ORD01323,2026-08-06T20:46:00+00:00,delivered,Tumakuru,V083,DRV102
ORD01324,2026-08-19T23:07:00+00:00,delivered,Coimbatore,V015,DRV098
ORD01325,2026-09-20T18:57:00+00:00,delivered,Coimbatore,V083,DRV108
ORD01326,2026-08-21T01:29:00+00:00,delayed,Mysuru,V020,DRV112
ORD01327,2026-09-06T04:31:00+00:00,delivered,Hosur,V098,DRV038
ORD01328,2026-08-07T09:45:00+00:00,delivered,Pune,V076,DRV005
ORD01329,2026-08-01T19:20:00+00:00,delivered,Tumakuru,V011,DRV075
ORD01330,2026-08-15T01:40:00+00:00,delivered,Hubballi,V081,DRV096
ORD01331,2026-09-16T15:13:00+00:00,delivered,Coimbatore,V026,DRV097
ORD01332,2026-08-30T19:02:00+00:00,picked_up,Bengaluru,V051,DRV016
ORD01333,2026-09-24T23:58:00+00:00,cancelled,Hosur,V086,DRV066
ORD01334,2026-08-05T00:11:00+00:00,delivered,Bengaluru,V014,DRV096
ORD01335,2026-08-20T18:05:00+00:00,picked_up,Coimbatore,V039,DRV047
ORD01336,2026-09-21T17:15:00+00:00,picked_up,Mangaluru,V033,DRV028
ORD01337,2026-08-20T19:54:00+00:00,picked_up,Chennai,V043,DRV027
ORD01338,2026-09-05T18:43:00+00:00,in_transit,Hosur,V022,DRV118
ORD01339,2026-08-27T04:55:00+00:00,delayed,Coimbatore,V086,DRV110
ORD01340,2026-08-01T00:55:00+00:00,picked_up,Chennai,V080,DRV007
ORD01341,2026-09-10T15:42:00+00:00,delivered,Coimbatore,V073,DRV021
ORD01342,2026-08-18T11:29:00+00:00,cancelled,Hubballi,V095,DRV113
ORD01343,2026-08-03T02:27:00+00:00,delivered,Coimbatore,V005,DRV116
ORD01344,2026-09-11T15:59:00+00:00,picked_up,Hubballi,V027,DRV016
ORD01345,2026-08-11T08:34:00+00:00,delivered,Chennai,V031,DRV059
ORD01346,2026-09-21T07:16:00+00:00,delivered,Pune,V094,DRV089
ORD01347,2026-09-04T10:18:00+00:00,delivered,Coimbatore,V064,DRV056
ORD01348,2026-09-22T16:22:00+00:00,picked_up,Chennai,V085,DRV009
ORD01349,2026-08-25T12:02:00+00:00,delivered,Bengaluru,V035,DRV112
ORD01350,2026-08-05T01:07:00+00:00,picked_up,Hyderabad,V056,DRV072
ORD01351,2026-09-03T06:45:00+00:00,delivered,Hyderabad,V048,DRV059
ORD01352,2026-09-20T05:32:00+00:00,delivered,Coimbatore,V042,DRV095
ORD01353,2026-09-06T18:15:00+00:00,delivered,Coimbatore,V045,DRV099
ORD01354,2026-09-07T04:24:00+00:00,delivered,Tumakuru,V056,DRV012
ORD01355,2026-09-02T16:12:00+00:00,in_transit,Hosur,V058,DRV097
ORD01356,2026-09-16T07:04:00+00:00,picked_up,Mangaluru,V081,DRV019
ORD01357,2026-09-22T09:09:00+00:00,delivered,Coimbatore,V027,DRV106
ORD01358,2026-09-15T17:47:00+00:00,delivered,Bengaluru,V067,DRV014
ORD01359,2026-08-16T01:06:00+00:00,delayed,Pune,V088,DRV091
ORD01360,2026-09-04T04:47:00+00:00,delivered,Mangaluru,V051,DRV067
ORD01361,2026-09-07T05:13:00+00:00,in_transit,Hubballi,V014,DRV029
ORD01362,2026-09-16T00:30:00+00:00,delayed,Hyderabad,V064,DRV019
ORD01363,2026-08-28T14:08:00+00:00,picked_up,Bengaluru,V070,DRV082
ORD01364,2026-08-03T22:25:00+00:00,delivered,Pune,V027,DRV024
ORD01365,2026-08-12T01:16:00+00:00,delivered,Hosur,V046,DRV085
ORD01366,2026-09-01T11:24:00+00:00,delivered,Coimbatore,V027,DRV039
ORD01367,2026-09-24T03:28:00+00:00,delivered,Mangaluru,V063,DRV005
ORD01368,2026-08-24T10:41:00+00:00,delayed,Mysuru,V050,DRV097
ORD01369,2026-09-01T23:32:00+00:00,picked_up,Hyderabad,V088,DRV063
ORD01370,2026-08-09T03:23:00+00:00,delivered,Tumakuru,V070,DRV012
ORD01371,2026-09-11T09:53:00+00:00,delivered,Hyderabad,V044,DRV031
ORD01372,2026-08-29T10:21:00+00:00,in_transit,Mangaluru,V091,DRV110
ORD01373,2026-08-09T16:20:00+00:00,delivered,Chennai,V017,DRV076
ORD01374,2026-08-17T14:23:00+00:00,delivered,Chennai,V090,DRV073
ORD01375,2026-08-11T18:46:00+00:00,in_transit,Coimbatore,V063,DRV023
ORD01376,2026-08-27T12:09:00+00:00,in_transit,Mysuru,V055,DRV015
ORD01377,2026-09-14T06:55:00+00:00,delivered,Mangaluru,V050,DRV100
ORD01378,2026-08-17T19:10:00+00:00,delivered,Coimbatore,V088,DRV075
ORD01379,2026-08-10T09:52:00+00:00,delivered,Bengaluru,V017,DRV095
ORD01380,2026-09-03T14:45:00+00:00,delayed,Hosur,V056,DRV003
ORD01381,2026-08-10T17:10:00+00:00,delivered,Tumakuru,V005,DRV036
ORD01382,2026-08-09T03:14:00+00:00,delivered,Mysuru,V086,DRV046
ORD01383,2026-08-13T18:25:00+00:00,delivered,Hosur,V021,DRV012
ORD01384,2026-09-10T18:55:00+00:00,in_transit,Bengaluru,V070,DRV048
ORD01385,2026-08-17T23:18:00+00:00,in_transit,Mysuru,V015,DRV072
ORD01386,2026-08-28T08:56:00+00:00,delivered,Mysuru,V090,DRV051
ORD01387,2026-08-02T05:29:00+00:00,delivered,Coimbatore,V086,DRV035
ORD01388,2026-08-30T08:00:00+00:00,picked_up,Coimbatore,V062,DRV103
ORD01389,2026-09-13T14:22:00+00:00,delivered,Hyderabad,V013,DRV023
ORD01390,2026-09-16T14:58:00+00:00,delivered,Mangaluru,V098,DRV009
ORD01391,2026-08-23T14:17:00+00:00,in_transit,Mangaluru,V053,DRV108
ORD01392,2026-08-06T10:55:00+00:00,delayed,Chennai,V006,DRV112
ORD01393,2026-09-04T04:44:00+00:00,delivered,Coimbatore,V078,DRV108
ORD01394,2026-09-16T14:33:00+00:00,picked_up,Mangaluru,V083,DRV112
ORD01395,2026-08-27T08:12:00+00:00,delivered,Chennai,V010,DRV056
ORD01396,2026-09-21T05:43:00+00:00,delivered,Mysuru,V100,DRV019
ORD01397,2026-08-26T16:26:00+00:00,delivered,Coimbatore,V044,DRV039
ORD01398,2026-09-16T17:35:00+00:00,delivered,Hyderabad,V097,DRV112
ORD01399,2026-08-09T09:13:00+00:00,in_transit,Mangaluru,V044,DRV069
ORD01400,2026-08-25T19:38:00+00:00,picked_up,Mangaluru,V077,DRV066
ORD01401,2026-09-21T15:10:00+00:00,delivered,Chennai,V040,DRV025
ORD01402,2026-09-24T11:46:00+00:00,delivered,Hubballi,V085,DRV025
ORD01403,2026-09-19T11:02:00+00:00,in_transit,Hubballi,V027,DRV103
ORD01404,2026-08-23T17:29:00+00:00,delivered,Mangaluru,V082,DRV107
ORD01405,2026-09-04T08:06:00+00:00,delivered,Hosur,V062,DRV092
ORD01406,2026-08-14T12:42:00+00:00,delivered,Mangaluru,V010,DRV033
ORD01407,2026-08-01T12:09:00+00:00,delivered,Coimbatore,V033,DRV119
ORD01408,2026-08-26T09:16:00+00:00,delivered,Coimbatore,V054,DRV026
ORD01409,2026-09-24T05:54:00+00:00,delivered,Tumakuru,V056,DRV050
ORD01410,2026-08-12T05:45:00+00:00,delivered,Coimbatore,V007,DRV006
ORD01411,2026-09-18T17:52:00+00:00,delivered,Pune,V013,DRV119
ORD01412,2026-08-06T14:48:00+00:00,delivered,Coimbatore,V044,DRV080
ORD01413,2026-08-22T01:51:00+00:00,delivered,Chennai,V078,DRV074
ORD01414,2026-08-03T05:44:00+00:00,in_transit,Chennai,V041,DRV098
ORD01415,2026-09-19T11:51:00+00:00,in_transit,Coimbatore,V021,DRV012
ORD01416,2026-08-09T22:33:00+00:00,delivered,Pune,V053,DRV029
ORD01417,2026-08-16T22:03:00+00:00,picked_up,Mangaluru,V036,DRV014
ORD01418,2026-09-22T19:25:00+00:00,picked_up,Hosur,V050,DRV058
ORD01419,2026-09-07T04:58:00+00:00,delayed,Pune,V057,DRV020
ORD01420,2026-08-25T20:39:00+00:00,delivered,Tumakuru,V087,DRV063
ORD01421,2026-09-15T13:39:00+00:00,delivered,Pune,V050,DRV108
ORD01422,2026-08-08T04:45:00+00:00,in_transit,Mysuru,V090,DRV088
ORD01423,2026-08-20T22:22:00+00:00,delivered,Coimbatore,V052,DRV036
ORD01424,2026-09-24T21:30:00+00:00,picked_up,Mangaluru,V004,DRV088
ORD01425,2026-09-11T07:20:00+00:00,delayed,Mysuru,V003,DRV050
ORD01426,2026-08-03T00:49:00+00:00,delivered,Mangaluru,V093,DRV058
ORD01427,2026-09-01T18:23:00+00:00,delivered,Mysuru,V047,DRV117
ORD01428,2026-08-20T23:20:00+00:00,picked_up,Mangaluru,V083,DRV067
ORD01429,2026-09-03T10:00:00+00:00,delivered,Mangaluru,V030,DRV012
ORD01430,2026-08-05T14:58:00+00:00,delivered,Pune,V068,DRV120
ORD01431,2026-08-14T01:13:00+00:00,picked_up,Mangaluru,V036,DRV112
ORD01432,2026-08-16T09:13:00+00:00,delivered,Hubballi,V030,DRV112
ORD01433,2026-08-27T06:08:00+00:00,delivered,Pune,V055,DRV115
ORD01434,2026-09-24T22:19:00+00:00,delayed,Bengaluru,V009,DRV099
ORD01435,2026-08-12T08:48:00+00:00,delayed,Pune,V071,DRV098
ORD01436,2026-08-18T04:47:00+00:00,delivered,Pune,V002,DRV042
ORD01437,2026-09-15T14:59:00+00:00,delivered,Pune,V008,DRV051
ORD01438,2026-08-15T09:48:00+00:00,picked_up,Hyderabad,V031,DRV111
ORD01439,2026-09-12T03:50:00+00:00,delivered,Coimbatore,V023,DRV091
ORD01440,2026-08-05T00:35:00+00:00,delivered,Mysuru,V049,DRV018
ORD01441,2026-09-14T19:07:00+00:00,in_transit,Pune,V051,DRV071
ORD01442,2026-09-17T12:00:00+00:00,delivered,Hubballi,V078,DRV074
ORD01443,2026-08-16T05:32:00+00:00,delivered,Chennai,V064,DRV017
ORD01444,2026-09-03T14:21:00+00:00,picked_up,Coimbatore,V015,DRV078
ORD01445,2026-09-04T04:13:00+00:00,delivered,Coimbatore,V063,DRV026
ORD01446,2026-09-11T02:36:00+00:00,picked_up,Mysuru,V098,DRV096
ORD01447,2026-08-14T03:22:00+00:00,delivered,Hosur,V030,DRV116
ORD01448,2026-09-12T12:11:00+00:00,delayed,Bengaluru,V048,DRV113
ORD01449,2026-08-05T19:41:00+00:00,delivered,Coimbatore,V019,DRV115
ORD01450,2026-09-02T03:13:00+00:00,delivered,Coimbatore,V050,DRV114
ORD01451,2026-09-02T07:54:00+00:00,picked_up,Mangaluru,V071,DRV062
ORD01452,2026-08-31T05:38:00+00:00,delivered,Pune,V065,DRV022
ORD01453,2026-08-25T13:30:00+00:00,delivered,Mangaluru,V066,DRV028
ORD01454,2026-09-06T20:01:00+00:00,delivered,Hosur,V079,DRV059
ORD01455,2026-08-05T19:14:00+00:00,picked_up,Coimbatore,V075,DRV016
ORD01456,2026-08-04T08:37:00+00:00,in_transit,Coimbatore,V071,DRV094
ORD01457,2026-08-31T02:45:00+00:00,in_transit,Mangaluru,V057,DRV094
ORD01458,2026-08-09T12:16:00+00:00,in_transit,Bengaluru,V036,DRV051
ORD01459,2026-08-02T06:20:00+00:00,cancelled,Coimbatore,V025,DRV054
ORD01460,2026-09-08T21:29:00+00:00,delivered,Chennai,V033,DRV118
ORD01461,2026-08-04T14:09:00+00:00,delivered,Coimbatore,V062,DRV101
ORD01462,2026-09-15T02:21:00+00:00,delivered,Mangaluru,V086,DRV059
ORD01463,2026-09-22T17:55:00+00:00,in_transit,Hubballi,V095,DRV043
ORD01464,2026-08-26T09:55:00+00:00,picked_up,Chennai,V100,DRV115
ORD01465,2026-09-14T00:45:00+00:00,delivered,Hosur,V066,DRV039
ORD01466,2026-08-28T10:18:00+00:00,picked_up,Hyderabad,V033,DRV014
ORD01467,2026-09-12T10:13:00+00:00,picked_up,Hosur,V013,DRV090
ORD01468,2026-09-08T09:36:00+00:00,in_transit,Bengaluru,V039,DRV011
ORD01469,2026-08-07T02:30:00+00:00,delayed,Mangaluru,V008,DRV056
ORD01470,2026-09-13T03:59:00+00:00,cancelled,Coimbatore,V043,DRV048
ORD01471,2026-09-14T22:29:00+00:00,picked_up,Tumakuru,V051,DRV076
ORD01472,2026-08-27T07:10:00+00:00,delivered,Chennai,V022,DRV044
ORD01473,2026-08-08T17:59:00+00:00,delivered,Mangaluru,V011,DRV102
ORD01474,2026-09-14T20:33:00+00:00,picked_up,Mysuru,V090,DRV083
ORD01475,2026-08-17T09:06:00+00:00,delivered,Hyderabad,V038,DRV108
ORD01476,2026-08-04T21:37:00+00:00,delivered,Coimbatore,V040,DRV043
ORD01477,2026-08-04T18:50:00+00:00,in_transit,Pune,V025,DRV102
ORD01478,2026-08-25T13:32:00+00:00,in_transit,Chennai,V079,DRV108
ORD01479,2026-08-13T20:37:00+00:00,delivered,Hyderabad,V078,DRV110
ORD01480,2026-08-09T21:39:00+00:00,delivered,Coimbatore,V029,DRV089
ORD01481,2026-08-15T22:29:00+00:00,in_transit,Mangaluru,V058,DRV046
ORD01482,2026-09-08T03:11:00+00:00,picked_up,Bengaluru,V031,DRV102
ORD01483,2026-09-12T05:01:00+00:00,delivered,Chennai,V020,DRV005
ORD01484,2026-08-14T13:20:00+00:00,delivered,Pune,V058,DRV017
ORD01485,2026-08-30T04:18:00+00:00,in_transit,Hosur,V092,DRV062
ORD01486,2026-09-23T15:13:00+00:00,delivered,Pune,V091,DRV027
ORD01487,2026-09-05T17:21:00+00:00,delivered,Coimbatore,V009,DRV007
ORD01488,2026-09-15T08:31:00+00:00,delivered,Coimbatore,V051,DRV101
ORD01489,2026-09-08T12:22:00+00:00,in_transit,Mangaluru,V097,DRV073
ORD01490,2026-09-07T22:41:00+00:00,delivered,Mysuru,V043,DRV019
ORD01491,2026-09-25T03:10:00+00:00,delivered,Coimbatore,V036,DRV117
ORD01492,2026-08-01T20:30:00+00:00,in_transit,Tumakuru,V092,DRV044
ORD01493,2026-09-14T01:51:00+00:00,delayed,Chennai,V065,DRV026
ORD01494,2026-08-25T22:01:00+00:00,delivered,Chennai,V068,DRV076
ORD01495,2026-09-23T21:45:00+00:00,delivered,Hosur,V069,DRV097
ORD01496,2026-08-02T19:01:00+00:00,delivered,Hosur,V081,DRV102
ORD01497,2026-09-22T05:29:00+00:00,delivered,Hubballi,V041,DRV107
ORD01498,2026-08-28T11:40:00+00:00,picked_up,Hubballi,V005,DRV105
ORD01499,2026-08-01T13:04:00+00:00,delivered,Hubballi,V006,DRV029
ORD01500,2026-09-09T03:50:00+00:00,delivered,Hyderabad,V010,DRV103
ORD01501,2026-08-29T01:47:00+00:00,delayed,Chennai,V085,DRV007
ORD01502,2026-08-27T06:00:00+00:00,delayed,Pune,V031,DRV119
ORD01503,2026-08-19T09:53:00+00:00,delivered,Tumakuru,V055,DRV011
ORD01504,2026-08-10T07:12:00+00:00,delivered,Pune,V096,DRV094
ORD01505,2026-08-24T10:46:00+00:00,delivered,Mangaluru,V055,DRV027
ORD01506,2026-08-29T05:44:00+00:00,cancelled,Hyderabad,V089,DRV071
ORD01507,2026-08-01T08:34:00+00:00,cancelled,Pune,V009,DRV100
ORD01508,2026-08-31T22:01:00+00:00,delivered,Hosur,V099,DRV107
ORD01509,2026-09-13T20:24:00+00:00,in_transit,Pune,V036,DRV101
ORD01510,2026-08-17T06:57:00+00:00,delivered,Pune,V025,DRV070
ORD01511,2026-08-06T22:59:00+00:00,delivered,Coimbatore,V044,DRV021
ORD01512,2026-08-03T21:46:00+00:00,delivered,Hubballi,V050,DRV102
ORD01513,2026-08-20T10:10:00+00:00,delivered,Bengaluru,V080,DRV082
ORD01514,2026-09-20T18:28:00+00:00,delayed,Hosur,V050,DRV042
ORD01515,2026-09-11T11:15:00+00:00,delivered,Tumakuru,V074,DRV046
ORD01516,2026-09-07T21:12:00+00:00,delayed,Mangaluru,V001,DRV041
ORD01517,2026-09-24T07:23:00+00:00,delivered,Hyderabad,V099,DRV015
ORD01518,2026-09-20T14:58:00+00:00,cancelled,Hosur,V093,DRV098
ORD01519,2026-08-29T21:17:00+00:00,delivered,Tumakuru,V069,DRV106
ORD01520,2026-08-06T01:35:00+00:00,picked_up,Chennai,V086,DRV018
ORD01521,2026-09-01T03:11:00+00:00,picked_up,Coimbatore,V010,DRV068
ORD01522,2026-08-28T08:05:00+00:00,delivered,Hubballi,V004,DRV037
ORD01523,2026-09-17T21:21:00+00:00,in_transit,Coimbatore,V013,DRV047
ORD01524,2026-08-30T01:39:00+00:00,picked_up,Hosur,V024,DRV074
ORD01525,2026-08-26T09:04:00+00:00,delivered,Coimbatore,V098,DRV071
ORD01526,2026-09-19T20:39:00+00:00,delivered,Hosur,V071,DRV085
ORD01527,2026-08-29T10:06:00+00:00,picked_up,Mysuru,V054,DRV012
ORD01528,2026-08-07T06:51:00+00:00,delivered,Coimbatore,V076,DRV001
ORD01529,2026-09-02T21:54:00+00:00,delivered,Hyderabad,V014,DRV034
ORD01530,2026-08-16T12:09:00+00:00,delivered,Hosur,V073,DRV090
ORD01531,2026-08-12T13:03:00+00:00,delivered,Hubballi,V088,DRV066
ORD01532,2026-08-26T02:03:00+00:00,in_transit,Chennai,V094,DRV100
ORD01533,2026-08-06T14:31:00+00:00,delivered,Chennai,V079,DRV086
ORD01534,2026-09-01T10:40:00+00:00,delivered,Mangaluru,V076,DRV053
ORD01535,2026-08-12T08:37:00+00:00,delayed,Hosur,V033,DRV083
ORD01536,2026-09-07T03:43:00+00:00,in_transit,Bengaluru,V096,DRV033
ORD01537,2026-08-12T00:32:00+00:00,cancelled,Coimbatore,V032,DRV017
ORD01538,2026-08-07T18:57:00+00:00,in_transit,Mysuru,V018,DRV028
ORD01539,2026-08-20T06:25:00+00:00,delayed,Hyderabad,V090,DRV002
ORD01540,2026-09-10T19:44:00+00:00,delivered,Coimbatore,V093,DRV083
ORD01541,2026-09-04T17:05:00+00:00,in_transit,Chennai,V088,DRV036
ORD01542,2026-08-20T00:13:00+00:00,delivered,Mysuru,V025,DRV112
ORD01543,2026-09-09T20:28:00+00:00,delivered,Coimbatore,V001,DRV056
ORD01544,2026-09-11T19:40:00+00:00,delivered,Coimbatore,V027,DRV053
ORD01545,2026-08-26T15:32:00+00:00,delivered,Hyderabad,V099,DRV002
ORD01546,2026-09-01T20:16:00+00:00,delivered,Hosur,V029,DRV058
ORD01547,2026-08-25T15:22:00+00:00,delivered,Hosur,V029,DRV057
ORD01548,2026-09-05T02:44:00+00:00,delivered,Tumakuru,V071,DRV066
ORD01549,2026-09-17T16:09:00+00:00,delivered,Coimbatore,V013,DRV035
ORD01550,2026-08-06T19:58:00+00:00,in_transit,Pune,V014,DRV031
ORD01551,2026-09-22T11:39:00+00:00,delayed,Mangaluru,V068,DRV118
ORD01552,2026-08-14T18:52:00+00:00,cancelled,Hyderabad,V042,DRV099
ORD01553,2026-08-01T05:39:00+00:00,delivered,Mangaluru,V024,DRV014
ORD01554,2026-09-23T09:42:00+00:00,delivered,Mangaluru,V052,DRV086
ORD01555,2026-09-13T02:08:00+00:00,in_transit,Mangaluru,V032,DRV042
ORD01556,2026-08-22T23:49:00+00:00,delivered,Hyderabad,V064,DRV030
ORD01557,2026-09-21T14:55:00+00:00,picked_up,Chennai,V030,DRV053
ORD01558,2026-09-18T18:09:00+00:00,cancelled,Chennai,V010,DRV014
ORD01559,2026-08-20T17:59:00+00:00,delivered,Coimbatore,V013,DRV005
ORD01560,2026-08-11T23:52:00+00:00,cancelled,Chennai,V083,DRV076
ORD01561,2026-08-22T13:47:00+00:00,in_transit,Mangaluru,V012,DRV104
ORD01562,2026-08-26T07:27:00+00:00,delivered,Hyderabad,V085,DRV097
ORD01563,2026-08-31T02:51:00+00:00,delivered,Chennai,V065,DRV075
ORD01564,2026-09-01T18:51:00+00:00,picked_up,Mysuru,V097,DRV058
ORD01565,2026-09-22T03:13:00+00:00,delivered,Hyderabad,V036,DRV025
ORD01566,2026-08-17T12:08:00+00:00,delivered,Mysuru,V027,DRV026
ORD01567,2026-09-11T01:19:00+00:00,delivered,Coimbatore,V018,DRV005
ORD01568,2026-09-09T10:52:00+00:00,delivered,Coimbatore,V009,DRV107
ORD01569,2026-08-16T15:25:00+00:00,delivered,Hyderabad,V069,DRV023
ORD01570,2026-08-20T08:24:00+00:00,delivered,Coimbatore,V054,DRV014
ORD01571,2026-09-17T12:42:00+00:00,delayed,Mangaluru,V087,DRV068
ORD01572,2026-09-24T04:00:00+00:00,delivered,Coimbatore,V073,DRV028
ORD01573,2026-09-10T14:16:00+00:00,delivered,Mangaluru,V034,DRV078
ORD01574,2026-08-27T23:00:00+00:00,delivered,Bengaluru,V069,DRV060
ORD01575,2026-08-22T01:34:00+00:00,delayed,Coimbatore,V069,DRV110
ORD01576,2026-08-13T09:46:00+00:00,delivered,Coimbatore,V024,DRV069
ORD01577,2026-09-16T11:34:00+00:00,picked_up,Coimbatore,V070,DRV114
ORD01578,2026-08-08T17:43:00+00:00,delivered,Pune,V069,DRV012
ORD01579,2026-08-13T11:00:00+00:00,picked_up,Pune,V006,DRV055
ORD01580,2026-08-09T08:59:00+00:00,delivered,Coimbatore,V080,DRV057
ORD01581,2026-08-08T10:18:00+00:00,delayed,Tumakuru,V042,DRV059
ORD01582,2026-08-04T01:21:00+00:00,delayed,Mysuru,V100,DRV004
ORD01583,2026-08-16T02:13:00+00:00,delayed,Mangaluru,V082,DRV075
ORD01584,2026-08-10T04:21:00+00:00,delivered,Mangaluru,V069,DRV083
ORD01585,2026-08-03T13:05:00+00:00,delayed,Mysuru,V046,DRV041
ORD01586,2026-08-27T16:58:00+00:00,delivered,Mangaluru,V011,DRV070
ORD01587,2026-09-17T17:24:00+00:00,picked_up,Tumakuru,V010,DRV020
ORD01588,2026-08-05T01:04:00+00:00,delivered,Mysuru,V061,DRV006
ORD01589,2026-08-05T03:59:00+00:00,in_transit,Mysuru,V001,DRV085
ORD01590,2026-09-01T05:46:00+00:00,delivered,Hubballi,V093,DRV067
ORD01591,2026-09-21T08:57:00+00:00,delivered,Mangaluru,V053,DRV020
ORD01592,2026-08-05T11:43:00+00:00,delivered,Coimbatore,V022,DRV101
ORD01593,2026-08-04T17:51:00+00:00,in_transit,Pune,V007,DRV053
ORD01594,2026-09-20T20:56:00+00:00,delivered,Mysuru,V046,DRV101
ORD01595,2026-08-06T15:06:00+00:00,delivered,Mysuru,V007,DRV119
ORD01596,2026-08-12T13:07:00+00:00,picked_up,Pune,V068,DRV095
ORD01597,2026-08-17T07:11:00+00:00,delivered,Hubballi,V061,DRV064
ORD01598,2026-09-18T03:01:00+00:00,in_transit,Coimbatore,V052,DRV035
ORD01599,2026-09-06T13:47:00+00:00,in_transit,Mysuru,V038,DRV093
ORD01600,2026-08-15T15:17:00+00:00,delivered,Coimbatore,V054,DRV097
ORD01601,2026-08-20T11:52:00+00:00,delivered,Hosur,V100,DRV033
ORD01602,2026-08-27T16:34:00+00:00,picked_up,Hosur,V081,DRV050
ORD01603,2026-08-05T01:24:00+00:00,delivered,Mangaluru,V030,DRV093
ORD01604,2026-08-27T21:26:00+00:00,delivered,Coimbatore,V094,DRV003
ORD01605,2026-09-07T12:30:00+00:00,delayed,Hubballi,V038,DRV066
ORD01606,2026-09-03T15:24:00+00:00,delivered,Chennai,V090,DRV065
ORD01607,2026-08-13T08:04:00+00:00,delivered,Hosur,V090,DRV008
ORD01608,2026-08-27T17:20:00+00:00,delivered,Coimbatore,V028,DRV027
ORD01609,2026-09-23T12:07:00+00:00,delivered,Mysuru,V091,DRV016
ORD01610,2026-08-09T06:07:00+00:00,delivered,Chennai,V077,DRV059
ORD01611,2026-08-05T15:17:00+00:00,in_transit,Tumakuru,V026,DRV031
ORD01612,2026-09-14T20:43:00+00:00,delivered,Bengaluru,V052,DRV083
ORD01613,2026-08-04T07:02:00+00:00,delayed,Chennai,V011,DRV118
ORD01614,2026-08-09T16:37:00+00:00,delivered,Hosur,V065,DRV110
ORD01615,2026-08-20T03:47:00+00:00,picked_up,Coimbatore,V004,DRV076
ORD01616,2026-09-20T04:28:00+00:00,delivered,Bengaluru,V077,DRV068
ORD01617,2026-09-13T03:33:00+00:00,in_transit,Hosur,V064,DRV034
ORD01618,2026-08-20T11:39:00+00:00,delivered,Hyderabad,V079,DRV102
ORD01619,2026-08-29T09:08:00+00:00,in_transit,Hyderabad,V016,DRV112
ORD01620,2026-08-27T14:57:00+00:00,delivered,Tumakuru,V051,DRV068
ORD01621,2026-08-13T18:27:00+00:00,delayed,Hyderabad,V053,DRV025
ORD01622,2026-09-24T22:11:00+00:00,delivered,Mysuru,V010,DRV031
ORD01623,2026-09-08T03:09:00+00:00,delivered,Mangaluru,V033,DRV120
ORD01624,2026-09-18T22:20:00+00:00,delivered,Chennai,V096,DRV006
ORD01625,2026-09-14T20:55:00+00:00,picked_up,Chennai,V055,DRV056
ORD01626,2026-09-09T00:30:00+00:00,delayed,Mangaluru,V003,DRV006
ORD01627,2026-09-02T22:57:00+00:00,delivered,Coimbatore,V078,DRV012
ORD01628,2026-08-07T16:57:00+00:00,delivered,Hosur,V096,DRV028
ORD01629,2026-09-01T03:57:00+00:00,delivered,Mysuru,V056,DRV066
ORD01630,2026-08-11T03:15:00+00:00,delivered,Hosur,V063,DRV055
ORD01631,2026-09-17T20:09:00+00:00,picked_up,Coimbatore,V038,DRV096
ORD01632,2026-09-20T14:15:00+00:00,delivered,Coimbatore,V068,DRV058
ORD01633,2026-09-13T13:34:00+00:00,picked_up,Chennai,V071,DRV095
ORD01634,2026-08-20T08:14:00+00:00,delivered,Mysuru,V048,DRV079
ORD01635,2026-09-11T07:32:00+00:00,in_transit,Coimbatore,V003,DRV078
ORD01636,2026-08-07T01:49:00+00:00,picked_up,Coimbatore,V037,DRV074
ORD01637,2026-09-23T07:00:00+00:00,picked_up,Mysuru,V052,DRV097
ORD01638,2026-09-04T06:10:00+00:00,picked_up,Hosur,V085,DRV038
ORD01639,2026-08-27T23:13:00+00:00,delivered,Chennai,V047,DRV075
ORD01640,2026-09-21T16:11:00+00:00,delivered,Hosur,V003,DRV099
ORD01641,2026-08-18T19:37:00+00:00,cancelled,Mysuru,V025,DRV014
ORD01642,2026-09-09T08:09:00+00:00,delivered,Mysuru,V072,DRV008
ORD01643,2026-08-15T08:24:00+00:00,delivered,Hyderabad,V016,DRV059
ORD01644,2026-08-16T23:01:00+00:00,delayed,Mangaluru,V040,DRV072
ORD01645,2026-09-03T01:07:00+00:00,in_transit,Mysuru,V067,DRV018
ORD01646,2026-09-01T12:12:00+00:00,cancelled,Hyderabad,V085,DRV016
ORD01647,2026-09-20T04:49:00+00:00,picked_up,Mysuru,V019,DRV052
ORD01648,2026-09-09T17:37:00+00:00,in_transit,Mysuru,V012,DRV101
ORD01649,2026-09-01T14:09:00+00:00,delivered,Mangaluru,V010,DRV119
ORD01650,2026-09-08T23:20:00+00:00,delivered,Mangaluru,V088,DRV113
ORD01651,2026-09-22T03:04:00+00:00,delivered,Mysuru,V097,DRV016
ORD01652,2026-09-19T12:31:00+00:00,delivered,Bengaluru,V076,DRV102
ORD01653,2026-08-03T16:43:00+00:00,picked_up,Mysuru,V022,DRV062
ORD01654,2026-09-09T16:15:00+00:00,in_transit,Coimbatore,V050,DRV009
ORD01655,2026-08-19T10:08:00+00:00,delivered,Chennai,V086,DRV025
ORD01656,2026-09-04T06:27:00+00:00,delivered,Mysuru,V079,DRV083
ORD01657,2026-08-07T17:39:00+00:00,picked_up,Mysuru,V042,DRV007
ORD01658,2026-08-18T20:41:00+00:00,picked_up,Chennai,V057,DRV083
ORD01659,2026-08-21T05:48:00+00:00,in_transit,Coimbatore,V035,DRV003
ORD01660,2026-08-26T18:42:00+00:00,delivered,Coimbatore,V008,DRV092
ORD01661,2026-08-13T00:34:00+00:00,in_transit,Chennai,V045,DRV003
ORD01662,2026-09-05T02:27:00+00:00,picked_up,Hyderabad,V021,DRV073
ORD01663,2026-09-06T05:51:00+00:00,picked_up,Pune,V087,DRV069
ORD01664,2026-08-19T14:06:00+00:00,delivered,Bengaluru,V012,DRV120
ORD01665,2026-08-19T14:54:00+00:00,delivered,Mangaluru,V052,DRV014
ORD01666,2026-08-19T21:06:00+00:00,picked_up,Chennai,V022,DRV087
ORD01667,2026-08-01T05:42:00+00:00,delivered,Coimbatore,V029,DRV097
ORD01668,2026-08-13T02:30:00+00:00,delivered,Mysuru,V070,DRV074
ORD01669,2026-08-20T23:21:00+00:00,delivered,Coimbatore,V086,DRV070
ORD01670,2026-08-05T12:10:00+00:00,delayed,Hyderabad,V022,DRV111
ORD01671,2026-09-06T02:51:00+00:00,delivered,Mysuru,V006,DRV105
ORD01672,2026-08-05T23:16:00+00:00,delivered,Hyderabad,V027,DRV088
ORD01673,2026-09-18T19:38:00+00:00,delivered,Hyderabad,V019,DRV116
ORD01674,2026-08-18T05:05:00+00:00,delivered,Mangaluru,V021,DRV082
ORD01675,2026-08-17T16:13:00+00:00,delivered,Pune,V025,DRV034
ORD01676,2026-09-19T19:20:00+00:00,delivered,Hosur,V063,DRV101
ORD01677,2026-08-22T06:58:00+00:00,picked_up,Mysuru,V070,DRV032
ORD01678,2026-09-07T08:45:00+00:00,delivered,Mysuru,V030,DRV074
ORD01679,2026-09-19T18:05:00+00:00,delayed,Hyderabad,V055,DRV052
ORD01680,2026-09-06T16:04:00+00:00,picked_up,Coimbatore,V064,DRV031
ORD01681,2026-08-01T07:09:00+00:00,delivered,Hubballi,V019,DRV011
ORD01682,2026-08-30T23:28:00+00:00,in_transit,Hubballi,V012,DRV051
ORD01683,2026-09-10T18:03:00+00:00,picked_up,Tumakuru,V088,DRV034
ORD01684,2026-08-17T00:47:00+00:00,delivered,Chennai,V074,DRV018
ORD01685,2026-08-04T18:08:00+00:00,in_transit,Coimbatore,V069,DRV099
ORD01686,2026-09-19T09:06:00+00:00,delivered,Mysuru,V070,DRV112
ORD01687,2026-08-31T08:15:00+00:00,delayed,Tumakuru,V078,DRV089
ORD01688,2026-09-16T09:52:00+00:00,cancelled,Mysuru,V083,DRV017
ORD01689,2026-09-20T13:24:00+00:00,in_transit,Coimbatore,V083,DRV011
ORD01690,2026-09-16T05:49:00+00:00,delivered,Tumakuru,V097,DRV117
ORD01691,2026-08-17T11:31:00+00:00,delivered,Pune,V070,DRV052
ORD01692,2026-09-19T04:43:00+00:00,delayed,Bengaluru,V085,DRV024
ORD01693,2026-08-08T07:54:00+00:00,cancelled,Mangaluru,V009,DRV093
ORD01694,2026-09-15T00:27:00+00:00,delivered,Pune,V020,DRV110
ORD01695,2026-08-15T04:45:00+00:00,picked_up,Hosur,V017,DRV041
ORD01696,2026-09-18T16:08:00+00:00,delivered,Tumakuru,V068,DRV001
ORD01697,2026-09-03T17:02:00+00:00,delivered,Chennai,V035,DRV114
ORD01698,2026-08-31T06:44:00+00:00,in_transit,Mangaluru,V073,DRV005
ORD01699,2026-09-19T09:58:00+00:00,delivered,Coimbatore,V096,DRV044
ORD01700,2026-09-17T19:07:00+00:00,delivered,Coimbatore,V076,DRV051
ORD01701,2026-08-27T22:16:00+00:00,delivered,Mangaluru,V032,DRV082
ORD01702,2026-08-18T20:49:00+00:00,delivered,Coimbatore,V074,DRV120
ORD01703,2026-08-24T22:26:00+00:00,delivered,Mangaluru,V088,DRV118
ORD01704,2026-09-14T03:33:00+00:00,delivered,Mangaluru,V044,DRV050
ORD01705,2026-08-21T05:24:00+00:00,picked_up,Hyderabad,V029,DRV044
ORD01706,2026-09-15T22:36:00+00:00,delivered,Coimbatore,V091,DRV051
ORD01707,2026-09-17T06:05:00+00:00,delivered,Tumakuru,V050,DRV109
ORD01708,2026-08-30T06:14:00+00:00,delayed,Mangaluru,V099,DRV088
ORD01709,2026-08-18T17:25:00+00:00,delivered,Hyderabad,V080,DRV016
ORD01710,2026-09-24T17:49:00+00:00,delivered,Mangaluru,V007,DRV026
ORD01711,2026-08-25T15:36:00+00:00,delayed,Chennai,V012,DRV108
ORD01712,2026-08-09T02:44:00+00:00,delivered,Hubballi,V059,DRV014
ORD01713,2026-08-20T21:32:00+00:00,delayed,Chennai,V047,DRV080
ORD01714,2026-08-09T21:11:00+00:00,delivered,Pune,V055,DRV058
ORD01715,2026-08-25T05:36:00+00:00,cancelled,Mysuru,V020,DRV090
ORD01716,2026-09-02T10:23:00+00:00,delivered,Tumakuru,V050,DRV079
ORD01717,2026-09-13T01:25:00+00:00,in_transit,Pune,V078,DRV094
ORD01718,2026-09-03T00:20:00+00:00,delivered,Mangaluru,V066,DRV068
ORD01719,2026-08-13T11:46:00+00:00,picked_up,Coimbatore,V072,DRV104
ORD01720,2026-09-23T05:32:00+00:00,delivered,Mangaluru,V097,DRV058
ORD01721,2026-08-16T08:49:00+00:00,delivered,Coimbatore,V091,DRV044
ORD01722,2026-08-31T23:34:00+00:00,delayed,Tumakuru,V055,DRV047
ORD01723,2026-08-12T21:33:00+00:00,delivered,Chennai,V079,DRV117
ORD01724,2026-08-03T09:07:00+00:00,delivered,Hosur,V001,DRV113
ORD01725,2026-09-04T00:05:00+00:00,in_transit,Hubballi,V076,DRV083
ORD01726,2026-08-11T15:54:00+00:00,delayed,Mangaluru,V041,DRV009
ORD01727,2026-09-13T18:54:00+00:00,delivered,Mangaluru,V027,DRV082
ORD01728,2026-08-28T19:49:00+00:00,delivered,Hyderabad,V067,DRV068
ORD01729,2026-09-14T19:56:00+00:00,delivered,Mysuru,V089,DRV120
ORD01730,2026-08-27T18:47:00+00:00,in_transit,Mangaluru,V020,DRV096
ORD01731,2026-08-16T08:09:00+00:00,picked_up,Coimbatore,V037,DRV027
ORD01732,2026-08-10T17:17:00+00:00,delayed,Tumakuru,V025,DRV108
ORD01733,2026-08-14T01:41:00+00:00,picked_up,Mysuru,V083,DRV001
ORD01734,2026-08-01T22:13:00+00:00,picked_up,Mangaluru,V067,DRV032
ORD01735,2026-08-19T17:54:00+00:00,delayed,Coimbatore,V060,DRV045
ORD01736,2026-09-17T08:23:00+00:00,delayed,Bengaluru,V086,DRV059
ORD01737,2026-09-12T10:38:00+00:00,delivered,Mangaluru,V096,DRV047
ORD01738,2026-09-04T17:20:00+00:00,delivered,Coimbatore,V074,DRV005
ORD01739,2026-09-16T18:04:00+00:00,picked_up,Coimbatore,V086,DRV095
ORD01740,2026-08-23T02:45:00+00:00,delayed,Pune,V051,DRV007
ORD01741,2026-09-12T20:08:00+00:00,delivered,Pune,V059,DRV088
ORD01742,2026-09-21T11:01:00+00:00,in_transit,Hubballi,V024,DRV108
ORD01743,2026-08-15T04:48:00+00:00,in_transit,Pune,V073,DRV117
ORD01744,2026-09-09T02:47:00+00:00,delayed,Hyderabad,V085,DRV110
ORD01745,2026-08-22T18:02:00+00:00,in_transit,Coimbatore,V019,DRV031
ORD01746,2026-08-23T08:45:00+00:00,delayed,Hubballi,V070,DRV027
ORD01747,2026-08-12T04:33:00+00:00,delivered,Coimbatore,V083,DRV060
ORD01748,2026-08-27T11:39:00+00:00,delivered,Coimbatore,V003,DRV074
ORD01749,2026-09-15T13:38:00+00:00,in_transit,Hosur,V093,DRV015
ORD01750,2026-09-10T00:15:00+00:00,delivered,Coimbatore,V074,DRV023
ORD01751,2026-08-31T04:36:00+00:00,delivered,Coimbatore,V077,DRV060
ORD01752,2026-09-14T16:34:00+00:00,delayed,Hubballi,V042,DRV018
ORD01753,2026-08-03T17:03:00+00:00,picked_up,Chennai,V097,DRV013
ORD01754,2026-09-20T02:07:00+00:00,delivered,Coimbatore,V005,DRV114
ORD01755,2026-09-12T12:25:00+00:00,delivered,Tumakuru,V065,DRV111
ORD01756,2026-09-03T21:55:00+00:00,in_transit,Coimbatore,V046,DRV024
ORD01757,2026-08-19T14:28:00+00:00,delivered,Mysuru,V039,DRV031
ORD01758,2026-08-30T09:51:00+00:00,delivered,Hosur,V009,DRV045
ORD01759,2026-08-03T07:52:00+00:00,delayed,Coimbatore,V083,DRV074
ORD01760,2026-08-09T10:49:00+00:00,delivered,Mysuru,V062,DRV036
ORD01761,2026-08-18T23:00:00+00:00,picked_up,Mangaluru,V074,DRV054
ORD01762,2026-09-15T17:42:00+00:00,delivered,Hyderabad,V015,DRV019
ORD01763,2026-08-14T23:53:00+00:00,delivered,Chennai,V021,DRV016
ORD01764,2026-08-05T22:09:00+00:00,delivered,Coimbatore,V099,DRV096
ORD01765,2026-09-06T19:50:00+00:00,delivered,Mangaluru,V024,DRV006
ORD01766,2026-09-01T07:10:00+00:00,in_transit,Coimbatore,V068,DRV098
ORD01767,2026-08-20T14:53:00+00:00,delivered,Mysuru,V074,DRV025
ORD01768,2026-09-18T20:50:00+00:00,delivered,Coimbatore,V023,DRV059
ORD01769,2026-08-17T06:26:00+00:00,delivered,Hyderabad,V037,DRV003
ORD01770,2026-08-13T20:46:00+00:00,picked_up,Pune,V002,DRV074
ORD01771,2026-08-27T05:47:00+00:00,delivered,Coimbatore,V003,DRV108
ORD01772,2026-09-04T20:23:00+00:00,picked_up,Hubballi,V009,DRV104
ORD01773,2026-09-01T11:20:00+00:00,delivered,Coimbatore,V089,DRV075
ORD01774,2026-09-11T12:12:00+00:00,delivered,Mangaluru,V036,DRV025
ORD01775,2026-09-19T03:24:00+00:00,delivered,Mangaluru,V040,DRV098
ORD01776,2026-08-08T00:09:00+00:00,picked_up,Hubballi,V100,DRV020
ORD01777,2026-09-08T15:57:00+00:00,delivered,Coimbatore,V079,DRV021
ORD01778,2026-08-26T08:11:00+00:00,delivered,Hosur,V077,DRV080
ORD01779,2026-09-08T20:26:00+00:00,picked_up,Hosur,V003,DRV053
ORD01780,2026-09-18T09:46:00+00:00,in_transit,Hyderabad,V014,DRV044
ORD01781,2026-08-21T05:59:00+00:00,delayed,Hyderabad,V037,DRV005
ORD01782,2026-09-03T04:51:00+00:00,picked_up,Pune,V052,DRV064
ORD01783,2026-08-29T04:54:00+00:00,in_transit,Mysuru,V048,DRV057
ORD01784,2026-09-08T18:17:00+00:00,picked_up,Hyderabad,V032,DRV033
ORD01785,2026-09-12T02:01:00+00:00,delivered,Mysuru,V015,DRV006
ORD01786,2026-08-12T05:05:00+00:00,delivered,Coimbatore,V004,DRV104
ORD01787,2026-09-06T11:34:00+00:00,delivered,Hosur,V012,DRV063
ORD01788,2026-09-19T14:26:00+00:00,delivered,Mysuru,V013,DRV104
ORD01789,2026-09-24T03:09:00+00:00,delivered,Mysuru,V093,DRV014
ORD01790,2026-08-18T19:49:00+00:00,delivered,Pune,V053,DRV058
ORD01791,2026-08-22T01:31:00+00:00,delivered,Hubballi,V007,DRV105
ORD01792,2026-09-14T19:23:00+00:00,delivered,Coimbatore,V052,DRV023
ORD01793,2026-09-21T14:40:00+00:00,delivered,Pune,V045,DRV069
ORD01794,2026-09-09T07:20:00+00:00,in_transit,Mysuru,V064,DRV004
ORD01795,2026-08-31T10:46:00+00:00,delivered,Hyderabad,V086,DRV103
ORD01796,2026-08-24T06:41:00+00:00,picked_up,Mangaluru,V051,DRV056
ORD01797,2026-08-06T20:34:00+00:00,delivered,Coimbatore,V018,DRV090
ORD01798,2026-08-25T10:45:00+00:00,delivered,Coimbatore,V055,DRV013
ORD01799,2026-08-03T10:47:00+00:00,delayed,Hyderabad,V015,DRV007
ORD01800,2026-08-24T04:09:00+00:00,delivered,Pune,V096,DRV084
ORD01801,2026-08-07T07:26:00+00:00,picked_up,Pune,V073,DRV097
ORD01802,2026-08-07T05:02:00+00:00,delivered,Hosur,V023,DRV006
ORD01803,2026-09-24T15:59:00+00:00,picked_up,Coimbatore,V051,DRV101
ORD01804,2026-08-07T01:50:00+00:00,delivered,Coimbatore,V076,DRV057
ORD01805,2026-09-20T17:23:00+00:00,delayed,Mysuru,V014,DRV053
ORD01806,2026-09-14T05:51:00+00:00,delivered,Hubballi,V007,DRV063
ORD01807,2026-08-17T01:50:00+00:00,delayed,Mangaluru,V056,DRV024
ORD01808,2026-08-11T11:29:00+00:00,cancelled,Coimbatore,V058,DRV104
ORD01809,2026-09-09T09:23:00+00:00,picked_up,Mangaluru,V085,DRV018
ORD01810,2026-09-16T23:21:00+00:00,delivered,Coimbatore,V070,DRV109
ORD01811,2026-08-06T01:06:00+00:00,picked_up,Chennai,V085,DRV086
ORD01812,2026-08-08T16:24:00+00:00,delivered,Tumakuru,V088,DRV090
ORD01813,2026-08-08T20:22:00+00:00,cancelled,Bengaluru,V003,DRV094
ORD01814,2026-08-03T21:37:00+00:00,picked_up,Coimbatore,V010,DRV070
ORD01815,2026-08-13T19:11:00+00:00,delivered,Pune,V016,DRV058
ORD01816,2026-09-16T03:46:00+00:00,delivered,Mangaluru,V002,DRV070
ORD01817,2026-09-19T05:43:00+00:00,delivered,Hubballi,V061,DRV041
ORD01818,2026-09-04T20:31:00+00:00,in_transit,Coimbatore,V039,DRV077
ORD01819,2026-08-15T10:31:00+00:00,delivered,Pune,V064,DRV087
ORD01820,2026-09-08T18:21:00+00:00,in_transit,Coimbatore,V065,DRV020
ORD01821,2026-08-05T15:48:00+00:00,delivered,Mangaluru,V076,DRV046
ORD01822,2026-09-23T02:11:00+00:00,delivered,Coimbatore,V046,DRV055
ORD01823,2026-08-17T05:53:00+00:00,delivered,Hosur,V087,DRV115
ORD01824,2026-09-02T08:14:00+00:00,delivered,Mangaluru,V059,DRV075
ORD01825,2026-09-08T12:40:00+00:00,delayed,Mysuru,V037,DRV107
ORD01826,2026-08-23T19:22:00+00:00,delayed,Tumakuru,V079,DRV055
ORD01827,2026-08-29T11:38:00+00:00,delivered,Coimbatore,V057,DRV002
ORD01828,2026-08-14T01:36:00+00:00,delivered,Hosur,V046,DRV075
ORD01829,2026-09-19T23:11:00+00:00,delivered,Tumakuru,V065,DRV074
ORD01830,2026-09-18T13:12:00+00:00,in_transit,Bengaluru,V030,DRV079
ORD01831,2026-09-06T03:15:00+00:00,delivered,Hubballi,V097,DRV068
ORD01832,2026-08-06T21:54:00+00:00,delivered,Pune,V010,DRV028
ORD01833,2026-08-15T22:55:00+00:00,cancelled,Coimbatore,V027,DRV092
ORD01834,2026-09-13T06:35:00+00:00,delayed,Hubballi,V001,DRV044
ORD01835,2026-08-30T07:26:00+00:00,in_transit,Mysuru,V013,DRV052
ORD01836,2026-08-26T13:47:00+00:00,delayed,Hubballi,V064,DRV019
ORD01837,2026-09-09T03:39:00+00:00,delivered,Hyderabad,V005,DRV112
ORD01838,2026-09-21T19:50:00+00:00,delivered,Mysuru,V009,DRV061
ORD01839,2026-08-24T18:06:00+00:00,in_transit,Mangaluru,V074,DRV097
ORD01840,2026-08-01T07:22:00+00:00,picked_up,Tumakuru,V060,DRV107
ORD01841,2026-08-08T09:02:00+00:00,delivered,Mangaluru,V053,DRV067
ORD01842,2026-08-18T01:05:00+00:00,picked_up,Mysuru,V081,DRV049
ORD01843,2026-08-23T18:52:00+00:00,in_transit,Pune,V075,DRV051
ORD01844,2026-09-04T19:53:00+00:00,in_transit,Chennai,V089,DRV115
ORD01845,2026-08-25T00:12:00+00:00,cancelled,Hyderabad,V085,DRV007
ORD01846,2026-09-24T15:12:00+00:00,in_transit,Coimbatore,V008,DRV109
ORD01847,2026-08-05T02:02:00+00:00,delivered,Mangaluru,V010,DRV061
ORD01848,2026-09-24T09:54:00+00:00,delivered,Mangaluru,V099,DRV072
ORD01849,2026-08-23T19:41:00+00:00,delivered,Mysuru,V091,DRV083
ORD01850,2026-08-24T16:09:00+00:00,delivered,Coimbatore,V077,DRV008
ORD01851,2026-08-03T08:59:00+00:00,in_transit,Coimbatore,V084,DRV074
ORD01852,2026-09-22T22:29:00+00:00,delivered,Pune,V007,DRV038
ORD01853,2026-09-09T16:38:00+00:00,delivered,Mangaluru,V053,DRV007
ORD01854,2026-08-02T11:51:00+00:00,picked_up,Coimbatore,V040,DRV041
ORD01855,2026-09-01T01:36:00+00:00,delivered,Mangaluru,V004,DRV074
ORD01856,2026-08-18T14:27:00+00:00,delayed,Coimbatore,V078,DRV004
ORD01857,2026-08-24T15:42:00+00:00,delayed,Coimbatore,V049,DRV101
ORD01858,2026-08-27T10:01:00+00:00,delivered,Mangaluru,V051,DRV081
ORD01859,2026-08-01T21:20:00+00:00,in_transit,Coimbatore,V087,DRV055
ORD01860,2026-08-15T00:47:00+00:00,delivered,Pune,V098,DRV103
ORD01861,2026-08-29T07:07:00+00:00,delivered,Hyderabad,V098,DRV041
ORD01862,2026-08-08T09:20:00+00:00,delivered,Chennai,V091,DRV013
ORD01863,2026-09-18T18:08:00+00:00,delayed,Mysuru,V082,DRV050
ORD01864,2026-08-11T01:47:00+00:00,delivered,Chennai,V067,DRV051
ORD01865,2026-08-19T00:01:00+00:00,picked_up,Mangaluru,V023,DRV074
ORD01866,2026-08-26T02:34:00+00:00,delivered,Chennai,V092,DRV053
ORD01867,2026-08-08T00:23:00+00:00,delivered,Mysuru,V015,DRV118
ORD01868,2026-08-23T23:05:00+00:00,delivered,Pune,V098,DRV114
ORD01869,2026-09-01T15:30:00+00:00,in_transit,Hosur,V094,DRV050
ORD01870,2026-09-02T02:04:00+00:00,cancelled,Pune,V082,DRV022
ORD01871,2026-08-29T07:10:00+00:00,delivered,Pune,V086,DRV072
ORD01872,2026-08-25T16:07:00+00:00,delivered,Hubballi,V087,DRV055
ORD01873,2026-08-27T00:01:00+00:00,in_transit,Coimbatore,V044,DRV095
ORD01874,2026-08-13T22:37:00+00:00,picked_up,Bengaluru,V020,DRV120
ORD01875,2026-09-14T21:13:00+00:00,in_transit,Mangaluru,V080,DRV094
ORD01876,2026-08-19T20:23:00+00:00,delivered,Coimbatore,V038,DRV083
ORD01877,2026-08-18T11:34:00+00:00,picked_up,Mysuru,V072,DRV069
ORD01878,2026-09-02T10:01:00+00:00,delayed,Hyderabad,V084,DRV070
ORD01879,2026-08-23T15:03:00+00:00,picked_up,Hosur,V033,DRV043
ORD01880,2026-08-22T03:05:00+00:00,delivered,Mysuru,V070,DRV065
ORD01881,2026-08-31T07:50:00+00:00,picked_up,Mangaluru,V040,DRV002
ORD01882,2026-09-06T05:45:00+00:00,delivered,Mysuru,V065,DRV037
ORD01883,2026-08-16T18:51:00+00:00,delivered,Hubballi,V033,DRV118
ORD01884,2026-08-05T21:43:00+00:00,picked_up,Mysuru,V027,DRV105
ORD01885,2026-09-24T21:12:00+00:00,in_transit,Hyderabad,V058,DRV091
ORD01886,2026-08-23T02:55:00+00:00,in_transit,Mangaluru,V016,DRV019
ORD01887,2026-08-24T11:23:00+00:00,picked_up,Coimbatore,V095,DRV050
ORD01888,2026-09-16T22:51:00+00:00,delayed,Pune,V098,DRV089
ORD01889,2026-09-13T21:57:00+00:00,in_transit,Mysuru,V018,DRV108
ORD01890,2026-08-13T14:55:00+00:00,delivered,Hosur,V030,DRV005
ORD01891,2026-08-25T14:24:00+00:00,delivered,Pune,V027,DRV107
ORD01892,2026-08-15T20:46:00+00:00,delivered,Hosur,V031,DRV073
ORD01893,2026-09-15T13:59:00+00:00,delivered,Pune,V021,DRV113
ORD01894,2026-09-16T22:05:00+00:00,picked_up,Chennai,V092,DRV074
ORD01895,2026-08-12T02:25:00+00:00,delivered,Mysuru,V015,DRV002
ORD01896,2026-08-02T15:07:00+00:00,delivered,Hyderabad,V067,DRV050
ORD01897,2026-08-05T06:35:00+00:00,picked_up,Bengaluru,V066,DRV108
ORD01898,2026-08-02T01:35:00+00:00,delivered,Pune,V038,DRV025
ORD01899,2026-08-06T17:51:00+00:00,picked_up,Hyderabad,V031,DRV115
ORD01900,2026-08-08T21:42:00+00:00,in_transit,Hosur,V097,DRV007
ORD01901,2026-08-13T15:11:00+00:00,delivered,Pune,V040,DRV053
ORD01902,2026-08-01T09:51:00+00:00,delivered,Tumakuru,V099,DRV003
ORD01903,2026-09-03T20:28:00+00:00,picked_up,Hyderabad,V036,DRV043
ORD01904,2026-08-31T07:37:00+00:00,delivered,Hyderabad,V089,DRV006
ORD01905,2026-08-25T13:48:00+00:00,delivered,Mysuru,V002,DRV116
ORD01906,2026-08-09T10:12:00+00:00,delayed,Coimbatore,V029,DRV037
ORD01907,2026-08-10T08:29:00+00:00,delivered,Mangaluru,V076,DRV035
ORD01908,2026-08-02T12:45:00+00:00,delivered,Mangaluru,V072,DRV098
ORD01909,2026-08-19T11:37:00+00:00,delivered,Pune,V019,DRV049
ORD01910,2026-09-12T00:01:00+00:00,delayed,Hosur,V068,DRV030
ORD01911,2026-09-17T13:36:00+00:00,picked_up,Mangaluru,V073,DRV016
ORD01912,2026-09-03T07:33:00+00:00,delivered,Hyderabad,V076,DRV055
ORD01913,2026-09-21T21:09:00+00:00,delivered,Hyderabad,V049,DRV003
ORD01914,2026-08-09T03:43:00+00:00,delivered,Pune,V090,DRV098
ORD01915,2026-09-22T14:09:00+00:00,in_transit,Chennai,V024,DRV049
ORD01916,2026-08-01T17:02:00+00:00,delayed,Pune,V074,DRV048
ORD01917,2026-08-31T15:57:00+00:00,delivered,Hubballi,V016,DRV059
ORD01918,2026-08-13T14:32:00+00:00,delivered,Coimbatore,V050,DRV078
ORD01919,2026-09-20T06:06:00+00:00,delivered,Tumakuru,V012,DRV078
ORD01920,2026-08-25T10:22:00+00:00,delivered,Hosur,V019,DRV078
ORD01921,2026-08-07T21:14:00+00:00,delivered,Hyderabad,V091,DRV113
ORD01922,2026-08-10T18:21:00+00:00,picked_up,Mangaluru,V045,DRV088
ORD01923,2026-08-30T02:10:00+00:00,delivered,Mysuru,V065,DRV017
ORD01924,2026-09-15T06:27:00+00:00,picked_up,Hubballi,V091,DRV074
ORD01925,2026-08-21T03:52:00+00:00,picked_up,Bengaluru,V044,DRV053
ORD01926,2026-08-20T10:08:00+00:00,picked_up,Mangaluru,V036,DRV109
ORD01927,2026-09-21T00:08:00+00:00,in_transit,Coimbatore,V093,DRV114
ORD01928,2026-09-14T08:43:00+00:00,delivered,Coimbatore,V067,DRV024
ORD01929,2026-08-09T05:11:00+00:00,delivered,Chennai,V054,DRV010
ORD01930,2026-08-07T01:18:00+00:00,delivered,Mangaluru,V045,DRV072
ORD01931,2026-09-04T02:08:00+00:00,cancelled,Hosur,V079,DRV023
ORD01932,2026-08-29T18:21:00+00:00,delivered,Coimbatore,V011,DRV096
ORD01933,2026-08-06T00:34:00+00:00,picked_up,Mangaluru,V018,DRV026
ORD01934,2026-09-09T06:16:00+00:00,in_transit,Hyderabad,V088,DRV002
ORD01935,2026-09-15T23:39:00+00:00,in_transit,Coimbatore,V040,DRV072
ORD01936,2026-09-21T19:32:00+00:00,delivered,Mysuru,V053,DRV076
ORD01937,2026-08-13T00:21:00+00:00,in_transit,Hubballi,V036,DRV061
ORD01938,2026-09-16T22:27:00+00:00,picked_up,Mysuru,V061,DRV026
ORD01939,2026-08-04T07:48:00+00:00,delivered,Hyderabad,V006,DRV020
ORD01940,2026-08-07T08:38:00+00:00,delivered,Coimbatore,V038,DRV028
ORD01941,2026-08-23T04:20:00+00:00,delivered,Pune,V020,DRV054
ORD01942,2026-09-19T21:23:00+00:00,delivered,Mangaluru,V096,DRV055
ORD01943,2026-08-21T03:28:00+00:00,cancelled,Pune,V033,DRV115
ORD01944,2026-08-17T03:53:00+00:00,delivered,Coimbatore,V030,DRV049
ORD01945,2026-08-05T08:22:00+00:00,delivered,Tumakuru,V007,DRV058
ORD01946,2026-09-02T22:22:00+00:00,delivered,Coimbatore,V043,DRV046
ORD01947,2026-08-19T22:55:00+00:00,in_transit,Coimbatore,V094,DRV106
ORD01948,2026-08-30T18:26:00+00:00,delivered,Hosur,V064,DRV081
ORD01949,2026-08-22T07:22:00+00:00,delivered,Chennai,V011,DRV013
ORD01950,2026-08-02T18:30:00+00:00,delivered,Coimbatore,V038,DRV091
ORD01951,2026-08-16T10:26:00+00:00,in_transit,Pune,V052,DRV092
ORD01952,2026-08-08T15:32:00+00:00,in_transit,Mangaluru,V001,DRV115
ORD01953,2026-08-29T15:03:00+00:00,delayed,Mangaluru,V073,DRV046
ORD01954,2026-08-05T18:12:00+00:00,delivered,Coimbatore,V015,DRV044
ORD01955,2026-08-24T17:54:00+00:00,delivered,Hyderabad,V080,DRV044
ORD01956,2026-09-14T23:45:00+00:00,delivered,Mysuru,V057,DRV091
ORD01957,2026-09-20T08:56:00+00:00,delivered,Coimbatore,V046,DRV091
ORD01958,2026-08-22T02:32:00+00:00,in_transit,Mysuru,V009,DRV007
ORD01959,2026-08-20T21:37:00+00:00,cancelled,Mysuru,V099,DRV093
ORD01960,2026-08-01T07:16:00+00:00,delivered,Pune,V017,DRV005
ORD01961,2026-08-27T02:46:00+00:00,delivered,Chennai,V070,DRV039
ORD01962,2026-08-17T01:50:00+00:00,cancelled,Mangaluru,V046,DRV045
ORD01963,2026-08-14T11:51:00+00:00,delivered,Mangaluru,V050,DRV010
ORD01964,2026-09-22T01:03:00+00:00,picked_up,Tumakuru,V002,DRV083
ORD01965,2026-09-19T22:35:00+00:00,delivered,Mysuru,V070,DRV050
ORD01966,2026-08-23T05:50:00+00:00,cancelled,Mysuru,V065,DRV035
ORD01967,2026-09-21T22:17:00+00:00,picked_up,Coimbatore,V040,DRV075
ORD01968,2026-09-05T20:49:00+00:00,delivered,Hyderabad,V049,DRV098
ORD01969,2026-08-21T00:41:00+00:00,delivered,Chennai,V045,DRV107
ORD01970,2026-09-04T15:45:00+00:00,delivered,Hubballi,V017,DRV116
ORD01971,2026-09-12T01:29:00+00:00,delivered,Chennai,V024,DRV075
ORD01972,2026-08-14T15:23:00+00:00,delivered,Hosur,V029,DRV040
ORD01973,2026-08-04T01:09:00+00:00,in_transit,Chennai,V083,DRV115
ORD01974,2026-08-01T14:40:00+00:00,in_transit,Hosur,V070,DRV072
ORD01975,2026-08-14T23:00:00+00:00,picked_up,Chennai,V015,DRV012
ORD01976,2026-08-13T12:27:00+00:00,in_transit,Coimbatore,V001,DRV037
ORD01977,2026-09-20T16:43:00+00:00,delayed,Coimbatore,V070,DRV058
ORD01978,2026-09-24T04:02:00+00:00,delayed,Mangaluru,V099,DRV055
ORD01979,2026-08-22T02:02:00+00:00,cancelled,Mysuru,V031,DRV054
ORD01980,2026-09-03T20:39:00+00:00,delivered,Hosur,V024,DRV010
ORD01981,2026-09-24T07:19:00+00:00,delivered,Mysuru,V057,DRV015
ORD01982,2026-09-20T08:56:00+00:00,delivered,Coimbatore,V025,DRV056
ORD01983,2026-08-16T13:44:00+00:00,delivered,Mysuru,V068,DRV101
ORD01984,2026-09-21T13:34:00+00:00,delivered,Hubballi,V014,DRV099
ORD01985,2026-09-04T00:34:00+00:00,delivered,Pune,V071,DRV011
ORD01986,2026-09-12T20:27:00+00:00,delivered,Hubballi,V089,DRV013
ORD01987,2026-08-22T13:10:00+00:00,delivered,Mangaluru,V098,DRV104
ORD01988,2026-09-04T05:57:00+00:00,in_transit,Pune,V020,DRV066
ORD01989,2026-08-26T07:53:00+00:00,delivered,Coimbatore,V040,DRV111
ORD01990,2026-08-16T09:06:00+00:00,delayed,Coimbatore,V062,DRV021
ORD01991,2026-08-20T16:55:00+00:00,in_transit,Pune,V069,DRV017
ORD01992,2026-08-06T15:09:00+00:00,delivered,Chennai,V036,DRV036
ORD01993,2026-08-13T03:34:00+00:00,picked_up,Hubballi,V068,DRV096
ORD01994,2026-09-22T18:45:00+00:00,in_transit,Hubballi,V026,DRV090
ORD01995,2026-08-12T16:54:00+00:00,delivered,Chennai,V027,DRV007
ORD01996,2026-08-12T23:39:00+00:00,delayed,Mangaluru,V064,DRV046
ORD01997,2026-08-18T19:36:00+00:00,delivered,Coimbatore,V100,DRV098
ORD01998,2026-08-05T10:00:00+00:00,delivered,Hosur,V051,DRV026
ORD01999,2026-08-22T03:55:00+00:00,picked_up,Coimbatore,V057,DRV059
ORD02000,2026-08-09T23:29:00+00:00,in_transit,Coimbatore,V029,DRV017
ORD02001,2026-09-24T13:41:00+00:00,delivered,Coimbatore,V088,DRV114
ORD02002,2026-08-04T18:38:00+00:00,picked_up,Mangaluru,V021,DRV075
ORD02003,2026-08-25T05:36:00+00:00,delivered,Mysuru,V095,DRV070
ORD02004,2026-09-05T19:58:00+00:00,delivered,Hosur,V073,DRV011
ORD02005,2026-08-02T10:26:00+00:00,delivered,Tumakuru,V047,DRV052
ORD02006,2026-09-11T23:37:00+00:00,cancelled,Coimbatore,V006,DRV050
ORD02007,2026-09-22T00:49:00+00:00,delivered,Pune,V051,DRV047
ORD02008,2026-08-27T06:49:00+00:00,delayed,Coimbatore,V033,DRV039
ORD02009,2026-08-19T02:05:00+00:00,in_transit,Coimbatore,V078,DRV099
ORD02010,2026-09-01T11:13:00+00:00,delivered,Coimbatore,V083,DRV078
ORD02011,2026-08-12T19:55:00+00:00,picked_up,Coimbatore,V050,DRV018
ORD02012,2026-08-14T14:43:00+00:00,delivered,Mangaluru,V053,DRV086
ORD02013,2026-08-30T09:09:00+00:00,delivered,Mangaluru,V020,DRV013
ORD02014,2026-09-24T07:39:00+00:00,cancelled,Hosur,V080,DRV013
ORD02015,2026-08-29T10:15:00+00:00,picked_up,Chennai,V092,DRV011
ORD02016,2026-08-19T11:22:00+00:00,in_transit,Coimbatore,V031,DRV114
ORD02017,2026-09-03T09:09:00+00:00,in_transit,Coimbatore,V047,DRV069
ORD02018,2026-08-19T10:56:00+00:00,picked_up,Hubballi,V005,DRV104
ORD02019,2026-09-18T07:56:00+00:00,delivered,Hubballi,V004,DRV048
ORD02020,2026-09-21T12:47:00+00:00,in_transit,Hosur,V064,DRV043
ORD02021,2026-08-31T18:03:00+00:00,picked_up,Mangaluru,V047,DRV031
ORD02022,2026-08-25T16:33:00+00:00,delivered,Hyderabad,V094,DRV077
ORD02023,2026-08-20T02:30:00+00:00,picked_up,Hosur,V017,DRV011
ORD02024,2026-08-03T05:00:00+00:00,delivered,Coimbatore,V002,DRV074
ORD02025,2026-09-01T05:56:00+00:00,delivered,Coimbatore,V052,DRV077
ORD02026,2026-09-04T17:22:00+00:00,delivered,Hosur,V058,DRV024
ORD02027,2026-08-26T05:55:00+00:00,delivered,Hosur,V048,DRV100
ORD02028,2026-09-05T03:03:00+00:00,delivered,Coimbatore,V037,DRV007
ORD02029,2026-09-07T21:43:00+00:00,picked_up,Coimbatore,V039,DRV100
ORD02030,2026-09-11T06:23:00+00:00,in_transit,Coimbatore,V029,DRV085
ORD02031,2026-08-03T22:21:00+00:00,delivered,Pune,V088,DRV094
ORD02032,2026-08-16T05:57:00+00:00,delivered,Pune,V016,DRV011
ORD02033,2026-08-26T17:32:00+00:00,delivered,Mangaluru,V027,DRV047
ORD02034,2026-09-11T23:35:00+00:00,delivered,Chennai,V088,DRV084
ORD02035,2026-08-18T19:01:00+00:00,in_transit,Hosur,V021,DRV112
ORD02036,2026-08-21T09:55:00+00:00,picked_up,Mysuru,V060,DRV058
ORD02037,2026-09-07T01:22:00+00:00,delivered,Mangaluru,V060,DRV001
ORD02038,2026-09-02T12:39:00+00:00,picked_up,Mysuru,V057,DRV120
ORD02039,2026-08-30T16:38:00+00:00,in_transit,Coimbatore,V085,DRV006
ORD02040,2026-08-17T09:31:00+00:00,delayed,Mangaluru,V009,DRV040
ORD02041,2026-08-12T00:08:00+00:00,delivered,Coimbatore,V078,DRV039
ORD02042,2026-09-18T04:25:00+00:00,picked_up,Coimbatore,V089,DRV012
ORD02043,2026-08-12T06:26:00+00:00,delivered,Bengaluru,V080,DRV045
ORD02044,2026-08-17T02:56:00+00:00,picked_up,Coimbatore,V004,DRV077
ORD02045,2026-08-12T16:48:00+00:00,delayed,Hubballi,V079,DRV046
ORD02046,2026-08-14T22:57:00+00:00,in_transit,Mangaluru,V099,DRV105
ORD02047,2026-09-17T17:09:00+00:00,in_transit,Coimbatore,V023,DRV001
ORD02048,2026-09-02T10:03:00+00:00,delivered,Coimbatore,V030,DRV055
ORD02049,2026-08-04T04:38:00+00:00,delivered,Hubballi,V012,DRV117
ORD02050,2026-08-18T03:29:00+00:00,delivered,Coimbatore,V064,DRV101
ORD02051,2026-08-04T13:27:00+00:00,delivered,Mangaluru,V063,DRV016
ORD02052,2026-09-20T10:29:00+00:00,delivered,Pune,V072,DRV087
ORD02053,2026-09-09T17:28:00+00:00,picked_up,Hosur,V098,DRV034
ORD02054,2026-08-19T07:41:00+00:00,delivered,Mangaluru,V097,DRV034
ORD02055,2026-08-15T03:27:00+00:00,delivered,Hubballi,V021,DRV118
ORD02056,2026-08-27T19:57:00+00:00,delivered,Chennai,V020,DRV045
ORD02057,2026-08-17T08:07:00+00:00,delayed,Coimbatore,V046,DRV052
ORD02058,2026-08-31T23:06:00+00:00,delivered,Mysuru,V084,DRV007
ORD02059,2026-08-23T09:04:00+00:00,delivered,Mangaluru,V083,DRV015
ORD02060,2026-09-14T20:35:00+00:00,delivered,Coimbatore,V031,DRV001
ORD02061,2026-08-28T18:28:00+00:00,delayed,Mangaluru,V084,DRV072
ORD02062,2026-08-21T06:02:00+00:00,delayed,Hyderabad,V023,DRV052
ORD02063,2026-08-21T21:38:00+00:00,in_transit,Bengaluru,V093,DRV061
ORD02064,2026-08-26T09:58:00+00:00,delayed,Mysuru,V006,DRV047
ORD02065,2026-08-17T00:42:00+00:00,picked_up,Hyderabad,V085,DRV009
ORD02066,2026-08-07T17:18:00+00:00,delivered,Mangaluru,V099,DRV118
ORD02067,2026-08-02T18:19:00+00:00,in_transit,Mangaluru,V086,DRV012
ORD02068,2026-09-23T19:44:00+00:00,delivered,Hubballi,V071,DRV064
ORD02069,2026-08-01T02:50:00+00:00,picked_up,Mangaluru,V003,DRV033
ORD02070,2026-08-07T17:19:00+00:00,in_transit,Chennai,V084,DRV064
ORD02071,2026-08-14T20:34:00+00:00,delivered,Coimbatore,V026,DRV074
ORD02072,2026-09-12T08:03:00+00:00,delivered,Bengaluru,V083,DRV059
ORD02073,2026-09-13T07:00:00+00:00,delivered,Chennai,V022,DRV055
ORD02074,2026-09-24T19:31:00+00:00,cancelled,Pune,V024,DRV017
ORD02075,2026-09-01T00:08:00+00:00,in_transit,Hosur,V068,DRV069
ORD02076,2026-08-19T23:42:00+00:00,picked_up,Chennai,V088,DRV074
ORD02077,2026-08-09T08:53:00+00:00,in_transit,Mysuru,V049,DRV043
ORD02078,2026-09-22T15:51:00+00:00,in_transit,Coimbatore,V024,DRV030
ORD02079,2026-08-12T04:54:00+00:00,in_transit,Coimbatore,V046,DRV108
ORD02080,2026-08-25T23:14:00+00:00,cancelled,Mangaluru,V073,DRV082
ORD02081,2026-08-05T16:01:00+00:00,delivered,Hyderabad,V054,DRV072
ORD02082,2026-09-19T19:15:00+00:00,in_transit,Hubballi,V056,DRV064
ORD02083,2026-09-24T01:39:00+00:00,delivered,Hosur,V040,DRV114
ORD02084,2026-09-01T15:46:00+00:00,delivered,Hosur,V005,DRV033
ORD02085,2026-08-23T06:15:00+00:00,delivered,Chennai,V090,DRV029
ORD02086,2026-09-05T07:34:00+00:00,cancelled,Hyderabad,V073,DRV055
ORD02087,2026-08-11T05:17:00+00:00,picked_up,Pune,V073,DRV084
ORD02088,2026-08-21T06:58:00+00:00,delivered,Mangaluru,V007,DRV089
ORD02089,2026-09-03T15:46:00+00:00,delivered,Pune,V021,DRV068
ORD02090,2026-09-09T00:38:00+00:00,delivered,Coimbatore,V011,DRV110
ORD02091,2026-09-21T01:10:00+00:00,picked_up,Mysuru,V098,DRV043
ORD02092,2026-09-09T15:40:00+00:00,delivered,Chennai,V043,DRV097
ORD02093,2026-08-24T15:28:00+00:00,delayed,Hubballi,V040,DRV079
ORD02094,2026-09-23T20:08:00+00:00,delivered,Mysuru,V078,DRV032
ORD02095,2026-08-26T23:15:00+00:00,delivered,Hosur,V035,DRV113
ORD02096,2026-09-21T06:54:00+00:00,delivered,Pune,V029,DRV007
ORD02097,2026-08-12T17:28:00+00:00,in_transit,Coimbatore,V062,DRV093
ORD02098,2026-08-15T09:55:00+00:00,delivered,Hosur,V002,DRV115
ORD02099,2026-08-16T21:46:00+00:00,delivered,Coimbatore,V062,DRV098
ORD02100,2026-09-17T08:02:00+00:00,delivered,Coimbatore,V037,DRV081
ORD02101,2026-09-23T07:41:00+00:00,delivered,Hyderabad,V100,DRV017
ORD02102,2026-08-28T12:05:00+00:00,delivered,Mysuru,V056,DRV109
ORD02103,2026-08-21T09:36:00+00:00,in_transit,Mysuru,V004,DRV019
ORD02104,2026-08-19T18:33:00+00:00,delayed,Bengaluru,V060,DRV043
ORD02105,2026-09-05T20:32:00+00:00,delivered,Coimbatore,V075,DRV044
ORD02106,2026-08-08T07:43:00+00:00,picked_up,Hosur,V079,DRV028
ORD02107,2026-08-28T05:57:00+00:00,delivered,Pune,V090,DRV042
ORD02108,2026-08-07T16:23:00+00:00,delivered,Pune,V070,DRV071
ORD02109,2026-08-17T19:27:00+00:00,delivered,Mangaluru,V053,DRV021
ORD02110,2026-08-29T11:10:00+00:00,delivered,Coimbatore,V024,DRV034
ORD02111,2026-08-02T21:31:00+00:00,delivered,Chennai,V085,DRV058
ORD02112,2026-09-19T09:25:00+00:00,picked_up,Coimbatore,V005,DRV071
ORD02113,2026-09-04T21:18:00+00:00,delayed,Coimbatore,V007,DRV020
ORD02114,2026-08-06T23:45:00+00:00,delivered,Hyderabad,V025,DRV005
ORD02115,2026-08-15T08:03:00+00:00,delivered,Coimbatore,V047,DRV007
ORD02116,2026-08-26T14:04:00+00:00,delivered,Mangaluru,V044,DRV024
ORD02117,2026-08-19T08:39:00+00:00,delivered,Bengaluru,V020,DRV080
ORD02118,2026-08-13T06:06:00+00:00,delivered,Pune,V074,DRV014
ORD02119,2026-08-03T00:53:00+00:00,delivered,Mangaluru,V033,DRV053
ORD02120,2026-09-09T02:27:00+00:00,delayed,Pune,V047,DRV120
ORD02121,2026-09-13T13:52:00+00:00,in_transit,Mysuru,V045,DRV097
ORD02122,2026-08-26T09:35:00+00:00,in_transit,Pune,V027,DRV008
ORD02123,2026-09-20T17:02:00+00:00,delayed,Coimbatore,V063,DRV022
ORD02124,2026-08-13T05:13:00+00:00,delivered,Mangaluru,V070,DRV038
ORD02125,2026-08-09T07:16:00+00:00,delivered,Pune,V021,DRV021
ORD02126,2026-08-06T08:58:00+00:00,delivered,Coimbatore,V093,DRV053
ORD02127,2026-09-15T04:20:00+00:00,delivered,Hyderabad,V034,DRV053
ORD02128,2026-09-05T05:33:00+00:00,delivered,Coimbatore,V070,DRV030
ORD02129,2026-08-14T17:28:00+00:00,delivered,Hyderabad,V009,DRV024
ORD02130,2026-09-23T08:18:00+00:00,delayed,Mysuru,V044,DRV050
ORD02131,2026-08-14T15:17:00+00:00,picked_up,Chennai,V063,DRV032
ORD02132,2026-08-18T03:50:00+00:00,delivered,Hyderabad,V011,DRV012
ORD02133,2026-09-16T23:21:00+00:00,delivered,Hosur,V090,DRV045
ORD02134,2026-08-07T18:08:00+00:00,delivered,Coimbatore,V007,DRV111
ORD02135,2026-09-24T12:46:00+00:00,delivered,Coimbatore,V014,DRV076
ORD02136,2026-08-30T01:13:00+00:00,delayed,Coimbatore,V098,DRV015
ORD02137,2026-08-14T00:37:00+00:00,picked_up,Pune,V050,DRV096
ORD02138,2026-09-11T10:12:00+00:00,delivered,Mangaluru,V003,DRV047
ORD02139,2026-09-04T06:39:00+00:00,delivered,Bengaluru,V087,DRV042
ORD02140,2026-08-01T06:11:00+00:00,in_transit,Coimbatore,V026,DRV026
ORD02141,2026-08-02T16:53:00+00:00,delivered,Mangaluru,V067,DRV064
ORD02142,2026-09-12T11:38:00+00:00,delivered,Mangaluru,V022,DRV002
ORD02143,2026-08-07T14:25:00+00:00,in_transit,Hubballi,V041,DRV025
ORD02144,2026-08-17T18:16:00+00:00,delivered,Mysuru,V082,DRV085
ORD02145,2026-09-07T19:41:00+00:00,delivered,Mysuru,V024,DRV058
ORD02146,2026-08-15T14:34:00+00:00,picked_up,Mangaluru,V073,DRV020
ORD02147,2026-09-01T19:36:00+00:00,delivered,Bengaluru,V019,DRV104
ORD02148,2026-09-22T04:24:00+00:00,delayed,Coimbatore,V021,DRV020
ORD02149,2026-08-30T10:18:00+00:00,picked_up,Hyderabad,V099,DRV053
ORD02150,2026-08-30T00:26:00+00:00,delivered,Hyderabad,V086,DRV090
ORD02151,2026-08-23T07:37:00+00:00,delivered,Hosur,V093,DRV104
ORD02152,2026-08-28T01:01:00+00:00,in_transit,Mysuru,V024,DRV006
ORD02153,2026-08-24T15:24:00+00:00,in_transit,Hosur,V004,DRV083
ORD02154,2026-08-19T16:00:00+00:00,delayed,Coimbatore,V029,DRV084
ORD02155,2026-09-22T11:29:00+00:00,delivered,Mangaluru,V029,DRV091
ORD02156,2026-08-17T05:40:00+00:00,picked_up,Pune,V013,DRV107
ORD02157,2026-09-16T17:07:00+00:00,in_transit,Mangaluru,V015,DRV092
ORD02158,2026-09-08T04:35:00+00:00,delivered,Tumakuru,V052,DRV039
ORD02159,2026-09-18T10:36:00+00:00,delivered,Bengaluru,V072,DRV069
ORD02160,2026-08-13T05:36:00+00:00,picked_up,Hubballi,V087,DRV001
ORD02161,2026-09-15T20:05:00+00:00,picked_up,Coimbatore,V064,DRV057
ORD02162,2026-09-17T13:23:00+00:00,delivered,Mysuru,V095,DRV050
ORD02163,2026-08-12T01:22:00+00:00,in_transit,Hubballi,V093,DRV017
ORD02164,2026-08-11T06:03:00+00:00,in_transit,Coimbatore,V092,DRV120
ORD02165,2026-08-18T17:02:00+00:00,delivered,Hyderabad,V040,DRV089
ORD02166,2026-08-24T01:38:00+00:00,delivered,Coimbatore,V015,DRV037
ORD02167,2026-09-10T20:39:00+00:00,delivered,Hyderabad,V098,DRV053
ORD02168,2026-08-09T23:54:00+00:00,in_transit,Pune,V066,DRV090
ORD02169,2026-08-06T06:18:00+00:00,delivered,Pune,V056,DRV055
ORD02170,2026-08-06T18:16:00+00:00,delivered,Hyderabad,V026,DRV096
ORD02171,2026-09-06T04:15:00+00:00,delivered,Tumakuru,V013,DRV001
ORD02172,2026-08-25T17:30:00+00:00,delivered,Pune,V068,DRV116
ORD02173,2026-08-15T18:22:00+00:00,picked_up,Pune,V079,DRV022
ORD02174,2026-09-06T08:04:00+00:00,delivered,Hosur,V056,DRV021
ORD02175,2026-08-17T05:24:00+00:00,picked_up,Mangaluru,V027,DRV113
ORD02176,2026-09-14T06:18:00+00:00,delivered,Hubballi,V096,DRV011
ORD02177,2026-09-19T12:27:00+00:00,picked_up,Bengaluru,V097,DRV106
ORD02178,2026-08-10T13:48:00+00:00,delivered,Hosur,V071,DRV040
ORD02179,2026-08-15T03:53:00+00:00,in_transit,Coimbatore,V021,DRV026
ORD02180,2026-09-16T11:24:00+00:00,delayed,Tumakuru,V029,DRV045
ORD02181,2026-09-18T06:38:00+00:00,delivered,Mysuru,V091,DRV098
ORD02182,2026-09-05T02:49:00+00:00,delivered,Hosur,V006,DRV055
ORD02183,2026-09-17T14:42:00+00:00,delivered,Pune,V084,DRV105
ORD02184,2026-08-12T19:00:00+00:00,delivered,Mysuru,V057,DRV053
ORD02185,2026-09-02T06:39:00+00:00,cancelled,Bengaluru,V054,DRV075
ORD02186,2026-09-02T00:07:00+00:00,in_transit,Coimbatore,V023,DRV095
ORD02187,2026-09-03T18:51:00+00:00,in_transit,Mangaluru,V052,DRV069
ORD02188,2026-09-22T10:30:00+00:00,picked_up,Pune,V018,DRV042
ORD02189,2026-09-16T09:31:00+00:00,in_transit,Mangaluru,V021,DRV044
ORD02190,2026-09-09T16:05:00+00:00,in_transit,Mangaluru,V002,DRV098
ORD02191,2026-08-03T05:01:00+00:00,delivered,Coimbatore,V081,DRV061
ORD02192,2026-08-28T17:44:00+00:00,delivered,Hyderabad,V057,DRV074
ORD02193,2026-08-01T10:54:00+00:00,in_transit,Mangaluru,V077,DRV059
ORD02194,2026-09-02T01:47:00+00:00,in_transit,Mangaluru,V074,DRV037
ORD02195,2026-08-18T18:37:00+00:00,picked_up,Coimbatore,V065,DRV109
ORD02196,2026-08-23T05:33:00+00:00,delivered,Hubballi,V059,DRV067
ORD02197,2026-09-18T22:26:00+00:00,picked_up,Coimbatore,V014,DRV049
ORD02198,2026-08-29T18:48:00+00:00,delivered,Mangaluru,V078,DRV022
ORD02199,2026-08-16T17:34:00+00:00,delivered,Mangaluru,V005,DRV021
ORD02200,2026-09-06T07:35:00+00:00,delivered,Mysuru,V071,DRV078
ORD02201,2026-08-25T17:15:00+00:00,delivered,Pune,V033,DRV046
ORD02202,2026-09-20T18:20:00+00:00,picked_up,Hyderabad,V074,DRV072
ORD02203,2026-08-28T21:06:00+00:00,in_transit,Mangaluru,V070,DRV071
ORD02204,2026-09-20T12:15:00+00:00,delivered,Chennai,V031,DRV002
ORD02205,2026-08-05T10:58:00+00:00,delivered,Chennai,V006,DRV087
ORD02206,2026-09-23T22:05:00+00:00,picked_up,Chennai,V100,DRV077
ORD02207,2026-09-05T10:21:00+00:00,delivered,Pune,V072,DRV034
ORD02208,2026-08-27T19:09:00+00:00,delivered,Tumakuru,V073,DRV007
ORD02209,2026-09-18T08:52:00+00:00,delivered,Pune,V054,DRV113
ORD02210,2026-09-09T01:01:00+00:00,delivered,Coimbatore,V089,DRV016
ORD02211,2026-08-28T17:37:00+00:00,picked_up,Mangaluru,V033,DRV017
ORD02212,2026-08-26T00:51:00+00:00,in_transit,Mangaluru,V055,DRV072
ORD02213,2026-08-04T15:37:00+00:00,delivered,Coimbatore,V100,DRV017
ORD02214,2026-09-24T10:47:00+00:00,delivered,Mangaluru,V062,DRV018
ORD02215,2026-08-17T16:42:00+00:00,delivered,Coimbatore,V002,DRV043
ORD02216,2026-09-10T03:55:00+00:00,delayed,Mangaluru,V034,DRV064
ORD02217,2026-09-19T11:41:00+00:00,delivered,Coimbatore,V042,DRV048
ORD02218,2026-08-30T17:06:00+00:00,delivered,Hosur,V030,DRV069
ORD02219,2026-08-08T11:58:00+00:00,cancelled,Tumakuru,V037,DRV043
ORD02220,2026-09-24T11:47:00+00:00,delivered,Mangaluru,V095,DRV032
ORD02221,2026-08-09T13:27:00+00:00,picked_up,Coimbatore,V009,DRV119
ORD02222,2026-09-12T09:43:00+00:00,delivered,Mysuru,V055,DRV099
ORD02223,2026-09-20T15:41:00+00:00,delivered,Hubballi,V087,DRV042
ORD02224,2026-09-23T07:45:00+00:00,in_transit,Coimbatore,V022,DRV088
ORD02225,2026-09-07T04:39:00+00:00,delivered,Hyderabad,V065,DRV042
ORD02226,2026-09-10T23:27:00+00:00,delivered,Pune,V044,DRV118
ORD02227,2026-09-24T17:30:00+00:00,delivered,Hubballi,V058,DRV059
ORD02228,2026-09-03T11:52:00+00:00,in_transit,Mangaluru,V046,DRV099
ORD02229,2026-08-28T03:22:00+00:00,delivered,Pune,V060,DRV016
ORD02230,2026-08-19T05:58:00+00:00,delivered,Hosur,V078,DRV027
ORD02231,2026-09-16T15:13:00+00:00,delivered,Tumakuru,V029,DRV025
ORD02232,2026-08-07T09:55:00+00:00,in_transit,Pune,V031,DRV106
ORD02233,2026-09-16T19:57:00+00:00,delivered,Tumakuru,V069,DRV114
ORD02234,2026-09-13T18:17:00+00:00,delivered,Pune,V026,DRV002
ORD02235,2026-08-06T19:51:00+00:00,delivered,Mysuru,V016,DRV057
ORD02236,2026-08-30T20:28:00+00:00,delayed,Hubballi,V062,DRV104
ORD02237,2026-09-21T12:02:00+00:00,picked_up,Coimbatore,V046,DRV055
ORD02238,2026-09-04T19:09:00+00:00,delivered,Coimbatore,V095,DRV062
ORD02239,2026-09-06T08:01:00+00:00,in_transit,Hyderabad,V009,DRV040
ORD02240,2026-09-23T14:19:00+00:00,in_transit,Coimbatore,V033,DRV114
ORD02241,2026-08-05T20:19:00+00:00,in_transit,Mangaluru,V074,DRV075
ORD02242,2026-09-18T15:37:00+00:00,in_transit,Coimbatore,V044,DRV062
ORD02243,2026-09-01T05:33:00+00:00,delivered,Mangaluru,V091,DRV011
ORD02244,2026-08-27T13:18:00+00:00,picked_up,Chennai,V022,DRV084
ORD02245,2026-09-17T04:49:00+00:00,delivered,Coimbatore,V097,DRV116
ORD02246,2026-09-21T07:21:00+00:00,picked_up,Mangaluru,V048,DRV106
ORD02247,2026-09-01T19:13:00+00:00,delayed,Hosur,V017,DRV067
ORD02248,2026-08-07T13:36:00+00:00,delivered,Mysuru,V075,DRV060
ORD02249,2026-09-18T07:29:00+00:00,delivered,Coimbatore,V082,DRV078
ORD02250,2026-08-30T22:03:00+00:00,delayed,Chennai,V068,DRV039
ORD02251,2026-08-19T23:02:00+00:00,delivered,Mangaluru,V098,DRV112
ORD02252,2026-08-08T18:08:00+00:00,delivered,Chennai,V028,DRV082
ORD02253,2026-09-01T08:01:00+00:00,delayed,Chennai,V069,DRV015
ORD02254,2026-09-19T06:33:00+00:00,delivered,Tumakuru,V044,DRV074
ORD02255,2026-08-16T08:08:00+00:00,picked_up,Hosur,V057,DRV060
ORD02256,2026-08-14T13:06:00+00:00,in_transit,Mysuru,V055,DRV119
ORD02257,2026-08-09T07:38:00+00:00,in_transit,Coimbatore,V085,DRV041
ORD02258,2026-08-30T00:57:00+00:00,delivered,Chennai,V087,DRV051
ORD02259,2026-08-23T03:58:00+00:00,delayed,Hosur,V011,DRV002
ORD02260,2026-08-29T03:26:00+00:00,delivered,Hyderabad,V041,DRV045
ORD02261,2026-09-22T10:28:00+00:00,delivered,Mysuru,V068,DRV042
ORD02262,2026-08-04T23:26:00+00:00,delivered,Pune,V008,DRV113
ORD02263,2026-08-19T21:22:00+00:00,delivered,Hubballi,V044,DRV120
ORD02264,2026-09-06T18:58:00+00:00,delivered,Mangaluru,V057,DRV011
ORD02265,2026-09-06T12:15:00+00:00,in_transit,Coimbatore,V027,DRV046
ORD02266,2026-09-19T17:02:00+00:00,delivered,Hosur,V097,DRV108
ORD02267,2026-09-11T03:21:00+00:00,in_transit,Mangaluru,V012,DRV084
ORD02268,2026-09-23T06:39:00+00:00,delivered,Chennai,V024,DRV046
ORD02269,2026-08-27T14:34:00+00:00,delivered,Mangaluru,V087,DRV079
ORD02270,2026-09-13T03:57:00+00:00,delivered,Chennai,V059,DRV004
ORD02271,2026-09-07T10:54:00+00:00,delivered,Mangaluru,V032,DRV038
ORD02272,2026-08-24T08:47:00+00:00,delivered,Mysuru,V091,DRV088
ORD02273,2026-09-12T05:46:00+00:00,cancelled,Chennai,V042,DRV082
ORD02274,2026-09-07T08:42:00+00:00,picked_up,Coimbatore,V006,DRV048
ORD02275,2026-09-19T20:11:00+00:00,delivered,Mangaluru,V063,DRV028
ORD02276,2026-09-08T07:24:00+00:00,delivered,Tumakuru,V018,DRV120
ORD02277,2026-08-25T20:29:00+00:00,delivered,Hubballi,V068,DRV097
ORD02278,2026-08-20T09:44:00+00:00,picked_up,Mysuru,V074,DRV053
ORD02279,2026-09-06T19:39:00+00:00,delivered,Hosur,V097,DRV111
ORD02280,2026-08-16T20:50:00+00:00,delivered,Pune,V098,DRV110
ORD02281,2026-09-01T23:23:00+00:00,delivered,Mysuru,V091,DRV031
ORD02282,2026-08-12T06:33:00+00:00,delivered,Tumakuru,V026,DRV003
ORD02283,2026-08-25T18:55:00+00:00,delayed,Hosur,V099,DRV107
ORD02284,2026-09-23T20:22:00+00:00,delivered,Coimbatore,V067,DRV116
ORD02285,2026-09-12T20:48:00+00:00,delivered,Pune,V096,DRV046
ORD02286,2026-09-06T21:13:00+00:00,delivered,Hubballi,V061,DRV058
ORD02287,2026-08-01T20:22:00+00:00,in_transit,Mangaluru,V080,DRV117
ORD02288,2026-09-08T05:04:00+00:00,cancelled,Coimbatore,V024,DRV070
ORD02289,2026-08-25T07:44:00+00:00,delayed,Hubballi,V006,DRV119
ORD02290,2026-08-22T08:29:00+00:00,picked_up,Mangaluru,V079,DRV005
ORD02291,2026-08-01T20:32:00+00:00,delivered,Coimbatore,V036,DRV009
ORD02292,2026-08-25T20:48:00+00:00,delivered,Hyderabad,V028,DRV021
ORD02293,2026-08-08T02:11:00+00:00,delivered,Pune,V062,DRV092
ORD02294,2026-08-14T04:37:00+00:00,delayed,Mysuru,V070,DRV060
ORD02295,2026-08-24T08:32:00+00:00,picked_up,Hosur,V074,DRV053
ORD02296,2026-08-08T05:28:00+00:00,cancelled,Coimbatore,V039,DRV102
ORD02297,2026-08-25T06:50:00+00:00,picked_up,Chennai,V089,DRV083
ORD02298,2026-08-10T22:36:00+00:00,delivered,Hyderabad,V080,DRV007
ORD02299,2026-09-18T01:05:00+00:00,delivered,Mangaluru,V089,DRV049
ORD02300,2026-08-14T15:47:00+00:00,delivered,Chennai,V058,DRV089
ORD02301,2026-08-04T01:19:00+00:00,in_transit,Tumakuru,V100,DRV102
ORD02302,2026-08-07T09:30:00+00:00,in_transit,Coimbatore,V026,DRV053
ORD02303,2026-09-12T12:01:00+00:00,delivered,Mangaluru,V041,DRV004
ORD02304,2026-08-13T12:29:00+00:00,delivered,Hosur,V073,DRV002
ORD02305,2026-09-12T01:53:00+00:00,delivered,Mangaluru,V097,DRV100
ORD02306,2026-08-09T16:58:00+00:00,delivered,Coimbatore,V070,DRV105
ORD02307,2026-08-07T21:37:00+00:00,in_transit,Hyderabad,V064,DRV019
ORD02308,2026-08-29T20:03:00+00:00,picked_up,Mysuru,V091,DRV100
ORD02309,2026-08-11T02:46:00+00:00,in_transit,Hosur,V071,DRV104
ORD02310,2026-08-24T11:57:00+00:00,delivered,Hosur,V053,DRV007
ORD02311,2026-08-13T01:21:00+00:00,delivered,Mangaluru,V019,DRV012
ORD02312,2026-08-17T17:35:00+00:00,delivered,Mangaluru,V076,DRV035
ORD02313,2026-09-23T04:11:00+00:00,delivered,Pune,V095,DRV106
ORD02314,2026-08-03T02:30:00+00:00,delivered,Mangaluru,V024,DRV054
ORD02315,2026-08-13T02:16:00+00:00,delivered,Coimbatore,V011,DRV084
ORD02316,2026-08-13T05:52:00+00:00,delivered,Mysuru,V045,DRV106
ORD02317,2026-08-04T13:50:00+00:00,delivered,Mangaluru,V014,DRV074
ORD02318,2026-08-09T12:06:00+00:00,delivered,Coimbatore,V056,DRV070
ORD02319,2026-09-07T16:58:00+00:00,delivered,Pune,V072,DRV055
ORD02320,2026-09-12T07:45:00+00:00,delivered,Hubballi,V008,DRV117
ORD02321,2026-08-24T18:32:00+00:00,delivered,Hosur,V096,DRV030
ORD02322,2026-09-22T02:21:00+00:00,delivered,Bengaluru,V038,DRV080
ORD02323,2026-08-28T12:44:00+00:00,delivered,Hosur,V052,DRV074
ORD02324,2026-08-12T19:59:00+00:00,picked_up,Mysuru,V042,DRV030
ORD02325,2026-08-25T16:58:00+00:00,delivered,Hosur,V006,DRV065
ORD02326,2026-09-18T01:21:00+00:00,delivered,Hosur,V036,DRV056
ORD02327,2026-08-07T00:27:00+00:00,cancelled,Mangaluru,V026,DRV096
ORD02328,2026-08-30T23:14:00+00:00,delivered,Pune,V027,DRV098
ORD02329,2026-08-02T19:54:00+00:00,delivered,Pune,V049,DRV032
ORD02330,2026-09-24T02:25:00+00:00,delivered,Chennai,V001,DRV001
ORD02331,2026-08-11T23:48:00+00:00,delivered,Mysuru,V001,DRV003
ORD02332,2026-08-15T00:51:00+00:00,picked_up,Coimbatore,V018,DRV088
ORD02333,2026-09-18T13:39:00+00:00,picked_up,Coimbatore,V074,DRV094
ORD02334,2026-09-19T12:31:00+00:00,delayed,Chennai,V044,DRV039
ORD02335,2026-09-13T17:09:00+00:00,cancelled,Mysuru,V050,DRV032
ORD02336,2026-09-23T17:05:00+00:00,delivered,Coimbatore,V088,DRV029
ORD02337,2026-08-23T08:45:00+00:00,cancelled,Hyderabad,V011,DRV119
ORD02338,2026-09-25T04:20:00+00:00,in_transit,Coimbatore,V048,DRV089
ORD02339,2026-09-22T10:12:00+00:00,cancelled,Mysuru,V040,DRV020
ORD02340,2026-08-02T06:08:00+00:00,delivered,Hubballi,V027,DRV042
ORD02341,2026-08-03T20:13:00+00:00,delivered,Chennai,V049,DRV074
ORD02342,2026-08-25T22:14:00+00:00,picked_up,Coimbatore,V056,DRV057
ORD02343,2026-09-20T07:35:00+00:00,delivered,Coimbatore,V083,DRV093
ORD02344,2026-09-16T08:57:00+00:00,delivered,Coimbatore,V018,DRV084
ORD02345,2026-08-01T07:03:00+00:00,delivered,Hyderabad,V051,DRV019
ORD02346,2026-09-15T07:43:00+00:00,delivered,Mysuru,V042,DRV116
ORD02347,2026-08-18T17:03:00+00:00,delivered,Pune,V021,DRV120
ORD02348,2026-08-01T23:25:00+00:00,delivered,Pune,V021,DRV080
ORD02349,2026-08-10T23:51:00+00:00,delivered,Hosur,V088,DRV054
ORD02350,2026-09-01T12:20:00+00:00,in_transit,Mangaluru,V037,DRV086
ORD02351,2026-09-12T10:51:00+00:00,in_transit,Coimbatore,V029,DRV008
ORD02352,2026-08-06T01:43:00+00:00,delivered,Mysuru,V072,DRV032
ORD02353,2026-08-03T18:07:00+00:00,delivered,Coimbatore,V096,DRV117
ORD02354,2026-09-09T02:08:00+00:00,delivered,Coimbatore,V012,DRV017
ORD02355,2026-08-02T03:43:00+00:00,delivered,Coimbatore,V055,DRV056
ORD02356,2026-09-04T22:12:00+00:00,delayed,Hubballi,V040,DRV084
ORD02357,2026-08-21T03:31:00+00:00,picked_up,Coimbatore,V039,DRV050
ORD02358,2026-08-31T11:44:00+00:00,delivered,Coimbatore,V047,DRV064
ORD02359,2026-08-24T18:38:00+00:00,delivered,Chennai,V072,DRV054
ORD02360,2026-08-16T13:35:00+00:00,delivered,Pune,V041,DRV097
ORD02361,2026-09-06T00:51:00+00:00,delivered,Coimbatore,V001,DRV066
ORD02362,2026-09-06T14:02:00+00:00,cancelled,Hubballi,V017,DRV036
ORD02363,2026-09-10T09:52:00+00:00,delivered,Tumakuru,V035,DRV102
ORD02364,2026-08-15T13:22:00+00:00,in_transit,Pune,V082,DRV027
ORD02365,2026-08-11T00:41:00+00:00,picked_up,Chennai,V039,DRV065
ORD02366,2026-08-12T11:03:00+00:00,delivered,Mysuru,V035,DRV104
ORD02367,2026-09-08T05:11:00+00:00,picked_up,Hubballi,V097,DRV049
ORD02368,2026-08-08T23:30:00+00:00,delivered,Chennai,V082,DRV056
ORD02369,2026-08-24T11:40:00+00:00,in_transit,Pune,V023,DRV003
ORD02370,2026-08-12T11:15:00+00:00,delivered,Coimbatore,V091,DRV079
ORD02371,2026-08-08T09:45:00+00:00,delivered,Pune,V060,DRV032
ORD02372,2026-08-21T13:09:00+00:00,delivered,Hubballi,V076,DRV101
ORD02373,2026-09-17T04:47:00+00:00,delivered,Pune,V054,DRV069
ORD02374,2026-08-02T17:49:00+00:00,delivered,Hubballi,V013,DRV105
ORD02375,2026-08-15T16:44:00+00:00,picked_up,Coimbatore,V048,DRV040
ORD02376,2026-08-23T14:51:00+00:00,picked_up,Coimbatore,V016,DRV091
ORD02377,2026-09-18T06:59:00+00:00,delivered,Mangaluru,V031,DRV064
ORD02378,2026-09-05T03:12:00+00:00,delivered,Chennai,V008,DRV026
ORD02379,2026-09-24T04:06:00+00:00,delivered,Chennai,V076,DRV080
ORD02380,2026-08-26T04:17:00+00:00,delivered,Coimbatore,V002,DRV027
ORD02381,2026-08-10T23:29:00+00:00,delayed,Chennai,V064,DRV096
ORD02382,2026-09-07T21:48:00+00:00,delivered,Mangaluru,V096,DRV014
ORD02383,2026-08-05T21:00:00+00:00,delayed,Mangaluru,V034,DRV013
ORD02384,2026-09-17T17:25:00+00:00,delivered,Hubballi,V047,DRV118
ORD02385,2026-09-09T20:21:00+00:00,delivered,Coimbatore,V044,DRV068
ORD02386,2026-08-16T08:00:00+00:00,in_transit,Hyderabad,V087,DRV112
ORD02387,2026-09-12T15:36:00+00:00,in_transit,Coimbatore,V008,DRV092
ORD02388,2026-08-10T20:40:00+00:00,delivered,Coimbatore,V071,DRV089
ORD02389,2026-08-15T04:15:00+00:00,delivered,Hyderabad,V026,DRV087
ORD02390,2026-09-14T17:35:00+00:00,delayed,Mangaluru,V069,DRV026
ORD02391,2026-09-10T19:15:00+00:00,picked_up,Mysuru,V072,DRV111
ORD02392,2026-09-19T22:20:00+00:00,delivered,Hyderabad,V093,DRV092
ORD02393,2026-09-15T15:20:00+00:00,delivered,Hubballi,V022,DRV084
ORD02394,2026-08-20T15:14:00+00:00,picked_up,Coimbatore,V024,DRV021
ORD02395,2026-09-05T04:03:00+00:00,in_transit,Tumakuru,V098,DRV049
ORD02396,2026-09-06T07:13:00+00:00,in_transit,Hubballi,V003,DRV050
ORD02397,2026-08-11T21:42:00+00:00,delivered,Hosur,V047,DRV090
ORD02398,2026-08-11T13:07:00+00:00,picked_up,Coimbatore,V039,DRV106
ORD02399,2026-09-13T23:11:00+00:00,picked_up,Hyderabad,V028,DRV026
ORD02400,2026-08-24T17:17:00+00:00,picked_up,Chennai,V021,DRV037
ORD02401,2026-08-21T07:27:00+00:00,in_transit,Pune,V037,DRV070
ORD02402,2026-08-01T22:46:00+00:00,delivered,Mysuru,V014,DRV095
ORD02403,2026-08-21T23:50:00+00:00,delivered,Mysuru,V013,DRV048
ORD02404,2026-09-20T03:54:00+00:00,cancelled,Hubballi,V090,DRV038
ORD02405,2026-08-31T03:59:00+00:00,delivered,Mangaluru,V071,DRV012
ORD02406,2026-08-11T21:22:00+00:00,picked_up,Pune,V036,DRV117
ORD02407,2026-09-14T18:44:00+00:00,delivered,Chennai,V075,DRV101
ORD02408,2026-08-23T16:05:00+00:00,in_transit,Hyderabad,V042,DRV096
ORD02409,2026-09-10T23:15:00+00:00,picked_up,Hyderabad,V043,DRV104
ORD02410,2026-09-04T00:18:00+00:00,delayed,Hyderabad,V064,DRV065
ORD02411,2026-08-15T03:47:00+00:00,delivered,Hubballi,V082,DRV006
ORD02412,2026-09-05T00:55:00+00:00,delivered,Mangaluru,V038,DRV101
ORD02413,2026-09-08T12:36:00+00:00,delayed,Coimbatore,V060,DRV019
ORD02414,2026-08-10T07:38:00+00:00,delivered,Mangaluru,V027,DRV008
ORD02415,2026-09-05T03:53:00+00:00,picked_up,Hubballi,V097,DRV084
ORD02416,2026-08-20T18:53:00+00:00,delivered,Coimbatore,V041,DRV040
ORD02417,2026-08-28T01:35:00+00:00,picked_up,Mangaluru,V039,DRV065
ORD02418,2026-08-05T17:38:00+00:00,delivered,Hosur,V023,DRV043
ORD02419,2026-08-14T10:56:00+00:00,picked_up,Bengaluru,V024,DRV072
ORD02420,2026-09-08T00:12:00+00:00,delivered,Hosur,V018,DRV002
ORD02421,2026-09-13T17:43:00+00:00,picked_up,Mysuru,V091,DRV027
ORD02422,2026-09-13T09:46:00+00:00,delivered,Bengaluru,V018,DRV046
ORD02423,2026-09-09T06:38:00+00:00,delayed,Pune,V061,DRV078
ORD02424,2026-09-17T03:15:00+00:00,picked_up,Hubballi,V067,DRV051
ORD02425,2026-08-31T14:14:00+00:00,delayed,Coimbatore,V100,DRV031
ORD02426,2026-09-17T20:32:00+00:00,picked_up,Mysuru,V078,DRV099
ORD02427,2026-09-08T03:54:00+00:00,delayed,Hosur,V042,DRV077
ORD02428,2026-08-29T18:42:00+00:00,delivered,Chennai,V084,DRV095
ORD02429,2026-09-13T05:17:00+00:00,delivered,Coimbatore,V060,DRV064
ORD02430,2026-09-09T22:00:00+00:00,picked_up,Coimbatore,V076,DRV091
ORD02431,2026-08-14T13:41:00+00:00,picked_up,Hubballi,V062,DRV027
ORD02432,2026-08-17T10:59:00+00:00,delivered,Coimbatore,V023,DRV023
ORD02433,2026-08-08T01:21:00+00:00,picked_up,Chennai,V048,DRV084
ORD02434,2026-09-14T23:58:00+00:00,delivered,Pune,V022,DRV008
ORD02435,2026-09-04T01:47:00+00:00,delivered,Tumakuru,V035,DRV108
ORD02436,2026-08-22T06:25:00+00:00,delivered,Pune,V023,DRV014
ORD02437,2026-08-17T08:32:00+00:00,delivered,Coimbatore,V024,DRV096
ORD02438,2026-08-17T22:43:00+00:00,in_transit,Mangaluru,V035,DRV064
ORD02439,2026-08-03T08:13:00+00:00,picked_up,Tumakuru,V058,DRV060
ORD02440,2026-08-18T16:26:00+00:00,delivered,Bengaluru,V100,DRV006
ORD02441,2026-09-23T04:43:00+00:00,delivered,Mangaluru,V024,DRV053
ORD02442,2026-09-04T12:07:00+00:00,in_transit,Coimbatore,V015,DRV111
ORD02443,2026-09-10T13:59:00+00:00,delivered,Coimbatore,V031,DRV118
ORD02444,2026-09-21T06:21:00+00:00,delivered,Coimbatore,V051,DRV097
ORD02445,2026-09-01T21:23:00+00:00,in_transit,Coimbatore,V079,DRV105
ORD02446,2026-08-21T02:54:00+00:00,delayed,Mysuru,V029,DRV017
ORD02447,2026-09-19T09:17:00+00:00,picked_up,Coimbatore,V021,DRV115
ORD02448,2026-09-01T17:11:00+00:00,in_transit,Coimbatore,V039,DRV099
ORD02449,2026-09-09T08:31:00+00:00,delayed,Mangaluru,V058,DRV051
ORD02450,2026-09-20T10:33:00+00:00,in_transit,Mangaluru,V046,DRV027
ORD02451,2026-09-23T11:52:00+00:00,delivered,Mysuru,V058,DRV093
ORD02452,2026-09-08T04:25:00+00:00,delayed,Hyderabad,V047,DRV097
ORD02453,2026-09-19T21:22:00+00:00,delivered,Mysuru,V092,DRV119
ORD02454,2026-08-16T04:46:00+00:00,delivered,Mysuru,V010,DRV116
ORD02455,2026-08-04T00:57:00+00:00,delivered,Mysuru,V070,DRV074
ORD02456,2026-09-01T19:03:00+00:00,cancelled,Coimbatore,V032,DRV027
ORD02457,2026-09-02T16:16:00+00:00,delivered,Hosur,V020,DRV104
ORD02458,2026-08-11T11:07:00+00:00,in_transit,Coimbatore,V094,DRV029
ORD02459,2026-08-21T15:53:00+00:00,picked_up,Tumakuru,V075,DRV065
ORD02460,2026-08-18T17:26:00+00:00,delayed,Mysuru,V032,DRV025
ORD02461,2026-08-15T23:49:00+00:00,in_transit,Coimbatore,V017,DRV001
ORD02462,2026-09-19T02:42:00+00:00,cancelled,Coimbatore,V030,DRV016
ORD02463,2026-08-15T20:13:00+00:00,picked_up,Coimbatore,V008,DRV057
ORD02464,2026-09-24T21:47:00+00:00,in_transit,Mangaluru,V008,DRV016
ORD02465,2026-08-19T03:25:00+00:00,delivered,Bengaluru,V059,DRV040
ORD02466,2026-08-07T05:01:00+00:00,picked_up,Coimbatore,V050,DRV024
ORD02467,2026-09-21T15:05:00+00:00,delivered,Coimbatore,V058,DRV044
ORD02468,2026-09-10T17:20:00+00:00,delivered,Coimbatore,V030,DRV013
ORD02469,2026-08-12T20:31:00+00:00,picked_up,Bengaluru,V036,DRV061
ORD02470,2026-08-23T23:34:00+00:00,delivered,Bengaluru,V019,DRV090
ORD02471,2026-08-21T22:19:00+00:00,delivered,Hosur,V074,DRV076
ORD02472,2026-08-25T18:13:00+00:00,delivered,Coimbatore,V022,DRV091
ORD02473,2026-08-31T06:29:00+00:00,delivered,Mangaluru,V041,DRV013
ORD02474,2026-09-23T03:37:00+00:00,in_transit,Hyderabad,V039,DRV031
ORD02475,2026-09-12T02:34:00+00:00,in_transit,Hyderabad,V034,DRV060
ORD02476,2026-08-13T01:18:00+00:00,delivered,Mysuru,V012,DRV065
ORD02477,2026-09-19T07:56:00+00:00,delayed,Mangaluru,V076,DRV024
ORD02478,2026-09-14T22:17:00+00:00,delivered,Mangaluru,V064,DRV082
ORD02479,2026-08-16T15:05:00+00:00,in_transit,Chennai,V072,DRV056
ORD02480,2026-08-06T08:53:00+00:00,delivered,Mysuru,V060,DRV092
ORD02481,2026-08-06T10:03:00+00:00,picked_up,Coimbatore,V043,DRV082
ORD02482,2026-08-18T16:03:00+00:00,picked_up,Pune,V070,DRV022
ORD02483,2026-09-06T23:25:00+00:00,delayed,Coimbatore,V003,DRV095
ORD02484,2026-08-12T11:57:00+00:00,in_transit,Mangaluru,V100,DRV022
ORD02485,2026-09-04T01:08:00+00:00,delivered,Mysuru,V075,DRV051
ORD02486,2026-09-02T03:21:00+00:00,delivered,Coimbatore,V014,DRV069
ORD02487,2026-08-16T08:56:00+00:00,delayed,Bengaluru,V039,DRV058
ORD02488,2026-08-24T00:06:00+00:00,picked_up,Hyderabad,V083,DRV002
ORD02489,2026-08-25T21:57:00+00:00,delivered,Hosur,V073,DRV074
ORD02490,2026-09-08T03:52:00+00:00,delivered,Mysuru,V089,DRV057
ORD02491,2026-08-01T04:32:00+00:00,delivered,Bengaluru,V044,DRV106
ORD02492,2026-08-17T22:40:00+00:00,delivered,Coimbatore,V037,DRV083
ORD02493,2026-08-07T21:58:00+00:00,delivered,Mangaluru,V098,DRV011
ORD02494,2026-08-19T10:55:00+00:00,delivered,Coimbatore,V023,DRV018
ORD02495,2026-08-09T01:36:00+00:00,picked_up,Coimbatore,V029,DRV049
ORD02496,2026-09-18T07:04:00+00:00,delivered,Pune,V063,DRV085
ORD02497,2026-09-06T14:41:00+00:00,delivered,Coimbatore,V088,DRV096
ORD02498,2026-08-12T19:58:00+00:00,delivered,Hosur,V028,DRV091
ORD02499,2026-09-22T06:27:00+00:00,delivered,Chennai,V060,DRV023
ORD02500,2026-09-10T13:31:00+00:00,picked_up,Coimbatore,V085,DRV019
ORD02501,2026-09-07T09:34:00+00:00,delivered,Bengaluru,V083,DRV120
ORD02502,2026-08-28T09:56:00+00:00,delivered,Hosur,V026,DRV092
ORD02503,2026-08-27T08:47:00+00:00,delivered,Coimbatore,V096,DRV026
ORD02504,2026-09-05T10:29:00+00:00,delivered,Hyderabad,V062,DRV054
ORD02505,2026-08-27T15:29:00+00:00,delivered,Mysuru,V006,DRV105
ORD02506,2026-08-30T20:34:00+00:00,picked_up,Hyderabad,V013,DRV066
ORD02507,2026-09-15T01:56:00+00:00,in_transit,Coimbatore,V073,DRV025
ORD02508,2026-08-16T11:07:00+00:00,delivered,Mysuru,V029,DRV057
ORD02509,2026-09-15T05:59:00+00:00,delivered,Hyderabad,V035,DRV045
ORD02510,2026-09-05T12:33:00+00:00,in_transit,Chennai,V058,DRV073
ORD02511,2026-09-19T00:09:00+00:00,delivered,Mangaluru,V029,DRV049
ORD02512,2026-08-04T21:10:00+00:00,delivered,Coimbatore,V060,DRV023
ORD02513,2026-08-02T07:00:00+00:00,cancelled,Mysuru,V001,DRV077
ORD02514,2026-08-29T14:21:00+00:00,delivered,Mangaluru,V035,DRV023
ORD02515,2026-08-30T10:15:00+00:00,delayed,Chennai,V078,DRV003
ORD02516,2026-08-08T07:29:00+00:00,delivered,Pune,V055,DRV007
ORD02517,2026-08-09T15:43:00+00:00,delivered,Chennai,V059,DRV065
ORD02518,2026-09-11T20:17:00+00:00,delivered,Hubballi,V094,DRV049
ORD02519,2026-09-07T23:36:00+00:00,delivered,Hubballi,V054,DRV109
ORD02520,2026-09-06T23:35:00+00:00,in_transit,Mangaluru,V009,DRV048
ORD02521,2026-09-17T06:44:00+00:00,delayed,Coimbatore,V074,DRV005
ORD02522,2026-08-16T07:51:00+00:00,in_transit,Hyderabad,V015,DRV002
ORD02523,2026-09-11T11:02:00+00:00,in_transit,Mysuru,V072,DRV050
ORD02524,2026-09-07T14:04:00+00:00,delayed,Hubballi,V055,DRV005
ORD02525,2026-09-10T12:31:00+00:00,delivered,Hosur,V055,DRV076
ORD02526,2026-09-06T05:38:00+00:00,delivered,Mysuru,V057,DRV086
ORD02527,2026-08-12T02:30:00+00:00,delivered,Hyderabad,V018,DRV024
ORD02528,2026-09-22T11:58:00+00:00,in_transit,Hyderabad,V100,DRV011
ORD02529,2026-09-09T08:57:00+00:00,delivered,Chennai,V065,DRV098
ORD02530,2026-08-19T20:06:00+00:00,in_transit,Hyderabad,V027,DRV039
ORD02531,2026-08-29T21:08:00+00:00,delayed,Mysuru,V082,DRV042
ORD02532,2026-08-13T21:29:00+00:00,picked_up,Coimbatore,V089,DRV059
ORD02533,2026-09-08T15:15:00+00:00,delayed,Mangaluru,V098,DRV010
ORD02534,2026-09-07T05:08:00+00:00,delivered,Mysuru,V024,DRV108
ORD02535,2026-09-22T16:21:00+00:00,picked_up,Coimbatore,V087,DRV115
ORD02536,2026-09-23T02:30:00+00:00,delivered,Coimbatore,V066,DRV108
ORD02537,2026-09-21T07:40:00+00:00,delivered,Pune,V090,DRV042
ORD02538,2026-09-11T21:02:00+00:00,delayed,Coimbatore,V001,DRV069
ORD02539,2026-08-16T20:16:00+00:00,delivered,Hubballi,V038,DRV021
ORD02540,2026-08-22T10:59:00+00:00,cancelled,Pune,V012,DRV087
ORD02541,2026-08-02T22:16:00+00:00,delivered,Coimbatore,V046,DRV100
ORD02542,2026-09-04T16:54:00+00:00,in_transit,Mysuru,V009,DRV079
ORD02543,2026-09-03T13:54:00+00:00,delivered,Hyderabad,V078,DRV068
ORD02544,2026-09-16T17:26:00+00:00,delayed,Mangaluru,V036,DRV085
ORD02545,2026-09-12T13:24:00+00:00,delayed,Hyderabad,V015,DRV054
ORD02546,2026-08-25T17:22:00+00:00,in_transit,Mangaluru,V087,DRV015
ORD02547,2026-08-24T02:56:00+00:00,picked_up,Mangaluru,V075,DRV118
ORD02548,2026-08-19T05:03:00+00:00,picked_up,Hyderabad,V100,DRV006
ORD02549,2026-08-15T07:01:00+00:00,delivered,Coimbatore,V039,DRV006
ORD02550,2026-09-16T18:44:00+00:00,in_transit,Mysuru,V005,DRV067
ORD02551,2026-08-14T22:02:00+00:00,delivered,Bengaluru,V077,DRV054
ORD02552,2026-08-28T09:43:00+00:00,picked_up,Mangaluru,V042,DRV097
ORD02553,2026-09-17T05:45:00+00:00,delivered,Mysuru,V075,DRV044
ORD02554,2026-08-26T07:27:00+00:00,delivered,Hubballi,V054,DRV070
ORD02555,2026-09-24T18:43:00+00:00,picked_up,Bengaluru,V050,DRV110
ORD02556,2026-09-05T16:36:00+00:00,delivered,Bengaluru,V072,DRV005
ORD02557,2026-08-12T00:13:00+00:00,delivered,Chennai,V082,DRV097
ORD02558,2026-08-26T18:42:00+00:00,delivered,Hubballi,V042,DRV103
ORD02559,2026-08-24T01:52:00+00:00,delivered,Coimbatore,V067,DRV088
ORD02560,2026-08-02T01:38:00+00:00,delayed,Pune,V038,DRV104
ORD02561,2026-08-20T15:47:00+00:00,delivered,Coimbatore,V003,DRV075
ORD02562,2026-09-03T07:27:00+00:00,delivered,Hosur,V024,DRV071
ORD02563,2026-08-23T19:25:00+00:00,in_transit,Coimbatore,V084,DRV098
ORD02564,2026-08-23T04:36:00+00:00,delivered,Mangaluru,V018,DRV109
ORD02565,2026-08-21T10:30:00+00:00,in_transit,Pune,V055,DRV033
ORD02566,2026-09-03T13:55:00+00:00,delayed,Mangaluru,V036,DRV087
ORD02567,2026-09-16T14:44:00+00:00,delivered,Mangaluru,V016,DRV046
ORD02568,2026-09-17T05:06:00+00:00,delivered,Hosur,V092,DRV052
ORD02569,2026-08-22T02:59:00+00:00,delivered,Mangaluru,V049,DRV052
ORD02570,2026-08-07T18:47:00+00:00,delivered,Coimbatore,V075,DRV040
ORD02571,2026-08-05T16:12:00+00:00,cancelled,Coimbatore,V024,DRV078
ORD02572,2026-09-07T12:58:00+00:00,in_transit,Mangaluru,V017,DRV002
ORD02573,2026-09-11T09:04:00+00:00,picked_up,Hyderabad,V073,DRV075
ORD02574,2026-09-04T12:49:00+00:00,in_transit,Hubballi,V076,DRV117
ORD02575,2026-09-20T01:12:00+00:00,delivered,Mysuru,V042,DRV097
ORD02576,2026-09-17T00:33:00+00:00,delivered,Mangaluru,V064,DRV058
ORD02577,2026-08-28T14:33:00+00:00,delivered,Chennai,V033,DRV068
ORD02578,2026-08-23T17:03:00+00:00,delivered,Mysuru,V026,DRV078
ORD02579,2026-08-15T02:58:00+00:00,cancelled,Pune,V052,DRV002
ORD02580,2026-08-28T03:27:00+00:00,delivered,Mangaluru,V085,DRV090
ORD02581,2026-08-07T05:51:00+00:00,cancelled,Mangaluru,V040,DRV095
ORD02582,2026-08-07T13:33:00+00:00,delivered,Coimbatore,V016,DRV003
ORD02583,2026-09-19T17:15:00+00:00,delivered,Chennai,V005,DRV076
ORD02584,2026-09-04T22:43:00+00:00,delivered,Mangaluru,V096,DRV101
ORD02585,2026-08-14T19:10:00+00:00,delivered,Hosur,V024,DRV030
ORD02586,2026-09-14T07:27:00+00:00,cancelled,Coimbatore,V055,DRV078
ORD02587,2026-09-06T17:09:00+00:00,delivered,Mysuru,V073,DRV106
ORD02588,2026-09-06T17:15:00+00:00,delivered,Coimbatore,V001,DRV011
ORD02589,2026-09-11T01:06:00+00:00,in_transit,Hyderabad,V053,DRV013
ORD02590,2026-09-13T20:10:00+00:00,delivered,Hosur,V098,DRV084
ORD02591,2026-08-29T01:40:00+00:00,delivered,Hosur,V016,DRV091
ORD02592,2026-08-18T16:36:00+00:00,delivered,Hyderabad,V080,DRV041
ORD02593,2026-09-15T08:32:00+00:00,delivered,Coimbatore,V026,DRV083
ORD02594,2026-08-06T16:23:00+00:00,delivered,Hubballi,V012,DRV097
ORD02595,2026-08-31T13:57:00+00:00,picked_up,Mysuru,V096,DRV107
ORD02596,2026-09-17T01:17:00+00:00,delivered,Bengaluru,V027,DRV059
ORD02597,2026-08-27T23:06:00+00:00,picked_up,Coimbatore,V040,DRV036
ORD02598,2026-08-01T05:04:00+00:00,delayed,Mysuru,V064,DRV056
ORD02599,2026-08-12T20:56:00+00:00,delayed,Coimbatore,V041,DRV009
ORD02600,2026-08-08T03:34:00+00:00,delayed,Mangaluru,V078,DRV010
ORD02601,2026-08-09T05:13:00+00:00,delivered,Pune,V031,DRV085
ORD02602,2026-09-02T05:19:00+00:00,delivered,Mangaluru,V033,DRV005
ORD02603,2026-09-16T10:44:00+00:00,delivered,Pune,V045,DRV070
ORD02604,2026-08-24T22:41:00+00:00,delivered,Hosur,V080,DRV051
ORD02605,2026-09-06T07:00:00+00:00,delivered,Bengaluru,V063,DRV106
ORD02606,2026-08-02T03:41:00+00:00,in_transit,Hyderabad,V002,DRV092
ORD02607,2026-09-19T04:34:00+00:00,delivered,Pune,V003,DRV098
ORD02608,2026-09-19T04:32:00+00:00,delivered,Pune,V027,DRV076
ORD02609,2026-08-22T22:47:00+00:00,delivered,Mysuru,V070,DRV071
ORD02610,2026-09-10T13:22:00+00:00,delivered,Pune,V002,DRV020
ORD02611,2026-08-31T20:19:00+00:00,delivered,Mysuru,V049,DRV037
ORD02612,2026-09-01T09:47:00+00:00,delayed,Chennai,V017,DRV026
ORD02613,2026-08-28T11:20:00+00:00,delivered,Hubballi,V003,DRV065
ORD02614,2026-08-05T02:24:00+00:00,delivered,Tumakuru,V078,DRV072
ORD02615,2026-08-04T22:33:00+00:00,cancelled,Mangaluru,V092,DRV016
ORD02616,2026-08-21T09:17:00+00:00,delivered,Hyderabad,V026,DRV088
ORD02617,2026-08-09T21:30:00+00:00,delivered,Hyderabad,V036,DRV071
ORD02618,2026-09-06T08:58:00+00:00,delivered,Coimbatore,V085,DRV016
ORD02619,2026-09-11T12:34:00+00:00,delayed,Mangaluru,V087,DRV021
ORD02620,2026-09-24T18:43:00+00:00,picked_up,Coimbatore,V087,DRV001
ORD02621,2026-08-26T14:12:00+00:00,delivered,Hubballi,V093,DRV090
ORD02622,2026-08-08T12:12:00+00:00,delivered,Bengaluru,V009,DRV038
ORD02623,2026-09-01T00:05:00+00:00,delayed,Hosur,V074,DRV035
ORD02624,2026-08-13T01:17:00+00:00,picked_up,Chennai,V024,DRV032
ORD02625,2026-08-22T07:53:00+00:00,cancelled,Hubballi,V018,DRV096
ORD02626,2026-08-02T12:18:00+00:00,delivered,Coimbatore,V063,DRV105
ORD02627,2026-09-05T10:31:00+00:00,delivered,Hubballi,V007,DRV043
ORD02628,2026-09-06T02:16:00+00:00,delivered,Mysuru,V056,DRV107
ORD02629,2026-09-18T08:10:00+00:00,picked_up,Mangaluru,V012,DRV083
ORD02630,2026-09-19T19:59:00+00:00,in_transit,Mysuru,V002,DRV111
ORD02631,2026-08-16T03:40:00+00:00,delivered,Pune,V095,DRV031
ORD02632,2026-08-03T06:23:00+00:00,in_transit,Coimbatore,V044,DRV021
ORD02633,2026-09-12T16:54:00+00:00,in_transit,Coimbatore,V047,DRV030
ORD02634,2026-08-05T16:30:00+00:00,in_transit,Mysuru,V069,DRV056
ORD02635,2026-09-15T02:40:00+00:00,picked_up,Hubballi,V085,DRV042
ORD02636,2026-08-13T14:11:00+00:00,delivered,Hyderabad,V037,DRV096
ORD02637,2026-08-21T16:48:00+00:00,delivered,Hosur,V016,DRV072
ORD02638,2026-09-05T13:08:00+00:00,delivered,Coimbatore,V045,DRV068
ORD02639,2026-09-06T07:20:00+00:00,cancelled,Hosur,V021,DRV111
ORD02640,2026-09-14T22:06:00+00:00,in_transit,Pune,V007,DRV041
ORD02641,2026-09-07T09:05:00+00:00,delivered,Chennai,V054,DRV108
ORD02642,2026-08-03T22:22:00+00:00,delivered,Mysuru,V038,DRV058
ORD02643,2026-08-12T22:54:00+00:00,delivered,Pune,V009,DRV047
ORD02644,2026-09-04T04:18:00+00:00,cancelled,Hyderabad,V088,DRV001
ORD02645,2026-09-08T15:41:00+00:00,delivered,Coimbatore,V013,DRV041
ORD02646,2026-09-10T04:10:00+00:00,in_transit,Pune,V048,DRV017
ORD02647,2026-08-20T01:46:00+00:00,delivered,Hyderabad,V042,DRV040
ORD02648,2026-08-25T05:30:00+00:00,delayed,Mangaluru,V047,DRV028
ORD02649,2026-08-06T04:41:00+00:00,delivered,Coimbatore,V059,DRV016
ORD02650,2026-09-22T14:39:00+00:00,delivered,Pune,V056,DRV096
ORD02651,2026-09-09T05:44:00+00:00,delivered,Hubballi,V016,DRV071
ORD02652,2026-09-15T06:07:00+00:00,delivered,Mysuru,V086,DRV072
ORD02653,2026-09-04T05:58:00+00:00,in_transit,Hyderabad,V007,DRV099
ORD02654,2026-08-09T06:54:00+00:00,delivered,Hyderabad,V032,DRV110
ORD02655,2026-08-16T00:19:00+00:00,delivered,Coimbatore,V047,DRV056
ORD02656,2026-08-14T03:17:00+00:00,in_transit,Coimbatore,V078,DRV090
ORD02657,2026-09-21T13:19:00+00:00,cancelled,Coimbatore,V052,DRV038
ORD02658,2026-08-13T06:53:00+00:00,delivered,Mangaluru,V098,DRV021
ORD02659,2026-09-24T03:23:00+00:00,in_transit,Mysuru,V034,DRV022
ORD02660,2026-08-15T13:02:00+00:00,delivered,Mysuru,V069,DRV112
ORD02661,2026-08-22T16:54:00+00:00,in_transit,Coimbatore,V003,DRV074
ORD02662,2026-09-08T15:30:00+00:00,in_transit,Mysuru,V030,DRV098
ORD02663,2026-08-20T13:33:00+00:00,cancelled,Coimbatore,V064,DRV085
ORD02664,2026-09-14T02:20:00+00:00,delivered,Chennai,V042,DRV111
ORD02665,2026-08-12T17:07:00+00:00,picked_up,Mangaluru,V008,DRV118
ORD02666,2026-08-07T11:22:00+00:00,delivered,Coimbatore,V029,DRV016
ORD02667,2026-08-23T10:29:00+00:00,delivered,Hyderabad,V020,DRV024
ORD02668,2026-09-11T02:22:00+00:00,delivered,Hosur,V028,DRV027
ORD02669,2026-09-06T10:28:00+00:00,delivered,Tumakuru,V039,DRV094
ORD02670,2026-08-20T00:06:00+00:00,in_transit,Hyderabad,V007,DRV031
ORD02671,2026-08-29T17:52:00+00:00,delivered,Mangaluru,V065,DRV102
ORD02672,2026-08-08T18:03:00+00:00,delayed,Hyderabad,V005,DRV082
ORD02673,2026-09-15T07:06:00+00:00,delivered,Mangaluru,V087,DRV083
ORD02674,2026-08-16T08:49:00+00:00,delivered,Chennai,V054,DRV018
ORD02675,2026-08-02T10:47:00+00:00,picked_up,Coimbatore,V032,DRV091
ORD02676,2026-09-06T22:45:00+00:00,picked_up,Pune,V034,DRV053
ORD02677,2026-08-25T09:04:00+00:00,delivered,Hosur,V063,DRV083
ORD02678,2026-08-21T00:33:00+00:00,cancelled,Chennai,V090,DRV099
ORD02679,2026-08-26T12:17:00+00:00,picked_up,Tumakuru,V077,DRV102
ORD02680,2026-09-08T21:47:00+00:00,delivered,Chennai,V095,DRV080
ORD02681,2026-09-24T12:41:00+00:00,delayed,Hyderabad,V085,DRV027
ORD02682,2026-08-20T20:29:00+00:00,delivered,Mangaluru,V096,DRV029
ORD02683,2026-08-13T03:37:00+00:00,delivered,Hyderabad,V092,DRV071
ORD02684,2026-08-31T02:22:00+00:00,in_transit,Chennai,V072,DRV120
ORD02685,2026-08-01T10:38:00+00:00,in_transit,Pune,V024,DRV088
ORD02686,2026-08-18T16:44:00+00:00,picked_up,Coimbatore,V068,DRV091
ORD02687,2026-08-15T17:55:00+00:00,delivered,Pune,V092,DRV060
ORD02688,2026-09-15T15:40:00+00:00,delivered,Coimbatore,V017,DRV027
ORD02689,2026-09-19T21:47:00+00:00,cancelled,Hosur,V038,DRV009
ORD02690,2026-08-19T07:41:00+00:00,in_transit,Hyderabad,V033,DRV074
ORD02691,2026-09-22T12:43:00+00:00,in_transit,Hubballi,V035,DRV051
ORD02692,2026-09-10T14:29:00+00:00,in_transit,Mysuru,V073,DRV100
ORD02693,2026-08-01T09:26:00+00:00,picked_up,Chennai,V057,DRV020
ORD02694,2026-09-19T13:57:00+00:00,delivered,Coimbatore,V019,DRV054
ORD02695,2026-08-01T20:50:00+00:00,delivered,Mangaluru,V042,DRV046
ORD02696,2026-08-26T09:54:00+00:00,delivered,Chennai,V086,DRV119
ORD02697,2026-09-02T19:25:00+00:00,picked_up,Mangaluru,V046,DRV013
ORD02698,2026-08-26T03:04:00+00:00,delivered,Hosur,V007,DRV050
ORD02699,2026-09-07T19:21:00+00:00,picked_up,Chennai,V017,DRV038
ORD02700,2026-09-04T22:21:00+00:00,delivered,Coimbatore,V042,DRV014
ORD02701,2026-08-24T16:22:00+00:00,delivered,Coimbatore,V066,DRV076
ORD02702,2026-08-19T09:07:00+00:00,delivered,Mysuru,V053,DRV117
ORD02703,2026-08-22T10:00:00+00:00,picked_up,Coimbatore,V061,DRV112
ORD02704,2026-08-23T09:10:00+00:00,delivered,Pune,V006,DRV113
ORD02705,2026-09-16T16:43:00+00:00,in_transit,Hubballi,V008,DRV023
ORD02706,2026-09-18T18:08:00+00:00,delivered,Tumakuru,V078,DRV100
ORD02707,2026-09-22T20:55:00+00:00,delivered,Mangaluru,V099,DRV056
ORD02708,2026-09-22T11:36:00+00:00,picked_up,Tumakuru,V018,DRV108
ORD02709,2026-08-25T15:51:00+00:00,delivered,Mangaluru,V047,DRV050
ORD02710,2026-08-28T08:20:00+00:00,delivered,Chennai,V006,DRV060
ORD02711,2026-08-28T11:17:00+00:00,cancelled,Tumakuru,V002,DRV074
ORD02712,2026-09-22T05:20:00+00:00,delivered,Coimbatore,V003,DRV114
ORD02713,2026-08-01T08:15:00+00:00,delivered,Hosur,V079,DRV033
ORD02714,2026-08-22T08:44:00+00:00,cancelled,Mysuru,V046,DRV117
ORD02715,2026-08-26T14:06:00+00:00,in_transit,Chennai,V003,DRV060
ORD02716,2026-08-21T19:26:00+00:00,delivered,Mysuru,V096,DRV057
ORD02717,2026-09-09T19:04:00+00:00,delivered,Pune,V079,DRV047
ORD02718,2026-09-08T17:33:00+00:00,delayed,Coimbatore,V088,DRV067
ORD02719,2026-09-17T18:05:00+00:00,delayed,Chennai,V017,DRV108
ORD02720,2026-09-06T03:42:00+00:00,in_transit,Chennai,V036,DRV014
ORD02721,2026-08-21T05:45:00+00:00,delivered,Hosur,V055,DRV004
ORD02722,2026-08-16T03:14:00+00:00,delivered,Coimbatore,V062,DRV038
ORD02723,2026-08-18T18:23:00+00:00,in_transit,Mangaluru,V050,DRV052
ORD02724,2026-09-04T00:33:00+00:00,delivered,Coimbatore,V068,DRV119
ORD02725,2026-08-14T17:59:00+00:00,delivered,Chennai,V019,DRV114
ORD02726,2026-08-29T12:06:00+00:00,delivered,Coimbatore,V071,DRV076
ORD02727,2026-08-13T07:50:00+00:00,delivered,Chennai,V019,DRV029
ORD02728,2026-09-15T22:16:00+00:00,picked_up,Mysuru,V004,DRV020
ORD02729,2026-08-06T08:37:00+00:00,delivered,Hosur,V098,DRV055
ORD02730,2026-08-06T06:48:00+00:00,in_transit,Hosur,V071,DRV036
ORD02731,2026-08-24T17:51:00+00:00,delivered,Mangaluru,V057,DRV054
ORD02732,2026-09-24T02:18:00+00:00,delivered,Bengaluru,V070,DRV070
ORD02733,2026-09-17T00:43:00+00:00,delivered,Hubballi,V075,DRV009
ORD02734,2026-09-20T20:20:00+00:00,in_transit,Coimbatore,V048,DRV066
ORD02735,2026-09-20T05:10:00+00:00,delivered,Bengaluru,V034,DRV071
ORD02736,2026-09-17T20:09:00+00:00,delivered,Coimbatore,V020,DRV003
ORD02737,2026-08-22T21:11:00+00:00,in_transit,Chennai,V088,DRV014
ORD02738,2026-08-03T14:30:00+00:00,in_transit,Mysuru,V043,DRV095
ORD02739,2026-09-19T04:14:00+00:00,delivered,Coimbatore,V050,DRV109
ORD02740,2026-08-01T16:43:00+00:00,picked_up,Tumakuru,V050,DRV092
ORD02741,2026-09-11T12:54:00+00:00,in_transit,Coimbatore,V029,DRV062
ORD02742,2026-08-22T06:04:00+00:00,delivered,Pune,V091,DRV066
ORD02743,2026-08-05T08:05:00+00:00,delivered,Hosur,V041,DRV006
ORD02744,2026-09-16T15:35:00+00:00,in_transit,Hosur,V067,DRV101
ORD02745,2026-09-10T16:17:00+00:00,delivered,Pune,V063,DRV057
ORD02746,2026-08-10T06:51:00+00:00,delivered,Hubballi,V044,DRV081
ORD02747,2026-09-02T17:39:00+00:00,delivered,Tumakuru,V012,DRV068
ORD02748,2026-08-26T13:13:00+00:00,delivered,Coimbatore,V040,DRV048
ORD02749,2026-08-29T10:27:00+00:00,delivered,Hyderabad,V062,DRV007
ORD02750,2026-08-05T17:12:00+00:00,delivered,Mangaluru,V069,DRV057
ORD02751,2026-09-18T18:18:00+00:00,in_transit,Coimbatore,V096,DRV005
ORD02752,2026-09-10T18:33:00+00:00,delivered,Mysuru,V019,DRV030
ORD02753,2026-09-16T15:50:00+00:00,delivered,Mysuru,V053,DRV061
ORD02754,2026-09-08T16:38:00+00:00,delayed,Mangaluru,V055,DRV039
ORD02755,2026-08-13T07:37:00+00:00,in_transit,Hubballi,V062,DRV028
ORD02756,2026-09-23T06:01:00+00:00,picked_up,Pune,V047,DRV058
ORD02757,2026-08-22T07:37:00+00:00,delivered,Mangaluru,V051,DRV072
ORD02758,2026-08-09T04:05:00+00:00,delivered,Coimbatore,V048,DRV118
ORD02759,2026-08-17T03:25:00+00:00,delivered,Mangaluru,V049,DRV110
ORD02760,2026-08-24T07:48:00+00:00,delivered,Hubballi,V075,DRV056
ORD02761,2026-08-28T10:46:00+00:00,delivered,Coimbatore,V050,DRV109
ORD02762,2026-08-12T09:06:00+00:00,delivered,Pune,V081,DRV074
ORD02763,2026-09-14T12:05:00+00:00,delivered,Pune,V079,DRV015
ORD02764,2026-08-31T20:10:00+00:00,delivered,Hyderabad,V021,DRV115
ORD02765,2026-09-06T21:53:00+00:00,in_transit,Hyderabad,V010,DRV083
ORD02766,2026-08-26T02:29:00+00:00,in_transit,Coimbatore,V050,DRV090
ORD02767,2026-09-14T12:26:00+00:00,picked_up,Coimbatore,V037,DRV004
ORD02768,2026-08-27T10:26:00+00:00,in_transit,Bengaluru,V031,DRV026
ORD02769,2026-08-03T17:54:00+00:00,in_transit,Hubballi,V083,DRV075
ORD02770,2026-08-18T07:53:00+00:00,delivered,Mangaluru,V058,DRV059
ORD02771,2026-09-09T17:45:00+00:00,cancelled,Chennai,V001,DRV018
ORD02772,2026-08-16T22:04:00+00:00,picked_up,Coimbatore,V005,DRV018
ORD02773,2026-09-23T17:16:00+00:00,delivered,Mangaluru,V010,DRV116
ORD02774,2026-08-21T06:30:00+00:00,picked_up,Pune,V063,DRV046
ORD02775,2026-08-07T15:00:00+00:00,delivered,Hosur,V082,DRV039
ORD02776,2026-08-27T18:36:00+00:00,delivered,Coimbatore,V022,DRV028
ORD02777,2026-08-28T19:43:00+00:00,picked_up,Hosur,V047,DRV056
ORD02778,2026-08-11T02:34:00+00:00,delivered,Coimbatore,V032,DRV063
ORD02779,2026-09-21T19:19:00+00:00,in_transit,Mysuru,V097,DRV046
ORD02780,2026-08-15T11:36:00+00:00,in_transit,Coimbatore,V063,DRV088
ORD02781,2026-08-28T04:43:00+00:00,in_transit,Coimbatore,V004,DRV028
ORD02782,2026-08-31T13:33:00+00:00,delivered,Pune,V094,DRV093
ORD02783,2026-09-20T05:14:00+00:00,delivered,Mysuru,V019,DRV024
ORD02784,2026-08-28T12:16:00+00:00,delivered,Hyderabad,V031,DRV030
ORD02785,2026-09-04T12:30:00+00:00,delayed,Coimbatore,V090,DRV011
ORD02786,2026-08-19T05:17:00+00:00,delivered,Coimbatore,V012,DRV015
ORD02787,2026-09-12T11:36:00+00:00,in_transit,Chennai,V041,DRV028
ORD02788,2026-08-02T12:23:00+00:00,in_transit,Mangaluru,V037,DRV032
ORD02789,2026-09-08T20:52:00+00:00,delivered,Hosur,V025,DRV007
ORD02790,2026-08-06T11:37:00+00:00,delivered,Coimbatore,V090,DRV069
ORD02791,2026-08-19T20:34:00+00:00,in_transit,Hubballi,V042,DRV012
ORD02792,2026-09-14T00:03:00+00:00,delivered,Hosur,V022,DRV081
ORD02793,2026-08-08T05:29:00+00:00,delivered,Pune,V013,DRV006
ORD02794,2026-08-12T23:19:00+00:00,delivered,Coimbatore,V059,DRV108
ORD02795,2026-08-01T07:26:00+00:00,delivered,Pune,V055,DRV106
ORD02796,2026-09-04T01:02:00+00:00,picked_up,Hyderabad,V023,DRV091
ORD02797,2026-08-05T22:30:00+00:00,delivered,Tumakuru,V007,DRV024
ORD02798,2026-08-02T18:21:00+00:00,in_transit,Hosur,V018,DRV022
ORD02799,2026-08-15T02:07:00+00:00,delivered,Mangaluru,V053,DRV062
ORD02800,2026-08-24T08:34:00+00:00,delivered,Hyderabad,V076,DRV073
ORD02801,2026-09-08T16:33:00+00:00,picked_up,Bengaluru,V027,DRV109
ORD02802,2026-08-13T12:22:00+00:00,delivered,Coimbatore,V005,DRV041
ORD02803,2026-08-05T13:04:00+00:00,delivered,Pune,V018,DRV084
ORD02804,2026-08-05T10:09:00+00:00,picked_up,Mangaluru,V015,DRV098
ORD02805,2026-08-20T04:09:00+00:00,delivered,Hubballi,V013,DRV025
ORD02806,2026-09-17T03:51:00+00:00,delivered,Coimbatore,V015,DRV102
ORD02807,2026-08-24T04:37:00+00:00,delivered,Coimbatore,V053,DRV087
ORD02808,2026-08-28T20:41:00+00:00,delivered,Hubballi,V052,DRV039
ORD02809,2026-08-16T21:06:00+00:00,delivered,Hyderabad,V066,DRV056
ORD02810,2026-08-06T03:16:00+00:00,delayed,Pune,V075,DRV046
ORD02811,2026-08-23T07:23:00+00:00,delivered,Hyderabad,V074,DRV071
ORD02812,2026-08-22T06:31:00+00:00,delivered,Hyderabad,V100,DRV012
ORD02813,2026-09-03T22:47:00+00:00,picked_up,Bengaluru,V073,DRV109
ORD02814,2026-08-15T14:07:00+00:00,delivered,Hosur,V032,DRV112
ORD02815,2026-09-08T00:17:00+00:00,delivered,Coimbatore,V035,DRV061
ORD02816,2026-09-23T02:13:00+00:00,in_transit,Bengaluru,V021,DRV037
ORD02817,2026-08-29T23:37:00+00:00,in_transit,Hosur,V044,DRV027
ORD02818,2026-09-20T06:41:00+00:00,picked_up,Hosur,V096,DRV032
ORD02819,2026-09-15T03:13:00+00:00,picked_up,Hosur,V020,DRV039
ORD02820,2026-08-15T11:52:00+00:00,in_transit,Pune,V083,DRV090
ORD02821,2026-08-21T15:39:00+00:00,delivered,Pune,V028,DRV085
ORD02822,2026-09-15T16:34:00+00:00,delayed,Hosur,V032,DRV086
ORD02823,2026-09-06T00:32:00+00:00,delayed,Hyderabad,V019,DRV038
ORD02824,2026-09-19T19:48:00+00:00,delayed,Chennai,V010,DRV054
ORD02825,2026-08-08T15:03:00+00:00,delivered,Chennai,V066,DRV084
ORD02826,2026-08-23T07:42:00+00:00,delivered,Mysuru,V027,DRV061
ORD02827,2026-08-16T07:38:00+00:00,delayed,Hyderabad,V099,DRV001
ORD02828,2026-09-08T17:00:00+00:00,picked_up,Mangaluru,V071,DRV116
ORD02829,2026-09-22T07:34:00+00:00,delivered,Coimbatore,V017,DRV016
ORD02830,2026-08-28T08:27:00+00:00,delayed,Hyderabad,V057,DRV051
ORD02831,2026-08-14T06:10:00+00:00,delayed,Coimbatore,V082,DRV022
ORD02832,2026-08-19T17:35:00+00:00,picked_up,Bengaluru,V025,DRV077
ORD02833,2026-09-23T19:06:00+00:00,in_transit,Coimbatore,V039,DRV002
ORD02834,2026-09-16T06:21:00+00:00,picked_up,Hubballi,V011,DRV086
ORD02835,2026-09-05T01:26:00+00:00,delayed,Chennai,V073,DRV059
ORD02836,2026-09-07T13:33:00+00:00,in_transit,Mysuru,V071,DRV029
ORD02837,2026-08-11T07:32:00+00:00,delivered,Coimbatore,V050,DRV014
ORD02838,2026-08-11T13:27:00+00:00,delivered,Mysuru,V092,DRV032
ORD02839,2026-08-08T13:59:00+00:00,delivered,Tumakuru,V030,DRV035
ORD02840,2026-09-13T23:44:00+00:00,in_transit,Coimbatore,V027,DRV088
ORD02841,2026-09-21T07:35:00+00:00,delivered,Mysuru,V089,DRV034
ORD02842,2026-09-14T23:33:00+00:00,in_transit,Hosur,V005,DRV010
ORD02843,2026-08-01T23:18:00+00:00,cancelled,Bengaluru,V075,DRV084
ORD02844,2026-08-29T13:26:00+00:00,in_transit,Coimbatore,V021,DRV115
ORD02845,2026-09-08T00:24:00+00:00,picked_up,Mangaluru,V016,DRV052
ORD02846,2026-09-24T22:06:00+00:00,delivered,Mysuru,V038,DRV019
ORD02847,2026-08-31T01:06:00+00:00,delivered,Chennai,V034,DRV114
ORD02848,2026-08-19T03:52:00+00:00,delivered,Mysuru,V008,DRV090
ORD02849,2026-08-10T04:51:00+00:00,delivered,Hyderabad,V070,DRV049
ORD02850,2026-08-10T02:04:00+00:00,picked_up,Mangaluru,V012,DRV102
ORD02851,2026-08-10T00:28:00+00:00,in_transit,Coimbatore,V040,DRV119
ORD02852,2026-08-01T10:31:00+00:00,delivered,Hubballi,V067,DRV072
ORD02853,2026-08-13T02:58:00+00:00,picked_up,Pune,V059,DRV109
ORD02854,2026-08-08T00:42:00+00:00,delayed,Tumakuru,V078,DRV028
ORD02855,2026-09-14T18:39:00+00:00,delivered,Coimbatore,V055,DRV025
ORD02856,2026-08-08T12:01:00+00:00,delivered,Pune,V082,DRV064
ORD02857,2026-08-12T04:05:00+00:00,delayed,Mangaluru,V037,DRV022
ORD02858,2026-08-26T23:30:00+00:00,picked_up,Hubballi,V010,DRV091
ORD02859,2026-08-31T07:47:00+00:00,delivered,Hubballi,V077,DRV085
ORD02860,2026-09-07T01:52:00+00:00,delivered,Mysuru,V045,DRV044
ORD02861,2026-08-29T13:48:00+00:00,picked_up,Hosur,V001,DRV018
ORD02862,2026-09-12T15:08:00+00:00,in_transit,Mysuru,V077,DRV091
ORD02863,2026-08-26T20:14:00+00:00,delivered,Hosur,V077,DRV029
ORD02864,2026-09-23T22:54:00+00:00,cancelled,Chennai,V090,DRV094
ORD02865,2026-09-06T15:30:00+00:00,delivered,Hubballi,V047,DRV100
ORD02866,2026-09-10T22:59:00+00:00,in_transit,Coimbatore,V012,DRV059
ORD02867,2026-09-03T02:21:00+00:00,delivered,Coimbatore,V004,DRV034
ORD02868,2026-08-04T23:47:00+00:00,delivered,Pune,V084,DRV118
ORD02869,2026-09-04T10:34:00+00:00,delivered,Hyderabad,V054,DRV111
ORD02870,2026-09-10T18:03:00+00:00,delayed,Coimbatore,V014,DRV113
ORD02871,2026-09-07T10:19:00+00:00,delivered,Chennai,V008,DRV087
ORD02872,2026-09-19T00:09:00+00:00,delivered,Coimbatore,V061,DRV053
ORD02873,2026-08-12T03:26:00+00:00,delivered,Bengaluru,V085,DRV021
ORD02874,2026-08-14T16:23:00+00:00,delivered,Pune,V072,DRV020
ORD02875,2026-09-13T02:30:00+00:00,delivered,Coimbatore,V020,DRV068
ORD02876,2026-09-24T09:55:00+00:00,delivered,Hyderabad,V001,DRV035
ORD02877,2026-09-11T05:32:00+00:00,in_transit,Mangaluru,V015,DRV030
ORD02878,2026-09-01T18:11:00+00:00,in_transit,Hosur,V100,DRV041
ORD02879,2026-08-16T03:54:00+00:00,delayed,Mysuru,V068,DRV076
ORD02880,2026-08-11T22:27:00+00:00,in_transit,Mangaluru,V086,DRV047
ORD02881,2026-09-17T18:03:00+00:00,delivered,Hubballi,V017,DRV119
ORD02882,2026-08-28T10:28:00+00:00,delivered,Mysuru,V037,DRV117
ORD02883,2026-08-31T13:11:00+00:00,picked_up,Hyderabad,V017,DRV101
ORD02884,2026-08-27T10:38:00+00:00,delivered,Hubballi,V053,DRV103
ORD02885,2026-09-20T03:19:00+00:00,delivered,Mangaluru,V011,DRV083
ORD02886,2026-08-21T07:15:00+00:00,delayed,Hosur,V064,DRV117
ORD02887,2026-09-20T21:51:00+00:00,in_transit,Hubballi,V015,DRV086
ORD02888,2026-09-10T14:21:00+00:00,delivered,Mysuru,V031,DRV106
ORD02889,2026-09-20T12:26:00+00:00,delivered,Hosur,V045,DRV118
ORD02890,2026-08-29T01:50:00+00:00,in_transit,Hosur,V003,DRV070
ORD02891,2026-09-08T06:55:00+00:00,in_transit,Hyderabad,V056,DRV073
ORD02892,2026-09-17T08:28:00+00:00,in_transit,Chennai,V070,DRV055
ORD02893,2026-09-05T11:21:00+00:00,delivered,Coimbatore,V059,DRV031
ORD02894,2026-09-10T14:09:00+00:00,picked_up,Coimbatore,V011,DRV052
ORD02895,2026-08-09T14:33:00+00:00,picked_up,Coimbatore,V054,DRV085
ORD02896,2026-09-20T07:29:00+00:00,delivered,Hyderabad,V046,DRV029
ORD02897,2026-09-06T09:05:00+00:00,in_transit,Mangaluru,V021,DRV082
ORD02898,2026-09-11T20:55:00+00:00,delayed,Coimbatore,V064,DRV111
ORD02899,2026-08-26T17:49:00+00:00,in_transit,Pune,V031,DRV096
ORD02900,2026-08-28T14:47:00+00:00,delivered,Hubballi,V099,DRV005
ORD02901,2026-08-29T05:52:00+00:00,delivered,Mangaluru,V043,DRV044
ORD02902,2026-08-30T23:18:00+00:00,delivered,Chennai,V041,DRV059
ORD02903,2026-09-15T11:47:00+00:00,in_transit,Pune,V049,DRV002
ORD02904,2026-09-11T09:24:00+00:00,delivered,Coimbatore,V098,DRV028
ORD02905,2026-09-24T17:18:00+00:00,delivered,Mangaluru,V024,DRV120
ORD02906,2026-08-13T17:49:00+00:00,delivered,Pune,V029,DRV006
ORD02907,2026-09-09T18:33:00+00:00,delivered,Mysuru,V089,DRV080
ORD02908,2026-08-10T01:16:00+00:00,delivered,Coimbatore,V021,DRV077
ORD02909,2026-08-09T01:27:00+00:00,delivered,Coimbatore,V070,DRV119
ORD02910,2026-09-23T22:00:00+00:00,delivered,Chennai,V052,DRV049
ORD02911,2026-09-06T03:42:00+00:00,delivered,Hyderabad,V017,DRV105
ORD02912,2026-08-22T00:11:00+00:00,in_transit,Pune,V065,DRV006
ORD02913,2026-08-14T19:35:00+00:00,delivered,Coimbatore,V013,DRV086
ORD02914,2026-08-23T00:22:00+00:00,in_transit,Hosur,V028,DRV048
ORD02915,2026-08-08T22:25:00+00:00,in_transit,Tumakuru,V001,DRV008
ORD02916,2026-09-09T06:41:00+00:00,delivered,Mangaluru,V019,DRV024
ORD02917,2026-08-06T20:08:00+00:00,delivered,Hosur,V048,DRV046
ORD02918,2026-09-22T20:54:00+00:00,cancelled,Hosur,V019,DRV030
ORD02919,2026-08-13T15:32:00+00:00,delayed,Hubballi,V011,DRV050
ORD02920,2026-08-27T02:24:00+00:00,delivered,Hyderabad,V038,DRV057
ORD02921,2026-08-11T19:22:00+00:00,in_transit,Chennai,V097,DRV046
ORD02922,2026-09-15T10:47:00+00:00,delivered,Hosur,V054,DRV092
ORD02923,2026-08-17T03:36:00+00:00,in_transit,Hubballi,V083,DRV115
ORD02924,2026-09-22T14:11:00+00:00,delivered,Mysuru,V012,DRV106
ORD02925,2026-09-07T02:04:00+00:00,in_transit,Coimbatore,V093,DRV080
ORD02926,2026-08-07T07:48:00+00:00,in_transit,Hosur,V051,DRV062
ORD02927,2026-09-13T13:26:00+00:00,in_transit,Hosur,V027,DRV043
ORD02928,2026-09-14T07:49:00+00:00,delivered,Bengaluru,V046,DRV075
ORD02929,2026-09-17T03:12:00+00:00,delayed,Mangaluru,V083,DRV066
ORD02930,2026-08-08T15:33:00+00:00,delivered,Hosur,V020,DRV078
ORD02931,2026-08-03T20:21:00+00:00,picked_up,Mysuru,V032,DRV059
ORD02932,2026-09-21T11:29:00+00:00,picked_up,Pune,V020,DRV112
ORD02933,2026-08-24T18:47:00+00:00,delivered,Mysuru,V077,DRV085
ORD02934,2026-08-20T01:05:00+00:00,delivered,Mangaluru,V062,DRV097
ORD02935,2026-09-20T14:51:00+00:00,delivered,Tumakuru,V088,DRV064
ORD02936,2026-09-01T01:42:00+00:00,picked_up,Hyderabad,V068,DRV018
ORD02937,2026-08-03T21:04:00+00:00,picked_up,Coimbatore,V046,DRV021
ORD02938,2026-09-09T07:15:00+00:00,delivered,Coimbatore,V029,DRV112
ORD02939,2026-08-17T20:26:00+00:00,cancelled,Tumakuru,V041,DRV045
ORD02940,2026-09-05T19:26:00+00:00,delivered,Hubballi,V097,DRV050
ORD02941,2026-09-10T06:42:00+00:00,delivered,Pune,V076,DRV055
ORD02942,2026-08-27T10:45:00+00:00,delayed,Hosur,V016,DRV003
ORD02943,2026-08-29T19:01:00+00:00,delivered,Coimbatore,V053,DRV075
ORD02944,2026-09-18T15:34:00+00:00,picked_up,Hosur,V015,DRV019
ORD02945,2026-09-08T01:24:00+00:00,delayed,Hosur,V023,DRV077
ORD02946,2026-09-10T04:00:00+00:00,in_transit,Mangaluru,V028,DRV033
ORD02947,2026-09-22T11:10:00+00:00,delivered,Mangaluru,V056,DRV112
ORD02948,2026-08-18T22:40:00+00:00,delivered,Mysuru,V064,DRV060
ORD02949,2026-09-14T21:44:00+00:00,delayed,Hubballi,V060,DRV110
ORD02950,2026-08-27T14:39:00+00:00,in_transit,Chennai,V007,DRV059
ORD02951,2026-09-18T07:32:00+00:00,delivered,Mangaluru,V038,DRV058
ORD02952,2026-09-10T14:30:00+00:00,in_transit,Coimbatore,V020,DRV089
ORD02953,2026-09-06T01:57:00+00:00,delivered,Mysuru,V099,DRV094
ORD02954,2026-09-07T03:07:00+00:00,in_transit,Bengaluru,V086,DRV018
ORD02955,2026-08-11T07:13:00+00:00,delivered,Hyderabad,V018,DRV114
ORD02956,2026-08-27T19:14:00+00:00,delivered,Chennai,V035,DRV017
ORD02957,2026-08-19T15:27:00+00:00,cancelled,Coimbatore,V028,DRV055
ORD02958,2026-08-16T08:03:00+00:00,picked_up,Coimbatore,V089,DRV070
ORD02959,2026-08-19T23:53:00+00:00,delivered,Pune,V043,DRV082
ORD02960,2026-08-13T07:53:00+00:00,delivered,Coimbatore,V048,DRV118
ORD02961,2026-08-11T13:34:00+00:00,picked_up,Coimbatore,V019,DRV034
ORD02962,2026-09-04T02:42:00+00:00,delivered,Hubballi,V084,DRV114
ORD02963,2026-08-27T18:19:00+00:00,delivered,Hosur,V061,DRV045
ORD02964,2026-08-20T20:14:00+00:00,cancelled,Coimbatore,V094,DRV066
ORD02965,2026-08-07T08:08:00+00:00,delivered,Mysuru,V008,DRV035
ORD02966,2026-09-05T02:54:00+00:00,picked_up,Bengaluru,V044,DRV010
ORD02967,2026-08-10T13:18:00+00:00,delivered,Chennai,V083,DRV028
ORD02968,2026-09-02T05:17:00+00:00,delivered,Mysuru,V026,DRV006
ORD02969,2026-08-30T03:10:00+00:00,delivered,Chennai,V058,DRV015
ORD02970,2026-08-04T12:46:00+00:00,delivered,Hubballi,V078,DRV005
ORD02971,2026-09-07T00:44:00+00:00,picked_up,Chennai,V068,DRV089
ORD02972,2026-09-09T21:02:00+00:00,delivered,Chennai,V047,DRV067
ORD02973,2026-08-11T09:49:00+00:00,delivered,Mysuru,V074,DRV061
ORD02974,2026-09-17T15:12:00+00:00,delivered,Coimbatore,V026,DRV021
ORD02975,2026-08-30T06:51:00+00:00,picked_up,Mysuru,V043,DRV069
ORD02976,2026-09-02T13:59:00+00:00,in_transit,Mysuru,V009,DRV076
ORD02977,2026-08-14T20:50:00+00:00,delivered,Mangaluru,V032,DRV047
ORD02978,2026-09-16T09:27:00+00:00,delivered,Hyderabad,V021,DRV050
ORD02979,2026-09-14T00:50:00+00:00,delivered,Hubballi,V006,DRV009
ORD02980,2026-09-19T22:51:00+00:00,delivered,Mysuru,V027,DRV001
ORD02981,2026-09-01T04:51:00+00:00,delivered,Coimbatore,V060,DRV023
ORD02982,2026-09-21T05:29:00+00:00,picked_up,Hyderabad,V029,DRV033
ORD02983,2026-08-06T16:38:00+00:00,delivered,Coimbatore,V017,DRV112
ORD02984,2026-08-10T18:35:00+00:00,cancelled,Mysuru,V001,DRV103
ORD02985,2026-09-18T19:19:00+00:00,picked_up,Hyderabad,V061,DRV017
ORD02986,2026-08-16T05:59:00+00:00,cancelled,Mangaluru,V061,DRV061
ORD02987,2026-08-27T16:58:00+00:00,delivered,Chennai,V017,DRV089
ORD02988,2026-09-24T21:13:00+00:00,delivered,Hyderabad,V057,DRV117
ORD02989,2026-08-14T00:02:00+00:00,delayed,Coimbatore,V036,DRV019
ORD02990,2026-08-20T21:31:00+00:00,picked_up,Tumakuru,V007,DRV045
ORD02991,2026-09-08T22:28:00+00:00,picked_up,Hyderabad,V087,DRV075
ORD02992,2026-09-03T09:03:00+00:00,delayed,Mangaluru,V056,DRV045
ORD02993,2026-08-28T00:35:00+00:00,delivered,Chennai,V079,DRV093
ORD02994,2026-08-25T06:49:00+00:00,delivered,Hyderabad,V079,DRV092
ORD02995,2026-08-13T18:35:00+00:00,cancelled,Hyderabad,V049,DRV088
ORD02996,2026-08-19T08:04:00+00:00,cancelled,Mysuru,V024,DRV017
ORD02997,2026-08-02T07:25:00+00:00,delivered,Hosur,V047,DRV089
ORD02998,2026-08-05T14:24:00+00:00,delayed,Coimbatore,V043,DRV064
ORD02999,2026-08-04T10:45:00+00:00,delayed,Hosur,V013,DRV006
ORD03000,2026-08-02T00:34:00+00:00,delivered,Coimbatore,V005,DRV018
ORD03001,2026-08-20T05:29:00+00:00,in_transit,Hosur,V060,DRV117
ORD03002,2026-08-21T06:32:00+00:00,delivered,Coimbatore,V065,DRV065
ORD03003,2026-09-24T20:10:00+00:00,delivered,Coimbatore,V037,DRV074
ORD03004,2026-08-24T01:34:00+00:00,delivered,Coimbatore,V091,DRV065
ORD03005,2026-08-15T10:12:00+00:00,delivered,Chennai,V027,DRV012
ORD03006,2026-09-08T16:21:00+00:00,delivered,Chennai,V100,DRV067
ORD03007,2026-08-31T09:01:00+00:00,delivered,Pune,V076,DRV116
ORD03008,2026-08-01T10:41:00+00:00,delivered,Mangaluru,V005,DRV089
ORD03009,2026-08-05T15:28:00+00:00,delivered,Coimbatore,V086,DRV096
ORD03010,2026-09-23T16:44:00+00:00,delivered,Coimbatore,V099,DRV044
ORD03011,2026-08-11T12:33:00+00:00,delivered,Hosur,V084,DRV026
ORD03012,2026-09-08T07:42:00+00:00,picked_up,Mysuru,V028,DRV049
ORD03013,2026-08-06T08:03:00+00:00,delivered,Coimbatore,V005,DRV076
ORD03014,2026-09-10T10:21:00+00:00,delivered,Pune,V094,DRV001
ORD03015,2026-08-22T05:29:00+00:00,delivered,Pune,V036,DRV009
ORD03016,2026-08-22T02:34:00+00:00,delivered,Coimbatore,V034,DRV091
ORD03017,2026-08-09T06:04:00+00:00,delivered,Mysuru,V054,DRV051
ORD03018,2026-08-13T21:51:00+00:00,cancelled,Pune,V087,DRV082
ORD03019,2026-08-28T17:24:00+00:00,delayed,Hosur,V090,DRV033
ORD03020,2026-08-07T19:18:00+00:00,cancelled,Coimbatore,V012,DRV005
ORD03021,2026-09-09T10:39:00+00:00,delivered,Chennai,V026,DRV078
ORD03022,2026-09-20T22:14:00+00:00,in_transit,Hyderabad,V016,DRV096
ORD03023,2026-08-22T05:44:00+00:00,delivered,Mysuru,V053,DRV094
ORD03024,2026-09-14T09:42:00+00:00,delivered,Bengaluru,V089,DRV111
ORD03025,2026-08-12T11:58:00+00:00,in_transit,Coimbatore,V070,DRV104
ORD03026,2026-09-19T15:05:00+00:00,delivered,Hosur,V086,DRV086
ORD03027,2026-08-15T18:37:00+00:00,delivered,Coimbatore,V052,DRV023
ORD03028,2026-09-09T13:27:00+00:00,delivered,Mysuru,V066,DRV107
ORD03029,2026-09-10T19:35:00+00:00,in_transit,Coimbatore,V011,DRV051
ORD03030,2026-09-24T23:52:00+00:00,in_transit,Pune,V092,DRV069
ORD03031,2026-09-22T22:13:00+00:00,in_transit,Mangaluru,V041,DRV073
ORD03032,2026-09-01T04:52:00+00:00,in_transit,Mangaluru,V062,DRV060
ORD03033,2026-09-15T08:24:00+00:00,delivered,Mysuru,V004,DRV071
ORD03034,2026-08-30T00:46:00+00:00,delivered,Mysuru,V010,DRV118
ORD03035,2026-09-05T08:05:00+00:00,delivered,Chennai,V071,DRV075
ORD03036,2026-09-02T03:01:00+00:00,picked_up,Hyderabad,V045,DRV103
ORD03037,2026-08-29T02:00:00+00:00,delivered,Bengaluru,V006,DRV008
ORD03038,2026-08-17T22:16:00+00:00,delivered,Mysuru,V077,DRV091
ORD03039,2026-09-01T21:12:00+00:00,in_transit,Tumakuru,V007,DRV081
ORD03040,2026-08-19T02:17:00+00:00,delivered,Hyderabad,V014,DRV094
ORD03041,2026-08-06T22:03:00+00:00,in_transit,Chennai,V051,DRV107
ORD03042,2026-09-22T02:19:00+00:00,delayed,Mangaluru,V003,DRV052
ORD03043,2026-08-15T19:20:00+00:00,delivered,Coimbatore,V025,DRV053
ORD03044,2026-08-02T10:44:00+00:00,delivered,Mangaluru,V006,DRV002
ORD03045,2026-08-24T22:10:00+00:00,delayed,Coimbatore,V050,DRV084
ORD03046,2026-09-11T04:50:00+00:00,delivered,Hosur,V061,DRV102
ORD03047,2026-08-09T15:00:00+00:00,picked_up,Hosur,V098,DRV036
ORD03048,2026-09-03T11:31:00+00:00,picked_up,Coimbatore,V087,DRV100
ORD03049,2026-09-19T13:09:00+00:00,picked_up,Mangaluru,V027,DRV047
ORD03050,2026-08-24T08:43:00+00:00,delivered,Coimbatore,V009,DRV036
ORD03051,2026-09-08T05:48:00+00:00,delivered,Pune,V066,DRV026
ORD03052,2026-08-22T01:10:00+00:00,in_transit,Mangaluru,V046,DRV084
ORD03053,2026-09-08T02:35:00+00:00,picked_up,Coimbatore,V028,DRV056
ORD03054,2026-08-23T00:27:00+00:00,delivered,Mysuru,V085,DRV104
ORD03055,2026-09-12T23:18:00+00:00,delivered,Pune,V066,DRV116
ORD03056,2026-09-07T07:17:00+00:00,delayed,Coimbatore,V079,DRV072
ORD03057,2026-09-09T08:04:00+00:00,cancelled,Hosur,V089,DRV044
ORD03058,2026-08-29T00:27:00+00:00,delivered,Mysuru,V008,DRV047
ORD03059,2026-09-06T15:59:00+00:00,delivered,Mangaluru,V094,DRV106
ORD03060,2026-08-26T16:46:00+00:00,delivered,Bengaluru,V098,DRV078
ORD03061,2026-08-21T19:07:00+00:00,picked_up,Hosur,V063,DRV117
ORD03062,2026-08-01T13:38:00+00:00,delivered,Hubballi,V004,DRV009
ORD03063,2026-09-02T02:00:00+00:00,delivered,Mangaluru,V005,DRV087
ORD03064,2026-08-03T05:50:00+00:00,in_transit,Mangaluru,V072,DRV013
ORD03065,2026-08-06T23:38:00+00:00,delivered,Mangaluru,V060,DRV077
ORD03066,2026-08-31T03:45:00+00:00,delivered,Tumakuru,V093,DRV093
ORD03067,2026-09-02T05:38:00+00:00,in_transit,Chennai,V036,DRV112
ORD03068,2026-09-12T00:20:00+00:00,picked_up,Coimbatore,V020,DRV071
ORD03069,2026-08-11T07:20:00+00:00,in_transit,Hubballi,V068,DRV047
ORD03070,2026-09-20T11:15:00+00:00,delayed,Coimbatore,V045,DRV045
ORD03071,2026-09-09T09:28:00+00:00,cancelled,Hubballi,V078,DRV106
ORD03072,2026-08-08T05:27:00+00:00,delivered,Hyderabad,V039,DRV045
ORD03073,2026-08-04T01:14:00+00:00,picked_up,Hosur,V054,DRV018
ORD03074,2026-09-07T21:18:00+00:00,delivered,Chennai,V032,DRV057
ORD03075,2026-08-09T01:43:00+00:00,in_transit,Coimbatore,V061,DRV048
ORD03076,2026-08-10T10:33:00+00:00,delivered,Mysuru,V055,DRV004
ORD03077,2026-09-16T13:06:00+00:00,cancelled,Pune,V084,DRV057
ORD03078,2026-08-06T11:43:00+00:00,delivered,Hyderabad,V030,DRV011
ORD03079,2026-08-22T13:37:00+00:00,picked_up,Pune,V077,DRV044
ORD03080,2026-08-29T08:16:00+00:00,delivered,Coimbatore,V092,DRV043
ORD03081,2026-09-10T05:02:00+00:00,delivered,Coimbatore,V013,DRV023
ORD03082,2026-09-20T15:49:00+00:00,delivered,Pune,V005,DRV040
ORD03083,2026-08-14T23:28:00+00:00,delivered,Mangaluru,V048,DRV078
ORD03084,2026-08-05T06:09:00+00:00,picked_up,Hubballi,V019,DRV071
ORD03085,2026-08-24T09:22:00+00:00,delivered,Hosur,V047,DRV099
ORD03086,2026-08-18T01:04:00+00:00,in_transit,Hubballi,V009,DRV015
ORD03087,2026-08-27T04:57:00+00:00,in_transit,Mysuru,V025,DRV115
ORD03088,2026-08-23T16:00:00+00:00,delivered,Coimbatore,V079,DRV048
ORD03089,2026-09-23T06:58:00+00:00,delivered,Coimbatore,V016,DRV087
ORD03090,2026-08-14T12:56:00+00:00,in_transit,Chennai,V015,DRV087
ORD03091,2026-08-07T00:16:00+00:00,picked_up,Mangaluru,V028,DRV110
ORD03092,2026-08-08T19:44:00+00:00,delayed,Mysuru,V094,DRV065
ORD03093,2026-08-15T09:27:00+00:00,delivered,Chennai,V071,DRV032
ORD03094,2026-08-20T20:24:00+00:00,in_transit,Mangaluru,V056,DRV100
ORD03095,2026-08-13T15:10:00+00:00,in_transit,Pune,V088,DRV058
ORD03096,2026-09-01T14:24:00+00:00,picked_up,Mangaluru,V095,DRV080
ORD03097,2026-08-24T04:58:00+00:00,delivered,Coimbatore,V007,DRV002
ORD03098,2026-09-17T12:32:00+00:00,delivered,Mangaluru,V064,DRV072
ORD03099,2026-08-06T04:29:00+00:00,delivered,Hubballi,V041,DRV065
ORD03100,2026-08-22T18:00:00+00:00,in_transit,Coimbatore,V007,DRV035
ORD03101,2026-09-11T21:35:00+00:00,in_transit,Chennai,V039,DRV081
ORD03102,2026-09-19T11:30:00+00:00,delivered,Mysuru,V006,DRV010
ORD03103,2026-08-07T14:59:00+00:00,delivered,Pune,V097,DRV041
ORD03104,2026-09-04T04:11:00+00:00,delivered,Coimbatore,V070,DRV040
ORD03105,2026-08-22T11:12:00+00:00,delivered,Hyderabad,V071,DRV022
ORD03106,2026-09-20T06:39:00+00:00,delayed,Tumakuru,V088,DRV094
ORD03107,2026-09-07T15:52:00+00:00,delivered,Pune,V002,DRV031
ORD03108,2026-08-23T14:13:00+00:00,delayed,Mangaluru,V077,DRV002
ORD03109,2026-09-09T01:18:00+00:00,delivered,Tumakuru,V006,DRV006
ORD03110,2026-08-24T09:46:00+00:00,in_transit,Pune,V013,DRV100
ORD03111,2026-08-11T15:14:00+00:00,delivered,Hosur,V035,DRV072
ORD03112,2026-08-30T05:28:00+00:00,delivered,Pune,V028,DRV059
ORD03113,2026-09-23T06:36:00+00:00,delayed,Bengaluru,V080,DRV034
ORD03114,2026-09-08T09:24:00+00:00,in_transit,Hubballi,V019,DRV079
ORD03115,2026-08-11T13:18:00+00:00,in_transit,Hosur,V059,DRV055
ORD03116,2026-09-10T16:09:00+00:00,delayed,Mangaluru,V015,DRV089
ORD03117,2026-08-23T01:00:00+00:00,in_transit,Mysuru,V052,DRV014
ORD03118,2026-09-19T14:16:00+00:00,delivered,Mangaluru,V004,DRV048
ORD03119,2026-08-10T00:47:00+00:00,delivered,Hosur,V068,DRV062
ORD03120,2026-08-20T19:52:00+00:00,in_transit,Coimbatore,V092,DRV098
ORD03121,2026-08-28T03:08:00+00:00,delayed,Coimbatore,V049,DRV023
ORD03122,2026-08-01T05:44:00+00:00,delivered,Hubballi,V088,DRV015
ORD03123,2026-08-28T06:15:00+00:00,delivered,Hyderabad,V086,DRV014
ORD03124,2026-08-21T19:14:00+00:00,delivered,Coimbatore,V051,DRV069
ORD03125,2026-09-13T19:44:00+00:00,delivered,Hubballi,V033,DRV050
ORD03126,2026-09-05T10:03:00+00:00,in_transit,Coimbatore,V062,DRV119
ORD03127,2026-09-21T01:31:00+00:00,delayed,Pune,V030,DRV001
ORD03128,2026-09-14T07:36:00+00:00,in_transit,Coimbatore,V083,DRV030
ORD03129,2026-09-22T17:41:00+00:00,cancelled,Hubballi,V096,DRV019
ORD03130,2026-09-14T00:52:00+00:00,picked_up,Mangaluru,V050,DRV043
ORD03131,2026-08-05T00:26:00+00:00,picked_up,Mysuru,V007,DRV049
ORD03132,2026-09-11T04:03:00+00:00,delivered,Tumakuru,V066,DRV021
ORD03133,2026-08-18T18:34:00+00:00,delivered,Chennai,V069,DRV015
ORD03134,2026-09-13T22:49:00+00:00,delivered,Coimbatore,V058,DRV068
ORD03135,2026-08-27T01:18:00+00:00,in_transit,Mangaluru,V058,DRV080
ORD03136,2026-08-13T09:42:00+00:00,delivered,Coimbatore,V016,DRV015
ORD03137,2026-09-02T09:58:00+00:00,delivered,Coimbatore,V013,DRV071
ORD03138,2026-08-08T02:32:00+00:00,delivered,Hosur,V081,DRV103
ORD03139,2026-09-07T06:35:00+00:00,delivered,Hyderabad,V013,DRV022
ORD03140,2026-09-10T23:57:00+00:00,picked_up,Pune,V096,DRV111
ORD03141,2026-08-28T19:33:00+00:00,in_transit,Coimbatore,V028,DRV063
ORD03142,2026-08-20T09:10:00+00:00,delivered,Hosur,V089,DRV091
ORD03143,2026-08-16T08:43:00+00:00,in_transit,Pune,V015,DRV098
ORD03144,2026-09-08T22:18:00+00:00,cancelled,Hyderabad,V045,DRV025
ORD03145,2026-08-18T21:09:00+00:00,delivered,Coimbatore,V016,DRV103
ORD03146,2026-09-18T04:27:00+00:00,delivered,Mangaluru,V075,DRV005
ORD03147,2026-08-23T05:37:00+00:00,delivered,Coimbatore,V021,DRV077
ORD03148,2026-08-31T12:40:00+00:00,delivered,Chennai,V044,DRV089
ORD03149,2026-09-19T23:39:00+00:00,delayed,Hyderabad,V016,DRV020
ORD03150,2026-08-15T04:45:00+00:00,delivered,Mysuru,V042,DRV100
ORD03151,2026-08-07T13:25:00+00:00,picked_up,Mangaluru,V090,DRV095
ORD03152,2026-08-24T04:53:00+00:00,picked_up,Mysuru,V054,DRV115
ORD03153,2026-09-07T00:50:00+00:00,picked_up,Coimbatore,V016,DRV090
ORD03154,2026-09-24T13:53:00+00:00,delivered,Hosur,V034,DRV013
ORD03155,2026-08-09T13:20:00+00:00,delivered,Mangaluru,V028,DRV100
ORD03156,2026-09-24T15:49:00+00:00,delivered,Hyderabad,V085,DRV095
ORD03157,2026-09-09T01:52:00+00:00,in_transit,Hyderabad,V040,DRV047
ORD03158,2026-08-03T23:23:00+00:00,in_transit,Coimbatore,V096,DRV079
ORD03159,2026-09-14T03:52:00+00:00,in_transit,Hosur,V025,DRV043
ORD03160,2026-08-07T00:36:00+00:00,delivered,Coimbatore,V027,DRV028
ORD03161,2026-08-03T17:42:00+00:00,delivered,Hosur,V018,DRV016
ORD03162,2026-08-17T10:54:00+00:00,delivered,Chennai,V084,DRV022
ORD03163,2026-09-17T21:45:00+00:00,picked_up,Mangaluru,V093,DRV030
ORD03164,2026-08-22T13:39:00+00:00,delivered,Coimbatore,V040,DRV116
ORD03165,2026-08-29T06:51:00+00:00,delivered,Hyderabad,V022,DRV038
ORD03166,2026-08-15T13:10:00+00:00,in_transit,Mysuru,V032,DRV104
ORD03167,2026-09-10T04:12:00+00:00,delivered,Hubballi,V090,DRV115
ORD03168,2026-08-06T23:28:00+00:00,cancelled,Mysuru,V054,DRV036
ORD03169,2026-09-15T05:38:00+00:00,delivered,Hubballi,V080,DRV070
ORD03170,2026-08-30T03:59:00+00:00,delivered,Tumakuru,V082,DRV018
ORD03171,2026-08-06T02:27:00+00:00,delivered,Mysuru,V023,DRV050
ORD03172,2026-08-29T23:59:00+00:00,delivered,Bengaluru,V079,DRV035
ORD03173,2026-08-23T05:48:00+00:00,delivered,Pune,V092,DRV049
ORD03174,2026-08-16T07:51:00+00:00,in_transit,Pune,V030,DRV030
ORD03175,2026-08-23T23:45:00+00:00,delivered,Coimbatore,V009,DRV081
ORD03176,2026-08-22T02:21:00+00:00,delayed,Pune,V040,DRV017
ORD03177,2026-09-04T14:45:00+00:00,delivered,Hyderabad,V023,DRV066
ORD03178,2026-08-19T10:41:00+00:00,picked_up,Coimbatore,V087,DRV067
ORD03179,2026-08-20T03:56:00+00:00,delivered,Mysuru,V014,DRV095
ORD03180,2026-08-24T05:33:00+00:00,delayed,Mangaluru,V065,DRV056
ORD03181,2026-08-23T19:23:00+00:00,delayed,Hyderabad,V023,DRV050
ORD03182,2026-09-11T00:14:00+00:00,delivered,Pune,V044,DRV106
ORD03183,2026-09-17T20:21:00+00:00,picked_up,Mangaluru,V048,DRV078
ORD03184,2026-08-23T18:29:00+00:00,in_transit,Chennai,V078,DRV112
ORD03185,2026-08-30T11:31:00+00:00,in_transit,Coimbatore,V061,DRV052
ORD03186,2026-08-12T13:34:00+00:00,picked_up,Hosur,V067,DRV026
ORD03187,2026-09-01T01:53:00+00:00,delivered,Hyderabad,V071,DRV066
ORD03188,2026-09-06T19:27:00+00:00,in_transit,Hyderabad,V067,DRV056
ORD03189,2026-09-22T23:29:00+00:00,delivered,Pune,V003,DRV053
ORD03190,2026-09-09T11:26:00+00:00,in_transit,Pune,V011,DRV109
ORD03191,2026-08-03T13:38:00+00:00,cancelled,Pune,V028,DRV103
ORD03192,2026-08-31T15:54:00+00:00,delivered,Chennai,V046,DRV054
ORD03193,2026-08-08T02:52:00+00:00,delivered,Mangaluru,V065,DRV055
ORD03194,2026-08-27T17:47:00+00:00,delivered,Tumakuru,V093,DRV088
ORD03195,2026-09-03T12:15:00+00:00,in_transit,Coimbatore,V082,DRV056
ORD03196,2026-08-30T16:03:00+00:00,delayed,Coimbatore,V003,DRV083
ORD03197,2026-08-21T22:49:00+00:00,delivered,Hosur,V040,DRV006
ORD03198,2026-09-09T16:37:00+00:00,delivered,Mangaluru,V090,DRV069
ORD03199,2026-08-12T08:29:00+00:00,delivered,Hosur,V005,DRV109
ORD03200,2026-09-19T04:48:00+00:00,delivered,Chennai,V091,DRV063
ORD03201,2026-09-16T23:56:00+00:00,cancelled,Coimbatore,V010,DRV081
ORD03202,2026-09-22T07:17:00+00:00,delivered,Hyderabad,V096,DRV053
ORD03203,2026-08-30T10:46:00+00:00,delivered,Bengaluru,V029,DRV003
ORD03204,2026-09-10T05:08:00+00:00,delivered,Mysuru,V049,DRV077
ORD03205,2026-08-01T04:56:00+00:00,delayed,Coimbatore,V083,DRV118
ORD03206,2026-09-11T22:19:00+00:00,delivered,Tumakuru,V049,DRV098
ORD03207,2026-08-30T22:01:00+00:00,delivered,Hosur,V007,DRV025
ORD03208,2026-08-26T16:50:00+00:00,delivered,Coimbatore,V077,DRV034
ORD03209,2026-08-10T16:45:00+00:00,delivered,Mangaluru,V087,DRV020
ORD03210,2026-09-08T11:22:00+00:00,delivered,Mangaluru,V092,DRV108
ORD03211,2026-09-10T17:11:00+00:00,delivered,Pune,V046,DRV060
ORD03212,2026-08-13T09:34:00+00:00,delivered,Chennai,V051,DRV057
ORD03213,2026-09-20T15:22:00+00:00,picked_up,Coimbatore,V078,DRV063
ORD03214,2026-08-25T21:02:00+00:00,in_transit,Coimbatore,V084,DRV031
ORD03215,2026-09-02T06:12:00+00:00,picked_up,Hyderabad,V058,DRV096
ORD03216,2026-09-13T08:48:00+00:00,delivered,Chennai,V054,DRV072
ORD03217,2026-08-14T17:20:00+00:00,delivered,Hubballi,V062,DRV054
ORD03218,2026-09-24T10:42:00+00:00,delivered,Hubballi,V026,DRV039
ORD03219,2026-08-19T22:19:00+00:00,in_transit,Hyderabad,V027,DRV008
ORD03220,2026-09-22T03:01:00+00:00,picked_up,Mysuru,V095,DRV005
ORD03221,2026-09-16T04:18:00+00:00,delivered,Pune,V096,DRV038
ORD03222,2026-08-31T10:28:00+00:00,in_transit,Pune,V055,DRV047
ORD03223,2026-08-12T22:49:00+00:00,picked_up,Bengaluru,V056,DRV005
ORD03224,2026-08-03T15:58:00+00:00,picked_up,Hubballi,V074,DRV095
ORD03225,2026-08-29T01:05:00+00:00,in_transit,Hosur,V097,DRV086
ORD03226,2026-09-24T17:44:00+00:00,in_transit,Pune,V077,DRV065
ORD03227,2026-08-09T01:41:00+00:00,delivered,Pune,V088,DRV114
ORD03228,2026-09-06T17:52:00+00:00,delivered,Coimbatore,V040,DRV094
ORD03229,2026-08-09T11:30:00+00:00,delivered,Mysuru,V098,DRV083
ORD03230,2026-09-12T05:51:00+00:00,delayed,Coimbatore,V053,DRV052
ORD03231,2026-09-03T23:00:00+00:00,delayed,Pune,V048,DRV052
ORD03232,2026-08-07T04:27:00+00:00,delivered,Pune,V022,DRV090
ORD03233,2026-09-22T09:29:00+00:00,delayed,Coimbatore,V064,DRV055
ORD03234,2026-09-13T20:48:00+00:00,in_transit,Coimbatore,V080,DRV069
ORD03235,2026-08-24T05:02:00+00:00,delivered,Mysuru,V009,DRV028
ORD03236,2026-08-29T06:35:00+00:00,delivered,Tumakuru,V058,DRV112
ORD03237,2026-08-09T06:59:00+00:00,delivered,Hyderabad,V094,DRV095
ORD03238,2026-09-11T12:20:00+00:00,delivered,Hubballi,V039,DRV106
ORD03239,2026-08-25T01:58:00+00:00,delivered,Mangaluru,V003,DRV120
ORD03240,2026-08-21T15:55:00+00:00,picked_up,Mangaluru,V011,DRV069
ORD03241,2026-09-13T15:31:00+00:00,delivered,Hosur,V027,DRV012
ORD03242,2026-08-18T05:04:00+00:00,delivered,Chennai,V046,DRV066
ORD03243,2026-08-30T05:03:00+00:00,delivered,Coimbatore,V011,DRV045
ORD03244,2026-08-12T01:03:00+00:00,delivered,Mangaluru,V078,DRV042
ORD03245,2026-08-28T20:14:00+00:00,delayed,Chennai,V087,DRV102
ORD03246,2026-08-31T05:47:00+00:00,delivered,Mangaluru,V067,DRV108
ORD03247,2026-08-17T07:25:00+00:00,delivered,Hubballi,V027,DRV110
ORD03248,2026-09-22T03:25:00+00:00,delivered,Pune,V092,DRV098
ORD03249,2026-08-07T03:33:00+00:00,picked_up,Pune,V050,DRV025
ORD03250,2026-08-29T14:16:00+00:00,picked_up,Pune,V014,DRV089
ORD03251,2026-08-23T02:48:00+00:00,cancelled,Hubballi,V007,DRV108
ORD03252,2026-09-16T22:09:00+00:00,delivered,Mysuru,V061,DRV116
ORD03253,2026-08-28T01:10:00+00:00,delayed,Coimbatore,V012,DRV026
ORD03254,2026-09-03T00:25:00+00:00,delivered,Pune,V007,DRV009
ORD03255,2026-08-06T13:30:00+00:00,picked_up,Coimbatore,V038,DRV002
ORD03256,2026-08-10T07:36:00+00:00,picked_up,Coimbatore,V079,DRV114
ORD03257,2026-08-28T18:06:00+00:00,in_transit,Pune,V041,DRV041
ORD03258,2026-08-29T00:37:00+00:00,delivered,Chennai,V039,DRV016
ORD03259,2026-08-10T01:55:00+00:00,delivered,Hyderabad,V079,DRV110
ORD03260,2026-08-06T04:12:00+00:00,delivered,Chennai,V088,DRV011
ORD03261,2026-09-04T20:17:00+00:00,cancelled,Chennai,V049,DRV089
ORD03262,2026-08-13T06:09:00+00:00,delivered,Pune,V033,DRV018
ORD03263,2026-09-08T03:11:00+00:00,picked_up,Mysuru,V017,DRV020
ORD03264,2026-08-16T14:01:00+00:00,in_transit,Bengaluru,V049,DRV107
ORD03265,2026-09-18T04:08:00+00:00,delivered,Mysuru,V035,DRV064
ORD03266,2026-09-01T11:40:00+00:00,in_transit,Chennai,V018,DRV085
ORD03267,2026-09-20T05:49:00+00:00,in_transit,Mangaluru,V007,DRV091
ORD03268,2026-08-05T11:26:00+00:00,cancelled,Mysuru,V085,DRV060
ORD03269,2026-08-12T18:58:00+00:00,delivered,Hosur,V025,DRV072
ORD03270,2026-09-02T00:31:00+00:00,delivered,Mangaluru,V043,DRV024
ORD03271,2026-08-14T10:44:00+00:00,picked_up,Pune,V067,DRV052
ORD03272,2026-09-20T10:09:00+00:00,delivered,Hyderabad,V024,DRV034
ORD03273,2026-09-13T10:56:00+00:00,delivered,Coimbatore,V052,DRV089
ORD03274,2026-08-03T06:56:00+00:00,delivered,Coimbatore,V011,DRV082
ORD03275,2026-08-24T20:45:00+00:00,delivered,Coimbatore,V013,DRV116
ORD03276,2026-09-09T11:17:00+00:00,picked_up,Pune,V029,DRV066
ORD03277,2026-09-16T12:02:00+00:00,delivered,Coimbatore,V049,DRV045
ORD03278,2026-09-05T15:55:00+00:00,in_transit,Coimbatore,V007,DRV054
ORD03279,2026-08-09T01:02:00+00:00,cancelled,Pune,V094,DRV112
ORD03280,2026-09-14T02:10:00+00:00,picked_up,Coimbatore,V036,DRV086
ORD03281,2026-08-02T12:12:00+00:00,delivered,Mangaluru,V003,DRV027
ORD03282,2026-09-23T15:12:00+00:00,delayed,Chennai,V098,DRV042
ORD03283,2026-08-29T05:10:00+00:00,delivered,Mangaluru,V092,DRV097
ORD03284,2026-08-05T13:29:00+00:00,cancelled,Coimbatore,V030,DRV040
ORD03285,2026-09-23T15:49:00+00:00,delivered,Chennai,V012,DRV095
ORD03286,2026-09-21T09:20:00+00:00,delivered,Coimbatore,V029,DRV017
ORD03287,2026-08-24T10:03:00+00:00,picked_up,Mangaluru,V098,DRV067
ORD03288,2026-08-14T15:43:00+00:00,in_transit,Mangaluru,V022,DRV048
ORD03289,2026-08-16T01:32:00+00:00,delayed,Pune,V001,DRV098
ORD03290,2026-09-04T03:55:00+00:00,delivered,Hosur,V056,DRV115
ORD03291,2026-08-28T07:39:00+00:00,in_transit,Pune,V055,DRV063
ORD03292,2026-09-06T10:50:00+00:00,delivered,Pune,V071,DRV029
ORD03293,2026-08-30T17:15:00+00:00,picked_up,Hosur,V061,DRV043
ORD03294,2026-08-19T11:48:00+00:00,delivered,Pune,V062,DRV042
ORD03295,2026-09-15T21:23:00+00:00,delayed,Coimbatore,V063,DRV036
ORD03296,2026-08-07T00:36:00+00:00,delayed,Coimbatore,V038,DRV068
ORD03297,2026-08-30T14:03:00+00:00,delayed,Mangaluru,V096,DRV084
ORD03298,2026-08-31T11:58:00+00:00,delivered,Mysuru,V079,DRV053
ORD03299,2026-09-09T20:56:00+00:00,delivered,Pune,V015,DRV079
ORD03300,2026-09-08T23:36:00+00:00,delivered,Coimbatore,V093,DRV002
ORD03301,2026-08-17T18:19:00+00:00,delivered,Chennai,V015,DRV051
ORD03302,2026-09-22T10:59:00+00:00,delivered,Mangaluru,V082,DRV020
ORD03303,2026-09-17T23:23:00+00:00,delivered,Mangaluru,V070,DRV102
ORD03304,2026-08-16T09:43:00+00:00,delivered,Coimbatore,V053,DRV071
ORD03305,2026-08-08T14:58:00+00:00,picked_up,Coimbatore,V065,DRV005
ORD03306,2026-08-28T11:27:00+00:00,in_transit,Bengaluru,V010,DRV108
ORD03307,2026-09-04T03:49:00+00:00,delayed,Chennai,V068,DRV052
ORD03308,2026-08-30T19:13:00+00:00,delivered,Hubballi,V054,DRV113
ORD03309,2026-08-15T03:32:00+00:00,picked_up,Coimbatore,V006,DRV079
ORD03310,2026-08-13T16:41:00+00:00,delivered,Bengaluru,V007,DRV081
ORD03311,2026-09-22T08:23:00+00:00,delivered,Coimbatore,V077,DRV089
ORD03312,2026-08-15T00:30:00+00:00,picked_up,Mangaluru,V047,DRV095
ORD03313,2026-08-30T05:41:00+00:00,delayed,Pune,V084,DRV108
ORD03314,2026-09-11T09:26:00+00:00,delivered,Hosur,V041,DRV071
ORD03315,2026-08-17T18:50:00+00:00,delivered,Hosur,V028,DRV078
ORD03316,2026-08-25T11:41:00+00:00,delivered,Coimbatore,V051,DRV001
ORD03317,2026-08-08T17:02:00+00:00,in_transit,Mangaluru,V073,DRV090
ORD03318,2026-08-07T02:29:00+00:00,delivered,Chennai,V048,DRV048
ORD03319,2026-08-28T07:07:00+00:00,delivered,Coimbatore,V040,DRV078
ORD03320,2026-09-09T06:52:00+00:00,picked_up,Hyderabad,V080,DRV070
ORD03321,2026-09-22T01:32:00+00:00,delivered,Mangaluru,V057,DRV057
ORD03322,2026-09-23T03:04:00+00:00,picked_up,Mysuru,V062,DRV003
ORD03323,2026-08-25T03:15:00+00:00,in_transit,Mangaluru,V091,DRV027
ORD03324,2026-09-12T21:54:00+00:00,in_transit,Pune,V014,DRV044
ORD03325,2026-09-23T03:45:00+00:00,delivered,Hyderabad,V079,DRV110
ORD03326,2026-08-28T08:17:00+00:00,picked_up,Chennai,V045,DRV027
ORD03327,2026-08-05T19:34:00+00:00,in_transit,Pune,V015,DRV016
ORD03328,2026-08-22T01:35:00+00:00,delayed,Hosur,V079,DRV034
ORD03329,2026-09-19T00:43:00+00:00,delivered,Hubballi,V023,DRV046
ORD03330,2026-09-06T15:35:00+00:00,delivered,Mangaluru,V029,DRV044
ORD03331,2026-09-06T01:14:00+00:00,delivered,Hyderabad,V084,DRV048
ORD03332,2026-08-14T22:34:00+00:00,delivered,Mysuru,V019,DRV069
ORD03333,2026-08-02T19:01:00+00:00,picked_up,Pune,V087,DRV096
ORD03334,2026-08-28T16:20:00+00:00,picked_up,Coimbatore,V047,DRV119
ORD03335,2026-09-06T17:09:00+00:00,delivered,Chennai,V068,DRV099
ORD03336,2026-08-16T06:33:00+00:00,delivered,Chennai,V095,DRV095
ORD03337,2026-08-02T21:35:00+00:00,delivered,Coimbatore,V033,DRV052
ORD03338,2026-08-24T06:20:00+00:00,delayed,Hyderabad,V064,DRV086
ORD03339,2026-08-12T08:37:00+00:00,in_transit,Mangaluru,V092,DRV041
ORD03340,2026-08-20T18:52:00+00:00,delivered,Chennai,V037,DRV048
ORD03341,2026-08-03T11:44:00+00:00,delivered,Hubballi,V050,DRV013
ORD03342,2026-08-03T20:52:00+00:00,in_transit,Hubballi,V006,DRV098
ORD03343,2026-09-12T01:24:00+00:00,in_transit,Hosur,V083,DRV035
ORD03344,2026-09-09T09:55:00+00:00,delayed,Tumakuru,V023,DRV068
ORD03345,2026-08-15T09:06:00+00:00,delivered,Coimbatore,V047,DRV075
ORD03346,2026-08-23T20:28:00+00:00,delivered,Bengaluru,V026,DRV102
ORD03347,2026-09-02T10:36:00+00:00,delayed,Coimbatore,V077,DRV053
ORD03348,2026-08-12T17:57:00+00:00,delivered,Hosur,V069,DRV028
ORD03349,2026-09-01T13:12:00+00:00,picked_up,Mangaluru,V097,DRV025
ORD03350,2026-08-05T12:31:00+00:00,in_transit,Coimbatore,V040,DRV022
ORD03351,2026-09-09T12:36:00+00:00,delivered,Mangaluru,V087,DRV119
ORD03352,2026-09-07T18:29:00+00:00,delivered,Coimbatore,V009,DRV089
ORD03353,2026-08-05T22:17:00+00:00,picked_up,Chennai,V087,DRV093
ORD03354,2026-09-03T08:04:00+00:00,in_transit,Hosur,V020,DRV050
ORD03355,2026-09-07T19:39:00+00:00,delivered,Coimbatore,V094,DRV061
ORD03356,2026-09-16T03:43:00+00:00,picked_up,Mysuru,V067,DRV050
ORD03357,2026-08-12T19:37:00+00:00,cancelled,Mangaluru,V022,DRV010
ORD03358,2026-09-04T12:04:00+00:00,delivered,Coimbatore,V014,DRV075
ORD03359,2026-08-28T23:20:00+00:00,delivered,Mysuru,V098,DRV098
ORD03360,2026-09-04T11:47:00+00:00,picked_up,Mangaluru,V090,DRV028
ORD03361,2026-08-27T02:43:00+00:00,picked_up,Coimbatore,V015,DRV067
ORD03362,2026-09-04T20:08:00+00:00,picked_up,Hubballi,V025,DRV066
ORD03363,2026-08-19T23:33:00+00:00,in_transit,Coimbatore,V083,DRV083
ORD03364,2026-09-10T12:20:00+00:00,picked_up,Hubballi,V093,DRV055
ORD03365,2026-08-26T12:13:00+00:00,picked_up,Pune,V011,DRV034
ORD03366,2026-08-07T21:49:00+00:00,delivered,Mysuru,V067,DRV032
ORD03367,2026-08-06T15:17:00+00:00,picked_up,Mangaluru,V015,DRV024
ORD03368,2026-09-05T12:57:00+00:00,delivered,Coimbatore,V001,DRV066
ORD03369,2026-09-14T02:57:00+00:00,delivered,Hubballi,V074,DRV002
ORD03370,2026-09-19T11:33:00+00:00,delivered,Chennai,V060,DRV049
ORD03371,2026-09-08T09:44:00+00:00,in_transit,Mangaluru,V089,DRV108
ORD03372,2026-09-15T15:10:00+00:00,delivered,Hyderabad,V037,DRV070
ORD03373,2026-08-28T07:37:00+00:00,delivered,Coimbatore,V050,DRV105
ORD03374,2026-08-15T20:03:00+00:00,delivered,Coimbatore,V039,DRV084
ORD03375,2026-09-09T02:40:00+00:00,delivered,Mangaluru,V014,DRV076
ORD03376,2026-08-22T05:06:00+00:00,in_transit,Mangaluru,V003,DRV050
ORD03377,2026-08-02T10:34:00+00:00,delivered,Tumakuru,V017,DRV044
ORD03378,2026-09-20T08:28:00+00:00,delivered,Pune,V048,DRV072
ORD03379,2026-09-19T16:52:00+00:00,delivered,Coimbatore,V051,DRV060
ORD03380,2026-08-11T23:14:00+00:00,cancelled,Pune,V032,DRV009
ORD03381,2026-08-13T16:10:00+00:00,delayed,Coimbatore,V044,DRV022
ORD03382,2026-08-11T10:28:00+00:00,delivered,Pune,V095,DRV119
ORD03383,2026-09-17T00:42:00+00:00,delivered,Coimbatore,V078,DRV030
ORD03384,2026-09-15T23:41:00+00:00,picked_up,Mangaluru,V025,DRV088
ORD03385,2026-09-10T23:02:00+00:00,delivered,Hubballi,V042,DRV109
ORD03386,2026-08-24T02:48:00+00:00,delivered,Mangaluru,V028,DRV099
ORD03387,2026-08-08T11:56:00+00:00,delivered,Coimbatore,V098,DRV012
ORD03388,2026-09-22T05:17:00+00:00,delivered,Coimbatore,V066,DRV082
ORD03389,2026-08-02T03:15:00+00:00,picked_up,Coimbatore,V044,DRV104
ORD03390,2026-09-14T21:27:00+00:00,delivered,Hosur,V063,DRV090
ORD03391,2026-09-07T10:22:00+00:00,delivered,Hubballi,V008,DRV115
ORD03392,2026-08-24T03:13:00+00:00,picked_up,Mangaluru,V090,DRV049
ORD03393,2026-08-24T03:35:00+00:00,delivered,Coimbatore,V030,DRV098
ORD03394,2026-09-10T22:54:00+00:00,delivered,Chennai,V034,DRV015
ORD03395,2026-09-12T10:58:00+00:00,picked_up,Hosur,V056,DRV110
ORD03396,2026-08-21T16:02:00+00:00,delivered,Coimbatore,V084,DRV108
ORD03397,2026-08-08T09:05:00+00:00,in_transit,Mangaluru,V061,DRV098
ORD03398,2026-08-17T07:20:00+00:00,delivered,Coimbatore,V054,DRV096
ORD03399,2026-09-01T04:14:00+00:00,delivered,Hubballi,V001,DRV039
ORD03400,2026-09-23T14:30:00+00:00,delivered,Mysuru,V057,DRV093
ORD03401,2026-09-01T12:53:00+00:00,delivered,Coimbatore,V044,DRV109
ORD03402,2026-09-11T14:23:00+00:00,in_transit,Coimbatore,V075,DRV115
ORD03403,2026-08-11T20:03:00+00:00,delivered,Chennai,V007,DRV062
ORD03404,2026-09-11T01:20:00+00:00,delivered,Hubballi,V087,DRV096
ORD03405,2026-08-14T20:37:00+00:00,delivered,Hubballi,V059,DRV020
ORD03406,2026-08-28T03:58:00+00:00,delivered,Coimbatore,V035,DRV088
ORD03407,2026-09-16T08:28:00+00:00,delivered,Chennai,V088,DRV049
ORD03408,2026-09-09T17:40:00+00:00,delivered,Chennai,V076,DRV094
ORD03409,2026-08-07T04:27:00+00:00,delivered,Chennai,V017,DRV120
ORD03410,2026-09-10T11:45:00+00:00,picked_up,Mysuru,V059,DRV057
ORD03411,2026-08-19T20:39:00+00:00,in_transit,Mysuru,V053,DRV019
ORD03412,2026-09-23T16:18:00+00:00,delivered,Hubballi,V096,DRV104
ORD03413,2026-09-09T22:11:00+00:00,delayed,Coimbatore,V046,DRV016
ORD03414,2026-08-04T01:00:00+00:00,delivered,Coimbatore,V084,DRV118
ORD03415,2026-08-22T04:36:00+00:00,delivered,Coimbatore,V100,DRV031
ORD03416,2026-09-23T19:17:00+00:00,picked_up,Mangaluru,V033,DRV036
ORD03417,2026-09-04T13:09:00+00:00,in_transit,Mysuru,V034,DRV091
ORD03418,2026-09-01T10:06:00+00:00,in_transit,Mangaluru,V025,DRV044
ORD03419,2026-09-24T16:30:00+00:00,delivered,Coimbatore,V018,DRV065
ORD03420,2026-08-04T02:53:00+00:00,delayed,Coimbatore,V034,DRV033
ORD03421,2026-09-13T19:23:00+00:00,delayed,Pune,V044,DRV032
ORD03422,2026-08-02T02:16:00+00:00,delivered,Chennai,V047,DRV045
ORD03423,2026-08-30T15:11:00+00:00,delivered,Hyderabad,V057,DRV053
ORD03424,2026-08-03T22:12:00+00:00,delivered,Hosur,V055,DRV071
ORD03425,2026-08-03T13:39:00+00:00,in_transit,Coimbatore,V006,DRV030
ORD03426,2026-08-23T21:16:00+00:00,picked_up,Pune,V062,DRV005
ORD03427,2026-09-07T22:52:00+00:00,picked_up,Bengaluru,V076,DRV100
ORD03428,2026-09-21T14:11:00+00:00,delivered,Hyderabad,V062,DRV021
ORD03429,2026-08-23T23:25:00+00:00,picked_up,Hyderabad,V040,DRV073
ORD03430,2026-08-11T09:57:00+00:00,delivered,Hosur,V086,DRV074
ORD03431,2026-09-09T01:23:00+00:00,delivered,Bengaluru,V025,DRV098
ORD03432,2026-08-02T21:19:00+00:00,delivered,Hyderabad,V090,DRV006
ORD03433,2026-08-08T06:14:00+00:00,delivered,Mangaluru,V003,DRV019
ORD03434,2026-09-03T01:08:00+00:00,delivered,Tumakuru,V035,DRV009
ORD03435,2026-08-13T16:07:00+00:00,in_transit,Hosur,V090,DRV009
ORD03436,2026-08-13T02:52:00+00:00,picked_up,Coimbatore,V041,DRV084
ORD03437,2026-09-07T00:09:00+00:00,in_transit,Mangaluru,V074,DRV058
ORD03438,2026-08-22T00:50:00+00:00,picked_up,Coimbatore,V051,DRV008
ORD03439,2026-08-18T05:37:00+00:00,delivered,Tumakuru,V074,DRV048
ORD03440,2026-09-20T14:01:00+00:00,delivered,Chennai,V069,DRV091
ORD03441,2026-08-24T18:53:00+00:00,delivered,Coimbatore,V077,DRV020
ORD03442,2026-08-08T02:29:00+00:00,delivered,Tumakuru,V085,DRV069
ORD03443,2026-08-01T19:47:00+00:00,delivered,Hosur,V006,DRV093
ORD03444,2026-09-14T00:55:00+00:00,in_transit,Mysuru,V004,DRV080
ORD03445,2026-08-12T22:54:00+00:00,delivered,Hosur,V072,DRV020
ORD03446,2026-08-21T20:46:00+00:00,delayed,Chennai,V073,DRV058
ORD03447,2026-09-13T12:26:00+00:00,in_transit,Bengaluru,V065,DRV021
ORD03448,2026-09-04T02:01:00+00:00,picked_up,Pune,V016,DRV010
ORD03449,2026-08-08T18:10:00+00:00,delivered,Mangaluru,V022,DRV003
ORD03450,2026-08-11T06:56:00+00:00,cancelled,Coimbatore,V040,DRV118
ORD03451,2026-08-22T21:51:00+00:00,in_transit,Hubballi,V021,DRV050
ORD03452,2026-09-17T04:34:00+00:00,picked_up,Pune,V031,DRV089
ORD03453,2026-09-12T22:46:00+00:00,delayed,Hosur,V031,DRV098
ORD03454,2026-08-24T14:16:00+00:00,delivered,Mangaluru,V082,DRV040
ORD03455,2026-09-12T06:35:00+00:00,delivered,Mysuru,V022,DRV078
ORD03456,2026-08-31T22:09:00+00:00,picked_up,Bengaluru,V097,DRV092
ORD03457,2026-08-15T11:10:00+00:00,in_transit,Mysuru,V074,DRV007
ORD03458,2026-08-28T06:05:00+00:00,delivered,Pune,V061,DRV075
ORD03459,2026-08-05T16:13:00+00:00,in_transit,Mysuru,V002,DRV077
ORD03460,2026-08-21T21:46:00+00:00,delivered,Mangaluru,V017,DRV037
ORD03461,2026-08-12T14:51:00+00:00,delivered,Coimbatore,V077,DRV020
ORD03462,2026-08-22T01:39:00+00:00,delivered,Coimbatore,V098,DRV011
ORD03463,2026-08-14T13:53:00+00:00,delivered,Hosur,V014,DRV091
ORD03464,2026-09-06T04:59:00+00:00,delivered,Coimbatore,V009,DRV034
ORD03465,2026-08-02T05:14:00+00:00,picked_up,Hosur,V082,DRV009
ORD03466,2026-08-21T10:48:00+00:00,delivered,Mangaluru,V043,DRV079
ORD03467,2026-08-16T02:56:00+00:00,delivered,Hubballi,V069,DRV082
ORD03468,2026-09-07T22:52:00+00:00,picked_up,Coimbatore,V062,DRV101
ORD03469,2026-09-24T06:58:00+00:00,delivered,Hosur,V022,DRV022
ORD03470,2026-08-22T17:38:00+00:00,delivered,Hubballi,V002,DRV006
ORD03471,2026-08-02T13:36:00+00:00,in_transit,Coimbatore,V091,DRV082
ORD03472,2026-09-07T04:22:00+00:00,delivered,Hosur,V083,DRV040
ORD03473,2026-09-14T14:32:00+00:00,delivered,Chennai,V095,DRV091
ORD03474,2026-08-27T02:08:00+00:00,delivered,Coimbatore,V032,DRV016
ORD03475,2026-08-06T19:15:00+00:00,delayed,Mysuru,V057,DRV047
ORD03476,2026-08-28T22:39:00+00:00,cancelled,Bengaluru,V088,DRV074
ORD03477,2026-08-20T08:57:00+00:00,delayed,Mysuru,V086,DRV076
ORD03478,2026-09-12T18:34:00+00:00,in_transit,Coimbatore,V029,DRV043
ORD03479,2026-08-10T02:05:00+00:00,picked_up,Coimbatore,V032,DRV003
ORD03480,2026-08-23T17:15:00+00:00,in_transit,Mangaluru,V087,DRV027
ORD03481,2026-08-29T08:10:00+00:00,delivered,Mysuru,V023,DRV020
ORD03482,2026-09-21T22:06:00+00:00,delivered,Pune,V025,DRV092
ORD03483,2026-08-21T23:30:00+00:00,delivered,Chennai,V042,DRV118
ORD03484,2026-08-23T16:01:00+00:00,picked_up,Mangaluru,V042,DRV013
ORD03485,2026-09-02T16:30:00+00:00,delivered,Hubballi,V064,DRV007
ORD03486,2026-08-26T00:53:00+00:00,delivered,Coimbatore,V083,DRV105
ORD03487,2026-08-07T12:37:00+00:00,delivered,Hubballi,V080,DRV021
ORD03488,2026-08-30T10:00:00+00:00,delivered,Mangaluru,V005,DRV063
ORD03489,2026-08-23T20:16:00+00:00,picked_up,Coimbatore,V094,DRV114
ORD03490,2026-08-29T06:36:00+00:00,in_transit,Coimbatore,V033,DRV120
ORD03491,2026-09-15T09:50:00+00:00,picked_up,Hosur,V041,DRV046
ORD03492,2026-08-22T03:36:00+00:00,delivered,Hosur,V066,DRV081
ORD03493,2026-08-02T15:05:00+00:00,picked_up,Hosur,V056,DRV016
ORD03494,2026-09-03T06:06:00+00:00,picked_up,Pune,V092,DRV056
ORD03495,2026-08-01T03:19:00+00:00,delivered,Chennai,V010,DRV041
ORD03496,2026-08-29T20:41:00+00:00,in_transit,Coimbatore,V085,DRV050
ORD03497,2026-09-24T09:08:00+00:00,delivered,Coimbatore,V010,DRV040
ORD03498,2026-09-16T00:17:00+00:00,delivered,Mysuru,V098,DRV076
ORD03499,2026-08-26T23:43:00+00:00,delayed,Pune,V054,DRV094
ORD03500,2026-08-14T17:58:00+00:00,delivered,Coimbatore,V066,DRV068
ORD03501,2026-08-19T22:52:00+00:00,delivered,Coimbatore,V051,DRV085
ORD03502,2026-09-17T15:36:00+00:00,delivered,Mangaluru,V066,DRV061
ORD03503,2026-09-02T09:35:00+00:00,picked_up,Pune,V077,DRV006
ORD03504,2026-09-04T21:38:00+00:00,delivered,Hyderabad,V052,DRV098
ORD03505,2026-08-17T02:21:00+00:00,delivered,Mangaluru,V002,DRV062
ORD03506,2026-09-20T11:49:00+00:00,delivered,Hyderabad,V086,DRV111
ORD03507,2026-09-11T21:28:00+00:00,delivered,Coimbatore,V054,DRV037
ORD03508,2026-08-03T19:38:00+00:00,cancelled,Coimbatore,V029,DRV007
ORD03509,2026-09-23T07:01:00+00:00,in_transit,Coimbatore,V073,DRV048
ORD03510,2026-09-20T02:07:00+00:00,delivered,Hyderabad,V060,DRV115
ORD03511,2026-08-25T03:39:00+00:00,in_transit,Mangaluru,V056,DRV049
ORD03512,2026-08-07T06:25:00+00:00,picked_up,Coimbatore,V044,DRV098
ORD03513,2026-08-28T20:33:00+00:00,delivered,Mysuru,V006,DRV045
ORD03514,2026-08-28T21:02:00+00:00,delivered,Coimbatore,V097,DRV012
ORD03515,2026-08-20T04:58:00+00:00,in_transit,Mangaluru,V019,DRV003
ORD03516,2026-09-01T16:24:00+00:00,delivered,Pune,V098,DRV102
ORD03517,2026-09-14T00:44:00+00:00,delayed,Mangaluru,V003,DRV087
ORD03518,2026-09-20T18:29:00+00:00,delivered,Hosur,V076,DRV101
ORD03519,2026-08-26T20:08:00+00:00,delivered,Coimbatore,V087,DRV020
ORD03520,2026-08-06T08:50:00+00:00,delivered,Hubballi,V048,DRV105
ORD03521,2026-08-06T12:16:00+00:00,cancelled,Mysuru,V038,DRV076
ORD03522,2026-09-23T14:10:00+00:00,picked_up,Coimbatore,V027,DRV073
ORD03523,2026-08-22T14:40:00+00:00,delivered,Hosur,V062,DRV018
ORD03524,2026-08-20T13:32:00+00:00,delivered,Coimbatore,V099,DRV037
ORD03525,2026-08-03T22:54:00+00:00,in_transit,Mysuru,V038,DRV029
ORD03526,2026-08-21T17:49:00+00:00,cancelled,Hubballi,V063,DRV089
ORD03527,2026-09-21T16:56:00+00:00,cancelled,Coimbatore,V053,DRV041
ORD03528,2026-09-16T19:13:00+00:00,in_transit,Chennai,V089,DRV025
ORD03529,2026-09-04T14:34:00+00:00,delivered,Mysuru,V044,DRV020
ORD03530,2026-08-06T03:52:00+00:00,delivered,Bengaluru,V017,DRV032
ORD03531,2026-08-04T14:59:00+00:00,delivered,Hyderabad,V096,DRV060
ORD03532,2026-08-08T05:22:00+00:00,in_transit,Hubballi,V067,DRV073
ORD03533,2026-08-16T03:33:00+00:00,delayed,Chennai,V065,DRV113
ORD03534,2026-09-06T17:33:00+00:00,delivered,Chennai,V091,DRV070
ORD03535,2026-08-12T19:22:00+00:00,delivered,Coimbatore,V071,DRV038
ORD03536,2026-08-04T02:31:00+00:00,in_transit,Mangaluru,V049,DRV103
ORD03537,2026-08-13T21:55:00+00:00,delivered,Mangaluru,V079,DRV042
ORD03538,2026-08-15T05:42:00+00:00,delivered,Coimbatore,V021,DRV103
ORD03539,2026-09-19T17:07:00+00:00,picked_up,Pune,V025,DRV093
ORD03540,2026-09-12T02:34:00+00:00,delivered,Chennai,V047,DRV006
ORD03541,2026-08-03T23:31:00+00:00,in_transit,Pune,V049,DRV087
ORD03542,2026-08-23T15:28:00+00:00,in_transit,Pune,V053,DRV001
ORD03543,2026-09-11T09:24:00+00:00,picked_up,Hubballi,V012,DRV112
ORD03544,2026-08-12T12:24:00+00:00,delayed,Coimbatore,V049,DRV085
ORD03545,2026-09-07T06:47:00+00:00,in_transit,Tumakuru,V086,DRV100
ORD03546,2026-08-21T06:18:00+00:00,delivered,Mysuru,V036,DRV012
ORD03547,2026-08-11T02:35:00+00:00,picked_up,Chennai,V072,DRV082
ORD03548,2026-08-08T23:49:00+00:00,in_transit,Mangaluru,V030,DRV021
ORD03549,2026-08-01T08:43:00+00:00,delivered,Hyderabad,V058,DRV005
ORD03550,2026-09-22T03:52:00+00:00,delayed,Hyderabad,V007,DRV104
ORD03551,2026-09-15T20:45:00+00:00,delivered,Mangaluru,V028,DRV009
ORD03552,2026-09-02T06:02:00+00:00,delayed,Hubballi,V050,DRV035
ORD03553,2026-09-11T20:06:00+00:00,delivered,Chennai,V061,DRV077
ORD03554,2026-08-03T12:02:00+00:00,delivered,Mangaluru,V058,DRV034
ORD03555,2026-08-22T03:17:00+00:00,delivered,Mysuru,V014,DRV091
ORD03556,2026-08-09T02:42:00+00:00,delivered,Hyderabad,V081,DRV052
ORD03557,2026-08-02T15:16:00+00:00,delivered,Hosur,V055,DRV098
ORD03558,2026-09-20T16:48:00+00:00,delivered,Mysuru,V063,DRV119
ORD03559,2026-08-08T12:15:00+00:00,delivered,Tumakuru,V069,DRV078
ORD03560,2026-08-09T17:29:00+00:00,delivered,Chennai,V029,DRV051
ORD03561,2026-08-06T19:38:00+00:00,delivered,Pune,V038,DRV067
ORD03562,2026-09-21T07:07:00+00:00,delivered,Coimbatore,V082,DRV082
ORD03563,2026-09-17T02:07:00+00:00,delivered,Mysuru,V002,DRV115
ORD03564,2026-08-05T21:55:00+00:00,picked_up,Mysuru,V059,DRV103
ORD03565,2026-09-14T09:18:00+00:00,picked_up,Mangaluru,V098,DRV111
ORD03566,2026-08-29T09:54:00+00:00,in_transit,Hosur,V026,DRV105
ORD03567,2026-08-11T02:28:00+00:00,picked_up,Chennai,V010,DRV057
ORD03568,2026-08-26T10:08:00+00:00,in_transit,Tumakuru,V022,DRV119
ORD03569,2026-08-09T00:18:00+00:00,picked_up,Mangaluru,V046,DRV043
ORD03570,2026-08-21T22:51:00+00:00,delivered,Coimbatore,V086,DRV085
ORD03571,2026-09-07T06:36:00+00:00,cancelled,Coimbatore,V044,DRV048
ORD03572,2026-09-13T20:04:00+00:00,delayed,Chennai,V004,DRV105
ORD03573,2026-08-01T06:21:00+00:00,picked_up,Hosur,V097,DRV008
ORD03574,2026-09-01T22:01:00+00:00,delivered,Bengaluru,V050,DRV092
ORD03575,2026-08-22T14:06:00+00:00,delivered,Hosur,V059,DRV028
ORD03576,2026-08-26T01:34:00+00:00,delivered,Chennai,V092,DRV093
ORD03577,2026-09-18T01:35:00+00:00,delivered,Hubballi,V043,DRV085
ORD03578,2026-09-20T11:36:00+00:00,delivered,Hosur,V012,DRV034
ORD03579,2026-08-19T10:38:00+00:00,delayed,Hosur,V098,DRV062
ORD03580,2026-09-09T06:33:00+00:00,delivered,Tumakuru,V047,DRV072
ORD03581,2026-09-12T03:50:00+00:00,in_transit,Mysuru,V016,DRV113
ORD03582,2026-08-03T08:04:00+00:00,delivered,Mangaluru,V076,DRV072
ORD03583,2026-08-28T12:44:00+00:00,delivered,Coimbatore,V076,DRV069
ORD03584,2026-08-28T03:01:00+00:00,in_transit,Chennai,V081,DRV083
ORD03585,2026-08-22T01:18:00+00:00,in_transit,Hyderabad,V031,DRV033
ORD03586,2026-09-06T02:13:00+00:00,delivered,Tumakuru,V096,DRV075
ORD03587,2026-08-06T00:24:00+00:00,delivered,Mangaluru,V080,DRV119
ORD03588,2026-08-05T11:46:00+00:00,in_transit,Hyderabad,V015,DRV086
ORD03589,2026-08-07T19:42:00+00:00,delivered,Mysuru,V075,DRV059
ORD03590,2026-09-16T20:10:00+00:00,delivered,Mysuru,V012,DRV110
ORD03591,2026-09-16T20:28:00+00:00,delivered,Mangaluru,V098,DRV025
ORD03592,2026-09-22T08:03:00+00:00,in_transit,Mangaluru,V098,DRV088
ORD03593,2026-08-19T03:34:00+00:00,in_transit,Mangaluru,V028,DRV010
ORD03594,2026-09-18T09:47:00+00:00,delivered,Hubballi,V087,DRV114
ORD03595,2026-09-03T01:57:00+00:00,cancelled,Chennai,V093,DRV054
ORD03596,2026-09-18T07:29:00+00:00,delivered,Hyderabad,V018,DRV003
ORD03597,2026-09-06T10:24:00+00:00,picked_up,Pune,V016,DRV062
ORD03598,2026-08-03T20:59:00+00:00,delivered,Coimbatore,V053,DRV034
ORD03599,2026-09-08T17:07:00+00:00,delivered,Chennai,V041,DRV117
ORD03600,2026-09-09T18:28:00+00:00,delivered,Hubballi,V032,DRV019
ORD03601,2026-08-17T14:16:00+00:00,cancelled,Mangaluru,V018,DRV101
ORD03602,2026-09-11T12:30:00+00:00,picked_up,Bengaluru,V023,DRV049
ORD03603,2026-08-24T17:58:00+00:00,in_transit,Coimbatore,V080,DRV073
ORD03604,2026-08-17T23:03:00+00:00,picked_up,Mysuru,V054,DRV098
ORD03605,2026-08-26T12:52:00+00:00,delayed,Chennai,V032,DRV103
ORD03606,2026-08-11T16:14:00+00:00,delivered,Bengaluru,V029,DRV029
ORD03607,2026-09-17T10:33:00+00:00,delivered,Mysuru,V072,DRV064
ORD03608,2026-09-01T17:21:00+00:00,in_transit,Mysuru,V085,DRV101
ORD03609,2026-09-18T12:27:00+00:00,delivered,Mangaluru,V079,DRV007
ORD03610,2026-08-15T00:14:00+00:00,delivered,Hyderabad,V094,DRV035
ORD03611,2026-08-11T16:04:00+00:00,delivered,Mangaluru,V093,DRV051
ORD03612,2026-08-18T09:26:00+00:00,delivered,Mysuru,V039,DRV010
ORD03613,2026-08-30T06:13:00+00:00,delivered,Mysuru,V080,DRV076
ORD03614,2026-09-11T15:16:00+00:00,cancelled,Mangaluru,V074,DRV026
ORD03615,2026-08-29T22:09:00+00:00,delayed,Coimbatore,V009,DRV073
ORD03616,2026-08-08T22:38:00+00:00,delivered,Mangaluru,V062,DRV087
ORD03617,2026-08-21T03:02:00+00:00,delayed,Chennai,V055,DRV019
ORD03618,2026-09-09T07:25:00+00:00,delivered,Hubballi,V021,DRV047
ORD03619,2026-08-20T02:05:00+00:00,delivered,Coimbatore,V002,DRV070
ORD03620,2026-08-04T03:44:00+00:00,delayed,Hosur,V066,DRV090
ORD03621,2026-09-20T20:59:00+00:00,delivered,Mysuru,V060,DRV029
ORD03622,2026-09-17T15:38:00+00:00,delivered,Hyderabad,V011,DRV022
ORD03623,2026-08-27T12:18:00+00:00,delivered,Pune,V020,DRV024
ORD03624,2026-08-07T00:53:00+00:00,in_transit,Hyderabad,V003,DRV071
ORD03625,2026-08-24T07:04:00+00:00,picked_up,Hyderabad,V009,DRV056
ORD03626,2026-08-20T04:38:00+00:00,in_transit,Hosur,V042,DRV009
ORD03627,2026-08-09T08:12:00+00:00,in_transit,Hosur,V003,DRV003
ORD03628,2026-08-11T12:15:00+00:00,in_transit,Coimbatore,V089,DRV069
ORD03629,2026-08-16T18:09:00+00:00,delivered,Mysuru,V007,DRV002
ORD03630,2026-08-13T06:28:00+00:00,delivered,Hosur,V042,DRV005
ORD03631,2026-08-25T20:43:00+00:00,in_transit,Coimbatore,V082,DRV036
ORD03632,2026-09-22T11:42:00+00:00,delivered,Coimbatore,V056,DRV099
ORD03633,2026-08-11T08:17:00+00:00,picked_up,Mysuru,V091,DRV051
ORD03634,2026-09-05T04:36:00+00:00,picked_up,Mysuru,V061,DRV094
ORD03635,2026-08-01T03:37:00+00:00,delivered,Coimbatore,V036,DRV117
ORD03636,2026-08-10T02:08:00+00:00,delivered,Hosur,V034,DRV075
ORD03637,2026-08-27T05:00:00+00:00,delivered,Tumakuru,V095,DRV043
ORD03638,2026-08-09T17:16:00+00:00,delivered,Hosur,V039,DRV019
ORD03639,2026-08-01T08:13:00+00:00,in_transit,Chennai,V038,DRV013
ORD03640,2026-08-02T16:50:00+00:00,in_transit,Mysuru,V053,DRV079
ORD03641,2026-08-12T04:33:00+00:00,delivered,Coimbatore,V021,DRV091
ORD03642,2026-08-15T23:55:00+00:00,delivered,Hosur,V071,DRV120
ORD03643,2026-08-18T17:09:00+00:00,cancelled,Pune,V083,DRV057
ORD03644,2026-08-06T06:54:00+00:00,cancelled,Mangaluru,V092,DRV040
ORD03645,2026-08-19T02:53:00+00:00,in_transit,Mangaluru,V006,DRV099
ORD03646,2026-08-15T15:58:00+00:00,picked_up,Hosur,V041,DRV065
ORD03647,2026-09-19T11:53:00+00:00,in_transit,Hosur,V023,DRV052
ORD03648,2026-08-26T07:06:00+00:00,delivered,Mangaluru,V003,DRV031
ORD03649,2026-09-16T09:36:00+00:00,delivered,Pune,V098,DRV076
ORD03650,2026-08-07T08:46:00+00:00,delayed,Hosur,V040,DRV106
ORD03651,2026-09-03T17:16:00+00:00,cancelled,Coimbatore,V043,DRV089
ORD03652,2026-08-05T05:47:00+00:00,delivered,Coimbatore,V046,DRV073
ORD03653,2026-09-15T08:44:00+00:00,in_transit,Mangaluru,V012,DRV014
ORD03654,2026-08-21T12:04:00+00:00,delivered,Pune,V040,DRV098
ORD03655,2026-09-10T09:32:00+00:00,picked_up,Mysuru,V042,DRV099
ORD03656,2026-09-20T01:02:00+00:00,in_transit,Hyderabad,V046,DRV068
ORD03657,2026-09-01T19:38:00+00:00,in_transit,Chennai,V022,DRV024
ORD03658,2026-09-17T14:17:00+00:00,in_transit,Mangaluru,V049,DRV008
ORD03659,2026-09-09T09:27:00+00:00,in_transit,Hosur,V010,DRV017
ORD03660,2026-08-26T18:32:00+00:00,delivered,Hosur,V014,DRV095
ORD03661,2026-09-13T20:29:00+00:00,in_transit,Mysuru,V077,DRV017
ORD03662,2026-09-06T01:31:00+00:00,picked_up,Hosur,V029,DRV028
ORD03663,2026-09-02T07:19:00+00:00,picked_up,Chennai,V019,DRV066
ORD03664,2026-09-19T20:40:00+00:00,delayed,Chennai,V034,DRV100
ORD03665,2026-08-05T18:05:00+00:00,delayed,Hosur,V073,DRV002
ORD03666,2026-09-23T14:09:00+00:00,delivered,Hosur,V075,DRV079
ORD03667,2026-08-24T04:06:00+00:00,picked_up,Hubballi,V040,DRV036
ORD03668,2026-09-23T01:59:00+00:00,picked_up,Bengaluru,V022,DRV096
ORD03669,2026-08-27T03:20:00+00:00,in_transit,Mangaluru,V039,DRV099
ORD03670,2026-09-05T19:25:00+00:00,delivered,Chennai,V094,DRV034
ORD03671,2026-08-20T05:29:00+00:00,picked_up,Coimbatore,V067,DRV043
ORD03672,2026-09-22T06:51:00+00:00,cancelled,Mysuru,V047,DRV065
ORD03673,2026-09-15T08:59:00+00:00,delivered,Coimbatore,V086,DRV103
ORD03674,2026-09-17T23:43:00+00:00,delivered,Mangaluru,V028,DRV040
ORD03675,2026-09-10T11:04:00+00:00,in_transit,Coimbatore,V013,DRV104
ORD03676,2026-08-18T18:56:00+00:00,delivered,Hyderabad,V004,DRV083
ORD03677,2026-08-21T00:38:00+00:00,delivered,Pune,V021,DRV020
ORD03678,2026-08-26T18:36:00+00:00,delivered,Mangaluru,V025,DRV053
ORD03679,2026-08-31T08:34:00+00:00,in_transit,Pune,V006,DRV094
ORD03680,2026-09-05T20:46:00+00:00,delivered,Coimbatore,V021,DRV059
ORD03681,2026-08-26T23:57:00+00:00,in_transit,Pune,V020,DRV034
ORD03682,2026-08-12T19:28:00+00:00,delivered,Coimbatore,V062,DRV063
ORD03683,2026-08-31T03:47:00+00:00,picked_up,Mangaluru,V075,DRV032
ORD03684,2026-09-11T02:56:00+00:00,cancelled,Hubballi,V006,DRV117
ORD03685,2026-08-11T10:37:00+00:00,delivered,Chennai,V010,DRV025
ORD03686,2026-09-21T08:53:00+00:00,delivered,Hubballi,V061,DRV103
ORD03687,2026-09-20T08:06:00+00:00,in_transit,Chennai,V085,DRV077
ORD03688,2026-09-08T03:48:00+00:00,delivered,Chennai,V057,DRV095
ORD03689,2026-08-14T17:51:00+00:00,picked_up,Mangaluru,V070,DRV084
ORD03690,2026-08-27T23:04:00+00:00,delivered,Hosur,V072,DRV089
ORD03691,2026-09-03T19:48:00+00:00,delivered,Mysuru,V044,DRV075
ORD03692,2026-08-20T12:08:00+00:00,delayed,Chennai,V055,DRV001
ORD03693,2026-08-29T12:32:00+00:00,picked_up,Pune,V028,DRV030
ORD03694,2026-09-22T12:04:00+00:00,delayed,Coimbatore,V008,DRV034
ORD03695,2026-08-17T10:41:00+00:00,in_transit,Chennai,V032,DRV052
ORD03696,2026-09-08T16:02:00+00:00,picked_up,Mysuru,V073,DRV003
ORD03697,2026-09-21T09:48:00+00:00,delivered,Coimbatore,V044,DRV087
ORD03698,2026-08-04T10:21:00+00:00,delivered,Hosur,V060,DRV004
ORD03699,2026-08-04T15:26:00+00:00,delivered,Pune,V075,DRV109
ORD03700,2026-08-04T04:01:00+00:00,delivered,Mangaluru,V077,DRV061
ORD03701,2026-08-07T22:45:00+00:00,in_transit,Coimbatore,V025,DRV088
ORD03702,2026-09-24T07:51:00+00:00,delivered,Hyderabad,V049,DRV101
ORD03703,2026-08-31T20:27:00+00:00,delivered,Hyderabad,V062,DRV011
ORD03704,2026-08-06T07:28:00+00:00,picked_up,Mysuru,V017,DRV114
ORD03705,2026-09-10T13:43:00+00:00,delayed,Hubballi,V024,DRV059
ORD03706,2026-09-21T00:20:00+00:00,delivered,Mysuru,V095,DRV070
ORD03707,2026-08-14T06:23:00+00:00,delivered,Pune,V025,DRV020
ORD03708,2026-09-08T12:24:00+00:00,cancelled,Mangaluru,V071,DRV007
ORD03709,2026-09-03T10:38:00+00:00,delivered,Coimbatore,V042,DRV018
ORD03710,2026-09-21T19:06:00+00:00,delivered,Chennai,V089,DRV106
ORD03711,2026-08-15T07:23:00+00:00,in_transit,Mangaluru,V033,DRV118
ORD03712,2026-08-20T23:43:00+00:00,delivered,Hubballi,V060,DRV089
ORD03713,2026-09-18T23:32:00+00:00,delivered,Pune,V057,DRV001
ORD03714,2026-09-13T14:28:00+00:00,delivered,Mysuru,V100,DRV112
ORD03715,2026-09-16T20:23:00+00:00,delivered,Mysuru,V059,DRV118
ORD03716,2026-09-17T17:03:00+00:00,delivered,Bengaluru,V077,DRV018
ORD03717,2026-09-04T11:00:00+00:00,delivered,Hyderabad,V057,DRV004
ORD03718,2026-08-07T22:32:00+00:00,in_transit,Hosur,V055,DRV005
ORD03719,2026-09-17T00:38:00+00:00,delivered,Tumakuru,V026,DRV010
ORD03720,2026-09-22T18:16:00+00:00,picked_up,Hyderabad,V082,DRV009
ORD03721,2026-08-18T14:07:00+00:00,picked_up,Pune,V023,DRV098
ORD03722,2026-08-22T20:08:00+00:00,cancelled,Hubballi,V087,DRV088
ORD03723,2026-08-08T22:11:00+00:00,in_transit,Pune,V011,DRV079
ORD03724,2026-09-17T17:41:00+00:00,delivered,Pune,V090,DRV016
ORD03725,2026-09-14T09:52:00+00:00,picked_up,Bengaluru,V014,DRV047
ORD03726,2026-08-10T12:45:00+00:00,delayed,Hubballi,V008,DRV061
ORD03727,2026-08-21T16:47:00+00:00,delivered,Coimbatore,V071,DRV075
ORD03728,2026-09-11T06:39:00+00:00,in_transit,Mangaluru,V083,DRV117
ORD03729,2026-08-30T20:15:00+00:00,cancelled,Coimbatore,V012,DRV005
ORD03730,2026-08-05T17:14:00+00:00,picked_up,Hyderabad,V064,DRV072
ORD03731,2026-09-03T22:51:00+00:00,delivered,Chennai,V045,DRV086
ORD03732,2026-08-17T03:05:00+00:00,delivered,Mangaluru,V002,DRV087
ORD03733,2026-09-25T02:48:00+00:00,delivered,Mysuru,V083,DRV059
ORD03734,2026-08-30T07:37:00+00:00,in_transit,Mysuru,V096,DRV058
ORD03735,2026-08-14T19:25:00+00:00,delivered,Hubballi,V087,DRV088
ORD03736,2026-08-08T16:57:00+00:00,delivered,Hyderabad,V015,DRV045
ORD03737,2026-09-03T12:30:00+00:00,delivered,Mysuru,V025,DRV031
ORD03738,2026-09-06T03:29:00+00:00,delayed,Mysuru,V099,DRV101
ORD03739,2026-08-11T14:56:00+00:00,delayed,Pune,V049,DRV099
ORD03740,2026-08-09T04:32:00+00:00,picked_up,Hosur,V059,DRV039
ORD03741,2026-08-28T06:15:00+00:00,in_transit,Chennai,V051,DRV067
ORD03742,2026-09-23T17:37:00+00:00,in_transit,Mangaluru,V066,DRV008
ORD03743,2026-08-16T15:52:00+00:00,delivered,Bengaluru,V006,DRV087
ORD03744,2026-08-31T04:32:00+00:00,delivered,Hubballi,V080,DRV074
ORD03745,2026-08-24T17:55:00+00:00,delivered,Coimbatore,V032,DRV041
ORD03746,2026-08-09T21:12:00+00:00,picked_up,Chennai,V012,DRV089
ORD03747,2026-08-24T00:10:00+00:00,delivered,Pune,V055,DRV115
ORD03748,2026-08-16T03:50:00+00:00,delivered,Coimbatore,V046,DRV106
ORD03749,2026-08-20T06:50:00+00:00,delivered,Chennai,V085,DRV059
ORD03750,2026-08-04T16:46:00+00:00,picked_up,Chennai,V019,DRV085
ORD03751,2026-09-15T04:56:00+00:00,in_transit,Hubballi,V018,DRV002
ORD03752,2026-08-16T03:43:00+00:00,picked_up,Tumakuru,V067,DRV112
ORD03753,2026-08-07T00:27:00+00:00,picked_up,Mysuru,V037,DRV061
ORD03754,2026-09-05T05:44:00+00:00,delivered,Hubballi,V023,DRV075
ORD03755,2026-09-19T22:54:00+00:00,picked_up,Mangaluru,V088,DRV061
ORD03756,2026-08-08T06:10:00+00:00,delivered,Hosur,V064,DRV044
ORD03757,2026-08-14T08:18:00+00:00,in_transit,Hubballi,V024,DRV055
ORD03758,2026-09-17T08:56:00+00:00,in_transit,Chennai,V059,DRV076
ORD03759,2026-08-27T17:24:00+00:00,delivered,Hosur,V066,DRV034
ORD03760,2026-08-26T10:22:00+00:00,delivered,Chennai,V079,DRV119
ORD03761,2026-08-31T03:09:00+00:00,cancelled,Hyderabad,V056,DRV024
ORD03762,2026-09-22T23:24:00+00:00,delivered,Mysuru,V049,DRV115
ORD03763,2026-08-26T14:31:00+00:00,picked_up,Chennai,V068,DRV037
ORD03764,2026-09-08T10:38:00+00:00,delayed,Hosur,V086,DRV045
ORD03765,2026-09-07T07:36:00+00:00,in_transit,Hubballi,V052,DRV018
ORD03766,2026-08-03T16:40:00+00:00,in_transit,Hubballi,V043,DRV079
ORD03767,2026-08-10T12:52:00+00:00,delivered,Mangaluru,V017,DRV091
ORD03768,2026-08-23T04:57:00+00:00,delivered,Coimbatore,V028,DRV108
ORD03769,2026-08-07T06:07:00+00:00,delivered,Tumakuru,V082,DRV084
ORD03770,2026-09-02T06:56:00+00:00,delivered,Hosur,V009,DRV103
ORD03771,2026-08-20T07:11:00+00:00,delivered,Hyderabad,V002,DRV063
ORD03772,2026-09-19T03:43:00+00:00,delayed,Tumakuru,V007,DRV116
ORD03773,2026-08-28T08:17:00+00:00,delivered,Mysuru,V066,DRV043
ORD03774,2026-09-02T09:19:00+00:00,delivered,Mangaluru,V091,DRV107
ORD03775,2026-08-16T04:12:00+00:00,in_transit,Mysuru,V071,DRV088
ORD03776,2026-08-08T02:05:00+00:00,picked_up,Coimbatore,V085,DRV067
ORD03777,2026-08-05T00:00:00+00:00,picked_up,Coimbatore,V041,DRV107
ORD03778,2026-09-18T01:52:00+00:00,delayed,Mysuru,V023,DRV069
ORD03779,2026-09-10T21:52:00+00:00,picked_up,Hyderabad,V043,DRV020
ORD03780,2026-08-16T07:47:00+00:00,picked_up,Coimbatore,V070,DRV072
ORD03781,2026-08-15T16:52:00+00:00,picked_up,Coimbatore,V027,DRV112
ORD03782,2026-08-27T17:30:00+00:00,delivered,Hosur,V057,DRV119
ORD03783,2026-09-19T08:38:00+00:00,delayed,Mysuru,V100,DRV044
ORD03784,2026-09-12T03:18:00+00:00,delayed,Pune,V004,DRV093
ORD03785,2026-09-14T00:23:00+00:00,delivered,Chennai,V029,DRV107
ORD03786,2026-09-07T06:12:00+00:00,delivered,Hyderabad,V069,DRV030
ORD03787,2026-09-03T14:29:00+00:00,delivered,Hubballi,V044,DRV115
ORD03788,2026-09-11T07:54:00+00:00,delivered,Mangaluru,V092,DRV099
ORD03789,2026-08-20T11:24:00+00:00,delivered,Hosur,V046,DRV091
ORD03790,2026-08-12T15:53:00+00:00,delayed,Coimbatore,V029,DRV096
ORD03791,2026-09-10T19:42:00+00:00,picked_up,Hubballi,V003,DRV040
ORD03792,2026-08-31T08:29:00+00:00,delivered,Chennai,V038,DRV117
ORD03793,2026-09-11T21:15:00+00:00,in_transit,Hosur,V038,DRV014
ORD03794,2026-09-19T03:48:00+00:00,picked_up,Mangaluru,V009,DRV047
ORD03795,2026-09-06T12:28:00+00:00,picked_up,Hyderabad,V059,DRV030
ORD03796,2026-08-02T02:46:00+00:00,delivered,Mangaluru,V036,DRV066
ORD03797,2026-08-19T23:26:00+00:00,delivered,Mangaluru,V023,DRV080
ORD03798,2026-09-24T20:08:00+00:00,delivered,Tumakuru,V069,DRV060
ORD03799,2026-08-15T18:52:00+00:00,delivered,Mysuru,V079,DRV034
ORD03800,2026-08-26T01:55:00+00:00,delivered,Coimbatore,V053,DRV004
ORD03801,2026-08-08T23:13:00+00:00,delivered,Coimbatore,V092,DRV007
ORD03802,2026-08-03T16:18:00+00:00,in_transit,Coimbatore,V031,DRV093
ORD03803,2026-08-14T05:09:00+00:00,delivered,Mangaluru,V032,DRV046
ORD03804,2026-08-07T23:32:00+00:00,delivered,Pune,V087,DRV003
ORD03805,2026-09-11T14:54:00+00:00,delivered,Coimbatore,V026,DRV042
ORD03806,2026-09-11T01:45:00+00:00,delivered,Mangaluru,V066,DRV099
ORD03807,2026-09-03T12:25:00+00:00,in_transit,Mangaluru,V085,DRV080
ORD03808,2026-09-02T07:35:00+00:00,cancelled,Mangaluru,V044,DRV073
ORD03809,2026-09-01T09:33:00+00:00,delivered,Mysuru,V084,DRV031
ORD03810,2026-09-10T13:05:00+00:00,delivered,Pune,V066,DRV047
ORD03811,2026-09-01T11:09:00+00:00,picked_up,Coimbatore,V089,DRV041
ORD03812,2026-09-11T06:50:00+00:00,picked_up,Coimbatore,V100,DRV068
ORD03813,2026-08-29T15:22:00+00:00,delivered,Coimbatore,V009,DRV079
ORD03814,2026-09-14T19:36:00+00:00,delivered,Coimbatore,V038,DRV041
ORD03815,2026-08-13T10:04:00+00:00,delivered,Mysuru,V050,DRV098
ORD03816,2026-09-16T18:21:00+00:00,delayed,Mysuru,V071,DRV019
ORD03817,2026-08-23T03:21:00+00:00,delivered,Hubballi,V012,DRV101
ORD03818,2026-08-16T23:27:00+00:00,in_transit,Chennai,V099,DRV056
ORD03819,2026-09-22T13:26:00+00:00,delivered,Pune,V023,DRV103
ORD03820,2026-09-02T04:57:00+00:00,delivered,Mangaluru,V041,DRV075
ORD03821,2026-09-13T14:49:00+00:00,in_transit,Hyderabad,V033,DRV012
ORD03822,2026-08-28T14:05:00+00:00,delivered,Mangaluru,V012,DRV071
ORD03823,2026-08-28T17:24:00+00:00,delayed,Coimbatore,V094,DRV030
ORD03824,2026-08-19T13:49:00+00:00,delivered,Mysuru,V099,DRV088
ORD03825,2026-09-19T20:03:00+00:00,delivered,Mysuru,V024,DRV064
ORD03826,2026-08-11T19:06:00+00:00,delivered,Bengaluru,V099,DRV022
ORD03827,2026-08-21T10:35:00+00:00,delivered,Pune,V038,DRV076
ORD03828,2026-09-18T01:33:00+00:00,cancelled,Mysuru,V007,DRV072
ORD03829,2026-09-07T17:36:00+00:00,delivered,Mangaluru,V047,DRV021
ORD03830,2026-09-22T11:51:00+00:00,picked_up,Chennai,V005,DRV066
ORD03831,2026-08-30T09:11:00+00:00,delivered,Coimbatore,V072,DRV094
ORD03832,2026-08-22T08:58:00+00:00,delayed,Chennai,V081,DRV052
ORD03833,2026-09-14T07:28:00+00:00,delivered,Mysuru,V084,DRV028
ORD03834,2026-09-16T02:20:00+00:00,delayed,Bengaluru,V062,DRV038
ORD03835,2026-08-22T21:03:00+00:00,delayed,Bengaluru,V021,DRV003
ORD03836,2026-09-03T15:18:00+00:00,delivered,Hyderabad,V064,DRV010
ORD03837,2026-08-06T10:09:00+00:00,picked_up,Hubballi,V064,DRV059
ORD03838,2026-08-14T23:47:00+00:00,delivered,Hosur,V049,DRV097
ORD03839,2026-08-19T01:42:00+00:00,in_transit,Mysuru,V083,DRV065
ORD03840,2026-08-29T19:03:00+00:00,delayed,Coimbatore,V089,DRV097
ORD03841,2026-09-04T16:27:00+00:00,picked_up,Hosur,V027,DRV008
ORD03842,2026-08-02T09:34:00+00:00,delivered,Pune,V078,DRV036
ORD03843,2026-08-23T12:42:00+00:00,picked_up,Mysuru,V018,DRV099
ORD03844,2026-08-03T16:30:00+00:00,delivered,Coimbatore,V096,DRV088
ORD03845,2026-09-15T04:24:00+00:00,picked_up,Coimbatore,V009,DRV036
ORD03846,2026-08-17T18:06:00+00:00,delivered,Hosur,V028,DRV109
ORD03847,2026-09-14T22:04:00+00:00,delivered,Pune,V090,DRV070
ORD03848,2026-08-23T05:38:00+00:00,delivered,Mangaluru,V077,DRV094
ORD03849,2026-09-17T21:31:00+00:00,picked_up,Mysuru,V042,DRV117
ORD03850,2026-08-31T23:15:00+00:00,delayed,Pune,V046,DRV041
ORD03851,2026-09-22T12:51:00+00:00,cancelled,Bengaluru,V004,DRV028
ORD03852,2026-09-15T06:22:00+00:00,delivered,Mysuru,V027,DRV071
ORD03853,2026-08-18T15:04:00+00:00,delivered,Coimbatore,V031,DRV069
ORD03854,2026-09-07T14:11:00+00:00,delivered,Chennai,V047,DRV067
ORD03855,2026-09-17T05:39:00+00:00,delivered,Coimbatore,V062,DRV092
ORD03856,2026-09-14T18:02:00+00:00,delayed,Mangaluru,V017,DRV005
ORD03857,2026-08-31T11:00:00+00:00,delivered,Hosur,V022,DRV074
ORD03858,2026-08-12T03:24:00+00:00,delivered,Tumakuru,V066,DRV039
ORD03859,2026-08-24T03:48:00+00:00,delayed,Mangaluru,V048,DRV057
ORD03860,2026-09-04T13:48:00+00:00,picked_up,Hubballi,V010,DRV054
ORD03861,2026-08-28T23:26:00+00:00,delivered,Chennai,V004,DRV111
ORD03862,2026-09-17T03:19:00+00:00,in_transit,Coimbatore,V052,DRV096
ORD03863,2026-08-25T16:41:00+00:00,delivered,Mangaluru,V045,DRV117
ORD03864,2026-08-23T15:19:00+00:00,delivered,Chennai,V097,DRV033
ORD03865,2026-08-25T09:48:00+00:00,picked_up,Coimbatore,V026,DRV038
ORD03866,2026-09-21T14:09:00+00:00,delivered,Mangaluru,V053,DRV101
ORD03867,2026-08-01T16:47:00+00:00,picked_up,Mangaluru,V012,DRV077
ORD03868,2026-08-14T17:55:00+00:00,cancelled,Hosur,V067,DRV049
ORD03869,2026-08-10T03:53:00+00:00,in_transit,Mangaluru,V094,DRV099
ORD03870,2026-08-22T07:59:00+00:00,delivered,Pune,V085,DRV101
ORD03871,2026-08-03T04:23:00+00:00,cancelled,Hosur,V075,DRV025
ORD03872,2026-08-08T18:40:00+00:00,delivered,Hosur,V047,DRV005
ORD03873,2026-09-07T14:23:00+00:00,picked_up,Coimbatore,V034,DRV110
ORD03874,2026-08-23T22:51:00+00:00,in_transit,Pune,V025,DRV112
ORD03875,2026-09-08T11:24:00+00:00,delivered,Chennai,V063,DRV119
ORD03876,2026-08-31T15:09:00+00:00,picked_up,Hosur,V016,DRV040
ORD03877,2026-09-05T10:13:00+00:00,delivered,Hyderabad,V043,DRV038
ORD03878,2026-09-09T14:58:00+00:00,delivered,Pune,V044,DRV022
ORD03879,2026-09-07T20:26:00+00:00,cancelled,Bengaluru,V096,DRV114
ORD03880,2026-08-29T01:51:00+00:00,delivered,Mangaluru,V085,DRV101
ORD03881,2026-08-22T12:43:00+00:00,delivered,Coimbatore,V016,DRV105
ORD03882,2026-08-15T19:39:00+00:00,delivered,Mangaluru,V094,DRV066
ORD03883,2026-08-05T21:13:00+00:00,delivered,Mysuru,V002,DRV060
ORD03884,2026-08-26T22:29:00+00:00,in_transit,Mysuru,V044,DRV058
ORD03885,2026-08-25T16:11:00+00:00,picked_up,Mysuru,V100,DRV073
ORD03886,2026-08-16T22:50:00+00:00,in_transit,Hyderabad,V082,DRV109
ORD03887,2026-09-19T11:00:00+00:00,delivered,Chennai,V028,DRV062
ORD03888,2026-09-14T20:09:00+00:00,in_transit,Bengaluru,V072,DRV016
ORD03889,2026-08-30T16:33:00+00:00,delivered,Coimbatore,V082,DRV059
ORD03890,2026-09-17T03:28:00+00:00,in_transit,Mangaluru,V094,DRV094
ORD03891,2026-09-24T07:59:00+00:00,delivered,Chennai,V093,DRV120
ORD03892,2026-08-11T15:54:00+00:00,cancelled,Pune,V016,DRV010
ORD03893,2026-09-04T18:56:00+00:00,delayed,Mysuru,V011,DRV014
ORD03894,2026-09-11T17:30:00+00:00,delivered,Hosur,V039,DRV023
ORD03895,2026-09-19T22:40:00+00:00,picked_up,Chennai,V098,DRV044
ORD03896,2026-08-27T15:32:00+00:00,in_transit,Mangaluru,V094,DRV064
ORD03897,2026-09-21T02:25:00+00:00,in_transit,Hyderabad,V016,DRV081
ORD03898,2026-08-31T15:22:00+00:00,picked_up,Pune,V021,DRV012
ORD03899,2026-08-16T08:37:00+00:00,delivered,Coimbatore,V074,DRV075
ORD03900,2026-09-07T13:57:00+00:00,delayed,Bengaluru,V019,DRV070
ORD03901,2026-08-20T17:30:00+00:00,picked_up,Pune,V083,DRV047
ORD03902,2026-09-06T15:37:00+00:00,delayed,Hubballi,V086,DRV068
ORD03903,2026-08-18T08:49:00+00:00,in_transit,Chennai,V096,DRV061
ORD03904,2026-08-23T13:21:00+00:00,delivered,Mysuru,V100,DRV008
ORD03905,2026-08-21T13:43:00+00:00,delivered,Coimbatore,V064,DRV103
ORD03906,2026-08-25T19:37:00+00:00,in_transit,Chennai,V087,DRV089
ORD03907,2026-09-10T02:35:00+00:00,picked_up,Tumakuru,V088,DRV023
ORD03908,2026-08-27T04:40:00+00:00,in_transit,Hyderabad,V035,DRV104
ORD03909,2026-08-13T08:28:00+00:00,delivered,Mangaluru,V051,DRV047
ORD03910,2026-08-15T18:16:00+00:00,delivered,Coimbatore,V058,DRV076
ORD03911,2026-09-01T22:05:00+00:00,delivered,Hosur,V006,DRV025
ORD03912,2026-08-06T15:26:00+00:00,delivered,Chennai,V023,DRV051
ORD03913,2026-09-05T13:45:00+00:00,in_transit,Mangaluru,V033,DRV045
ORD03914,2026-08-23T02:08:00+00:00,delivered,Coimbatore,V092,DRV098
ORD03915,2026-09-04T18:06:00+00:00,delivered,Mysuru,V012,DRV056
ORD03916,2026-08-25T19:04:00+00:00,delivered,Chennai,V096,DRV062
ORD03917,2026-09-20T19:46:00+00:00,delivered,Mangaluru,V098,DRV082
ORD03918,2026-08-20T04:36:00+00:00,delivered,Pune,V099,DRV053
ORD03919,2026-09-15T00:53:00+00:00,delivered,Coimbatore,V028,DRV034
ORD03920,2026-09-06T11:52:00+00:00,delivered,Pune,V099,DRV067
ORD03921,2026-09-15T07:33:00+00:00,in_transit,Coimbatore,V024,DRV044
ORD03922,2026-08-22T10:07:00+00:00,picked_up,Tumakuru,V092,DRV061
ORD03923,2026-08-29T14:07:00+00:00,delivered,Coimbatore,V027,DRV033
ORD03924,2026-08-25T13:12:00+00:00,delivered,Chennai,V030,DRV114
ORD03925,2026-09-16T21:39:00+00:00,delivered,Pune,V036,DRV047
ORD03926,2026-09-14T11:51:00+00:00,picked_up,Hubballi,V081,DRV119
ORD03927,2026-09-10T05:21:00+00:00,delivered,Coimbatore,V068,DRV103
ORD03928,2026-09-22T03:39:00+00:00,in_transit,Coimbatore,V070,DRV003
ORD03929,2026-08-29T03:30:00+00:00,delivered,Pune,V089,DRV019
ORD03930,2026-08-21T06:32:00+00:00,delivered,Tumakuru,V086,DRV021
ORD03931,2026-08-20T00:25:00+00:00,delayed,Mangaluru,V081,DRV106
ORD03932,2026-09-09T01:54:00+00:00,delivered,Mysuru,V047,DRV079
ORD03933,2026-09-20T20:22:00+00:00,delivered,Pune,V074,DRV005
ORD03934,2026-09-12T18:07:00+00:00,picked_up,Mysuru,V087,DRV087
ORD03935,2026-09-04T02:34:00+00:00,delivered,Pune,V022,DRV013
ORD03936,2026-09-01T13:47:00+00:00,delayed,Coimbatore,V100,DRV011
ORD03937,2026-09-06T07:06:00+00:00,delivered,Chennai,V095,DRV084
ORD03938,2026-09-06T21:18:00+00:00,in_transit,Tumakuru,V029,DRV039
ORD03939,2026-08-28T05:04:00+00:00,picked_up,Coimbatore,V074,DRV087
ORD03940,2026-09-21T00:34:00+00:00,in_transit,Mysuru,V093,DRV079
ORD03941,2026-08-31T13:28:00+00:00,delivered,Pune,V019,DRV110
ORD03942,2026-08-10T13:27:00+00:00,delivered,Chennai,V073,DRV098
ORD03943,2026-08-19T23:21:00+00:00,in_transit,Mangaluru,V054,DRV030
ORD03944,2026-09-24T10:05:00+00:00,delivered,Mangaluru,V026,DRV072
ORD03945,2026-09-07T19:01:00+00:00,delivered,Hyderabad,V100,DRV085
ORD03946,2026-08-06T08:15:00+00:00,delivered,Hyderabad,V028,DRV005
ORD03947,2026-08-14T10:11:00+00:00,delayed,Pune,V060,DRV027
ORD03948,2026-09-02T00:31:00+00:00,delayed,Mangaluru,V085,DRV102
ORD03949,2026-08-19T20:10:00+00:00,delivered,Mangaluru,V065,DRV058
ORD03950,2026-09-08T19:24:00+00:00,in_transit,Mysuru,V001,DRV103
ORD03951,2026-08-02T02:46:00+00:00,delivered,Mysuru,V067,DRV056
ORD03952,2026-08-15T06:58:00+00:00,delivered,Coimbatore,V039,DRV119
ORD03953,2026-09-16T23:30:00+00:00,delivered,Hyderabad,V047,DRV081
ORD03954,2026-08-06T11:51:00+00:00,delayed,Hosur,V079,DRV086
ORD03955,2026-09-07T18:40:00+00:00,delivered,Hyderabad,V099,DRV091
ORD03956,2026-09-02T00:46:00+00:00,delayed,Hyderabad,V032,DRV092
ORD03957,2026-08-28T12:36:00+00:00,delivered,Hosur,V064,DRV102
ORD03958,2026-09-20T04:07:00+00:00,picked_up,Mangaluru,V096,DRV099
ORD03959,2026-08-03T22:34:00+00:00,in_transit,Hosur,V050,DRV056
ORD03960,2026-09-10T07:45:00+00:00,delivered,Coimbatore,V039,DRV095
ORD03961,2026-09-18T05:33:00+00:00,picked_up,Hyderabad,V070,DRV065
ORD03962,2026-08-25T06:22:00+00:00,delivered,Hosur,V078,DRV105
ORD03963,2026-09-15T21:12:00+00:00,delivered,Hubballi,V021,DRV096
ORD03964,2026-08-05T05:11:00+00:00,delivered,Chennai,V074,DRV083
ORD03965,2026-08-16T03:47:00+00:00,delivered,Coimbatore,V029,DRV039
ORD03966,2026-09-07T01:37:00+00:00,in_transit,Pune,V023,DRV015
ORD03967,2026-08-04T03:05:00+00:00,picked_up,Hosur,V065,DRV058
ORD03968,2026-08-05T06:17:00+00:00,delivered,Tumakuru,V040,DRV054
ORD03969,2026-08-28T09:08:00+00:00,in_transit,Hyderabad,V008,DRV028
ORD03970,2026-08-26T09:18:00+00:00,delivered,Mangaluru,V095,DRV117
ORD03971,2026-09-08T21:01:00+00:00,delivered,Pune,V023,DRV015
ORD03972,2026-09-07T02:38:00+00:00,in_transit,Hosur,V045,DRV071
ORD03973,2026-08-05T03:11:00+00:00,delivered,Coimbatore,V039,DRV016
ORD03974,2026-09-03T23:35:00+00:00,delivered,Hubballi,V070,DRV054
ORD03975,2026-09-17T03:43:00+00:00,delivered,Coimbatore,V096,DRV001
ORD03976,2026-09-13T21:41:00+00:00,delivered,Mangaluru,V067,DRV002
ORD03977,2026-08-27T22:25:00+00:00,picked_up,Coimbatore,V060,DRV013
ORD03978,2026-08-06T05:13:00+00:00,delivered,Mangaluru,V084,DRV104
ORD03979,2026-09-22T18:53:00+00:00,delivered,Coimbatore,V052,DRV081
ORD03980,2026-08-12T05:10:00+00:00,in_transit,Mangaluru,V086,DRV105
ORD03981,2026-09-18T15:10:00+00:00,delivered,Chennai,V065,DRV056
ORD03982,2026-09-18T21:12:00+00:00,delivered,Hyderabad,V040,DRV079
ORD03983,2026-09-03T07:47:00+00:00,delivered,Mangaluru,V090,DRV013
ORD03984,2026-09-24T00:17:00+00:00,delivered,Chennai,V018,DRV010
ORD03985,2026-08-16T02:30:00+00:00,cancelled,Pune,V006,DRV073
ORD03986,2026-08-20T13:09:00+00:00,delivered,Coimbatore,V087,DRV010
ORD03987,2026-09-20T18:48:00+00:00,delivered,Chennai,V020,DRV092
ORD03988,2026-09-05T10:29:00+00:00,delivered,Hyderabad,V009,DRV089
ORD03989,2026-08-22T01:26:00+00:00,picked_up,Tumakuru,V050,DRV076
ORD03990,2026-09-14T15:59:00+00:00,in_transit,Mysuru,V022,DRV015
ORD03991,2026-09-19T13:40:00+00:00,delivered,Mysuru,V016,DRV086
ORD03992,2026-08-21T09:29:00+00:00,delivered,Mysuru,V024,DRV042
ORD03993,2026-08-06T16:06:00+00:00,delivered,Coimbatore,V020,DRV029
ORD03994,2026-09-24T15:17:00+00:00,delivered,Mangaluru,V085,DRV089
ORD03995,2026-09-05T07:59:00+00:00,in_transit,Coimbatore,V074,DRV098
ORD03996,2026-08-03T21:33:00+00:00,delivered,Pune,V012,DRV009
ORD03997,2026-08-01T17:56:00+00:00,delivered,Mysuru,V052,DRV101
ORD03998,2026-08-24T06:35:00+00:00,delivered,Chennai,V053,DRV108
ORD03999,2026-08-10T11:13:00+00:00,delivered,Hosur,V100,DRV071
ORD04000,2026-08-30T19:13:00+00:00,delivered,Coimbatore,V073,DRV113
ORD04001,2026-09-23T22:05:00+00:00,in_transit,Chennai,V095,DRV043
ORD04002,2026-09-11T19:20:00+00:00,delivered,Mangaluru,V051,DRV056
ORD04003,2026-09-01T22:34:00+00:00,in_transit,Tumakuru,V006,DRV063
ORD04004,2026-08-08T08:23:00+00:00,delivered,Coimbatore,V086,DRV080
ORD04005,2026-09-11T11:27:00+00:00,picked_up,Pune,V084,DRV057
ORD04006,2026-09-18T19:14:00+00:00,delivered,Coimbatore,V052,DRV097
ORD04007,2026-08-18T20:02:00+00:00,delivered,Hubballi,V051,DRV110
ORD04008,2026-09-06T16:58:00+00:00,delivered,Pune,V038,DRV087
ORD04009,2026-08-13T10:00:00+00:00,cancelled,Chennai,V088,DRV050
ORD04010,2026-08-12T04:16:00+00:00,delayed,Pune,V050,DRV018
ORD04011,2026-08-18T11:16:00+00:00,delivered,Chennai,V067,DRV017
ORD04012,2026-09-07T17:54:00+00:00,delivered,Coimbatore,V006,DRV016
ORD04013,2026-09-15T07:58:00+00:00,delayed,Coimbatore,V088,DRV038
ORD04014,2026-09-15T07:49:00+00:00,cancelled,Hubballi,V027,DRV012
ORD04015,2026-08-17T08:19:00+00:00,cancelled,Coimbatore,V044,DRV020
ORD04016,2026-09-17T11:00:00+00:00,delivered,Hyderabad,V067,DRV108
ORD04017,2026-08-17T14:20:00+00:00,delivered,Hosur,V008,DRV044
ORD04018,2026-08-21T22:03:00+00:00,delivered,Hubballi,V099,DRV012
ORD04019,2026-09-04T01:27:00+00:00,picked_up,Mangaluru,V003,DRV043
ORD04020,2026-08-23T06:34:00+00:00,delivered,Chennai,V093,DRV092
ORD04021,2026-08-14T10:07:00+00:00,picked_up,Pune,V075,DRV035
ORD04022,2026-08-08T00:46:00+00:00,delivered,Coimbatore,V004,DRV104
ORD04023,2026-08-25T08:47:00+00:00,in_transit,Coimbatore,V026,DRV088
ORD04024,2026-08-14T19:26:00+00:00,in_transit,Tumakuru,V039,DRV006
ORD04025,2026-09-18T12:23:00+00:00,delivered,Mysuru,V012,DRV028
ORD04026,2026-08-02T12:49:00+00:00,cancelled,Chennai,V088,DRV073
ORD04027,2026-09-07T07:19:00+00:00,delivered,Coimbatore,V060,DRV067
ORD04028,2026-09-16T00:44:00+00:00,delivered,Hubballi,V037,DRV100
ORD04029,2026-08-28T14:08:00+00:00,delivered,Hubballi,V069,DRV019
ORD04030,2026-08-29T17:13:00+00:00,delivered,Chennai,V096,DRV024
ORD04031,2026-08-11T20:06:00+00:00,delivered,Mangaluru,V060,DRV068
ORD04032,2026-08-31T05:37:00+00:00,delivered,Mysuru,V032,DRV033
ORD04033,2026-09-18T03:54:00+00:00,delivered,Pune,V061,DRV021
ORD04034,2026-09-13T05:48:00+00:00,delivered,Coimbatore,V049,DRV091
ORD04035,2026-09-15T02:39:00+00:00,delivered,Tumakuru,V091,DRV090
ORD04036,2026-08-06T05:08:00+00:00,in_transit,Mangaluru,V041,DRV027
ORD04037,2026-09-02T19:38:00+00:00,in_transit,Mangaluru,V014,DRV048
ORD04038,2026-08-04T05:51:00+00:00,delivered,Hyderabad,V038,DRV092
ORD04039,2026-08-01T10:59:00+00:00,in_transit,Coimbatore,V016,DRV002
ORD04040,2026-09-02T12:48:00+00:00,delivered,Hyderabad,V077,DRV049
ORD04041,2026-08-25T17:38:00+00:00,picked_up,Hubballi,V028,DRV009
ORD04042,2026-09-03T01:27:00+00:00,delivered,Pune,V032,DRV114
ORD04043,2026-09-09T08:43:00+00:00,picked_up,Mysuru,V060,DRV004
ORD04044,2026-08-28T16:21:00+00:00,delivered,Coimbatore,V039,DRV077
ORD04045,2026-09-02T13:57:00+00:00,picked_up,Tumakuru,V092,DRV053
ORD04046,2026-09-06T20:50:00+00:00,delivered,Coimbatore,V091,DRV120
ORD04047,2026-09-23T22:35:00+00:00,delivered,Hosur,V078,DRV033
ORD04048,2026-09-16T23:07:00+00:00,delivered,Coimbatore,V037,DRV075
ORD04049,2026-08-15T16:29:00+00:00,delivered,Pune,V030,DRV112
ORD04050,2026-08-04T19:33:00+00:00,picked_up,Mangaluru,V057,DRV002
ORD04051,2026-08-29T13:42:00+00:00,delayed,Pune,V095,DRV113
ORD04052,2026-09-12T04:31:00+00:00,delivered,Mangaluru,V061,DRV093
ORD04053,2026-08-02T15:45:00+00:00,delivered,Hosur,V050,DRV053
ORD04054,2026-09-10T22:49:00+00:00,delivered,Hyderabad,V092,DRV018
ORD04055,2026-09-19T05:52:00+00:00,delivered,Coimbatore,V075,DRV107
ORD04056,2026-09-13T22:12:00+00:00,in_transit,Mangaluru,V034,DRV098
ORD04057,2026-08-20T18:09:00+00:00,in_transit,Hubballi,V026,DRV109
ORD04058,2026-09-09T09:02:00+00:00,in_transit,Hyderabad,V085,DRV098
ORD04059,2026-08-04T00:47:00+00:00,picked_up,Coimbatore,V070,DRV046
ORD04060,2026-08-24T04:35:00+00:00,in_transit,Bengaluru,V034,DRV027
ORD04061,2026-08-09T11:21:00+00:00,delivered,Mangaluru,V067,DRV085
ORD04062,2026-08-15T02:47:00+00:00,cancelled,Hyderabad,V024,DRV016
ORD04063,2026-09-20T22:36:00+00:00,in_transit,Hubballi,V061,DRV097
ORD04064,2026-09-04T09:10:00+00:00,delivered,Coimbatore,V068,DRV013
ORD04065,2026-09-02T00:57:00+00:00,picked_up,Coimbatore,V095,DRV105
ORD04066,2026-08-16T05:51:00+00:00,delivered,Hubballi,V032,DRV064
ORD04067,2026-09-07T09:44:00+00:00,delivered,Coimbatore,V089,DRV051
ORD04068,2026-09-06T12:42:00+00:00,delivered,Tumakuru,V067,DRV064
ORD04069,2026-08-20T04:50:00+00:00,delivered,Coimbatore,V072,DRV055
ORD04070,2026-09-14T06:50:00+00:00,delivered,Coimbatore,V077,DRV010
ORD04071,2026-08-03T07:19:00+00:00,cancelled,Mangaluru,V084,DRV070
ORD04072,2026-08-13T00:22:00+00:00,delivered,Tumakuru,V078,DRV078
ORD04073,2026-09-03T03:55:00+00:00,picked_up,Bengaluru,V005,DRV013
ORD04074,2026-08-10T18:01:00+00:00,delivered,Mangaluru,V068,DRV001
ORD04075,2026-09-07T16:06:00+00:00,cancelled,Bengaluru,V064,DRV080
ORD04076,2026-09-24T23:58:00+00:00,delivered,Coimbatore,V001,DRV111
ORD04077,2026-08-24T00:00:00+00:00,picked_up,Hosur,V091,DRV078
ORD04078,2026-09-22T03:32:00+00:00,cancelled,Mysuru,V044,DRV116
ORD04079,2026-09-04T20:51:00+00:00,delivered,Mysuru,V074,DRV049
ORD04080,2026-08-17T13:13:00+00:00,cancelled,Hosur,V075,DRV087
ORD04081,2026-08-18T15:53:00+00:00,delivered,Coimbatore,V056,DRV040
ORD04082,2026-09-16T10:20:00+00:00,delayed,Hubballi,V073,DRV073
ORD04083,2026-09-12T20:36:00+00:00,delivered,Hubballi,V097,DRV083
ORD04084,2026-08-18T20:19:00+00:00,delivered,Mysuru,V063,DRV060
ORD04085,2026-08-29T03:28:00+00:00,in_transit,Hosur,V013,DRV107
ORD04086,2026-09-07T19:33:00+00:00,delivered,Coimbatore,V076,DRV055
ORD04087,2026-09-20T06:20:00+00:00,in_transit,Coimbatore,V083,DRV088
ORD04088,2026-09-17T20:44:00+00:00,delivered,Tumakuru,V078,DRV061
ORD04089,2026-09-13T17:53:00+00:00,picked_up,Mangaluru,V076,DRV038
ORD04090,2026-08-25T18:47:00+00:00,picked_up,Coimbatore,V007,DRV022
ORD04091,2026-09-06T02:48:00+00:00,picked_up,Tumakuru,V085,DRV055
ORD04092,2026-09-17T09:25:00+00:00,delivered,Hosur,V095,DRV050
ORD04093,2026-09-10T11:00:00+00:00,delayed,Hubballi,V045,DRV046
ORD04094,2026-08-30T02:57:00+00:00,in_transit,Mysuru,V092,DRV082
ORD04095,2026-08-23T04:00:00+00:00,delivered,Hubballi,V022,DRV077
ORD04096,2026-09-06T06:47:00+00:00,delivered,Mangaluru,V030,DRV083
ORD04097,2026-09-10T07:39:00+00:00,picked_up,Chennai,V045,DRV036
ORD04098,2026-08-01T19:41:00+00:00,delivered,Pune,V069,DRV028
ORD04099,2026-08-18T09:12:00+00:00,delivered,Coimbatore,V078,DRV016
ORD04100,2026-08-28T18:10:00+00:00,cancelled,Mangaluru,V068,DRV006
ORD04101,2026-09-11T21:26:00+00:00,delivered,Coimbatore,V036,DRV012
ORD04102,2026-08-17T03:09:00+00:00,picked_up,Hubballi,V091,DRV033
ORD04103,2026-08-14T02:04:00+00:00,delivered,Mysuru,V067,DRV030
ORD04104,2026-09-09T10:10:00+00:00,delivered,Coimbatore,V038,DRV119
ORD04105,2026-08-25T08:33:00+00:00,in_transit,Mysuru,V051,DRV111
ORD04106,2026-08-13T12:45:00+00:00,picked_up,Hubballi,V026,DRV106
ORD04107,2026-08-31T14:12:00+00:00,in_transit,Bengaluru,V007,DRV091
ORD04108,2026-08-09T06:24:00+00:00,delivered,Coimbatore,V081,DRV063
ORD04109,2026-08-11T03:33:00+00:00,in_transit,Pune,V077,DRV042
ORD04110,2026-08-24T23:12:00+00:00,in_transit,Chennai,V060,DRV061
ORD04111,2026-08-18T23:19:00+00:00,cancelled,Chennai,V003,DRV055
ORD04112,2026-08-30T11:00:00+00:00,delivered,Hubballi,V084,DRV048
ORD04113,2026-08-20T07:23:00+00:00,picked_up,Hyderabad,V003,DRV104
ORD04114,2026-08-18T00:54:00+00:00,delayed,Tumakuru,V004,DRV093
ORD04115,2026-09-12T21:23:00+00:00,delivered,Hosur,V011,DRV082
ORD04116,2026-08-17T19:29:00+00:00,delivered,Coimbatore,V093,DRV052
ORD04117,2026-08-12T15:27:00+00:00,delivered,Bengaluru,V060,DRV033
ORD04118,2026-08-23T19:24:00+00:00,delivered,Coimbatore,V065,DRV058
ORD04119,2026-09-14T14:10:00+00:00,in_transit,Chennai,V098,DRV006
ORD04120,2026-09-09T02:24:00+00:00,delivered,Mysuru,V064,DRV005
ORD04121,2026-09-10T06:26:00+00:00,delivered,Coimbatore,V035,DRV066
ORD04122,2026-09-17T05:43:00+00:00,picked_up,Mysuru,V045,DRV060
ORD04123,2026-08-01T17:42:00+00:00,picked_up,Hyderabad,V034,DRV080
ORD04124,2026-08-06T12:09:00+00:00,in_transit,Coimbatore,V025,DRV016
ORD04125,2026-08-24T13:36:00+00:00,delivered,Hosur,V011,DRV055
ORD04126,2026-08-25T12:33:00+00:00,picked_up,Chennai,V035,DRV114
ORD04127,2026-08-03T09:59:00+00:00,delivered,Hubballi,V024,DRV081
ORD04128,2026-09-09T19:45:00+00:00,delivered,Coimbatore,V092,DRV106
ORD04129,2026-08-05T23:35:00+00:00,delivered,Mysuru,V047,DRV021
ORD04130,2026-09-24T11:06:00+00:00,in_transit,Mysuru,V052,DRV049
ORD04131,2026-08-16T03:19:00+00:00,picked_up,Coimbatore,V046,DRV109
ORD04132,2026-08-23T10:09:00+00:00,delivered,Hyderabad,V077,DRV083
ORD04133,2026-08-06T11:53:00+00:00,picked_up,Coimbatore,V088,DRV060
ORD04134,2026-08-14T07:59:00+00:00,picked_up,Pune,V081,DRV078
ORD04135,2026-08-30T22:56:00+00:00,delivered,Mangaluru,V038,DRV017
ORD04136,2026-08-13T18:42:00+00:00,in_transit,Pune,V098,DRV089
ORD04137,2026-09-18T02:59:00+00:00,picked_up,Coimbatore,V089,DRV005
ORD04138,2026-08-28T05:37:00+00:00,delivered,Hubballi,V091,DRV058
ORD04139,2026-09-24T17:21:00+00:00,delivered,Tumakuru,V027,DRV076
ORD04140,2026-08-30T23:43:00+00:00,delivered,Hosur,V014,DRV048
ORD04141,2026-08-18T07:34:00+00:00,delayed,Mysuru,V018,DRV056
ORD04142,2026-08-10T04:57:00+00:00,delivered,Pune,V024,DRV112
ORD04143,2026-09-08T06:06:00+00:00,delayed,Hubballi,V068,DRV085
ORD04144,2026-08-04T23:13:00+00:00,delivered,Hyderabad,V066,DRV016
ORD04145,2026-08-28T17:51:00+00:00,delivered,Hosur,V065,DRV059
ORD04146,2026-08-27T19:12:00+00:00,delivered,Chennai,V037,DRV075
ORD04147,2026-09-22T02:28:00+00:00,delivered,Coimbatore,V033,DRV037
ORD04148,2026-08-31T09:33:00+00:00,delivered,Chennai,V053,DRV077
ORD04149,2026-08-20T04:19:00+00:00,delivered,Coimbatore,V043,DRV066
ORD04150,2026-08-13T09:05:00+00:00,in_transit,Chennai,V058,DRV057
ORD04151,2026-09-15T08:26:00+00:00,picked_up,Hosur,V035,DRV048
ORD04152,2026-08-11T21:57:00+00:00,delivered,Hyderabad,V066,DRV058
ORD04153,2026-09-13T22:56:00+00:00,in_transit,Hosur,V079,DRV005
ORD04154,2026-08-31T08:07:00+00:00,picked_up,Hyderabad,V077,DRV037
ORD04155,2026-09-12T04:52:00+00:00,picked_up,Coimbatore,V093,DRV109
ORD04156,2026-08-19T00:43:00+00:00,in_transit,Mangaluru,V044,DRV101
ORD04157,2026-08-31T04:49:00+00:00,delivered,Chennai,V029,DRV044
ORD04158,2026-09-10T18:50:00+00:00,delivered,Hosur,V094,DRV102
ORD04159,2026-08-15T06:01:00+00:00,picked_up,Pune,V020,DRV063
ORD04160,2026-08-19T04:47:00+00:00,picked_up,Hubballi,V037,DRV105
ORD04161,2026-08-26T06:48:00+00:00,delivered,Bengaluru,V082,DRV105
ORD04162,2026-09-03T07:42:00+00:00,delivered,Hyderabad,V031,DRV102
ORD04163,2026-08-31T15:49:00+00:00,picked_up,Mysuru,V047,DRV119
ORD04164,2026-09-21T01:26:00+00:00,cancelled,Mysuru,V085,DRV028
ORD04165,2026-09-07T20:38:00+00:00,delivered,Mangaluru,V007,DRV072
ORD04166,2026-08-09T10:15:00+00:00,delivered,Coimbatore,V054,DRV098
ORD04167,2026-09-13T04:23:00+00:00,delivered,Pune,V043,DRV088
ORD04168,2026-09-22T17:44:00+00:00,delivered,Coimbatore,V030,DRV029
ORD04169,2026-08-23T06:42:00+00:00,picked_up,Mangaluru,V086,DRV088
ORD04170,2026-09-17T03:26:00+00:00,cancelled,Hosur,V070,DRV045
ORD04171,2026-09-03T21:20:00+00:00,delayed,Coimbatore,V071,DRV026
ORD04172,2026-09-03T17:46:00+00:00,picked_up,Chennai,V023,DRV006
ORD04173,2026-08-04T05:14:00+00:00,in_transit,Coimbatore,V025,DRV088
ORD04174,2026-08-23T07:47:00+00:00,delivered,Hosur,V006,DRV024
ORD04175,2026-09-10T22:30:00+00:00,delivered,Mangaluru,V084,DRV009
ORD04176,2026-08-26T23:07:00+00:00,cancelled,Coimbatore,V058,DRV067
ORD04177,2026-09-06T23:54:00+00:00,delivered,Hosur,V035,DRV113
ORD04178,2026-08-28T08:54:00+00:00,delivered,Mangaluru,V012,DRV024
ORD04179,2026-08-27T16:46:00+00:00,delivered,Hosur,V020,DRV094
ORD04180,2026-08-24T16:17:00+00:00,delivered,Mysuru,V072,DRV025
ORD04181,2026-09-07T04:57:00+00:00,delivered,Hosur,V077,DRV101
ORD04182,2026-09-10T12:06:00+00:00,picked_up,Hyderabad,V039,DRV035
ORD04183,2026-09-18T03:38:00+00:00,delivered,Hosur,V012,DRV040
ORD04184,2026-09-21T22:13:00+00:00,in_transit,Hubballi,V043,DRV032
ORD04185,2026-09-06T18:49:00+00:00,delivered,Hosur,V019,DRV026
ORD04186,2026-09-23T07:40:00+00:00,delayed,Mangaluru,V072,DRV073
ORD04187,2026-09-05T14:31:00+00:00,delivered,Hosur,V067,DRV009
ORD04188,2026-08-14T10:18:00+00:00,delivered,Hosur,V099,DRV084
ORD04189,2026-09-14T18:06:00+00:00,delivered,Mangaluru,V007,DRV029
ORD04190,2026-09-20T23:40:00+00:00,delayed,Tumakuru,V007,DRV050
ORD04191,2026-09-14T23:12:00+00:00,picked_up,Chennai,V091,DRV114
ORD04192,2026-08-23T11:40:00+00:00,delivered,Chennai,V034,DRV101
ORD04193,2026-08-30T19:25:00+00:00,in_transit,Hosur,V058,DRV085
ORD04194,2026-09-05T02:45:00+00:00,in_transit,Chennai,V001,DRV007
ORD04195,2026-09-06T05:58:00+00:00,in_transit,Mangaluru,V062,DRV084
ORD04196,2026-09-24T22:39:00+00:00,delivered,Mysuru,V054,DRV118
ORD04197,2026-09-03T13:35:00+00:00,delivered,Tumakuru,V033,DRV056
ORD04198,2026-08-17T08:00:00+00:00,delivered,Mysuru,V038,DRV020
ORD04199,2026-09-11T15:03:00+00:00,delayed,Mysuru,V048,DRV018
ORD04200,2026-09-22T10:41:00+00:00,delivered,Pune,V068,DRV045
ORD04201,2026-08-10T06:00:00+00:00,delivered,Coimbatore,V041,DRV113
ORD04202,2026-08-09T04:28:00+00:00,in_transit,Tumakuru,V025,DRV117
ORD04203,2026-09-13T11:53:00+00:00,picked_up,Chennai,V053,DRV091
ORD04204,2026-08-05T08:21:00+00:00,delayed,Hyderabad,V017,DRV027
ORD04205,2026-08-04T21:06:00+00:00,picked_up,Bengaluru,V096,DRV103
ORD04206,2026-08-04T14:39:00+00:00,delivered,Mysuru,V017,DRV078
ORD04207,2026-08-28T00:38:00+00:00,in_transit,Hosur,V099,DRV053
ORD04208,2026-09-13T02:44:00+00:00,delivered,Mangaluru,V024,DRV045
ORD04209,2026-08-20T17:54:00+00:00,delivered,Mangaluru,V065,DRV106
ORD04210,2026-09-14T03:29:00+00:00,delivered,Hyderabad,V095,DRV093
ORD04211,2026-09-09T00:27:00+00:00,delivered,Mysuru,V077,DRV097
ORD04212,2026-09-20T02:14:00+00:00,in_transit,Bengaluru,V037,DRV044
ORD04213,2026-09-10T17:32:00+00:00,delivered,Hyderabad,V020,DRV006
ORD04214,2026-08-12T15:40:00+00:00,delivered,Mangaluru,V032,DRV103
ORD04215,2026-09-07T14:06:00+00:00,delivered,Mysuru,V006,DRV023
ORD04216,2026-09-07T17:34:00+00:00,cancelled,Coimbatore,V044,DRV066
ORD04217,2026-09-11T08:36:00+00:00,delivered,Mysuru,V044,DRV020
ORD04218,2026-08-23T04:45:00+00:00,delivered,Coimbatore,V061,DRV096
ORD04219,2026-08-11T06:57:00+00:00,delivered,Mysuru,V046,DRV116
ORD04220,2026-09-22T17:58:00+00:00,delivered,Mysuru,V060,DRV010
ORD04221,2026-08-09T09:20:00+00:00,picked_up,Chennai,V059,DRV112
ORD04222,2026-09-03T05:46:00+00:00,delayed,Chennai,V025,DRV074
ORD04223,2026-08-25T23:29:00+00:00,delivered,Coimbatore,V094,DRV075
ORD04224,2026-09-13T03:01:00+00:00,picked_up,Hosur,V057,DRV075
ORD04225,2026-09-18T04:02:00+00:00,delivered,Chennai,V019,DRV035
ORD04226,2026-09-18T07:21:00+00:00,delayed,Chennai,V081,DRV119
ORD04227,2026-08-14T02:37:00+00:00,delayed,Mysuru,V039,DRV009
ORD04228,2026-09-15T23:52:00+00:00,delivered,Tumakuru,V041,DRV013
ORD04229,2026-09-05T16:58:00+00:00,delayed,Hyderabad,V093,DRV032
ORD04230,2026-08-01T16:12:00+00:00,delivered,Chennai,V091,DRV099
ORD04231,2026-08-05T23:25:00+00:00,delivered,Hubballi,V070,DRV116
ORD04232,2026-08-22T09:53:00+00:00,delivered,Hubballi,V058,DRV005
ORD04233,2026-08-25T18:29:00+00:00,delivered,Chennai,V015,DRV105
ORD04234,2026-09-20T06:32:00+00:00,picked_up,Mangaluru,V029,DRV111
ORD04235,2026-09-19T07:06:00+00:00,delivered,Hosur,V068,DRV014
ORD04236,2026-09-04T08:16:00+00:00,delivered,Mangaluru,V078,DRV013
ORD04237,2026-08-04T00:02:00+00:00,delayed,Chennai,V009,DRV008
ORD04238,2026-09-04T15:09:00+00:00,in_transit,Pune,V071,DRV025
ORD04239,2026-08-20T11:36:00+00:00,cancelled,Hyderabad,V049,DRV037
ORD04240,2026-08-24T14:18:00+00:00,delayed,Mysuru,V006,DRV050
ORD04241,2026-08-31T13:19:00+00:00,in_transit,Chennai,V048,DRV060
ORD04242,2026-08-01T19:34:00+00:00,in_transit,Coimbatore,V051,DRV024
ORD04243,2026-09-08T22:32:00+00:00,delivered,Mangaluru,V093,DRV024
ORD04244,2026-09-07T10:29:00+00:00,delivered,Coimbatore,V017,DRV120
ORD04245,2026-09-09T22:11:00+00:00,delivered,Mangaluru,V003,DRV095
ORD04246,2026-09-09T21:40:00+00:00,picked_up,Coimbatore,V076,DRV084
ORD04247,2026-09-20T15:31:00+00:00,delivered,Hyderabad,V060,DRV007
ORD04248,2026-09-07T03:41:00+00:00,in_transit,Hosur,V068,DRV004
ORD04249,2026-09-15T04:28:00+00:00,delayed,Tumakuru,V011,DRV036
ORD04250,2026-09-16T06:28:00+00:00,delivered,Hosur,V013,DRV014
ORD04251,2026-09-06T18:15:00+00:00,delivered,Coimbatore,V004,DRV063
ORD04252,2026-09-24T08:21:00+00:00,delivered,Mysuru,V090,DRV103
ORD04253,2026-08-14T16:30:00+00:00,delivered,Mangaluru,V016,DRV027
ORD04254,2026-09-11T23:15:00+00:00,delayed,Coimbatore,V094,DRV068
ORD04255,2026-08-05T15:12:00+00:00,delivered,Mysuru,V014,DRV055
ORD04256,2026-09-13T02:18:00+00:00,delivered,Coimbatore,V070,DRV016
ORD04257,2026-09-15T10:25:00+00:00,delivered,Tumakuru,V058,DRV037
ORD04258,2026-09-04T02:46:00+00:00,picked_up,Chennai,V079,DRV119
ORD04259,2026-08-22T11:10:00+00:00,delivered,Pune,V078,DRV075
ORD04260,2026-09-01T22:53:00+00:00,delivered,Pune,V005,DRV108
ORD04261,2026-08-24T07:45:00+00:00,delivered,Mangaluru,V074,DRV016
ORD04262,2026-09-22T15:18:00+00:00,delivered,Bengaluru,V054,DRV075
ORD04263,2026-08-22T23:06:00+00:00,in_transit,Coimbatore,V028,DRV081
ORD04264,2026-09-20T21:05:00+00:00,delivered,Mangaluru,V042,DRV083
ORD04265,2026-09-04T04:45:00+00:00,delivered,Mangaluru,V043,DRV108
ORD04266,2026-08-05T22:50:00+00:00,delivered,Mangaluru,V087,DRV036
ORD04267,2026-09-16T02:45:00+00:00,delivered,Mangaluru,V024,DRV072
ORD04268,2026-08-19T03:28:00+00:00,delivered,Hyderabad,V048,DRV016
ORD04269,2026-08-12T19:17:00+00:00,delivered,Mangaluru,V029,DRV011
ORD04270,2026-08-31T17:17:00+00:00,picked_up,Hosur,V002,DRV102
ORD04271,2026-08-06T06:19:00+00:00,delivered,Coimbatore,V062,DRV089
ORD04272,2026-09-11T20:08:00+00:00,delivered,Pune,V010,DRV118
ORD04273,2026-08-30T04:35:00+00:00,delivered,Coimbatore,V032,DRV065
ORD04274,2026-09-02T01:05:00+00:00,delivered,Hosur,V076,DRV019
ORD04275,2026-08-25T22:50:00+00:00,delivered,Mysuru,V094,DRV101
ORD04276,2026-09-11T02:37:00+00:00,in_transit,Coimbatore,V054,DRV024
ORD04277,2026-08-10T08:08:00+00:00,delivered,Hosur,V049,DRV114
ORD04278,2026-08-29T22:19:00+00:00,delivered,Pune,V052,DRV074
ORD04279,2026-08-25T08:01:00+00:00,picked_up,Mangaluru,V008,DRV101
ORD04280,2026-09-14T10:41:00+00:00,delayed,Mysuru,V076,DRV061
ORD04281,2026-09-23T09:34:00+00:00,delivered,Coimbatore,V001,DRV014
ORD04282,2026-09-07T21:40:00+00:00,in_transit,Tumakuru,V080,DRV083
ORD04283,2026-08-23T12:44:00+00:00,delivered,Hyderabad,V042,DRV027
ORD04284,2026-08-10T06:57:00+00:00,delivered,Hyderabad,V092,DRV064
ORD04285,2026-09-03T16:44:00+00:00,delivered,Hosur,V083,DRV012
ORD04286,2026-08-18T05:12:00+00:00,delivered,Hosur,V043,DRV117
ORD04287,2026-08-01T09:33:00+00:00,picked_up,Coimbatore,V016,DRV107
ORD04288,2026-08-16T15:02:00+00:00,delivered,Hosur,V032,DRV073
ORD04289,2026-09-10T15:19:00+00:00,delivered,Pune,V038,DRV030
ORD04290,2026-09-01T03:45:00+00:00,picked_up,Coimbatore,V034,DRV061
ORD04291,2026-08-23T21:52:00+00:00,picked_up,Coimbatore,V068,DRV110
ORD04292,2026-09-02T15:26:00+00:00,delivered,Hosur,V025,DRV044
ORD04293,2026-08-17T07:50:00+00:00,delivered,Pune,V022,DRV022
ORD04294,2026-09-06T12:27:00+00:00,delivered,Mangaluru,V066,DRV006
ORD04295,2026-08-08T21:49:00+00:00,delivered,Mysuru,V043,DRV035
ORD04296,2026-09-09T18:28:00+00:00,delivered,Bengaluru,V094,DRV103
ORD04297,2026-09-24T13:48:00+00:00,picked_up,Mangaluru,V009,DRV043
ORD04298,2026-09-10T04:32:00+00:00,in_transit,Bengaluru,V013,DRV086
ORD04299,2026-09-21T13:50:00+00:00,delivered,Mangaluru,V043,DRV023
ORD04300,2026-09-23T07:24:00+00:00,picked_up,Pune,V083,DRV088
ORD04301,2026-09-23T02:37:00+00:00,picked_up,Hosur,V035,DRV065
ORD04302,2026-08-01T18:39:00+00:00,delayed,Hyderabad,V028,DRV105
ORD04303,2026-09-23T00:27:00+00:00,delivered,Hosur,V016,DRV037
ORD04304,2026-08-01T16:39:00+00:00,picked_up,Chennai,V021,DRV106
ORD04305,2026-08-05T00:47:00+00:00,delivered,Coimbatore,V080,DRV116
ORD04306,2026-09-16T00:53:00+00:00,delivered,Hosur,V067,DRV051
ORD04307,2026-09-19T17:18:00+00:00,delivered,Coimbatore,V070,DRV019
ORD04308,2026-08-23T16:06:00+00:00,in_transit,Pune,V059,DRV114
ORD04309,2026-08-25T22:13:00+00:00,in_transit,Hubballi,V074,DRV016
ORD04310,2026-09-21T03:31:00+00:00,in_transit,Bengaluru,V013,DRV013
ORD04311,2026-08-13T14:28:00+00:00,delivered,Mysuru,V046,DRV052
ORD04312,2026-08-17T18:18:00+00:00,delivered,Mangaluru,V092,DRV002
ORD04313,2026-08-16T22:06:00+00:00,picked_up,Coimbatore,V062,DRV107
ORD04314,2026-08-13T18:59:00+00:00,delivered,Chennai,V097,DRV113
ORD04315,2026-09-08T17:39:00+00:00,delivered,Pune,V006,DRV105
ORD04316,2026-08-29T13:02:00+00:00,delayed,Mysuru,V080,DRV118
ORD04317,2026-09-06T03:40:00+00:00,picked_up,Mysuru,V039,DRV007
ORD04318,2026-08-07T20:41:00+00:00,delivered,Coimbatore,V084,DRV044
ORD04319,2026-08-22T23:10:00+00:00,picked_up,Pune,V090,DRV005
ORD04320,2026-09-15T00:20:00+00:00,cancelled,Coimbatore,V019,DRV037
ORD04321,2026-08-17T20:18:00+00:00,delivered,Coimbatore,V038,DRV114
ORD04322,2026-08-20T02:17:00+00:00,in_transit,Hyderabad,V063,DRV109
ORD04323,2026-08-30T05:41:00+00:00,in_transit,Pune,V029,DRV072
ORD04324,2026-08-18T13:39:00+00:00,picked_up,Hosur,V083,DRV025
ORD04325,2026-09-17T01:01:00+00:00,delivered,Mysuru,V095,DRV118
ORD04326,2026-09-02T06:20:00+00:00,picked_up,Mangaluru,V059,DRV099
ORD04327,2026-09-25T00:32:00+00:00,delivered,Mangaluru,V031,DRV010
ORD04328,2026-08-18T03:40:00+00:00,in_transit,Hyderabad,V084,DRV025
ORD04329,2026-08-06T08:59:00+00:00,delivered,Hubballi,V061,DRV110
ORD04330,2026-08-01T19:20:00+00:00,delayed,Coimbatore,V071,DRV118
ORD04331,2026-09-06T12:35:00+00:00,delivered,Hosur,V045,DRV059
ORD04332,2026-08-07T11:22:00+00:00,delivered,Mangaluru,V002,DRV104
ORD04333,2026-08-24T11:35:00+00:00,in_transit,Mangaluru,V095,DRV046
ORD04334,2026-09-23T04:02:00+00:00,delivered,Coimbatore,V013,DRV026
ORD04335,2026-08-07T09:00:00+00:00,delivered,Mangaluru,V013,DRV075
ORD04336,2026-08-11T05:08:00+00:00,picked_up,Pune,V091,DRV119
ORD04337,2026-09-15T09:55:00+00:00,delivered,Chennai,V014,DRV087
ORD04338,2026-09-02T11:01:00+00:00,delayed,Bengaluru,V002,DRV110
ORD04339,2026-09-14T18:35:00+00:00,delivered,Mysuru,V019,DRV019
ORD04340,2026-09-14T09:22:00+00:00,picked_up,Coimbatore,V060,DRV112
ORD04341,2026-09-19T19:22:00+00:00,delivered,Hubballi,V067,DRV011
ORD04342,2026-09-22T00:40:00+00:00,delayed,Mysuru,V046,DRV111
ORD04343,2026-08-12T00:34:00+00:00,delivered,Coimbatore,V021,DRV057
ORD04344,2026-08-20T20:15:00+00:00,delivered,Hosur,V040,DRV078
ORD04345,2026-09-18T19:59:00+00:00,delivered,Pune,V021,DRV031
ORD04346,2026-08-24T19:22:00+00:00,in_transit,Coimbatore,V004,DRV004
ORD04347,2026-08-23T04:29:00+00:00,delayed,Pune,V039,DRV071
ORD04348,2026-08-12T18:18:00+00:00,delivered,Mysuru,V020,DRV039
ORD04349,2026-08-08T23:27:00+00:00,delivered,Tumakuru,V018,DRV067
ORD04350,2026-09-20T02:41:00+00:00,delivered,Mysuru,V058,DRV083
ORD04351,2026-09-21T22:32:00+00:00,in_transit,Hyderabad,V062,DRV111
ORD04352,2026-08-02T23:09:00+00:00,delivered,Mangaluru,V083,DRV040
ORD04353,2026-08-28T23:04:00+00:00,delivered,Coimbatore,V014,DRV006
ORD04354,2026-08-03T03:09:00+00:00,delivered,Mysuru,V051,DRV001
ORD04355,2026-08-11T05:39:00+00:00,delivered,Mangaluru,V031,DRV044
ORD04356,2026-08-28T17:13:00+00:00,delivered,Hosur,V093,DRV061
ORD04357,2026-09-02T17:07:00+00:00,delivered,Coimbatore,V089,DRV060
ORD04358,2026-08-08T04:43:00+00:00,delayed,Mangaluru,V098,DRV077
ORD04359,2026-09-14T19:01:00+00:00,delivered,Hosur,V095,DRV057
ORD04360,2026-09-13T22:16:00+00:00,delivered,Chennai,V010,DRV017
ORD04361,2026-08-21T10:18:00+00:00,in_transit,Hosur,V083,DRV082
ORD04362,2026-09-13T12:05:00+00:00,delivered,Chennai,V036,DRV047
ORD04363,2026-09-15T17:19:00+00:00,delivered,Mangaluru,V066,DRV104
ORD04364,2026-08-11T10:51:00+00:00,delivered,Coimbatore,V088,DRV004
ORD04365,2026-08-23T18:23:00+00:00,in_transit,Mysuru,V014,DRV045
ORD04366,2026-08-18T15:20:00+00:00,picked_up,Hosur,V014,DRV099
ORD04367,2026-08-13T20:37:00+00:00,delivered,Coimbatore,V036,DRV106
ORD04368,2026-08-17T15:41:00+00:00,delivered,Coimbatore,V087,DRV073
ORD04369,2026-08-21T19:22:00+00:00,delivered,Chennai,V054,DRV115
ORD04370,2026-09-12T19:09:00+00:00,cancelled,Coimbatore,V010,DRV099
ORD04371,2026-08-26T15:34:00+00:00,delivered,Mangaluru,V088,DRV115
ORD04372,2026-08-31T15:53:00+00:00,delayed,Hubballi,V087,DRV041
ORD04373,2026-09-17T04:09:00+00:00,delayed,Hosur,V087,DRV053
ORD04374,2026-09-19T00:36:00+00:00,cancelled,Pune,V076,DRV119
ORD04375,2026-08-04T13:03:00+00:00,delivered,Tumakuru,V018,DRV087
ORD04376,2026-08-29T09:44:00+00:00,delivered,Mysuru,V009,DRV016
ORD04377,2026-09-10T10:10:00+00:00,delivered,Chennai,V063,DRV069
ORD04378,2026-08-29T09:05:00+00:00,in_transit,Pune,V053,DRV062
ORD04379,2026-08-14T17:55:00+00:00,cancelled,Mangaluru,V017,DRV099
ORD04380,2026-08-24T13:44:00+00:00,in_transit,Coimbatore,V054,DRV061
ORD04381,2026-09-15T18:28:00+00:00,delivered,Pune,V100,DRV002
ORD04382,2026-09-12T04:32:00+00:00,delayed,Mangaluru,V089,DRV037
ORD04383,2026-08-23T11:33:00+00:00,delivered,Hubballi,V049,DRV085
ORD04384,2026-09-24T18:50:00+00:00,picked_up,Mysuru,V087,DRV008
ORD04385,2026-09-16T20:08:00+00:00,cancelled,Mangaluru,V060,DRV057
ORD04386,2026-09-22T06:17:00+00:00,delivered,Bengaluru,V060,DRV003
ORD04387,2026-08-06T10:46:00+00:00,delivered,Coimbatore,V055,DRV099
ORD04388,2026-08-08T16:04:00+00:00,picked_up,Hosur,V046,DRV089
ORD04389,2026-08-12T09:13:00+00:00,delivered,Coimbatore,V048,DRV077
ORD04390,2026-08-23T10:27:00+00:00,delivered,Pune,V098,DRV059
ORD04391,2026-09-04T19:09:00+00:00,picked_up,Pune,V061,DRV038
ORD04392,2026-08-13T15:00:00+00:00,delivered,Mangaluru,V084,DRV086
ORD04393,2026-08-31T21:00:00+00:00,delivered,Hyderabad,V082,DRV009
ORD04394,2026-08-03T18:31:00+00:00,delivered,Coimbatore,V063,DRV014
ORD04395,2026-08-19T14:23:00+00:00,delivered,Coimbatore,V005,DRV047
ORD04396,2026-08-25T05:52:00+00:00,delivered,Hubballi,V055,DRV101
ORD04397,2026-09-21T01:53:00+00:00,delivered,Bengaluru,V018,DRV041
ORD04398,2026-08-11T00:01:00+00:00,cancelled,Chennai,V041,DRV086
ORD04399,2026-09-07T17:25:00+00:00,delayed,Mysuru,V011,DRV069
ORD04400,2026-09-10T02:57:00+00:00,delayed,Coimbatore,V041,DRV069
ORD04401,2026-09-03T14:08:00+00:00,delivered,Mangaluru,V014,DRV035
ORD04402,2026-08-18T13:38:00+00:00,delivered,Coimbatore,V045,DRV072
ORD04403,2026-08-06T06:55:00+00:00,in_transit,Coimbatore,V086,DRV095
ORD04404,2026-08-04T00:06:00+00:00,delivered,Chennai,V064,DRV041
ORD04405,2026-08-09T03:42:00+00:00,in_transit,Coimbatore,V081,DRV106
ORD04406,2026-08-28T00:17:00+00:00,picked_up,Hubballi,V046,DRV024
ORD04407,2026-09-14T00:27:00+00:00,delivered,Tumakuru,V100,DRV117
ORD04408,2026-08-23T11:51:00+00:00,delivered,Hyderabad,V055,DRV037
ORD04409,2026-09-05T07:15:00+00:00,in_transit,Chennai,V066,DRV119
ORD04410,2026-09-09T16:22:00+00:00,delivered,Tumakuru,V095,DRV086
ORD04411,2026-09-15T11:14:00+00:00,delivered,Coimbatore,V030,DRV101
ORD04412,2026-09-04T16:16:00+00:00,delivered,Mangaluru,V013,DRV018
ORD04413,2026-09-12T19:21:00+00:00,delivered,Mysuru,V047,DRV033
ORD04414,2026-08-05T00:36:00+00:00,delivered,Hosur,V056,DRV008
ORD04415,2026-09-12T19:21:00+00:00,delivered,Mysuru,V073,DRV019
ORD04416,2026-09-13T12:02:00+00:00,delivered,Chennai,V016,DRV088
ORD04417,2026-09-03T22:29:00+00:00,delivered,Mangaluru,V030,DRV096
ORD04418,2026-09-16T11:57:00+00:00,picked_up,Coimbatore,V034,DRV035
ORD04419,2026-09-02T18:18:00+00:00,delivered,Hosur,V032,DRV055
ORD04420,2026-09-22T02:38:00+00:00,delivered,Hubballi,V034,DRV044
ORD04421,2026-09-11T14:18:00+00:00,delayed,Pune,V015,DRV023
ORD04422,2026-08-27T06:09:00+00:00,in_transit,Hosur,V085,DRV103
ORD04423,2026-08-21T21:02:00+00:00,delivered,Pune,V019,DRV120
ORD04424,2026-09-24T17:42:00+00:00,cancelled,Hubballi,V051,DRV111
ORD04425,2026-09-12T01:11:00+00:00,delivered,Chennai,V035,DRV091
ORD04426,2026-09-05T15:46:00+00:00,delivered,Coimbatore,V047,DRV013
ORD04427,2026-08-22T02:59:00+00:00,delivered,Mangaluru,V016,DRV003
ORD04428,2026-09-18T15:41:00+00:00,delayed,Mangaluru,V021,DRV005
ORD04429,2026-09-23T15:41:00+00:00,delivered,Mangaluru,V068,DRV092
ORD04430,2026-09-13T22:28:00+00:00,delayed,Tumakuru,V024,DRV027
ORD04431,2026-08-22T01:32:00+00:00,picked_up,Hubballi,V059,DRV025
ORD04432,2026-09-08T02:59:00+00:00,delayed,Hubballi,V075,DRV024
ORD04433,2026-08-02T02:56:00+00:00,delivered,Mysuru,V001,DRV063
ORD04434,2026-08-18T20:20:00+00:00,picked_up,Mysuru,V081,DRV033
ORD04435,2026-09-01T10:15:00+00:00,delivered,Mangaluru,V064,DRV009
ORD04436,2026-08-11T04:14:00+00:00,cancelled,Hosur,V046,DRV024
ORD04437,2026-09-11T06:44:00+00:00,delivered,Mangaluru,V086,DRV104
ORD04438,2026-08-20T03:17:00+00:00,picked_up,Hyderabad,V060,DRV058
ORD04439,2026-09-13T09:20:00+00:00,cancelled,Mangaluru,V036,DRV011
ORD04440,2026-09-11T11:19:00+00:00,in_transit,Coimbatore,V048,DRV078
ORD04441,2026-08-02T17:03:00+00:00,delivered,Tumakuru,V008,DRV061
ORD04442,2026-09-13T14:35:00+00:00,delivered,Mangaluru,V021,DRV097
ORD04443,2026-08-23T08:32:00+00:00,in_transit,Coimbatore,V083,DRV090
ORD04444,2026-08-22T11:45:00+00:00,delivered,Mangaluru,V042,DRV104
ORD04445,2026-09-11T23:25:00+00:00,delivered,Bengaluru,V080,DRV004
ORD04446,2026-09-20T08:43:00+00:00,delivered,Chennai,V008,DRV102
ORD04447,2026-08-07T04:39:00+00:00,delivered,Hyderabad,V002,DRV022
ORD04448,2026-08-05T12:42:00+00:00,delivered,Mysuru,V081,DRV070
ORD04449,2026-09-16T22:52:00+00:00,delayed,Hubballi,V063,DRV042
ORD04450,2026-08-31T22:55:00+00:00,in_transit,Hyderabad,V013,DRV039
ORD04451,2026-09-09T23:56:00+00:00,delivered,Mysuru,V032,DRV051
ORD04452,2026-09-10T15:35:00+00:00,delivered,Mangaluru,V055,DRV044
ORD04453,2026-08-04T19:58:00+00:00,delivered,Coimbatore,V029,DRV084
ORD04454,2026-08-05T05:41:00+00:00,in_transit,Mangaluru,V089,DRV034
ORD04455,2026-09-05T08:35:00+00:00,delivered,Tumakuru,V025,DRV119
ORD04456,2026-08-10T19:25:00+00:00,delivered,Hyderabad,V092,DRV097
ORD04457,2026-09-10T09:35:00+00:00,in_transit,Tumakuru,V087,DRV072
ORD04458,2026-09-10T19:08:00+00:00,delivered,Mysuru,V010,DRV097
ORD04459,2026-09-11T21:34:00+00:00,in_transit,Hosur,V055,DRV038
ORD04460,2026-09-22T21:11:00+00:00,delivered,Chennai,V079,DRV115
ORD04461,2026-08-05T19:42:00+00:00,delivered,Hyderabad,V021,DRV036
ORD04462,2026-08-25T07:33:00+00:00,delivered,Hosur,V086,DRV077
ORD04463,2026-09-09T22:40:00+00:00,delivered,Hosur,V035,DRV057
ORD04464,2026-09-23T18:36:00+00:00,delivered,Mangaluru,V045,DRV009
ORD04465,2026-09-22T19:34:00+00:00,delivered,Coimbatore,V056,DRV116
ORD04466,2026-08-15T12:57:00+00:00,delivered,Coimbatore,V027,DRV044
ORD04467,2026-09-05T11:00:00+00:00,picked_up,Hubballi,V024,DRV010
ORD04468,2026-09-20T12:26:00+00:00,delayed,Mysuru,V059,DRV085
ORD04469,2026-09-03T14:15:00+00:00,delivered,Bengaluru,V091,DRV040
ORD04470,2026-08-02T23:35:00+00:00,delivered,Mangaluru,V070,DRV101
ORD04471,2026-08-20T11:02:00+00:00,delivered,Pune,V078,DRV006
ORD04472,2026-08-07T21:45:00+00:00,picked_up,Mangaluru,V032,DRV106
ORD04473,2026-08-12T14:40:00+00:00,in_transit,Coimbatore,V042,DRV056
ORD04474,2026-09-10T10:12:00+00:00,picked_up,Mysuru,V057,DRV105
ORD04475,2026-08-05T02:26:00+00:00,delivered,Mysuru,V035,DRV049
ORD04476,2026-09-10T18:23:00+00:00,delivered,Hosur,V007,DRV101
ORD04477,2026-08-29T03:46:00+00:00,picked_up,Tumakuru,V037,DRV026
ORD04478,2026-08-22T17:42:00+00:00,delivered,Mangaluru,V090,DRV059
ORD04479,2026-09-13T14:43:00+00:00,delayed,Pune,V039,DRV107
ORD04480,2026-09-15T20:40:00+00:00,delivered,Coimbatore,V016,DRV068
ORD04481,2026-08-29T02:17:00+00:00,delivered,Hosur,V022,DRV063
ORD04482,2026-08-23T21:26:00+00:00,delivered,Mysuru,V094,DRV078
ORD04483,2026-08-20T02:27:00+00:00,delayed,Coimbatore,V088,DRV074
ORD04484,2026-08-13T11:14:00+00:00,delivered,Coimbatore,V029,DRV074
ORD04485,2026-09-21T07:48:00+00:00,delayed,Mysuru,V002,DRV060
ORD04486,2026-08-27T12:33:00+00:00,delayed,Hyderabad,V066,DRV034
ORD04487,2026-08-07T17:07:00+00:00,delivered,Mangaluru,V086,DRV035
ORD04488,2026-09-05T18:30:00+00:00,delivered,Mangaluru,V041,DRV054
ORD04489,2026-08-10T05:34:00+00:00,delivered,Pune,V095,DRV040
ORD04490,2026-09-14T22:10:00+00:00,picked_up,Bengaluru,V086,DRV058
ORD04491,2026-09-05T05:52:00+00:00,delivered,Hosur,V033,DRV062
ORD04492,2026-08-12T15:58:00+00:00,delivered,Pune,V086,DRV095
ORD04493,2026-08-29T11:34:00+00:00,delivered,Hosur,V042,DRV119
ORD04494,2026-08-06T20:19:00+00:00,delivered,Hubballi,V080,DRV069
ORD04495,2026-09-24T02:56:00+00:00,in_transit,Coimbatore,V063,DRV019
ORD04496,2026-08-13T22:18:00+00:00,delivered,Coimbatore,V056,DRV010
ORD04497,2026-08-16T14:25:00+00:00,in_transit,Coimbatore,V069,DRV060
ORD04498,2026-08-06T18:48:00+00:00,delivered,Tumakuru,V062,DRV018
ORD04499,2026-09-23T06:32:00+00:00,delivered,Bengaluru,V021,DRV103
ORD04500,2026-08-18T18:08:00+00:00,delivered,Coimbatore,V090,DRV025
ORD04501,2026-08-08T05:02:00+00:00,delivered,Pune,V015,DRV103
ORD04502,2026-09-02T07:35:00+00:00,delivered,Bengaluru,V069,DRV042
ORD04503,2026-08-13T04:41:00+00:00,in_transit,Coimbatore,V046,DRV020
ORD04504,2026-08-07T22:43:00+00:00,delivered,Mangaluru,V053,DRV078
ORD04505,2026-09-17T20:59:00+00:00,delivered,Hosur,V010,DRV120
ORD04506,2026-09-11T16:03:00+00:00,delayed,Chennai,V012,DRV085
ORD04507,2026-09-08T19:39:00+00:00,picked_up,Coimbatore,V056,DRV113
ORD04508,2026-09-02T09:17:00+00:00,delayed,Hosur,V096,DRV069
ORD04509,2026-09-18T15:39:00+00:00,picked_up,Hubballi,V042,DRV088
ORD04510,2026-09-23T04:30:00+00:00,cancelled,Coimbatore,V100,DRV106
ORD04511,2026-09-25T00:25:00+00:00,delivered,Mysuru,V061,DRV054
ORD04512,2026-08-27T00:46:00+00:00,delivered,Pune,V068,DRV111
ORD04513,2026-09-11T16:41:00+00:00,delivered,Hyderabad,V062,DRV073
ORD04514,2026-08-13T04:02:00+00:00,in_transit,Hyderabad,V064,DRV105
ORD04515,2026-08-12T15:04:00+00:00,picked_up,Mysuru,V025,DRV070
ORD04516,2026-08-12T13:03:00+00:00,delayed,Mangaluru,V047,DRV082
ORD04517,2026-09-02T04:29:00+00:00,delayed,Coimbatore,V049,DRV022
ORD04518,2026-08-14T18:57:00+00:00,delivered,Coimbatore,V051,DRV044
ORD04519,2026-09-24T21:03:00+00:00,delivered,Chennai,V087,DRV046
ORD04520,2026-08-13T01:53:00+00:00,delivered,Coimbatore,V042,DRV031
ORD04521,2026-08-22T10:17:00+00:00,delivered,Chennai,V064,DRV041
ORD04522,2026-08-15T15:59:00+00:00,delivered,Coimbatore,V037,DRV068
ORD04523,2026-09-14T12:10:00+00:00,delivered,Coimbatore,V002,DRV098
ORD04524,2026-09-16T22:38:00+00:00,delivered,Coimbatore,V075,DRV082
ORD04525,2026-08-25T03:25:00+00:00,delivered,Coimbatore,V039,DRV119
ORD04526,2026-08-02T04:36:00+00:00,delivered,Mysuru,V013,DRV086
ORD04527,2026-08-23T05:19:00+00:00,picked_up,Hosur,V017,DRV097
ORD04528,2026-09-14T14:15:00+00:00,delivered,Coimbatore,V044,DRV033
ORD04529,2026-08-12T17:00:00+00:00,delivered,Mangaluru,V061,DRV029
ORD04530,2026-08-10T21:09:00+00:00,delivered,Mangaluru,V013,DRV024
ORD04531,2026-09-01T03:20:00+00:00,picked_up,Chennai,V032,DRV075
ORD04532,2026-08-17T10:49:00+00:00,delivered,Mangaluru,V007,DRV107
ORD04533,2026-08-10T03:45:00+00:00,delivered,Coimbatore,V033,DRV107
ORD04534,2026-09-09T22:32:00+00:00,delivered,Coimbatore,V080,DRV110
ORD04535,2026-08-27T06:38:00+00:00,picked_up,Coimbatore,V061,DRV025
ORD04536,2026-09-25T00:19:00+00:00,picked_up,Mysuru,V029,DRV058
ORD04537,2026-09-01T17:30:00+00:00,in_transit,Mangaluru,V073,DRV090
ORD04538,2026-08-27T06:40:00+00:00,picked_up,Coimbatore,V011,DRV102
ORD04539,2026-08-04T02:06:00+00:00,picked_up,Pune,V091,DRV051
ORD04540,2026-08-26T06:49:00+00:00,picked_up,Hyderabad,V025,DRV051
ORD04541,2026-08-27T15:05:00+00:00,delivered,Mangaluru,V021,DRV096
ORD04542,2026-08-24T04:42:00+00:00,delivered,Coimbatore,V089,DRV098
ORD04543,2026-08-16T03:49:00+00:00,picked_up,Chennai,V057,DRV051
ORD04544,2026-09-12T05:17:00+00:00,delivered,Coimbatore,V081,DRV065
ORD04545,2026-08-06T05:20:00+00:00,in_transit,Chennai,V028,DRV025
ORD04546,2026-08-02T09:17:00+00:00,delivered,Mysuru,V006,DRV116
ORD04547,2026-09-01T06:29:00+00:00,delivered,Coimbatore,V055,DRV083
ORD04548,2026-09-06T20:17:00+00:00,delivered,Hyderabad,V053,DRV016
ORD04549,2026-09-12T08:09:00+00:00,in_transit,Hubballi,V031,DRV038
ORD04550,2026-08-21T06:56:00+00:00,delivered,Hubballi,V037,DRV105
ORD04551,2026-09-18T06:03:00+00:00,delivered,Chennai,V099,DRV009
ORD04552,2026-08-31T08:07:00+00:00,delivered,Bengaluru,V041,DRV064
ORD04553,2026-09-03T13:42:00+00:00,delivered,Coimbatore,V094,DRV108
ORD04554,2026-09-02T19:18:00+00:00,delayed,Hosur,V073,DRV047
ORD04555,2026-08-02T07:41:00+00:00,delivered,Chennai,V082,DRV118
ORD04556,2026-08-15T04:58:00+00:00,delivered,Mysuru,V051,DRV095
ORD04557,2026-08-09T01:57:00+00:00,delivered,Coimbatore,V021,DRV024
ORD04558,2026-08-31T23:41:00+00:00,delivered,Hubballi,V076,DRV082
ORD04559,2026-08-22T00:52:00+00:00,delivered,Mangaluru,V053,DRV006
ORD04560,2026-09-09T07:33:00+00:00,delivered,Mysuru,V008,DRV024
ORD04561,2026-08-21T03:26:00+00:00,delayed,Hyderabad,V020,DRV023
ORD04562,2026-08-19T11:05:00+00:00,delivered,Pune,V097,DRV020
ORD04563,2026-08-16T08:13:00+00:00,in_transit,Chennai,V048,DRV005
ORD04564,2026-08-13T04:44:00+00:00,in_transit,Coimbatore,V004,DRV059
ORD04565,2026-08-06T03:29:00+00:00,picked_up,Mysuru,V060,DRV069
ORD04566,2026-09-11T19:17:00+00:00,in_transit,Bengaluru,V004,DRV007
ORD04567,2026-09-06T13:16:00+00:00,delivered,Coimbatore,V051,DRV049
ORD04568,2026-09-09T08:35:00+00:00,picked_up,Coimbatore,V001,DRV088
ORD04569,2026-09-07T09:10:00+00:00,delivered,Chennai,V088,DRV096
ORD04570,2026-08-31T17:52:00+00:00,in_transit,Mangaluru,V043,DRV101
ORD04571,2026-08-17T20:17:00+00:00,delivered,Mangaluru,V073,DRV097
ORD04572,2026-09-10T22:21:00+00:00,delayed,Mangaluru,V021,DRV063
ORD04573,2026-08-16T03:41:00+00:00,delivered,Tumakuru,V008,DRV094
ORD04574,2026-08-23T02:06:00+00:00,delivered,Coimbatore,V033,DRV113
ORD04575,2026-08-05T09:24:00+00:00,delivered,Chennai,V039,DRV077
ORD04576,2026-09-04T15:27:00+00:00,picked_up,Coimbatore,V051,DRV022
ORD04577,2026-09-13T02:07:00+00:00,picked_up,Chennai,V079,DRV022
ORD04578,2026-08-02T22:17:00+00:00,delayed,Mysuru,V088,DRV120
ORD04579,2026-08-30T12:32:00+00:00,delivered,Mysuru,V012,DRV030
ORD04580,2026-09-19T09:07:00+00:00,delivered,Mangaluru,V084,DRV031
ORD04581,2026-08-12T04:54:00+00:00,delivered,Mysuru,V095,DRV025
ORD04582,2026-08-07T09:20:00+00:00,picked_up,Coimbatore,V083,DRV107
ORD04583,2026-08-23T14:46:00+00:00,in_transit,Mysuru,V079,DRV071
ORD04584,2026-08-03T14:36:00+00:00,delivered,Coimbatore,V028,DRV013
ORD04585,2026-08-01T14:30:00+00:00,in_transit,Mysuru,V031,DRV075
ORD04586,2026-08-07T16:47:00+00:00,picked_up,Hubballi,V032,DRV105
ORD04587,2026-08-01T11:21:00+00:00,in_transit,Mangaluru,V023,DRV011
ORD04588,2026-08-23T07:49:00+00:00,delivered,Coimbatore,V077,DRV118
ORD04589,2026-08-11T06:42:00+00:00,delivered,Tumakuru,V045,DRV078
ORD04590,2026-09-14T05:58:00+00:00,in_transit,Hosur,V052,DRV116
ORD04591,2026-08-10T17:20:00+00:00,in_transit,Hyderabad,V082,DRV097
ORD04592,2026-08-20T10:52:00+00:00,picked_up,Mangaluru,V023,DRV038
ORD04593,2026-09-16T13:47:00+00:00,picked_up,Hubballi,V062,DRV015
ORD04594,2026-09-15T02:13:00+00:00,delivered,Hyderabad,V080,DRV015
ORD04595,2026-09-20T07:26:00+00:00,delivered,Coimbatore,V018,DRV062
ORD04596,2026-08-06T01:15:00+00:00,delivered,Mysuru,V031,DRV085
ORD04597,2026-08-26T20:21:00+00:00,in_transit,Bengaluru,V073,DRV083
ORD04598,2026-08-11T12:51:00+00:00,delivered,Mangaluru,V088,DRV002
ORD04599,2026-08-17T08:03:00+00:00,delivered,Hubballi,V010,DRV070
ORD04600,2026-09-11T02:01:00+00:00,delivered,Coimbatore,V047,DRV019
ORD04601,2026-08-11T05:45:00+00:00,delivered,Coimbatore,V060,DRV073
ORD04602,2026-08-20T14:56:00+00:00,delivered,Pune,V050,DRV064
ORD04603,2026-09-10T19:03:00+00:00,delivered,Bengaluru,V015,DRV103
ORD04604,2026-08-13T11:36:00+00:00,cancelled,Chennai,V001,DRV023
ORD04605,2026-09-16T08:05:00+00:00,delivered,Coimbatore,V033,DRV097
ORD04606,2026-08-02T11:25:00+00:00,delivered,Mangaluru,V006,DRV079
ORD04607,2026-08-31T20:24:00+00:00,delivered,Mangaluru,V003,DRV037
ORD04608,2026-09-17T16:16:00+00:00,delivered,Hyderabad,V010,DRV008
ORD04609,2026-08-30T07:27:00+00:00,delivered,Mangaluru,V034,DRV065
ORD04610,2026-09-07T18:32:00+00:00,picked_up,Mangaluru,V058,DRV008
ORD04611,2026-09-09T17:20:00+00:00,delivered,Mysuru,V063,DRV007
ORD04612,2026-09-05T22:33:00+00:00,delivered,Hosur,V038,DRV107
ORD04613,2026-08-30T11:22:00+00:00,delivered,Mangaluru,V001,DRV011
ORD04614,2026-09-11T14:09:00+00:00,in_transit,Mangaluru,V057,DRV032
ORD04615,2026-08-11T17:45:00+00:00,picked_up,Mysuru,V071,DRV117
ORD04616,2026-08-10T20:21:00+00:00,delivered,Hubballi,V021,DRV009
ORD04617,2026-08-18T22:23:00+00:00,picked_up,Mysuru,V069,DRV004
ORD04618,2026-08-17T10:51:00+00:00,delivered,Mysuru,V052,DRV041
ORD04619,2026-09-13T08:30:00+00:00,picked_up,Mangaluru,V093,DRV012
ORD04620,2026-09-19T07:18:00+00:00,delivered,Mangaluru,V057,DRV073
ORD04621,2026-08-16T03:11:00+00:00,picked_up,Coimbatore,V033,DRV107
ORD04622,2026-08-03T12:05:00+00:00,delivered,Mysuru,V039,DRV070
ORD04623,2026-08-12T02:58:00+00:00,in_transit,Chennai,V016,DRV013
ORD04624,2026-09-06T15:52:00+00:00,delivered,Hosur,V054,DRV116
ORD04625,2026-09-21T14:19:00+00:00,delivered,Mangaluru,V004,DRV013
ORD04626,2026-08-09T18:51:00+00:00,delivered,Chennai,V040,DRV043
ORD04627,2026-08-12T20:07:00+00:00,picked_up,Mysuru,V086,DRV027
ORD04628,2026-08-22T02:41:00+00:00,delivered,Hubballi,V065,DRV112
ORD04629,2026-08-30T14:28:00+00:00,picked_up,Coimbatore,V094,DRV020
ORD04630,2026-08-17T17:11:00+00:00,delivered,Hyderabad,V068,DRV073
ORD04631,2026-09-15T18:52:00+00:00,delivered,Hubballi,V059,DRV022
ORD04632,2026-09-13T00:59:00+00:00,picked_up,Mangaluru,V081,DRV003
ORD04633,2026-08-23T07:38:00+00:00,in_transit,Mangaluru,V052,DRV086
ORD04634,2026-08-29T03:03:00+00:00,delayed,Pune,V037,DRV069
ORD04635,2026-08-23T16:13:00+00:00,in_transit,Hosur,V030,DRV041
ORD04636,2026-09-25T00:38:00+00:00,delivered,Chennai,V094,DRV071
ORD04637,2026-08-15T06:43:00+00:00,delivered,Mangaluru,V043,DRV111
ORD04638,2026-09-05T16:51:00+00:00,in_transit,Hyderabad,V008,DRV110
ORD04639,2026-08-23T10:10:00+00:00,delivered,Coimbatore,V008,DRV015
ORD04640,2026-09-06T10:05:00+00:00,in_transit,Coimbatore,V033,DRV113
ORD04641,2026-09-06T14:30:00+00:00,delivered,Hubballi,V068,DRV072
ORD04642,2026-09-03T07:32:00+00:00,delivered,Coimbatore,V037,DRV036
ORD04643,2026-08-28T22:30:00+00:00,delivered,Pune,V038,DRV120
ORD04644,2026-09-12T16:59:00+00:00,delivered,Chennai,V074,DRV034
ORD04645,2026-08-16T06:00:00+00:00,delayed,Hyderabad,V011,DRV081
ORD04646,2026-09-04T12:41:00+00:00,delivered,Coimbatore,V015,DRV116
ORD04647,2026-08-11T05:28:00+00:00,delivered,Mysuru,V053,DRV035
ORD04648,2026-08-27T07:32:00+00:00,delivered,Hosur,V077,DRV113
ORD04649,2026-09-10T06:44:00+00:00,delayed,Mysuru,V042,DRV028
ORD04650,2026-08-11T19:40:00+00:00,delivered,Coimbatore,V001,DRV008
ORD04651,2026-09-03T15:53:00+00:00,cancelled,Hubballi,V084,DRV010
ORD04652,2026-09-21T21:51:00+00:00,delivered,Mangaluru,V088,DRV115
ORD04653,2026-09-20T18:52:00+00:00,delivered,Hubballi,V042,DRV095
ORD04654,2026-08-09T13:24:00+00:00,delivered,Chennai,V052,DRV039
ORD04655,2026-08-16T12:41:00+00:00,delivered,Hosur,V096,DRV007
ORD04656,2026-08-02T06:14:00+00:00,delivered,Coimbatore,V095,DRV096
ORD04657,2026-09-04T13:03:00+00:00,picked_up,Mysuru,V077,DRV081
ORD04658,2026-08-10T13:12:00+00:00,picked_up,Hubballi,V019,DRV103
ORD04659,2026-09-05T03:44:00+00:00,delivered,Tumakuru,V055,DRV010
ORD04660,2026-09-22T22:14:00+00:00,delivered,Hubballi,V014,DRV116
ORD04661,2026-08-18T11:11:00+00:00,delivered,Coimbatore,V006,DRV001
ORD04662,2026-08-16T06:21:00+00:00,in_transit,Mangaluru,V080,DRV070
ORD04663,2026-08-11T09:02:00+00:00,picked_up,Coimbatore,V008,DRV071
ORD04664,2026-09-20T00:40:00+00:00,delivered,Mangaluru,V048,DRV005
ORD04665,2026-09-11T10:41:00+00:00,delivered,Mysuru,V034,DRV021
ORD04666,2026-08-27T01:02:00+00:00,delivered,Mysuru,V035,DRV018
ORD04667,2026-08-21T07:41:00+00:00,picked_up,Hyderabad,V022,DRV032
ORD04668,2026-09-22T20:39:00+00:00,delivered,Pune,V067,DRV091
ORD04669,2026-09-13T01:17:00+00:00,in_transit,Mangaluru,V028,DRV115
ORD04670,2026-08-03T20:40:00+00:00,delivered,Mangaluru,V064,DRV062
ORD04671,2026-09-18T16:24:00+00:00,picked_up,Coimbatore,V027,DRV050
ORD04672,2026-08-29T14:48:00+00:00,delayed,Hyderabad,V013,DRV006
ORD04673,2026-09-18T22:58:00+00:00,delivered,Mangaluru,V001,DRV099
ORD04674,2026-08-22T17:14:00+00:00,delivered,Coimbatore,V056,DRV095
ORD04675,2026-09-20T05:18:00+00:00,in_transit,Pune,V080,DRV081
ORD04676,2026-09-08T04:06:00+00:00,delivered,Mysuru,V040,DRV087
ORD04677,2026-08-30T22:11:00+00:00,picked_up,Tumakuru,V022,DRV012
ORD04678,2026-08-13T00:52:00+00:00,delivered,Mangaluru,V085,DRV018
ORD04679,2026-08-10T16:01:00+00:00,delivered,Hyderabad,V017,DRV110
ORD04680,2026-08-06T16:47:00+00:00,delivered,Mangaluru,V078,DRV082
ORD04681,2026-08-23T01:22:00+00:00,delivered,Coimbatore,V036,DRV083
ORD04682,2026-08-31T05:50:00+00:00,delivered,Hyderabad,V058,DRV093
ORD04683,2026-08-21T11:24:00+00:00,delivered,Hosur,V033,DRV072
ORD04684,2026-08-16T16:16:00+00:00,delivered,Hyderabad,V043,DRV105
ORD04685,2026-09-24T00:16:00+00:00,picked_up,Hosur,V007,DRV011
ORD04686,2026-09-13T22:21:00+00:00,in_transit,Coimbatore,V082,DRV117
ORD04687,2026-08-30T22:29:00+00:00,picked_up,Mysuru,V027,DRV101
ORD04688,2026-09-21T10:07:00+00:00,in_transit,Coimbatore,V019,DRV008
ORD04689,2026-09-10T01:16:00+00:00,delivered,Tumakuru,V072,DRV034
ORD04690,2026-08-12T20:38:00+00:00,delivered,Pune,V054,DRV073
ORD04691,2026-09-19T14:30:00+00:00,delivered,Coimbatore,V091,DRV026
ORD04692,2026-08-31T10:25:00+00:00,delivered,Hosur,V037,DRV054
ORD04693,2026-08-16T06:35:00+00:00,delivered,Hosur,V008,DRV066
ORD04694,2026-08-23T14:21:00+00:00,delivered,Coimbatore,V053,DRV010
ORD04695,2026-08-18T10:01:00+00:00,delivered,Hosur,V067,DRV023
ORD04696,2026-08-21T01:46:00+00:00,in_transit,Coimbatore,V006,DRV037
ORD04697,2026-09-05T04:47:00+00:00,delivered,Pune,V032,DRV026
ORD04698,2026-08-27T17:30:00+00:00,delivered,Coimbatore,V068,DRV084
ORD04699,2026-08-05T23:30:00+00:00,in_transit,Hosur,V087,DRV003
ORD04700,2026-09-12T22:00:00+00:00,picked_up,Coimbatore,V070,DRV007
ORD04701,2026-08-23T01:09:00+00:00,picked_up,Coimbatore,V063,DRV093
ORD04702,2026-09-11T12:46:00+00:00,delivered,Hubballi,V054,DRV044
ORD04703,2026-09-01T19:58:00+00:00,delivered,Pune,V080,DRV114
ORD04704,2026-08-11T03:22:00+00:00,in_transit,Chennai,V090,DRV033
ORD04705,2026-08-05T17:52:00+00:00,delivered,Chennai,V080,DRV027
ORD04706,2026-08-22T11:54:00+00:00,picked_up,Coimbatore,V069,DRV080
ORD04707,2026-08-08T17:35:00+00:00,delivered,Coimbatore,V087,DRV096
ORD04708,2026-08-29T19:26:00+00:00,delivered,Chennai,V004,DRV060
ORD04709,2026-08-02T16:39:00+00:00,delivered,Mysuru,V055,DRV002
ORD04710,2026-08-30T07:19:00+00:00,in_transit,Chennai,V016,DRV096
ORD04711,2026-09-09T21:05:00+00:00,delivered,Mangaluru,V054,DRV037
ORD04712,2026-09-11T07:46:00+00:00,in_transit,Coimbatore,V075,DRV059
ORD04713,2026-08-26T19:01:00+00:00,delivered,Coimbatore,V073,DRV042
ORD04714,2026-08-04T05:33:00+00:00,delivered,Mangaluru,V095,DRV103
ORD04715,2026-08-11T08:46:00+00:00,delivered,Hubballi,V070,DRV024
ORD04716,2026-09-25T01:50:00+00:00,picked_up,Mangaluru,V076,DRV086
ORD04717,2026-08-08T17:38:00+00:00,delivered,Pune,V093,DRV043
ORD04718,2026-08-29T17:00:00+00:00,picked_up,Coimbatore,V051,DRV085
ORD04719,2026-08-30T07:07:00+00:00,delivered,Mysuru,V075,DRV001
ORD04720,2026-08-16T15:38:00+00:00,delivered,Coimbatore,V020,DRV113
ORD04721,2026-09-03T11:00:00+00:00,delivered,Pune,V064,DRV114
ORD04722,2026-09-12T19:57:00+00:00,delayed,Hyderabad,V077,DRV088
ORD04723,2026-09-04T09:20:00+00:00,delivered,Coimbatore,V006,DRV096
ORD04724,2026-09-01T07:40:00+00:00,picked_up,Mysuru,V096,DRV017
ORD04725,2026-08-08T02:13:00+00:00,delivered,Hubballi,V092,DRV005
ORD04726,2026-08-05T03:41:00+00:00,in_transit,Mysuru,V014,DRV053
ORD04727,2026-08-02T07:05:00+00:00,delayed,Coimbatore,V076,DRV080
ORD04728,2026-09-02T02:32:00+00:00,delivered,Mangaluru,V023,DRV063
ORD04729,2026-09-15T23:34:00+00:00,delayed,Pune,V086,DRV112
ORD04730,2026-09-14T14:56:00+00:00,in_transit,Bengaluru,V065,DRV044
ORD04731,2026-09-05T19:02:00+00:00,delivered,Mysuru,V066,DRV009
ORD04732,2026-08-30T18:06:00+00:00,delivered,Bengaluru,V054,DRV087
ORD04733,2026-09-21T02:33:00+00:00,cancelled,Coimbatore,V039,DRV006
ORD04734,2026-09-05T10:37:00+00:00,delivered,Chennai,V082,DRV002
ORD04735,2026-09-07T18:46:00+00:00,delivered,Pune,V010,DRV029
ORD04736,2026-08-18T04:49:00+00:00,delivered,Coimbatore,V048,DRV120
ORD04737,2026-09-06T23:54:00+00:00,delivered,Coimbatore,V017,DRV011
ORD04738,2026-08-29T14:23:00+00:00,in_transit,Hosur,V098,DRV090
ORD04739,2026-09-17T22:11:00+00:00,delivered,Coimbatore,V097,DRV106
ORD04740,2026-09-22T05:20:00+00:00,delivered,Pune,V029,DRV008
ORD04741,2026-08-24T18:58:00+00:00,delayed,Coimbatore,V050,DRV074
ORD04742,2026-08-08T05:07:00+00:00,delivered,Coimbatore,V018,DRV031
ORD04743,2026-08-26T19:34:00+00:00,delivered,Mangaluru,V092,DRV099
ORD04744,2026-08-19T15:36:00+00:00,cancelled,Hosur,V097,DRV078
ORD04745,2026-08-02T16:43:00+00:00,picked_up,Hubballi,V047,DRV086
ORD04746,2026-09-08T07:34:00+00:00,delayed,Hyderabad,V023,DRV025
ORD04747,2026-09-08T03:32:00+00:00,delivered,Hubballi,V083,DRV095
ORD04748,2026-09-05T16:19:00+00:00,in_transit,Coimbatore,V038,DRV022
ORD04749,2026-08-28T07:15:00+00:00,picked_up,Hyderabad,V091,DRV005
ORD04750,2026-08-02T20:27:00+00:00,delivered,Coimbatore,V017,DRV040
ORD04751,2026-09-04T20:01:00+00:00,delivered,Coimbatore,V042,DRV017
ORD04752,2026-08-11T15:39:00+00:00,in_transit,Pune,V089,DRV097
ORD04753,2026-08-01T11:51:00+00:00,in_transit,Tumakuru,V055,DRV110
ORD04754,2026-08-13T16:16:00+00:00,in_transit,Chennai,V072,DRV043
ORD04755,2026-08-15T23:27:00+00:00,delivered,Hyderabad,V011,DRV060
ORD04756,2026-09-08T15:50:00+00:00,delivered,Coimbatore,V030,DRV051
ORD04757,2026-08-07T20:03:00+00:00,in_transit,Chennai,V021,DRV054
ORD04758,2026-08-18T18:29:00+00:00,delivered,Chennai,V088,DRV063
ORD04759,2026-08-26T10:52:00+00:00,cancelled,Coimbatore,V004,DRV107
ORD04760,2026-09-01T11:23:00+00:00,in_transit,Hubballi,V026,DRV086
ORD04761,2026-09-01T09:22:00+00:00,delivered,Mysuru,V089,DRV058
ORD04762,2026-09-23T02:59:00+00:00,in_transit,Hyderabad,V007,DRV105
ORD04763,2026-09-15T18:52:00+00:00,delivered,Bengaluru,V008,DRV059
ORD04764,2026-08-15T00:07:00+00:00,delivered,Hosur,V080,DRV038
ORD04765,2026-08-15T13:50:00+00:00,delayed,Pune,V077,DRV065
ORD04766,2026-08-31T00:23:00+00:00,delivered,Hyderabad,V076,DRV060
ORD04767,2026-09-22T10:00:00+00:00,delivered,Mangaluru,V052,DRV093
ORD04768,2026-09-07T19:52:00+00:00,picked_up,Mangaluru,V018,DRV066
ORD04769,2026-09-21T17:09:00+00:00,in_transit,Chennai,V085,DRV035
ORD04770,2026-08-28T20:37:00+00:00,in_transit,Coimbatore,V034,DRV075
ORD04771,2026-09-11T18:54:00+00:00,delivered,Mysuru,V053,DRV111
ORD04772,2026-09-18T19:38:00+00:00,picked_up,Tumakuru,V044,DRV081
ORD04773,2026-08-09T10:12:00+00:00,in_transit,Coimbatore,V077,DRV045
ORD04774,2026-08-14T01:01:00+00:00,picked_up,Coimbatore,V073,DRV090
ORD04775,2026-08-11T16:13:00+00:00,in_transit,Chennai,V037,DRV012
ORD04776,2026-09-04T20:59:00+00:00,delivered,Coimbatore,V100,DRV042
ORD04777,2026-09-14T20:56:00+00:00,delivered,Pune,V057,DRV018
ORD04778,2026-08-20T13:21:00+00:00,in_transit,Coimbatore,V071,DRV013
ORD04779,2026-09-08T22:20:00+00:00,delivered,Hosur,V062,DRV055
ORD04780,2026-08-19T07:00:00+00:00,in_transit,Pune,V029,DRV038
ORD04781,2026-09-08T09:56:00+00:00,delivered,Hubballi,V059,DRV082
ORD04782,2026-08-30T20:36:00+00:00,delivered,Bengaluru,V037,DRV108
ORD04783,2026-08-04T07:39:00+00:00,delivered,Mangaluru,V051,DRV105
ORD04784,2026-08-08T00:25:00+00:00,delivered,Hosur,V093,DRV077
ORD04785,2026-09-20T04:18:00+00:00,in_transit,Mysuru,V064,DRV096
ORD04786,2026-09-15T20:06:00+00:00,delivered,Chennai,V016,DRV008
ORD04787,2026-08-13T13:25:00+00:00,cancelled,Hyderabad,V023,DRV055
ORD04788,2026-09-15T06:48:00+00:00,delayed,Mangaluru,V007,DRV088
ORD04789,2026-08-28T21:31:00+00:00,delivered,Coimbatore,V012,DRV100
ORD04790,2026-09-12T17:06:00+00:00,delayed,Mysuru,V002,DRV006
ORD04791,2026-08-04T07:57:00+00:00,delivered,Coimbatore,V067,DRV065
ORD04792,2026-08-22T06:06:00+00:00,in_transit,Mangaluru,V094,DRV064
ORD04793,2026-08-22T03:58:00+00:00,picked_up,Hosur,V082,DRV005
ORD04794,2026-08-10T19:19:00+00:00,in_transit,Coimbatore,V041,DRV074
ORD04795,2026-08-20T23:53:00+00:00,delivered,Pune,V026,DRV002
ORD04796,2026-08-24T02:09:00+00:00,in_transit,Tumakuru,V091,DRV023
ORD04797,2026-09-23T01:52:00+00:00,in_transit,Coimbatore,V026,DRV097
ORD04798,2026-08-27T20:49:00+00:00,delivered,Hosur,V074,DRV037
ORD04799,2026-09-10T21:59:00+00:00,in_transit,Coimbatore,V095,DRV106
ORD04800,2026-08-23T15:01:00+00:00,in_transit,Coimbatore,V091,DRV058
ORD04801,2026-08-04T08:10:00+00:00,cancelled,Hosur,V050,DRV107
ORD04802,2026-08-29T09:31:00+00:00,delivered,Bengaluru,V028,DRV073
ORD04803,2026-08-27T07:17:00+00:00,delivered,Hubballi,V090,DRV084
ORD04804,2026-09-16T17:00:00+00:00,delivered,Hyderabad,V031,DRV021
ORD04805,2026-09-10T22:44:00+00:00,delayed,Mysuru,V024,DRV050
ORD04806,2026-08-01T14:40:00+00:00,delivered,Mangaluru,V045,DRV120
ORD04807,2026-08-11T16:52:00+00:00,delivered,Mangaluru,V014,DRV010
ORD04808,2026-09-09T21:08:00+00:00,picked_up,Mangaluru,V052,DRV108
ORD04809,2026-08-13T11:00:00+00:00,cancelled,Hyderabad,V086,DRV072
ORD04810,2026-08-06T11:41:00+00:00,picked_up,Mangaluru,V068,DRV057
ORD04811,2026-09-02T13:27:00+00:00,delivered,Tumakuru,V097,DRV117
ORD04812,2026-09-08T01:37:00+00:00,delivered,Coimbatore,V057,DRV063
ORD04813,2026-08-16T13:54:00+00:00,delivered,Coimbatore,V077,DRV061
ORD04814,2026-09-12T12:56:00+00:00,delivered,Mangaluru,V052,DRV037
ORD04815,2026-09-03T06:14:00+00:00,delivered,Hubballi,V096,DRV040
ORD04816,2026-08-17T07:16:00+00:00,delivered,Pune,V093,DRV039
ORD04817,2026-09-08T08:39:00+00:00,in_transit,Coimbatore,V078,DRV074
ORD04818,2026-08-10T15:42:00+00:00,delayed,Hubballi,V014,DRV105
ORD04819,2026-08-23T20:25:00+00:00,delayed,Hyderabad,V070,DRV111
ORD04820,2026-09-08T23:25:00+00:00,delivered,Hosur,V054,DRV064
ORD04821,2026-09-18T11:11:00+00:00,delivered,Chennai,V078,DRV070
ORD04822,2026-08-21T12:21:00+00:00,delivered,Coimbatore,V042,DRV090
ORD04823,2026-09-16T11:46:00+00:00,cancelled,Mysuru,V007,DRV032
ORD04824,2026-08-23T00:59:00+00:00,picked_up,Bengaluru,V100,DRV070
ORD04825,2026-09-02T20:41:00+00:00,delivered,Coimbatore,V099,DRV042
ORD04826,2026-08-29T23:48:00+00:00,picked_up,Hyderabad,V044,DRV093
ORD04827,2026-09-18T19:11:00+00:00,delivered,Coimbatore,V082,DRV026
ORD04828,2026-08-09T06:23:00+00:00,delivered,Hubballi,V086,DRV068
ORD04829,2026-09-22T20:54:00+00:00,picked_up,Mangaluru,V095,DRV033
ORD04830,2026-09-12T21:44:00+00:00,delivered,Hubballi,V088,DRV072
ORD04831,2026-09-10T14:54:00+00:00,delayed,Mangaluru,V089,DRV024
ORD04832,2026-08-12T05:28:00+00:00,delayed,Coimbatore,V020,DRV023
ORD04833,2026-08-21T08:52:00+00:00,delivered,Pune,V097,DRV090
ORD04834,2026-08-23T00:22:00+00:00,in_transit,Hubballi,V033,DRV112
ORD04835,2026-09-03T16:56:00+00:00,delivered,Mangaluru,V070,DRV079
ORD04836,2026-08-22T21:27:00+00:00,delivered,Pune,V099,DRV001
ORD04837,2026-08-21T15:09:00+00:00,delivered,Bengaluru,V021,DRV065
ORD04838,2026-08-30T22:15:00+00:00,in_transit,Coimbatore,V079,DRV002
ORD04839,2026-09-04T20:41:00+00:00,delivered,Tumakuru,V013,DRV055
ORD04840,2026-08-09T14:36:00+00:00,delivered,Coimbatore,V100,DRV095
ORD04841,2026-08-16T20:42:00+00:00,picked_up,Coimbatore,V053,DRV117
ORD04842,2026-08-20T05:34:00+00:00,delivered,Mangaluru,V050,DRV007
ORD04843,2026-09-22T16:24:00+00:00,delivered,Pune,V047,DRV070
ORD04844,2026-08-27T09:21:00+00:00,delivered,Coimbatore,V086,DRV028
ORD04845,2026-08-19T11:15:00+00:00,delivered,Coimbatore,V071,DRV038
ORD04846,2026-08-15T10:35:00+00:00,delayed,Hyderabad,V020,DRV066
ORD04847,2026-08-29T11:25:00+00:00,in_transit,Bengaluru,V066,DRV106
ORD04848,2026-08-08T14:15:00+00:00,in_transit,Hosur,V056,DRV104
ORD04849,2026-08-04T07:21:00+00:00,delivered,Coimbatore,V013,DRV008
ORD04850,2026-09-04T07:22:00+00:00,delivered,Chennai,V097,DRV019
ORD04851,2026-08-29T00:43:00+00:00,delivered,Mysuru,V097,DRV001
ORD04852,2026-09-04T16:16:00+00:00,delivered,Mangaluru,V074,DRV046
ORD04853,2026-09-16T17:08:00+00:00,delivered,Hyderabad,V055,DRV011
ORD04854,2026-08-06T15:15:00+00:00,delivered,Mysuru,V050,DRV115
ORD04855,2026-08-02T19:06:00+00:00,in_transit,Hyderabad,V057,DRV034
ORD04856,2026-08-10T18:09:00+00:00,picked_up,Mysuru,V093,DRV049
ORD04857,2026-08-03T07:16:00+00:00,delivered,Hyderabad,V081,DRV063
ORD04858,2026-08-21T05:45:00+00:00,picked_up,Hyderabad,V019,DRV117
ORD04859,2026-08-17T07:28:00+00:00,picked_up,Coimbatore,V036,DRV020
ORD04860,2026-08-24T09:12:00+00:00,picked_up,Mangaluru,V002,DRV059
ORD04861,2026-09-12T07:30:00+00:00,delayed,Chennai,V079,DRV067
ORD04862,2026-08-03T11:48:00+00:00,cancelled,Hosur,V082,DRV120
ORD04863,2026-08-09T15:20:00+00:00,delivered,Mangaluru,V044,DRV030
ORD04864,2026-08-08T10:31:00+00:00,delivered,Hosur,V074,DRV098
ORD04865,2026-08-16T18:10:00+00:00,in_transit,Mysuru,V071,DRV089
ORD04866,2026-08-15T09:29:00+00:00,delivered,Pune,V024,DRV065
ORD04867,2026-08-05T11:58:00+00:00,delivered,Coimbatore,V088,DRV046
ORD04868,2026-09-19T21:52:00+00:00,delivered,Coimbatore,V021,DRV054
ORD04869,2026-08-05T04:51:00+00:00,picked_up,Hosur,V098,DRV008
ORD04870,2026-09-24T17:27:00+00:00,delivered,Coimbatore,V077,DRV038
ORD04871,2026-09-03T11:37:00+00:00,delivered,Mangaluru,V097,DRV022
ORD04872,2026-08-14T22:48:00+00:00,delayed,Coimbatore,V031,DRV072
ORD04873,2026-08-22T08:09:00+00:00,delivered,Coimbatore,V051,DRV046
ORD04874,2026-09-23T22:54:00+00:00,delivered,Coimbatore,V094,DRV072
ORD04875,2026-08-03T14:31:00+00:00,delivered,Coimbatore,V082,DRV033
ORD04876,2026-08-23T09:26:00+00:00,picked_up,Chennai,V076,DRV084
ORD04877,2026-08-06T10:58:00+00:00,delayed,Hosur,V035,DRV120
ORD04878,2026-08-31T13:02:00+00:00,in_transit,Chennai,V041,DRV016
ORD04879,2026-09-14T13:01:00+00:00,delivered,Hubballi,V008,DRV079
ORD04880,2026-08-24T10:41:00+00:00,delivered,Hyderabad,V089,DRV030
ORD04881,2026-08-12T10:49:00+00:00,delivered,Hyderabad,V033,DRV110
ORD04882,2026-09-02T15:44:00+00:00,delivered,Mysuru,V087,DRV114
ORD04883,2026-08-31T02:45:00+00:00,in_transit,Coimbatore,V063,DRV097
ORD04884,2026-09-24T14:27:00+00:00,delivered,Coimbatore,V049,DRV001
ORD04885,2026-09-04T11:56:00+00:00,delayed,Coimbatore,V099,DRV038
ORD04886,2026-08-01T19:19:00+00:00,in_transit,Mysuru,V070,DRV001
ORD04887,2026-08-20T04:39:00+00:00,delivered,Coimbatore,V020,DRV046
ORD04888,2026-08-20T16:13:00+00:00,in_transit,Hubballi,V100,DRV047
ORD04889,2026-09-06T04:25:00+00:00,in_transit,Coimbatore,V091,DRV043
ORD04890,2026-09-09T05:44:00+00:00,delivered,Mangaluru,V038,DRV072
ORD04891,2026-08-18T22:25:00+00:00,delivered,Mysuru,V067,DRV009
ORD04892,2026-09-20T11:42:00+00:00,delivered,Hubballi,V044,DRV032
ORD04893,2026-09-17T02:59:00+00:00,delivered,Coimbatore,V079,DRV029
ORD04894,2026-08-23T01:47:00+00:00,in_transit,Pune,V018,DRV095
ORD04895,2026-09-01T13:35:00+00:00,delivered,Pune,V077,DRV104
ORD04896,2026-08-03T20:52:00+00:00,delivered,Mangaluru,V033,DRV080
ORD04897,2026-08-30T23:26:00+00:00,delivered,Hosur,V063,DRV026
ORD04898,2026-09-23T18:24:00+00:00,cancelled,Coimbatore,V006,DRV074
ORD04899,2026-09-25T01:46:00+00:00,delivered,Mysuru,V050,DRV111
ORD04900,2026-09-05T01:25:00+00:00,delivered,Mangaluru,V005,DRV085
ORD04901,2026-09-12T19:48:00+00:00,delivered,Mangaluru,V052,DRV070
ORD04902,2026-08-03T00:03:00+00:00,delivered,Chennai,V015,DRV091
ORD04903,2026-08-26T11:43:00+00:00,picked_up,Mysuru,V005,DRV061
ORD04904,2026-09-11T16:28:00+00:00,in_transit,Chennai,V009,DRV087
ORD04905,2026-09-16T02:56:00+00:00,delivered,Mysuru,V030,DRV053
ORD04906,2026-08-04T02:10:00+00:00,delivered,Pune,V043,DRV057
ORD04907,2026-08-14T10:39:00+00:00,delivered,Bengaluru,V062,DRV089
ORD04908,2026-09-23T15:51:00+00:00,picked_up,Mysuru,V022,DRV109
ORD04909,2026-08-24T12:42:00+00:00,in_transit,Mangaluru,V087,DRV075
ORD04910,2026-08-27T17:47:00+00:00,delivered,Pune,V090,DRV045
ORD04911,2026-09-12T12:27:00+00:00,delayed,Coimbatore,V008,DRV091
ORD04912,2026-08-19T16:26:00+00:00,delivered,Coimbatore,V042,DRV048
ORD04913,2026-09-15T02:05:00+00:00,picked_up,Pune,V056,DRV097
ORD04914,2026-08-25T16:36:00+00:00,delayed,Hyderabad,V001,DRV001
ORD04915,2026-09-03T19:19:00+00:00,delivered,Mangaluru,V020,DRV031
ORD04916,2026-08-04T20:56:00+00:00,delivered,Hubballi,V078,DRV063
ORD04917,2026-08-17T03:07:00+00:00,delayed,Coimbatore,V065,DRV085
ORD04918,2026-08-19T21:49:00+00:00,delayed,Hosur,V034,DRV076
ORD04919,2026-09-24T12:55:00+00:00,delivered,Bengaluru,V025,DRV104
ORD04920,2026-08-26T07:04:00+00:00,delivered,Mangaluru,V047,DRV066
ORD04921,2026-08-06T14:04:00+00:00,picked_up,Mysuru,V042,DRV025
ORD04922,2026-08-06T01:48:00+00:00,delayed,Hyderabad,V089,DRV104
ORD04923,2026-08-30T14:10:00+00:00,delivered,Mangaluru,V052,DRV001
ORD04924,2026-08-02T20:27:00+00:00,delivered,Coimbatore,V021,DRV045
ORD04925,2026-08-12T04:26:00+00:00,delivered,Mangaluru,V013,DRV053
ORD04926,2026-08-14T14:43:00+00:00,delivered,Pune,V001,DRV057
ORD04927,2026-09-12T19:45:00+00:00,delivered,Hosur,V056,DRV028
ORD04928,2026-08-17T08:39:00+00:00,cancelled,Mangaluru,V059,DRV021
ORD04929,2026-09-16T17:35:00+00:00,delivered,Coimbatore,V013,DRV063
ORD04930,2026-08-16T09:52:00+00:00,picked_up,Coimbatore,V057,DRV005
ORD04931,2026-08-07T17:40:00+00:00,delivered,Hosur,V030,DRV074
ORD04932,2026-09-08T08:29:00+00:00,delivered,Hubballi,V062,DRV017
ORD04933,2026-09-05T02:48:00+00:00,picked_up,Hyderabad,V066,DRV021
ORD04934,2026-08-03T04:49:00+00:00,delivered,Mysuru,V014,DRV041
ORD04935,2026-09-05T20:29:00+00:00,picked_up,Coimbatore,V031,DRV033
ORD04936,2026-08-13T10:39:00+00:00,delivered,Coimbatore,V099,DRV087
ORD04937,2026-09-09T17:31:00+00:00,delivered,Mangaluru,V042,DRV037
ORD04938,2026-08-26T08:53:00+00:00,delivered,Pune,V084,DRV015
ORD04939,2026-08-21T12:54:00+00:00,delayed,Hosur,V065,DRV096
ORD04940,2026-08-02T05:26:00+00:00,delivered,Pune,V009,DRV031
ORD04941,2026-08-21T12:57:00+00:00,delivered,Hosur,V029,DRV049
ORD04942,2026-08-31T07:09:00+00:00,picked_up,Pune,V018,DRV053
ORD04943,2026-09-10T02:36:00+00:00,delivered,Mysuru,V095,DRV045
ORD04944,2026-08-15T10:36:00+00:00,in_transit,Hubballi,V048,DRV005
ORD04945,2026-08-25T12:27:00+00:00,delivered,Hosur,V017,DRV099
ORD04946,2026-09-19T22:31:00+00:00,in_transit,Coimbatore,V084,DRV023
ORD04947,2026-09-06T13:50:00+00:00,delivered,Chennai,V056,DRV004
ORD04948,2026-08-31T16:33:00+00:00,in_transit,Coimbatore,V009,DRV047
ORD04949,2026-09-03T06:50:00+00:00,delivered,Hosur,V075,DRV026
ORD04950,2026-08-20T22:25:00+00:00,delivered,Hosur,V023,DRV059
ORD04951,2026-09-18T07:23:00+00:00,in_transit,Hosur,V086,DRV009
ORD04952,2026-08-19T01:49:00+00:00,picked_up,Bengaluru,V054,DRV098
ORD04953,2026-08-08T02:32:00+00:00,delivered,Mangaluru,V090,DRV103
ORD04954,2026-08-13T20:59:00+00:00,delivered,Chennai,V087,DRV102
ORD04955,2026-08-09T16:48:00+00:00,cancelled,Coimbatore,V001,DRV014
ORD04956,2026-09-10T12:13:00+00:00,delivered,Coimbatore,V072,DRV069
ORD04957,2026-08-23T21:57:00+00:00,delivered,Coimbatore,V099,DRV102
ORD04958,2026-09-16T22:08:00+00:00,delivered,Bengaluru,V097,DRV119
ORD04959,2026-09-17T13:42:00+00:00,picked_up,Chennai,V042,DRV066
ORD04960,2026-08-04T22:02:00+00:00,delivered,Coimbatore,V035,DRV003
ORD04961,2026-09-01T01:46:00+00:00,cancelled,Mysuru,V071,DRV108
ORD04962,2026-08-21T09:17:00+00:00,delivered,Mangaluru,V083,DRV067
ORD04963,2026-08-10T20:00:00+00:00,delayed,Coimbatore,V009,DRV013
ORD04964,2026-09-08T03:58:00+00:00,delivered,Coimbatore,V018,DRV082
ORD04965,2026-09-10T20:18:00+00:00,picked_up,Hosur,V100,DRV034
ORD04966,2026-09-21T16:38:00+00:00,delivered,Hubballi,V025,DRV051
ORD04967,2026-09-16T10:16:00+00:00,picked_up,Mangaluru,V034,DRV075
ORD04968,2026-08-01T10:49:00+00:00,picked_up,Hosur,V020,DRV001
ORD04969,2026-09-09T13:13:00+00:00,delivered,Hubballi,V088,DRV046
ORD04970,2026-09-02T06:45:00+00:00,delivered,Coimbatore,V066,DRV081
ORD04971,2026-09-22T10:15:00+00:00,in_transit,Hyderabad,V008,DRV039
ORD04972,2026-09-06T10:26:00+00:00,delivered,Hyderabad,V006,DRV068
ORD04973,2026-08-18T07:38:00+00:00,delayed,Mangaluru,V017,DRV099
ORD04974,2026-08-14T13:15:00+00:00,cancelled,Hyderabad,V094,DRV071
ORD04975,2026-08-18T02:30:00+00:00,delivered,Hyderabad,V028,DRV086
ORD04976,2026-08-24T00:02:00+00:00,delivered,Tumakuru,V051,DRV016
ORD04977,2026-08-19T08:32:00+00:00,in_transit,Chennai,V040,DRV114
ORD04978,2026-08-26T15:11:00+00:00,picked_up,Mangaluru,V087,DRV082
ORD04979,2026-09-16T13:29:00+00:00,delivered,Tumakuru,V023,DRV002
ORD04980,2026-08-18T22:01:00+00:00,delivered,Mangaluru,V086,DRV118
ORD04981,2026-09-09T16:35:00+00:00,in_transit,Hosur,V018,DRV031
ORD04982,2026-09-13T00:18:00+00:00,delivered,Pune,V033,DRV016
ORD04983,2026-09-01T10:01:00+00:00,cancelled,Mysuru,V082,DRV061
ORD04984,2026-09-16T22:35:00+00:00,delivered,Coimbatore,V059,DRV064
ORD04985,2026-09-21T10:44:00+00:00,delivered,Mangaluru,V003,DRV018
ORD04986,2026-08-21T13:24:00+00:00,delayed,Hosur,V086,DRV028
ORD04987,2026-08-23T13:18:00+00:00,in_transit,Hyderabad,V004,DRV096
ORD04988,2026-09-18T07:56:00+00:00,delivered,Pune,V085,DRV096
ORD04989,2026-09-08T19:52:00+00:00,delivered,Coimbatore,V063,DRV096
ORD04990,2026-08-05T17:21:00+00:00,delayed,Coimbatore,V013,DRV011
ORD04991,2026-08-22T03:08:00+00:00,delivered,Pune,V032,DRV095
ORD04992,2026-08-08T23:21:00+00:00,in_transit,Pune,V058,DRV061
ORD04993,2026-08-18T05:00:00+00:00,picked_up,Coimbatore,V096,DRV120
ORD04994,2026-08-20T07:58:00+00:00,in_transit,Mangaluru,V079,DRV017
ORD04995,2026-09-14T22:27:00+00:00,delivered,Hubballi,V099,DRV024
ORD04996,2026-09-10T16:00:00+00:00,in_transit,Hubballi,V007,DRV022
ORD04997,2026-08-10T02:38:00+00:00,picked_up,Coimbatore,V037,DRV068
ORD04998,2026-09-04T15:42:00+00:00,delivered,Mangaluru,V030,DRV075
ORD04999,2026-08-28T05:33:00+00:00,delivered,Chennai,V003,DRV098
ORD05000,2026-09-21T04:26:00+00:00,delivered,Hyderabad,V085,DRV065
ORD05001,2026-08-06T07:06:00+00:00,picked_up,Hyderabad,V074,DRV090
ORD05002,2026-08-23T02:11:00+00:00,delivered,Mangaluru,V082,DRV007
ORD05003,2026-08-08T13:14:00+00:00,picked_up,Chennai,V092,DRV086
ORD05004,2026-09-11T06:08:00+00:00,delivered,Mangaluru,V009,DRV067
ORD05005,2026-08-08T08:38:00+00:00,picked_up,Coimbatore,V074,DRV042
ORD05006,2026-08-06T23:29:00+00:00,delivered,Coimbatore,V072,DRV043
ORD05007,2026-08-05T21:20:00+00:00,delivered,Hosur,V036,DRV059
ORD05008,2026-09-08T14:20:00+00:00,delivered,Hosur,V087,DRV026
ORD05009,2026-09-21T09:42:00+00:00,picked_up,Mangaluru,V064,DRV087
ORD05010,2026-08-15T00:16:00+00:00,picked_up,Pune,V018,DRV003
ORD05011,2026-08-10T02:13:00+00:00,delayed,Mysuru,V023,DRV065
ORD05012,2026-09-06T04:28:00+00:00,delivered,Coimbatore,V011,DRV042
ORD05013,2026-08-10T23:20:00+00:00,delivered,Mangaluru,V075,DRV099
ORD05014,2026-08-02T11:20:00+00:00,in_transit,Hyderabad,V002,DRV001
ORD05015,2026-08-17T21:58:00+00:00,delivered,Mangaluru,V085,DRV023
ORD05016,2026-09-08T13:56:00+00:00,delivered,Coimbatore,V085,DRV017
ORD05017,2026-08-11T12:00:00+00:00,delivered,Hubballi,V076,DRV060
ORD05018,2026-08-20T20:39:00+00:00,picked_up,Coimbatore,V033,DRV027
ORD05019,2026-09-12T08:12:00+00:00,delivered,Hosur,V058,DRV088
ORD05020,2026-08-23T22:43:00+00:00,picked_up,Hubballi,V017,DRV050
ORD05021,2026-08-20T01:13:00+00:00,in_transit,Coimbatore,V002,DRV039
ORD05022,2026-08-24T12:45:00+00:00,delivered,Coimbatore,V062,DRV010
ORD05023,2026-09-22T14:53:00+00:00,in_transit,Pune,V062,DRV108
ORD05024,2026-09-25T01:05:00+00:00,delayed,Chennai,V086,DRV035
ORD05025,2026-08-12T01:09:00+00:00,delayed,Hosur,V022,DRV038
ORD05026,2026-09-15T14:53:00+00:00,in_transit,Mysuru,V032,DRV101
ORD05027,2026-08-19T01:56:00+00:00,delivered,Hubballi,V074,DRV048
ORD05028,2026-09-10T13:36:00+00:00,delayed,Pune,V049,DRV063
ORD05029,2026-09-21T04:38:00+00:00,delayed,Hyderabad,V096,DRV008
ORD05030,2026-09-24T08:30:00+00:00,delivered,Coimbatore,V060,DRV108
ORD05031,2026-08-17T22:36:00+00:00,in_transit,Hyderabad,V012,DRV034
ORD05032,2026-08-22T15:53:00+00:00,delivered,Bengaluru,V074,DRV051
ORD05033,2026-08-28T04:06:00+00:00,delivered,Coimbatore,V075,DRV112
ORD05034,2026-08-31T21:50:00+00:00,delivered,Mysuru,V052,DRV028
ORD05035,2026-08-19T10:09:00+00:00,delivered,Coimbatore,V092,DRV119
ORD05036,2026-09-05T12:19:00+00:00,delivered,Hyderabad,V058,DRV066
ORD05037,2026-08-11T00:31:00+00:00,delivered,Chennai,V095,DRV084
ORD05038,2026-09-08T01:12:00+00:00,delivered,Hosur,V021,DRV062
ORD05039,2026-09-05T20:58:00+00:00,delivered,Tumakuru,V061,DRV090
ORD05040,2026-09-17T02:06:00+00:00,in_transit,Coimbatore,V092,DRV099
ORD05041,2026-09-23T15:12:00+00:00,picked_up,Coimbatore,V050,DRV078
ORD05042,2026-09-20T04:43:00+00:00,delivered,Mangaluru,V062,DRV002
ORD05043,2026-08-20T22:28:00+00:00,delayed,Hosur,V014,DRV028
ORD05044,2026-08-18T18:55:00+00:00,delivered,Hosur,V034,DRV054
ORD05045,2026-09-09T17:53:00+00:00,delayed,Hosur,V069,DRV037
ORD05046,2026-08-08T16:24:00+00:00,in_transit,Mangaluru,V095,DRV078
ORD05047,2026-08-06T22:15:00+00:00,delayed,Coimbatore,V046,DRV102
ORD05048,2026-09-03T07:55:00+00:00,delivered,Hosur,V077,DRV021
ORD05049,2026-08-12T23:15:00+00:00,in_transit,Hubballi,V042,DRV072
ORD05050,2026-08-01T18:03:00+00:00,delayed,Coimbatore,V020,DRV099
ORD05051,2026-08-22T11:45:00+00:00,delivered,Coimbatore,V019,DRV070
ORD05052,2026-08-18T20:01:00+00:00,delivered,Coimbatore,V077,DRV084
ORD05053,2026-09-07T12:41:00+00:00,delivered,Coimbatore,V040,DRV109
ORD05054,2026-09-02T19:29:00+00:00,delivered,Coimbatore,V059,DRV088
ORD05055,2026-08-12T09:25:00+00:00,cancelled,Chennai,V046,DRV093
ORD05056,2026-08-29T21:43:00+00:00,delivered,Mangaluru,V040,DRV105
ORD05057,2026-08-11T03:03:00+00:00,in_transit,Tumakuru,V041,DRV068
ORD05058,2026-09-20T17:16:00+00:00,picked_up,Mangaluru,V054,DRV063
ORD05059,2026-09-15T14:48:00+00:00,delivered,Mysuru,V076,DRV028
ORD05060,2026-09-05T01:16:00+00:00,delayed,Coimbatore,V038,DRV050
ORD05061,2026-08-28T10:24:00+00:00,picked_up,Mangaluru,V057,DRV036
ORD05062,2026-09-13T20:07:00+00:00,in_transit,Bengaluru,V019,DRV020
ORD05063,2026-08-07T20:19:00+00:00,delivered,Bengaluru,V024,DRV028
ORD05064,2026-09-15T10:49:00+00:00,delivered,Pune,V041,DRV007
ORD05065,2026-08-27T10:29:00+00:00,delivered,Coimbatore,V082,DRV001
ORD05066,2026-08-03T15:07:00+00:00,in_transit,Coimbatore,V083,DRV073
ORD05067,2026-08-25T16:56:00+00:00,delivered,Hyderabad,V076,DRV063
ORD05068,2026-08-02T16:36:00+00:00,in_transit,Mangaluru,V097,DRV095
ORD05069,2026-08-09T15:30:00+00:00,delivered,Mangaluru,V039,DRV063
ORD05070,2026-08-19T20:35:00+00:00,in_transit,Hubballi,V083,DRV068
ORD05071,2026-08-28T10:19:00+00:00,delivered,Hosur,V077,DRV088
ORD05072,2026-08-23T09:12:00+00:00,delivered,Bengaluru,V081,DRV079
ORD05073,2026-09-24T21:53:00+00:00,picked_up,Hubballi,V009,DRV118
ORD05074,2026-08-17T14:17:00+00:00,delivered,Mysuru,V033,DRV062
ORD05075,2026-09-10T02:49:00+00:00,in_transit,Chennai,V011,DRV019
ORD05076,2026-09-10T13:55:00+00:00,delivered,Hosur,V010,DRV101
ORD05077,2026-09-14T22:24:00+00:00,in_transit,Coimbatore,V086,DRV069
ORD05078,2026-08-04T21:48:00+00:00,in_transit,Coimbatore,V004,DRV118
ORD05079,2026-08-30T05:56:00+00:00,delivered,Chennai,V095,DRV015
ORD05080,2026-09-20T07:50:00+00:00,delivered,Mangaluru,V005,DRV042
ORD05081,2026-08-26T11:35:00+00:00,delivered,Coimbatore,V024,DRV038
ORD05082,2026-08-10T10:07:00+00:00,cancelled,Hyderabad,V025,DRV079
ORD05083,2026-08-31T20:03:00+00:00,delivered,Chennai,V048,DRV113
ORD05084,2026-08-29T18:38:00+00:00,picked_up,Hyderabad,V075,DRV086
ORD05085,2026-08-15T06:03:00+00:00,delivered,Coimbatore,V094,DRV091
ORD05086,2026-09-14T19:14:00+00:00,in_transit,Pune,V098,DRV081
ORD05087,2026-08-14T10:01:00+00:00,delayed,Pune,V061,DRV025
ORD05088,2026-09-23T16:31:00+00:00,picked_up,Coimbatore,V059,DRV029
ORD05089,2026-09-07T16:27:00+00:00,delivered,Hosur,V064,DRV085
ORD05090,2026-08-31T15:12:00+00:00,cancelled,Mangaluru,V097,DRV008
ORD05091,2026-09-10T10:16:00+00:00,delayed,Mysuru,V077,DRV052
ORD05092,2026-09-10T07:42:00+00:00,in_transit,Pune,V091,DRV024
ORD05093,2026-09-10T20:32:00+00:00,delivered,Mysuru,V045,DRV038
ORD05094,2026-08-28T18:04:00+00:00,in_transit,Hosur,V095,DRV045
ORD05095,2026-09-11T20:01:00+00:00,delivered,Mysuru,V027,DRV075
ORD05096,2026-08-29T18:20:00+00:00,in_transit,Coimbatore,V092,DRV113
ORD05097,2026-09-15T19:03:00+00:00,delivered,Chennai,V064,DRV043
ORD05098,2026-09-03T08:27:00+00:00,delivered,Hyderabad,V051,DRV044
ORD05099,2026-08-20T21:10:00+00:00,picked_up,Chennai,V048,DRV005
ORD05100,2026-08-18T08:41:00+00:00,picked_up,Pune,V053,DRV078
ORD05101,2026-08-12T21:44:00+00:00,delivered,Mysuru,V041,DRV050
ORD05102,2026-08-03T15:36:00+00:00,picked_up,Hosur,V024,DRV062
ORD05103,2026-09-21T22:08:00+00:00,picked_up,Hosur,V072,DRV099
ORD05104,2026-08-16T15:10:00+00:00,delivered,Hosur,V029,DRV061
ORD05105,2026-09-08T23:41:00+00:00,in_transit,Hyderabad,V073,DRV005
ORD05106,2026-08-04T04:46:00+00:00,delivered,Hubballi,V034,DRV088
ORD05107,2026-08-12T10:00:00+00:00,delivered,Chennai,V021,DRV026
ORD05108,2026-09-07T19:11:00+00:00,delivered,Mangaluru,V052,DRV061
ORD05109,2026-09-02T10:16:00+00:00,delivered,Coimbatore,V032,DRV095
ORD05110,2026-08-30T05:37:00+00:00,picked_up,Hyderabad,V097,DRV082
ORD05111,2026-09-02T09:44:00+00:00,cancelled,Mangaluru,V038,DRV006
ORD05112,2026-09-15T20:09:00+00:00,delivered,Mangaluru,V004,DRV081
ORD05113,2026-09-10T21:05:00+00:00,delivered,Pune,V044,DRV063
ORD05114,2026-08-14T13:54:00+00:00,delivered,Hyderabad,V003,DRV020
ORD05115,2026-08-08T20:24:00+00:00,delivered,Hyderabad,V060,DRV095
ORD05116,2026-09-04T12:57:00+00:00,delivered,Bengaluru,V086,DRV016
ORD05117,2026-09-03T09:35:00+00:00,in_transit,Mangaluru,V056,DRV012
ORD05118,2026-09-10T05:09:00+00:00,in_transit,Coimbatore,V046,DRV006
ORD05119,2026-09-20T07:17:00+00:00,delivered,Hosur,V083,DRV071
ORD05120,2026-08-03T05:26:00+00:00,delivered,Mangaluru,V074,DRV080
ORD05121,2026-08-29T02:32:00+00:00,in_transit,Mysuru,V043,DRV056
ORD05122,2026-08-20T07:01:00+00:00,in_transit,Coimbatore,V052,DRV038
ORD05123,2026-09-03T01:14:00+00:00,delivered,Coimbatore,V066,DRV118
ORD05124,2026-08-21T05:10:00+00:00,delivered,Pune,V009,DRV101
ORD05125,2026-09-07T01:42:00+00:00,delivered,Mangaluru,V032,DRV086
ORD05126,2026-08-24T18:18:00+00:00,delivered,Tumakuru,V076,DRV117
ORD05127,2026-09-19T13:01:00+00:00,delayed,Pune,V054,DRV064
ORD05128,2026-08-02T03:31:00+00:00,in_transit,Coimbatore,V049,DRV015
ORD05129,2026-09-15T21:55:00+00:00,picked_up,Coimbatore,V027,DRV010
ORD05130,2026-08-11T14:59:00+00:00,picked_up,Chennai,V053,DRV069
ORD05131,2026-08-21T23:55:00+00:00,picked_up,Pune,V070,DRV038
ORD05132,2026-08-09T20:06:00+00:00,delivered,Pune,V013,DRV049
ORD05133,2026-09-05T02:48:00+00:00,cancelled,Chennai,V048,DRV057
ORD05134,2026-08-21T02:11:00+00:00,delivered,Hubballi,V017,DRV057
ORD05135,2026-08-15T21:57:00+00:00,delayed,Pune,V075,DRV046
ORD05136,2026-09-03T04:12:00+00:00,delivered,Coimbatore,V008,DRV081
ORD05137,2026-08-22T02:56:00+00:00,in_transit,Hubballi,V012,DRV098
ORD05138,2026-08-04T10:55:00+00:00,picked_up,Mysuru,V023,DRV049
ORD05139,2026-08-09T00:30:00+00:00,picked_up,Hosur,V043,DRV005
ORD05140,2026-08-18T02:20:00+00:00,delivered,Coimbatore,V037,DRV045
ORD05141,2026-09-24T08:19:00+00:00,delivered,Coimbatore,V048,DRV033
ORD05142,2026-09-20T19:48:00+00:00,delivered,Hubballi,V077,DRV065
ORD05143,2026-09-24T23:34:00+00:00,delivered,Pune,V071,DRV104
ORD05144,2026-09-05T21:06:00+00:00,picked_up,Coimbatore,V095,DRV022
ORD05145,2026-08-01T09:21:00+00:00,delayed,Coimbatore,V063,DRV037
ORD05146,2026-08-25T17:43:00+00:00,delivered,Hubballi,V022,DRV056
ORD05147,2026-08-26T22:01:00+00:00,delivered,Coimbatore,V046,DRV044
ORD05148,2026-08-14T03:18:00+00:00,picked_up,Bengaluru,V056,DRV093
ORD05149,2026-08-24T07:16:00+00:00,picked_up,Pune,V089,DRV047
ORD05150,2026-09-02T04:27:00+00:00,delivered,Hosur,V017,DRV112
ORD05151,2026-08-01T20:19:00+00:00,delivered,Mangaluru,V070,DRV065
ORD05152,2026-08-16T17:11:00+00:00,in_transit,Pune,V057,DRV021
ORD05153,2026-08-18T07:30:00+00:00,delivered,Coimbatore,V005,DRV089
ORD05154,2026-08-10T15:45:00+00:00,delayed,Pune,V032,DRV020
ORD05155,2026-08-23T16:33:00+00:00,delivered,Hosur,V053,DRV017
ORD05156,2026-08-27T17:54:00+00:00,delivered,Mangaluru,V079,DRV043
ORD05157,2026-09-05T05:54:00+00:00,delivered,Mangaluru,V058,DRV082
ORD05158,2026-09-22T10:32:00+00:00,delivered,Chennai,V078,DRV079
ORD05159,2026-09-14T16:50:00+00:00,delivered,Coimbatore,V064,DRV021
ORD05160,2026-09-25T02:13:00+00:00,cancelled,Hubballi,V001,DRV117
ORD05161,2026-09-10T01:15:00+00:00,in_transit,Mysuru,V027,DRV098
ORD05162,2026-09-06T07:20:00+00:00,delivered,Hyderabad,V092,DRV092
ORD05163,2026-09-24T12:56:00+00:00,delivered,Hosur,V032,DRV039
ORD05164,2026-08-21T08:48:00+00:00,delivered,Pune,V014,DRV084
ORD05165,2026-08-10T16:42:00+00:00,delivered,Pune,V036,DRV070
ORD05166,2026-08-13T11:53:00+00:00,delivered,Mysuru,V016,DRV112
ORD05167,2026-09-03T08:32:00+00:00,cancelled,Pune,V010,DRV015
ORD05168,2026-09-14T03:55:00+00:00,delivered,Coimbatore,V013,DRV047
ORD05169,2026-08-29T22:04:00+00:00,in_transit,Coimbatore,V011,DRV003
ORD05170,2026-09-08T06:51:00+00:00,picked_up,Chennai,V031,DRV092
ORD05171,2026-09-06T06:37:00+00:00,delivered,Mangaluru,V019,DRV053
ORD05172,2026-09-20T12:03:00+00:00,in_transit,Hosur,V017,DRV019
ORD05173,2026-08-14T11:03:00+00:00,picked_up,Pune,V055,DRV083
ORD05174,2026-09-07T21:20:00+00:00,delivered,Mysuru,V008,DRV068
ORD05175,2026-09-13T18:12:00+00:00,picked_up,Mangaluru,V075,DRV064
ORD05176,2026-09-17T17:24:00+00:00,delivered,Mangaluru,V073,DRV079
ORD05177,2026-09-18T11:49:00+00:00,delivered,Mysuru,V048,DRV007
ORD05178,2026-08-09T13:50:00+00:00,delayed,Pune,V072,DRV120
ORD05179,2026-09-10T07:44:00+00:00,cancelled,Mysuru,V061,DRV026
ORD05180,2026-08-19T00:23:00+00:00,in_transit,Coimbatore,V025,DRV080
ORD05181,2026-09-01T05:16:00+00:00,picked_up,Coimbatore,V095,DRV086
ORD05182,2026-09-14T00:31:00+00:00,delivered,Mysuru,V023,DRV084
ORD05183,2026-08-30T17:49:00+00:00,picked_up,Coimbatore,V058,DRV080
ORD05184,2026-08-16T09:09:00+00:00,delivered,Mangaluru,V069,DRV016
ORD05185,2026-08-19T23:10:00+00:00,delivered,Coimbatore,V074,DRV059
ORD05186,2026-08-11T09:27:00+00:00,delivered,Tumakuru,V086,DRV110
ORD05187,2026-08-27T16:04:00+00:00,delivered,Coimbatore,V011,DRV065
ORD05188,2026-09-24T20:45:00+00:00,delivered,Hubballi,V070,DRV007
ORD05189,2026-08-16T23:11:00+00:00,delayed,Hosur,V035,DRV097
ORD05190,2026-09-24T17:32:00+00:00,picked_up,Chennai,V031,DRV062
ORD05191,2026-08-02T16:41:00+00:00,delivered,Hubballi,V044,DRV070
ORD05192,2026-08-02T11:19:00+00:00,picked_up,Tumakuru,V064,DRV096
ORD05193,2026-08-06T04:07:00+00:00,delayed,Coimbatore,V015,DRV057
ORD05194,2026-08-21T18:40:00+00:00,delayed,Hyderabad,V076,DRV091
ORD05195,2026-08-20T04:11:00+00:00,delivered,Coimbatore,V097,DRV048
ORD05196,2026-08-11T17:58:00+00:00,delivered,Pune,V040,DRV052
ORD05197,2026-08-20T01:56:00+00:00,delivered,Bengaluru,V001,DRV109
ORD05198,2026-08-06T00:37:00+00:00,in_transit,Hosur,V027,DRV010
ORD05199,2026-09-06T07:54:00+00:00,picked_up,Hosur,V030,DRV030
ORD05200,2026-08-05T19:31:00+00:00,picked_up,Mangaluru,V020,DRV025
ORD05201,2026-08-08T22:16:00+00:00,in_transit,Hyderabad,V016,DRV078
ORD05202,2026-08-23T18:48:00+00:00,delivered,Hubballi,V098,DRV015
ORD05203,2026-08-07T20:38:00+00:00,in_transit,Pune,V091,DRV002
ORD05204,2026-08-22T07:53:00+00:00,in_transit,Mangaluru,V021,DRV103
ORD05205,2026-09-03T16:51:00+00:00,delivered,Coimbatore,V056,DRV031
ORD05206,2026-08-23T00:17:00+00:00,in_transit,Bengaluru,V004,DRV020
ORD05207,2026-08-06T00:26:00+00:00,delivered,Hyderabad,V042,DRV096
ORD05208,2026-09-23T01:35:00+00:00,delivered,Mangaluru,V025,DRV047
ORD05209,2026-08-08T10:19:00+00:00,in_transit,Hyderabad,V075,DRV006
ORD05210,2026-08-31T19:46:00+00:00,delivered,Hosur,V017,DRV092
ORD05211,2026-09-05T23:56:00+00:00,cancelled,Coimbatore,V041,DRV068
ORD05212,2026-08-23T17:26:00+00:00,delivered,Pune,V014,DRV041
ORD05213,2026-08-15T22:22:00+00:00,delayed,Hubballi,V015,DRV021
ORD05214,2026-09-07T22:45:00+00:00,delivered,Hubballi,V010,DRV118
ORD05215,2026-08-25T05:28:00+00:00,delivered,Hyderabad,V001,DRV088
ORD05216,2026-08-29T10:10:00+00:00,picked_up,Mangaluru,V041,DRV084
ORD05217,2026-08-18T15:19:00+00:00,delivered,Hyderabad,V016,DRV084
ORD05218,2026-09-12T01:23:00+00:00,delivered,Coimbatore,V014,DRV027
ORD05219,2026-09-11T07:28:00+00:00,delivered,Mangaluru,V029,DRV110
ORD05220,2026-08-03T20:04:00+00:00,picked_up,Coimbatore,V041,DRV061
ORD05221,2026-08-24T17:44:00+00:00,delivered,Mysuru,V009,DRV073
ORD05222,2026-09-06T10:00:00+00:00,delayed,Mangaluru,V091,DRV115
ORD05223,2026-08-12T07:33:00+00:00,delivered,Hyderabad,V036,DRV027
ORD05224,2026-08-12T06:47:00+00:00,delivered,Mysuru,V061,DRV041
ORD05225,2026-08-26T01:03:00+00:00,picked_up,Mysuru,V068,DRV019
ORD05226,2026-08-27T22:36:00+00:00,delivered,Mysuru,V010,DRV102
ORD05227,2026-09-06T11:42:00+00:00,delivered,Hubballi,V067,DRV104
ORD05228,2026-08-14T14:39:00+00:00,delivered,Mangaluru,V089,DRV055
ORD05229,2026-09-15T03:02:00+00:00,delivered,Mysuru,V033,DRV042
ORD05230,2026-08-25T17:38:00+00:00,in_transit,Hosur,V041,DRV002
ORD05231,2026-08-10T15:40:00+00:00,delivered,Hyderabad,V028,DRV061
ORD05232,2026-09-08T21:37:00+00:00,delayed,Mangaluru,V031,DRV081
ORD05233,2026-09-24T16:57:00+00:00,picked_up,Tumakuru,V006,DRV082
ORD05234,2026-09-11T05:45:00+00:00,delayed,Mangaluru,V007,DRV015
ORD05235,2026-08-10T21:06:00+00:00,in_transit,Coimbatore,V042,DRV082
ORD05236,2026-09-15T14:29:00+00:00,delivered,Hubballi,V035,DRV090
ORD05237,2026-09-12T17:14:00+00:00,delivered,Mysuru,V098,DRV078
ORD05238,2026-09-15T17:32:00+00:00,delayed,Mysuru,V020,DRV108
ORD05239,2026-08-30T06:54:00+00:00,delivered,Mangaluru,V001,DRV102
ORD05240,2026-08-08T17:32:00+00:00,picked_up,Pune,V015,DRV067
ORD05241,2026-09-10T23:08:00+00:00,delivered,Hosur,V003,DRV095
ORD05242,2026-08-30T23:59:00+00:00,delayed,Pune,V085,DRV046
ORD05243,2026-08-15T02:14:00+00:00,delivered,Hosur,V068,DRV035
ORD05244,2026-09-16T02:41:00+00:00,delivered,Coimbatore,V027,DRV095
ORD05245,2026-09-08T21:16:00+00:00,picked_up,Hyderabad,V013,DRV012
ORD05246,2026-09-04T20:29:00+00:00,delivered,Tumakuru,V063,DRV066
ORD05247,2026-08-19T13:13:00+00:00,delivered,Chennai,V016,DRV020
ORD05248,2026-09-24T22:56:00+00:00,delivered,Hosur,V071,DRV020
ORD05249,2026-08-17T21:18:00+00:00,delivered,Pune,V063,DRV064
ORD05250,2026-09-17T09:56:00+00:00,picked_up,Hubballi,V097,DRV115
ORD05251,2026-09-11T23:46:00+00:00,in_transit,Pune,V034,DRV012
ORD05252,2026-09-15T04:53:00+00:00,delivered,Hosur,V026,DRV041
ORD05253,2026-08-17T09:25:00+00:00,picked_up,Mysuru,V013,DRV087
ORD05254,2026-08-24T02:25:00+00:00,delivered,Mysuru,V057,DRV077
ORD05255,2026-09-03T18:41:00+00:00,in_transit,Bengaluru,V059,DRV009
ORD05256,2026-08-31T05:08:00+00:00,cancelled,Coimbatore,V018,DRV085
ORD05257,2026-09-22T11:57:00+00:00,delivered,Hyderabad,V089,DRV109
ORD05258,2026-08-21T10:52:00+00:00,delivered,Mysuru,V086,DRV101
ORD05259,2026-09-23T09:49:00+00:00,delivered,Hosur,V020,DRV029
ORD05260,2026-08-12T16:04:00+00:00,in_transit,Hyderabad,V011,DRV031
ORD05261,2026-08-22T22:03:00+00:00,in_transit,Hyderabad,V007,DRV014
ORD05262,2026-09-04T02:31:00+00:00,picked_up,Coimbatore,V087,DRV006
ORD05263,2026-08-26T11:05:00+00:00,cancelled,Hosur,V100,DRV105
ORD05264,2026-08-13T17:12:00+00:00,picked_up,Hubballi,V017,DRV024
ORD05265,2026-09-14T02:21:00+00:00,delayed,Mangaluru,V068,DRV097
ORD05266,2026-08-28T21:48:00+00:00,delivered,Hosur,V014,DRV032
ORD05267,2026-09-21T04:46:00+00:00,picked_up,Pune,V067,DRV027
ORD05268,2026-08-11T07:20:00+00:00,delivered,Coimbatore,V095,DRV071
ORD05269,2026-09-17T02:25:00+00:00,delivered,Coimbatore,V077,DRV027
ORD05270,2026-08-22T05:11:00+00:00,delivered,Chennai,V058,DRV108
ORD05271,2026-09-19T15:25:00+00:00,in_transit,Coimbatore,V099,DRV103
ORD05272,2026-08-26T09:07:00+00:00,cancelled,Mangaluru,V057,DRV114
ORD05273,2026-08-20T03:58:00+00:00,delivered,Coimbatore,V086,DRV033
ORD05274,2026-08-29T01:23:00+00:00,picked_up,Mangaluru,V041,DRV040
ORD05275,2026-08-02T15:45:00+00:00,delivered,Chennai,V030,DRV118
ORD05276,2026-09-17T06:41:00+00:00,delivered,Chennai,V027,DRV118
ORD05277,2026-08-03T12:44:00+00:00,in_transit,Coimbatore,V023,DRV073
ORD05278,2026-09-18T19:49:00+00:00,delivered,Coimbatore,V062,DRV076
ORD05279,2026-09-14T10:21:00+00:00,delayed,Coimbatore,V029,DRV060
ORD05280,2026-08-10T03:36:00+00:00,delivered,Mangaluru,V031,DRV028
ORD05281,2026-09-07T12:05:00+00:00,delivered,Mangaluru,V064,DRV008
ORD05282,2026-08-10T03:23:00+00:00,in_transit,Coimbatore,V009,DRV092
ORD05283,2026-08-31T10:36:00+00:00,delivered,Hyderabad,V029,DRV004
ORD05284,2026-08-11T13:42:00+00:00,picked_up,Coimbatore,V033,DRV088
ORD05285,2026-08-08T05:47:00+00:00,cancelled,Hosur,V002,DRV100
ORD05286,2026-08-03T12:29:00+00:00,delivered,Hubballi,V069,DRV075
ORD05287,2026-09-03T22:16:00+00:00,delivered,Hyderabad,V006,DRV062
ORD05288,2026-08-25T18:28:00+00:00,delivered,Coimbatore,V089,DRV039
ORD05289,2026-08-25T14:42:00+00:00,picked_up,Mangaluru,V032,DRV019
ORD05290,2026-08-31T00:44:00+00:00,picked_up,Mysuru,V074,DRV085
ORD05291,2026-09-05T00:40:00+00:00,picked_up,Coimbatore,V057,DRV080
ORD05292,2026-08-15T15:32:00+00:00,picked_up,Hosur,V096,DRV094
ORD05293,2026-08-03T06:29:00+00:00,picked_up,Pune,V041,DRV090
ORD05294,2026-09-21T20:41:00+00:00,in_transit,Hyderabad,V054,DRV070
ORD05295,2026-08-30T21:41:00+00:00,cancelled,Hosur,V058,DRV096
ORD05296,2026-08-28T00:55:00+00:00,cancelled,Hubballi,V005,DRV041
ORD05297,2026-08-08T21:57:00+00:00,cancelled,Hubballi,V048,DRV119
ORD05298,2026-08-02T02:50:00+00:00,in_transit,Coimbatore,V023,DRV007
ORD05299,2026-08-29T18:45:00+00:00,in_transit,Hosur,V077,DRV087
ORD05300,2026-08-21T12:48:00+00:00,picked_up,Hyderabad,V081,DRV011
ORD05301,2026-08-05T20:27:00+00:00,delivered,Pune,V062,DRV003
ORD05302,2026-09-09T11:11:00+00:00,delivered,Mangaluru,V067,DRV033
ORD05303,2026-08-27T21:11:00+00:00,delivered,Mysuru,V038,DRV092
ORD05304,2026-09-12T04:29:00+00:00,delivered,Mysuru,V028,DRV038
ORD05305,2026-09-02T23:57:00+00:00,delivered,Mangaluru,V037,DRV115
ORD05306,2026-09-08T18:23:00+00:00,delivered,Coimbatore,V057,DRV055
ORD05307,2026-08-04T18:59:00+00:00,in_transit,Pune,V078,DRV043
ORD05308,2026-08-16T14:35:00+00:00,in_transit,Bengaluru,V014,DRV102
ORD05309,2026-08-06T16:16:00+00:00,in_transit,Coimbatore,V016,DRV048
ORD05310,2026-08-29T06:00:00+00:00,delivered,Pune,V044,DRV003
ORD05311,2026-08-07T17:24:00+00:00,in_transit,Mysuru,V088,DRV036
ORD05312,2026-08-18T05:52:00+00:00,picked_up,Hosur,V013,DRV081
ORD05313,2026-08-12T05:08:00+00:00,in_transit,Hosur,V052,DRV061
ORD05314,2026-09-04T08:24:00+00:00,delivered,Hubballi,V066,DRV033
ORD05315,2026-09-08T06:42:00+00:00,delivered,Hyderabad,V098,DRV083
ORD05316,2026-08-08T16:34:00+00:00,picked_up,Hubballi,V070,DRV030
ORD05317,2026-09-10T15:11:00+00:00,in_transit,Chennai,V035,DRV096
ORD05318,2026-09-22T17:51:00+00:00,delivered,Coimbatore,V092,DRV042
ORD05319,2026-09-18T11:37:00+00:00,picked_up,Coimbatore,V074,DRV040
ORD05320,2026-09-05T03:42:00+00:00,delivered,Hubballi,V098,DRV111
ORD05321,2026-09-23T00:12:00+00:00,delivered,Chennai,V096,DRV038
ORD05322,2026-09-13T11:37:00+00:00,delayed,Pune,V062,DRV051
ORD05323,2026-09-12T21:13:00+00:00,picked_up,Hosur,V058,DRV068
ORD05324,2026-08-14T12:42:00+00:00,delivered,Coimbatore,V073,DRV013
ORD05325,2026-08-12T17:01:00+00:00,picked_up,Mysuru,V074,DRV058
ORD05326,2026-09-09T14:13:00+00:00,delivered,Hosur,V052,DRV097
ORD05327,2026-09-24T19:09:00+00:00,delivered,Pune,V047,DRV021
ORD05328,2026-09-22T16:12:00+00:00,in_transit,Mangaluru,V079,DRV027
ORD05329,2026-09-15T08:09:00+00:00,picked_up,Coimbatore,V002,DRV068
ORD05330,2026-09-22T13:49:00+00:00,delivered,Mysuru,V081,DRV048
ORD05331,2026-09-14T07:45:00+00:00,delivered,Coimbatore,V039,DRV110
ORD05332,2026-08-11T03:14:00+00:00,delivered,Mangaluru,V046,DRV104
ORD05333,2026-09-03T09:14:00+00:00,cancelled,Coimbatore,V096,DRV003
ORD05334,2026-08-24T11:34:00+00:00,in_transit,Hyderabad,V005,DRV082
ORD05335,2026-08-13T03:21:00+00:00,delivered,Mangaluru,V081,DRV028
ORD05336,2026-08-25T15:38:00+00:00,delivered,Pune,V094,DRV044
ORD05337,2026-08-23T03:52:00+00:00,picked_up,Coimbatore,V089,DRV035
ORD05338,2026-09-21T12:36:00+00:00,picked_up,Mysuru,V028,DRV100
ORD05339,2026-09-12T22:42:00+00:00,delivered,Hyderabad,V081,DRV091
ORD05340,2026-08-30T19:58:00+00:00,in_transit,Hosur,V072,DRV064
ORD05341,2026-09-06T22:17:00+00:00,delivered,Mysuru,V053,DRV119
ORD05342,2026-09-12T12:55:00+00:00,delivered,Coimbatore,V040,DRV034
ORD05343,2026-08-27T05:05:00+00:00,delivered,Coimbatore,V047,DRV006
ORD05344,2026-08-10T12:58:00+00:00,delivered,Coimbatore,V029,DRV062
ORD05345,2026-08-13T22:13:00+00:00,delivered,Mysuru,V014,DRV054
ORD05346,2026-09-05T11:35:00+00:00,delivered,Bengaluru,V088,DRV055
ORD05347,2026-08-16T22:52:00+00:00,delivered,Hyderabad,V023,DRV045
ORD05348,2026-08-07T21:58:00+00:00,delivered,Mysuru,V079,DRV061
ORD05349,2026-09-16T14:05:00+00:00,delivered,Mysuru,V007,DRV062
ORD05350,2026-08-18T23:10:00+00:00,delivered,Mysuru,V096,DRV040
ORD05351,2026-09-13T19:59:00+00:00,delivered,Coimbatore,V023,DRV107
ORD05352,2026-08-26T20:16:00+00:00,delivered,Mysuru,V001,DRV012
ORD05353,2026-08-11T21:18:00+00:00,delivered,Mangaluru,V089,DRV023
ORD05354,2026-08-04T19:33:00+00:00,delivered,Hubballi,V014,DRV070
ORD05355,2026-08-24T23:55:00+00:00,delivered,Hyderabad,V046,DRV076
ORD05356,2026-08-03T17:31:00+00:00,picked_up,Mysuru,V030,DRV073
ORD05357,2026-09-09T10:23:00+00:00,in_transit,Hosur,V083,DRV075
ORD05358,2026-08-27T13:03:00+00:00,picked_up,Hosur,V072,DRV087
ORD05359,2026-08-15T15:47:00+00:00,delivered,Hyderabad,V039,DRV050
ORD05360,2026-08-28T23:56:00+00:00,in_transit,Chennai,V081,DRV100
ORD05361,2026-08-17T11:54:00+00:00,picked_up,Chennai,V061,DRV102
ORD05362,2026-08-19T17:32:00+00:00,picked_up,Hosur,V052,DRV021
ORD05363,2026-08-19T02:56:00+00:00,delivered,Pune,V057,DRV080
ORD05364,2026-09-16T16:50:00+00:00,delivered,Hubballi,V060,DRV019
ORD05365,2026-08-23T02:58:00+00:00,delayed,Hyderabad,V086,DRV068
ORD05366,2026-08-16T18:59:00+00:00,picked_up,Pune,V056,DRV057
ORD05367,2026-09-15T10:25:00+00:00,delayed,Mysuru,V050,DRV118
ORD05368,2026-09-10T10:59:00+00:00,delivered,Pune,V022,DRV077
ORD05369,2026-08-26T21:22:00+00:00,delivered,Coimbatore,V041,DRV063
ORD05370,2026-08-05T14:03:00+00:00,delivered,Coimbatore,V037,DRV003
ORD05371,2026-08-10T09:53:00+00:00,in_transit,Hosur,V018,DRV077
ORD05372,2026-08-06T07:40:00+00:00,cancelled,Hosur,V024,DRV055
ORD05373,2026-08-27T12:30:00+00:00,in_transit,Hyderabad,V029,DRV103
ORD05374,2026-09-23T00:56:00+00:00,delivered,Pune,V027,DRV116
ORD05375,2026-08-30T11:21:00+00:00,delivered,Bengaluru,V048,DRV051
ORD05376,2026-09-13T13:00:00+00:00,delivered,Coimbatore,V006,DRV093
ORD05377,2026-08-18T12:51:00+00:00,delivered,Coimbatore,V058,DRV047
ORD05378,2026-08-01T19:04:00+00:00,delivered,Mangaluru,V014,DRV091
ORD05379,2026-08-22T12:01:00+00:00,picked_up,Hubballi,V062,DRV104
ORD05380,2026-08-27T09:56:00+00:00,in_transit,Hyderabad,V053,DRV021
ORD05381,2026-08-02T13:09:00+00:00,cancelled,Hubballi,V054,DRV010
ORD05382,2026-09-24T01:42:00+00:00,delivered,Mangaluru,V052,DRV007
ORD05383,2026-08-23T18:11:00+00:00,delivered,Mangaluru,V093,DRV006
ORD05384,2026-09-20T20:14:00+00:00,delayed,Mysuru,V004,DRV101
ORD05385,2026-08-08T18:18:00+00:00,picked_up,Coimbatore,V096,DRV032
ORD05386,2026-09-07T02:33:00+00:00,delivered,Mangaluru,V020,DRV062
ORD05387,2026-09-14T07:32:00+00:00,in_transit,Hosur,V054,DRV007
ORD05388,2026-09-04T07:12:00+00:00,delivered,Hosur,V061,DRV045
ORD05389,2026-08-29T09:43:00+00:00,delivered,Pune,V034,DRV097
ORD05390,2026-09-15T15:18:00+00:00,delivered,Hubballi,V015,DRV100
ORD05391,2026-09-17T06:57:00+00:00,delivered,Chennai,V100,DRV064
ORD05392,2026-09-21T00:12:00+00:00,picked_up,Mangaluru,V013,DRV049
ORD05393,2026-08-08T01:44:00+00:00,in_transit,Pune,V086,DRV101
ORD05394,2026-09-20T19:08:00+00:00,delivered,Mysuru,V063,DRV095
ORD05395,2026-08-24T23:16:00+00:00,delivered,Mysuru,V038,DRV012
ORD05396,2026-08-24T22:05:00+00:00,delayed,Mysuru,V096,DRV052
ORD05397,2026-08-06T14:37:00+00:00,in_transit,Pune,V006,DRV009
ORD05398,2026-09-16T18:43:00+00:00,in_transit,Mangaluru,V099,DRV113
ORD05399,2026-09-10T15:36:00+00:00,delivered,Mysuru,V019,DRV033
ORD05400,2026-08-11T18:20:00+00:00,delivered,Chennai,V001,DRV057
ORD05401,2026-08-05T04:17:00+00:00,delivered,Chennai,V010,DRV116
ORD05402,2026-09-22T15:39:00+00:00,delivered,Hubballi,V086,DRV120
ORD05403,2026-08-10T13:54:00+00:00,in_transit,Chennai,V041,DRV033
ORD05404,2026-08-04T14:43:00+00:00,delivered,Mangaluru,V064,DRV056
ORD05405,2026-08-11T06:22:00+00:00,delayed,Hubballi,V069,DRV113
ORD05406,2026-09-20T13:34:00+00:00,delivered,Hyderabad,V065,DRV037
ORD05407,2026-08-10T08:57:00+00:00,delivered,Hosur,V055,DRV118
ORD05408,2026-09-09T00:31:00+00:00,delivered,Hosur,V089,DRV012
ORD05409,2026-08-22T09:46:00+00:00,delivered,Pune,V016,DRV034
ORD05410,2026-08-14T23:35:00+00:00,delivered,Hyderabad,V021,DRV058
ORD05411,2026-09-18T16:55:00+00:00,delivered,Tumakuru,V055,DRV107
ORD05412,2026-09-22T16:10:00+00:00,delivered,Pune,V088,DRV099
ORD05413,2026-08-25T09:41:00+00:00,picked_up,Coimbatore,V089,DRV060
ORD05414,2026-08-16T05:41:00+00:00,delivered,Pune,V052,DRV103
ORD05415,2026-09-07T20:03:00+00:00,delivered,Hubballi,V002,DRV111
ORD05416,2026-09-14T22:13:00+00:00,picked_up,Pune,V005,DRV102
ORD05417,2026-08-05T08:06:00+00:00,delayed,Mangaluru,V051,DRV092
ORD05418,2026-09-03T21:17:00+00:00,picked_up,Coimbatore,V080,DRV046
ORD05419,2026-09-09T22:41:00+00:00,picked_up,Coimbatore,V097,DRV010
ORD05420,2026-09-07T02:15:00+00:00,picked_up,Hosur,V045,DRV070
ORD05421,2026-08-13T03:56:00+00:00,delayed,Coimbatore,V032,DRV111
ORD05422,2026-08-06T13:07:00+00:00,in_transit,Mysuru,V023,DRV042
ORD05423,2026-08-02T20:55:00+00:00,delivered,Pune,V035,DRV003
ORD05424,2026-09-15T09:16:00+00:00,picked_up,Mangaluru,V069,DRV118
ORD05425,2026-08-05T19:53:00+00:00,in_transit,Coimbatore,V056,DRV050
ORD05426,2026-08-22T22:41:00+00:00,picked_up,Hyderabad,V097,DRV104
ORD05427,2026-08-26T04:41:00+00:00,delivered,Hyderabad,V029,DRV090
ORD05428,2026-09-15T08:57:00+00:00,picked_up,Pune,V050,DRV036
ORD05429,2026-08-01T16:39:00+00:00,delivered,Coimbatore,V060,DRV114
ORD05430,2026-08-06T07:41:00+00:00,delivered,Hosur,V002,DRV017
ORD05431,2026-09-08T20:28:00+00:00,delivered,Hosur,V015,DRV025
ORD05432,2026-08-11T21:29:00+00:00,picked_up,Coimbatore,V070,DRV119
ORD05433,2026-09-13T23:14:00+00:00,delivered,Coimbatore,V070,DRV066
ORD05434,2026-08-28T23:59:00+00:00,delivered,Tumakuru,V021,DRV066
ORD05435,2026-08-15T23:20:00+00:00,delivered,Mangaluru,V029,DRV024
ORD05436,2026-09-02T21:57:00+00:00,delivered,Pune,V048,DRV115
ORD05437,2026-08-15T10:14:00+00:00,delivered,Hosur,V011,DRV012
ORD05438,2026-09-02T22:39:00+00:00,delivered,Chennai,V080,DRV096
ORD05439,2026-08-03T06:57:00+00:00,delivered,Coimbatore,V012,DRV106
ORD05440,2026-08-01T10:35:00+00:00,delivered,Pune,V081,DRV119
ORD05441,2026-08-31T05:11:00+00:00,delivered,Mysuru,V078,DRV118
ORD05442,2026-09-07T05:37:00+00:00,delayed,Hyderabad,V019,DRV101
ORD05443,2026-09-16T15:37:00+00:00,delivered,Coimbatore,V079,DRV026
ORD05444,2026-08-19T14:54:00+00:00,in_transit,Pune,V049,DRV007
ORD05445,2026-08-05T07:30:00+00:00,delivered,Chennai,V020,DRV039
ORD05446,2026-08-28T06:08:00+00:00,in_transit,Coimbatore,V018,DRV083
ORD05447,2026-09-09T06:46:00+00:00,delivered,Coimbatore,V037,DRV112
ORD05448,2026-09-09T00:57:00+00:00,delivered,Coimbatore,V089,DRV025
ORD05449,2026-08-26T12:09:00+00:00,delivered,Coimbatore,V054,DRV071
ORD05450,2026-09-23T05:20:00+00:00,delivered,Tumakuru,V014,DRV118
ORD05451,2026-09-18T17:02:00+00:00,delivered,Chennai,V071,DRV075
ORD05452,2026-08-05T07:40:00+00:00,delivered,Chennai,V002,DRV036
ORD05453,2026-09-17T04:16:00+00:00,delivered,Coimbatore,V098,DRV031
ORD05454,2026-08-30T13:07:00+00:00,delivered,Mysuru,V093,DRV092
ORD05455,2026-08-01T16:09:00+00:00,delivered,Hubballi,V040,DRV032
ORD05456,2026-09-17T00:53:00+00:00,delivered,Mysuru,V006,DRV104
ORD05457,2026-08-15T17:54:00+00:00,delivered,Mysuru,V062,DRV094
ORD05458,2026-09-07T19:46:00+00:00,delivered,Bengaluru,V046,DRV027
ORD05459,2026-09-20T17:00:00+00:00,delayed,Coimbatore,V019,DRV026
ORD05460,2026-08-03T20:49:00+00:00,delivered,Hosur,V075,DRV070
ORD05461,2026-08-05T15:32:00+00:00,in_transit,Hosur,V060,DRV047
ORD05462,2026-08-01T10:42:00+00:00,in_transit,Chennai,V085,DRV081
ORD05463,2026-09-18T04:03:00+00:00,picked_up,Hosur,V088,DRV023
ORD05464,2026-09-22T07:33:00+00:00,delivered,Tumakuru,V002,DRV049
ORD05465,2026-09-23T14:16:00+00:00,delivered,Tumakuru,V094,DRV111
ORD05466,2026-08-25T10:38:00+00:00,delivered,Tumakuru,V065,DRV119
ORD05467,2026-09-11T04:08:00+00:00,in_transit,Hyderabad,V021,DRV081
ORD05468,2026-09-11T13:34:00+00:00,cancelled,Mangaluru,V057,DRV002
ORD05469,2026-08-06T18:36:00+00:00,delivered,Mangaluru,V034,DRV072
ORD05470,2026-09-18T12:13:00+00:00,cancelled,Mysuru,V071,DRV074
ORD05471,2026-08-18T18:01:00+00:00,delivered,Hosur,V041,DRV070
ORD05472,2026-09-05T09:06:00+00:00,delivered,Coimbatore,V013,DRV028
ORD05473,2026-09-08T00:22:00+00:00,delivered,Mysuru,V041,DRV119
ORD05474,2026-08-21T08:20:00+00:00,in_transit,Coimbatore,V068,DRV064
ORD05475,2026-09-17T20:50:00+00:00,delivered,Mangaluru,V083,DRV100
ORD05476,2026-08-12T15:36:00+00:00,delivered,Chennai,V068,DRV068
ORD05477,2026-08-31T11:10:00+00:00,delayed,Pune,V041,DRV063
ORD05478,2026-08-19T09:55:00+00:00,delayed,Mangaluru,V037,DRV105
ORD05479,2026-09-05T09:25:00+00:00,cancelled,Mangaluru,V035,DRV062
ORD05480,2026-08-18T23:16:00+00:00,picked_up,Hosur,V064,DRV070
ORD05481,2026-09-02T02:07:00+00:00,in_transit,Tumakuru,V079,DRV062
ORD05482,2026-09-18T04:54:00+00:00,delivered,Tumakuru,V002,DRV118
ORD05483,2026-08-02T09:24:00+00:00,delayed,Mysuru,V043,DRV057
ORD05484,2026-08-13T19:25:00+00:00,delivered,Hosur,V079,DRV090
ORD05485,2026-08-12T12:06:00+00:00,delivered,Mangaluru,V044,DRV085
ORD05486,2026-09-21T09:23:00+00:00,delayed,Hosur,V052,DRV059
ORD05487,2026-08-06T05:21:00+00:00,cancelled,Mysuru,V021,DRV018
ORD05488,2026-08-05T00:37:00+00:00,delivered,Mangaluru,V004,DRV013
ORD05489,2026-09-17T05:48:00+00:00,delivered,Mangaluru,V092,DRV119
ORD05490,2026-08-20T23:06:00+00:00,cancelled,Pune,V079,DRV018
ORD05491,2026-09-02T16:18:00+00:00,in_transit,Chennai,V033,DRV055
ORD05492,2026-09-07T16:23:00+00:00,picked_up,Coimbatore,V012,DRV008
ORD05493,2026-09-15T08:15:00+00:00,delivered,Coimbatore,V071,DRV007
ORD05494,2026-08-08T06:35:00+00:00,delayed,Tumakuru,V099,DRV075
ORD05495,2026-08-22T03:10:00+00:00,in_transit,Mangaluru,V001,DRV083
ORD05496,2026-08-14T18:28:00+00:00,picked_up,Hyderabad,V053,DRV111
ORD05497,2026-09-23T12:08:00+00:00,delayed,Tumakuru,V010,DRV037
ORD05498,2026-08-01T19:52:00+00:00,delivered,Pune,V014,DRV056
ORD05499,2026-08-30T10:33:00+00:00,delivered,Hyderabad,V040,DRV120
ORD05500,2026-09-13T10:37:00+00:00,picked_up,Hyderabad,V035,DRV110
ORD05501,2026-08-28T09:05:00+00:00,picked_up,Tumakuru,V084,DRV089
ORD05502,2026-08-17T13:11:00+00:00,picked_up,Mysuru,V017,DRV044
ORD05503,2026-09-15T13:57:00+00:00,delayed,Coimbatore,V026,DRV021
ORD05504,2026-09-06T15:11:00+00:00,in_transit,Coimbatore,V014,DRV006
ORD05505,2026-09-06T19:42:00+00:00,delayed,Pune,V009,DRV111
ORD05506,2026-08-24T04:06:00+00:00,delivered,Hubballi,V019,DRV046
ORD05507,2026-08-17T03:45:00+00:00,delivered,Mangaluru,V059,DRV054
ORD05508,2026-08-29T01:09:00+00:00,delayed,Hosur,V053,DRV044
ORD05509,2026-08-30T03:47:00+00:00,cancelled,Coimbatore,V037,DRV064
ORD05510,2026-09-07T12:21:00+00:00,delivered,Pune,V066,DRV048
ORD05511,2026-09-19T01:11:00+00:00,delayed,Pune,V044,DRV046
ORD05512,2026-08-18T02:52:00+00:00,delivered,Coimbatore,V093,DRV009
ORD05513,2026-08-16T02:26:00+00:00,delayed,Pune,V007,DRV104
ORD05514,2026-08-03T00:57:00+00:00,picked_up,Mangaluru,V032,DRV081
ORD05515,2026-08-28T01:37:00+00:00,in_transit,Coimbatore,V037,DRV030
ORD05516,2026-09-01T10:33:00+00:00,in_transit,Hubballi,V068,DRV055
ORD05517,2026-09-13T05:41:00+00:00,picked_up,Mangaluru,V017,DRV034
ORD05518,2026-08-14T22:23:00+00:00,delayed,Mangaluru,V095,DRV104
ORD05519,2026-08-10T09:01:00+00:00,in_transit,Mangaluru,V002,DRV053
ORD05520,2026-09-24T12:30:00+00:00,in_transit,Tumakuru,V072,DRV038
ORD05521,2026-08-16T01:59:00+00:00,in_transit,Coimbatore,V032,DRV009
ORD05522,2026-08-12T22:34:00+00:00,delivered,Pune,V055,DRV046
ORD05523,2026-08-05T14:14:00+00:00,cancelled,Hyderabad,V099,DRV024
ORD05524,2026-09-03T07:24:00+00:00,delivered,Mangaluru,V074,DRV073
ORD05525,2026-08-21T20:41:00+00:00,delivered,Hubballi,V045,DRV115
ORD05526,2026-08-21T07:36:00+00:00,delivered,Mysuru,V034,DRV036
ORD05527,2026-08-03T01:17:00+00:00,delivered,Coimbatore,V084,DRV028
ORD05528,2026-08-27T20:30:00+00:00,delivered,Hosur,V058,DRV070
ORD05529,2026-09-13T05:09:00+00:00,delivered,Pune,V089,DRV094
ORD05530,2026-08-07T21:56:00+00:00,in_transit,Coimbatore,V010,DRV024
ORD05531,2026-08-09T17:21:00+00:00,cancelled,Chennai,V066,DRV011
ORD05532,2026-09-20T10:10:00+00:00,delivered,Hosur,V028,DRV099
ORD05533,2026-08-06T13:03:00+00:00,delivered,Tumakuru,V004,DRV057
ORD05534,2026-09-06T18:41:00+00:00,picked_up,Pune,V050,DRV086
ORD05535,2026-08-17T11:39:00+00:00,picked_up,Bengaluru,V092,DRV085
ORD05536,2026-09-11T08:06:00+00:00,delivered,Hosur,V099,DRV064
ORD05537,2026-08-04T21:04:00+00:00,delivered,Tumakuru,V080,DRV102
ORD05538,2026-09-15T11:32:00+00:00,delivered,Chennai,V043,DRV021
ORD05539,2026-09-21T14:26:00+00:00,picked_up,Hosur,V067,DRV039
ORD05540,2026-09-23T13:49:00+00:00,delivered,Chennai,V029,DRV065
ORD05541,2026-09-18T01:06:00+00:00,delivered,Chennai,V019,DRV096
ORD05542,2026-09-02T02:28:00+00:00,delivered,Coimbatore,V078,DRV093
ORD05543,2026-08-26T23:56:00+00:00,delivered,Mangaluru,V070,DRV107
ORD05544,2026-08-21T10:00:00+00:00,delivered,Hosur,V027,DRV010
ORD05545,2026-08-28T10:13:00+00:00,picked_up,Hubballi,V043,DRV115
ORD05546,2026-08-09T16:18:00+00:00,picked_up,Mysuru,V049,DRV047
ORD05547,2026-08-02T23:30:00+00:00,delayed,Pune,V022,DRV064
ORD05548,2026-09-21T06:22:00+00:00,delivered,Mangaluru,V067,DRV086
ORD05549,2026-08-12T05:22:00+00:00,in_transit,Hubballi,V042,DRV030
ORD05550,2026-08-18T18:46:00+00:00,delivered,Coimbatore,V090,DRV001
ORD05551,2026-09-24T15:05:00+00:00,delivered,Hosur,V094,DRV072
ORD05552,2026-09-05T03:38:00+00:00,delayed,Hyderabad,V023,DRV051
ORD05553,2026-08-09T07:00:00+00:00,delivered,Coimbatore,V045,DRV021
ORD05554,2026-08-13T10:11:00+00:00,picked_up,Tumakuru,V004,DRV057
ORD05555,2026-08-09T21:15:00+00:00,delivered,Coimbatore,V084,DRV039
ORD05556,2026-09-21T10:58:00+00:00,delivered,Hyderabad,V035,DRV041
ORD05557,2026-08-19T14:31:00+00:00,in_transit,Hubballi,V001,DRV074
ORD05558,2026-09-02T07:19:00+00:00,delivered,Hyderabad,V030,DRV086
ORD05559,2026-08-06T11:43:00+00:00,delivered,Mangaluru,V015,DRV115
ORD05560,2026-08-11T23:14:00+00:00,delayed,Coimbatore,V025,DRV012
ORD05561,2026-08-02T20:53:00+00:00,delivered,Mangaluru,V075,DRV014
ORD05562,2026-09-09T06:48:00+00:00,cancelled,Coimbatore,V010,DRV080
ORD05563,2026-08-01T23:12:00+00:00,cancelled,Mangaluru,V093,DRV043
ORD05564,2026-08-01T06:27:00+00:00,delayed,Mangaluru,V001,DRV024
ORD05565,2026-09-04T14:14:00+00:00,in_transit,Hosur,V060,DRV048
ORD05566,2026-08-18T15:35:00+00:00,delayed,Hosur,V076,DRV083
ORD05567,2026-08-06T09:45:00+00:00,delivered,Pune,V056,DRV067
ORD05568,2026-08-23T05:37:00+00:00,delivered,Chennai,V039,DRV115
ORD05569,2026-09-14T07:11:00+00:00,in_transit,Hubballi,V054,DRV108
ORD05570,2026-09-12T04:51:00+00:00,delivered,Coimbatore,V002,DRV042
ORD05571,2026-09-24T12:37:00+00:00,delivered,Tumakuru,V063,DRV091
ORD05572,2026-08-14T14:37:00+00:00,in_transit,Coimbatore,V008,DRV120
ORD05573,2026-08-06T06:24:00+00:00,delivered,Pune,V007,DRV056
ORD05574,2026-08-06T01:51:00+00:00,delivered,Mysuru,V059,DRV008
ORD05575,2026-08-12T02:50:00+00:00,delivered,Pune,V074,DRV082
ORD05576,2026-08-19T11:28:00+00:00,delivered,Hosur,V074,DRV037
ORD05577,2026-09-05T06:51:00+00:00,in_transit,Coimbatore,V071,DRV060
ORD05578,2026-08-14T19:42:00+00:00,in_transit,Chennai,V066,DRV029
ORD05579,2026-08-29T09:50:00+00:00,delayed,Chennai,V058,DRV109
ORD05580,2026-09-11T12:23:00+00:00,delivered,Hubballi,V052,DRV068
ORD05581,2026-08-24T02:42:00+00:00,picked_up,Hosur,V024,DRV090
ORD05582,2026-09-10T07:09:00+00:00,delivered,Coimbatore,V042,DRV033
ORD05583,2026-08-02T15:02:00+00:00,delivered,Pune,V025,DRV110
ORD05584,2026-08-09T02:35:00+00:00,delivered,Chennai,V042,DRV049
ORD05585,2026-09-18T21:12:00+00:00,delivered,Pune,V069,DRV024
ORD05586,2026-08-11T20:48:00+00:00,in_transit,Mysuru,V058,DRV011
ORD05587,2026-08-26T12:01:00+00:00,in_transit,Coimbatore,V022,DRV085
ORD05588,2026-09-07T05:18:00+00:00,in_transit,Coimbatore,V061,DRV069
ORD05589,2026-08-06T20:37:00+00:00,delivered,Mangaluru,V066,DRV094
ORD05590,2026-08-03T07:12:00+00:00,delivered,Coimbatore,V057,DRV077
ORD05591,2026-08-26T17:54:00+00:00,in_transit,Hubballi,V008,DRV099
ORD05592,2026-08-21T12:14:00+00:00,in_transit,Hyderabad,V020,DRV064
ORD05593,2026-08-15T20:20:00+00:00,delivered,Hyderabad,V069,DRV077
ORD05594,2026-09-08T21:19:00+00:00,cancelled,Chennai,V007,DRV082
ORD05595,2026-08-08T09:32:00+00:00,delivered,Hubballi,V082,DRV055
ORD05596,2026-09-12T15:06:00+00:00,in_transit,Mangaluru,V078,DRV036
ORD05597,2026-08-05T18:36:00+00:00,in_transit,Hyderabad,V004,DRV044
ORD05598,2026-08-26T17:18:00+00:00,cancelled,Chennai,V002,DRV033
ORD05599,2026-09-14T03:41:00+00:00,delivered,Mangaluru,V001,DRV005
ORD05600,2026-09-03T10:35:00+00:00,delivered,Pune,V067,DRV111
ORD05601,2026-09-23T21:16:00+00:00,in_transit,Hubballi,V056,DRV023
ORD05602,2026-09-12T20:14:00+00:00,delivered,Coimbatore,V083,DRV013
ORD05603,2026-09-16T02:31:00+00:00,picked_up,Hubballi,V024,DRV047
ORD05604,2026-08-13T15:21:00+00:00,picked_up,Chennai,V052,DRV030
ORD05605,2026-08-14T09:27:00+00:00,delivered,Coimbatore,V097,DRV063
ORD05606,2026-09-22T15:21:00+00:00,delivered,Mangaluru,V087,DRV022
ORD05607,2026-09-03T00:14:00+00:00,delayed,Mangaluru,V034,DRV026
ORD05608,2026-08-09T10:40:00+00:00,delivered,Coimbatore,V082,DRV001
ORD05609,2026-09-13T11:51:00+00:00,delivered,Mangaluru,V036,DRV100
ORD05610,2026-09-19T18:05:00+00:00,delayed,Coimbatore,V047,DRV048
ORD05611,2026-09-03T00:21:00+00:00,delivered,Hyderabad,V098,DRV028
ORD05612,2026-09-12T05:18:00+00:00,delivered,Pune,V022,DRV105
ORD05613,2026-08-26T14:08:00+00:00,delivered,Mysuru,V090,DRV019
ORD05614,2026-09-14T03:11:00+00:00,delayed,Hubballi,V056,DRV042
ORD05615,2026-09-14T20:09:00+00:00,delivered,Hyderabad,V029,DRV048
ORD05616,2026-08-30T20:14:00+00:00,delayed,Hubballi,V093,DRV067
ORD05617,2026-08-27T17:07:00+00:00,delivered,Mangaluru,V087,DRV070
ORD05618,2026-09-01T18:52:00+00:00,delivered,Hubballi,V096,DRV024
ORD05619,2026-09-09T00:40:00+00:00,picked_up,Pune,V021,DRV081
ORD05620,2026-08-02T20:00:00+00:00,delivered,Mangaluru,V048,DRV046
ORD05621,2026-08-14T05:57:00+00:00,delayed,Coimbatore,V091,DRV086
ORD05622,2026-08-02T20:24:00+00:00,delivered,Coimbatore,V048,DRV026
ORD05623,2026-08-28T12:10:00+00:00,delayed,Hubballi,V037,DRV120
ORD05624,2026-09-19T15:15:00+00:00,delivered,Mangaluru,V087,DRV054
ORD05625,2026-09-10T05:04:00+00:00,cancelled,Chennai,V076,DRV069
ORD05626,2026-08-31T08:46:00+00:00,delivered,Mysuru,V024,DRV070
ORD05627,2026-08-21T10:35:00+00:00,cancelled,Chennai,V079,DRV050
ORD05628,2026-09-14T08:33:00+00:00,delayed,Coimbatore,V050,DRV035
ORD05629,2026-08-31T00:48:00+00:00,picked_up,Coimbatore,V020,DRV022
ORD05630,2026-08-26T18:23:00+00:00,delayed,Coimbatore,V033,DRV087
ORD05631,2026-09-05T09:44:00+00:00,delivered,Coimbatore,V067,DRV008
ORD05632,2026-08-05T06:23:00+00:00,picked_up,Mangaluru,V056,DRV073
ORD05633,2026-08-25T03:16:00+00:00,delivered,Coimbatore,V005,DRV050
ORD05634,2026-08-13T20:13:00+00:00,delivered,Chennai,V019,DRV075
ORD05635,2026-08-17T22:08:00+00:00,delivered,Hubballi,V048,DRV090
ORD05636,2026-09-08T14:14:00+00:00,in_transit,Hosur,V082,DRV002
ORD05637,2026-09-08T00:30:00+00:00,picked_up,Hosur,V041,DRV081
ORD05638,2026-08-07T21:09:00+00:00,delivered,Coimbatore,V041,DRV022
ORD05639,2026-09-17T06:51:00+00:00,picked_up,Coimbatore,V098,DRV004
ORD05640,2026-09-12T01:28:00+00:00,delivered,Hyderabad,V077,DRV096
ORD05641,2026-08-23T11:10:00+00:00,delayed,Mysuru,V053,DRV066
ORD05642,2026-08-27T02:41:00+00:00,delivered,Chennai,V099,DRV035
ORD05643,2026-08-19T05:18:00+00:00,delivered,Bengaluru,V092,DRV091
ORD05644,2026-09-21T01:56:00+00:00,delayed,Hubballi,V029,DRV100
ORD05645,2026-08-28T22:24:00+00:00,delivered,Coimbatore,V039,DRV090
ORD05646,2026-09-21T23:00:00+00:00,cancelled,Hyderabad,V043,DRV099
ORD05647,2026-09-20T15:49:00+00:00,delivered,Pune,V098,DRV005
ORD05648,2026-08-16T04:17:00+00:00,in_transit,Hubballi,V092,DRV089
ORD05649,2026-09-05T04:35:00+00:00,delivered,Coimbatore,V089,DRV057
ORD05650,2026-08-06T09:35:00+00:00,delivered,Hubballi,V028,DRV014
ORD05651,2026-08-11T09:58:00+00:00,delivered,Pune,V097,DRV003
ORD05652,2026-09-15T00:00:00+00:00,picked_up,Coimbatore,V068,DRV070
ORD05653,2026-08-29T22:02:00+00:00,in_transit,Pune,V022,DRV004
ORD05654,2026-08-11T17:52:00+00:00,delivered,Hubballi,V017,DRV111
ORD05655,2026-09-20T10:48:00+00:00,picked_up,Coimbatore,V014,DRV002
ORD05656,2026-08-04T23:58:00+00:00,delivered,Hyderabad,V009,DRV059
ORD05657,2026-08-21T17:35:00+00:00,delivered,Mysuru,V082,DRV022
ORD05658,2026-08-08T01:20:00+00:00,delivered,Pune,V058,DRV005
ORD05659,2026-08-09T10:21:00+00:00,picked_up,Mangaluru,V040,DRV001
ORD05660,2026-09-05T10:50:00+00:00,delivered,Mangaluru,V091,DRV031
ORD05661,2026-08-14T00:44:00+00:00,picked_up,Hosur,V021,DRV005
ORD05662,2026-09-20T06:51:00+00:00,delivered,Hosur,V095,DRV108
ORD05663,2026-08-19T21:13:00+00:00,delivered,Chennai,V015,DRV052
ORD05664,2026-08-07T09:31:00+00:00,delivered,Mangaluru,V074,DRV035
ORD05665,2026-08-04T06:43:00+00:00,picked_up,Hosur,V047,DRV086
ORD05666,2026-08-21T05:34:00+00:00,in_transit,Coimbatore,V004,DRV076
ORD05667,2026-09-23T12:10:00+00:00,picked_up,Coimbatore,V020,DRV038
ORD05668,2026-08-19T11:27:00+00:00,delivered,Coimbatore,V081,DRV088
ORD05669,2026-08-22T18:36:00+00:00,in_transit,Chennai,V029,DRV102
ORD05670,2026-09-03T03:56:00+00:00,delivered,Chennai,V026,DRV029
ORD05671,2026-09-15T23:00:00+00:00,delivered,Mysuru,V002,DRV004
ORD05672,2026-08-14T00:19:00+00:00,in_transit,Coimbatore,V063,DRV047
ORD05673,2026-09-17T07:15:00+00:00,delivered,Hosur,V016,DRV035
ORD05674,2026-08-21T16:31:00+00:00,in_transit,Pune,V099,DRV082
ORD05675,2026-09-05T09:52:00+00:00,picked_up,Mangaluru,V037,DRV083
ORD05676,2026-08-10T16:20:00+00:00,delayed,Chennai,V077,DRV003
ORD05677,2026-08-09T19:08:00+00:00,delivered,Hyderabad,V045,DRV014
ORD05678,2026-09-24T05:28:00+00:00,delivered,Pune,V063,DRV099
ORD05679,2026-08-12T02:22:00+00:00,picked_up,Mangaluru,V096,DRV075
ORD05680,2026-09-02T11:52:00+00:00,picked_up,Hyderabad,V036,DRV052
ORD05681,2026-08-14T11:02:00+00:00,in_transit,Coimbatore,V066,DRV081
ORD05682,2026-09-01T13:05:00+00:00,delivered,Hosur,V096,DRV112
ORD05683,2026-08-13T23:37:00+00:00,picked_up,Chennai,V033,DRV109
ORD05684,2026-08-21T21:10:00+00:00,delivered,Mysuru,V087,DRV044
ORD05685,2026-08-27T22:30:00+00:00,delivered,Mangaluru,V038,DRV101
ORD05686,2026-09-09T23:54:00+00:00,picked_up,Coimbatore,V044,DRV028
ORD05687,2026-09-03T18:02:00+00:00,delivered,Coimbatore,V072,DRV007
ORD05688,2026-08-02T20:40:00+00:00,cancelled,Mysuru,V093,DRV075
ORD05689,2026-08-29T21:48:00+00:00,delivered,Bengaluru,V033,DRV018
ORD05690,2026-08-19T16:53:00+00:00,delivered,Mysuru,V012,DRV005
ORD05691,2026-08-15T14:59:00+00:00,delivered,Chennai,V008,DRV083
ORD05692,2026-08-28T01:28:00+00:00,delivered,Hosur,V020,DRV108
ORD05693,2026-08-27T23:30:00+00:00,delivered,Mangaluru,V008,DRV101
ORD05694,2026-09-03T02:55:00+00:00,delivered,Pune,V042,DRV117
ORD05695,2026-08-09T17:03:00+00:00,delivered,Mysuru,V024,DRV024
ORD05696,2026-08-28T06:41:00+00:00,picked_up,Hubballi,V063,DRV048
ORD05697,2026-08-23T17:18:00+00:00,cancelled,Hosur,V058,DRV079
ORD05698,2026-09-20T13:23:00+00:00,delivered,Mangaluru,V015,DRV058
ORD05699,2026-09-07T04:27:00+00:00,in_transit,Mangaluru,V014,DRV004
ORD05700,2026-09-02T07:57:00+00:00,delivered,Mysuru,V014,DRV018
ORD05701,2026-08-26T11:52:00+00:00,delayed,Hosur,V062,DRV049
ORD05702,2026-09-04T20:12:00+00:00,delivered,Pune,V007,DRV072
ORD05703,2026-08-28T23:11:00+00:00,delivered,Hyderabad,V074,DRV075
ORD05704,2026-08-02T11:27:00+00:00,picked_up,Hubballi,V075,DRV114
ORD05705,2026-08-14T05:29:00+00:00,delivered,Chennai,V081,DRV043
ORD05706,2026-08-15T00:25:00+00:00,delivered,Pune,V043,DRV019
ORD05707,2026-09-07T11:29:00+00:00,delivered,Tumakuru,V073,DRV016
ORD05708,2026-08-04T08:22:00+00:00,delayed,Pune,V024,DRV068
ORD05709,2026-08-02T09:47:00+00:00,cancelled,Coimbatore,V063,DRV029
ORD05710,2026-09-21T09:30:00+00:00,picked_up,Mangaluru,V038,DRV003
ORD05711,2026-09-12T05:54:00+00:00,delayed,Hyderabad,V076,DRV019
ORD05712,2026-08-02T09:12:00+00:00,picked_up,Hosur,V013,DRV075
ORD05713,2026-09-14T04:06:00+00:00,delivered,Pune,V098,DRV040
ORD05714,2026-09-23T23:57:00+00:00,picked_up,Hosur,V015,DRV114
ORD05715,2026-09-09T13:22:00+00:00,delivered,Hosur,V071,DRV083
ORD05716,2026-09-04T03:44:00+00:00,delivered,Mysuru,V055,DRV078
ORD05717,2026-09-21T10:42:00+00:00,delivered,Coimbatore,V095,DRV053
ORD05718,2026-08-16T11:25:00+00:00,cancelled,Hubballi,V030,DRV063
ORD05719,2026-08-08T07:18:00+00:00,in_transit,Mangaluru,V006,DRV042
ORD05720,2026-08-25T08:16:00+00:00,delivered,Chennai,V030,DRV040
ORD05721,2026-09-17T07:58:00+00:00,in_transit,Coimbatore,V030,DRV020
ORD05722,2026-08-09T01:13:00+00:00,in_transit,Pune,V096,DRV056
ORD05723,2026-09-23T03:57:00+00:00,delivered,Coimbatore,V001,DRV021
ORD05724,2026-08-22T23:25:00+00:00,delivered,Mysuru,V094,DRV085
ORD05725,2026-08-05T05:39:00+00:00,delivered,Pune,V010,DRV068
ORD05726,2026-08-18T08:46:00+00:00,delivered,Hyderabad,V087,DRV062
ORD05727,2026-09-07T20:05:00+00:00,delivered,Mysuru,V014,DRV095
ORD05728,2026-08-03T09:16:00+00:00,delivered,Mangaluru,V033,DRV060
ORD05729,2026-08-29T12:35:00+00:00,delivered,Hubballi,V042,DRV120
ORD05730,2026-08-18T21:10:00+00:00,delivered,Hosur,V013,DRV100
ORD05731,2026-09-07T00:40:00+00:00,delivered,Pune,V061,DRV082
ORD05732,2026-08-25T15:37:00+00:00,delivered,Chennai,V025,DRV006
ORD05733,2026-09-13T03:42:00+00:00,delivered,Hubballi,V014,DRV052
ORD05734,2026-09-18T09:24:00+00:00,cancelled,Chennai,V087,DRV102
ORD05735,2026-08-04T14:12:00+00:00,delayed,Mysuru,V086,DRV017
ORD05736,2026-09-20T16:07:00+00:00,delivered,Coimbatore,V022,DRV056
ORD05737,2026-09-04T10:47:00+00:00,delivered,Hubballi,V070,DRV059
ORD05738,2026-08-24T22:05:00+00:00,in_transit,Pune,V089,DRV012
ORD05739,2026-08-13T06:59:00+00:00,delayed,Hosur,V076,DRV095
ORD05740,2026-08-01T17:26:00+00:00,in_transit,Mangaluru,V001,DRV100
ORD05741,2026-08-11T07:02:00+00:00,in_transit,Coimbatore,V052,DRV037
ORD05742,2026-08-17T22:02:00+00:00,delayed,Coimbatore,V026,DRV072
ORD05743,2026-09-13T10:52:00+00:00,in_transit,Mangaluru,V090,DRV021
ORD05744,2026-09-03T06:07:00+00:00,delivered,Hyderabad,V027,DRV085
ORD05745,2026-09-18T21:03:00+00:00,delivered,Chennai,V023,DRV012
ORD05746,2026-09-07T04:26:00+00:00,delivered,Mysuru,V031,DRV032
ORD05747,2026-09-17T13:20:00+00:00,delivered,Hyderabad,V002,DRV020
ORD05748,2026-08-02T07:44:00+00:00,delivered,Coimbatore,V053,DRV117
ORD05749,2026-08-03T19:57:00+00:00,delivered,Mangaluru,V012,DRV054
ORD05750,2026-09-16T17:26:00+00:00,in_transit,Pune,V057,DRV079
ORD05751,2026-08-21T09:41:00+00:00,picked_up,Coimbatore,V008,DRV100
ORD05752,2026-09-17T06:33:00+00:00,delivered,Hosur,V055,DRV074
ORD05753,2026-08-23T09:47:00+00:00,picked_up,Mysuru,V054,DRV076
ORD05754,2026-08-04T22:31:00+00:00,delivered,Pune,V081,DRV039
ORD05755,2026-09-01T00:57:00+00:00,delivered,Pune,V087,DRV107
ORD05756,2026-09-15T12:09:00+00:00,in_transit,Hosur,V009,DRV087
ORD05757,2026-08-04T14:50:00+00:00,cancelled,Tumakuru,V036,DRV091
ORD05758,2026-08-24T10:52:00+00:00,delivered,Hyderabad,V014,DRV114
ORD05759,2026-09-08T08:53:00+00:00,delivered,Bengaluru,V071,DRV058
ORD05760,2026-08-20T12:33:00+00:00,picked_up,Coimbatore,V070,DRV083
ORD05761,2026-08-21T07:22:00+00:00,picked_up,Mangaluru,V017,DRV103
ORD05762,2026-09-07T23:09:00+00:00,cancelled,Mysuru,V025,DRV079
ORD05763,2026-09-20T21:52:00+00:00,in_transit,Chennai,V075,DRV007
ORD05764,2026-08-07T22:30:00+00:00,in_transit,Mangaluru,V076,DRV071
ORD05765,2026-08-23T05:23:00+00:00,in_transit,Bengaluru,V061,DRV095
ORD05766,2026-08-25T23:31:00+00:00,delivered,Chennai,V044,DRV062
ORD05767,2026-09-03T03:51:00+00:00,in_transit,Pune,V089,DRV079
ORD05768,2026-09-07T20:28:00+00:00,delivered,Mangaluru,V088,DRV119
ORD05769,2026-08-29T15:18:00+00:00,delivered,Mangaluru,V073,DRV116
ORD05770,2026-08-04T11:52:00+00:00,delivered,Mangaluru,V035,DRV035
ORD05771,2026-09-05T16:33:00+00:00,delivered,Hubballi,V008,DRV020
ORD05772,2026-08-31T10:52:00+00:00,delayed,Pune,V076,DRV072
ORD05773,2026-08-01T09:03:00+00:00,cancelled,Chennai,V057,DRV093
ORD05774,2026-08-27T15:29:00+00:00,delivered,Hyderabad,V066,DRV105
ORD05775,2026-08-24T10:45:00+00:00,delivered,Tumakuru,V021,DRV056
ORD05776,2026-08-30T01:40:00+00:00,delivered,Mangaluru,V016,DRV002
ORD05777,2026-09-24T06:21:00+00:00,delivered,Mangaluru,V001,DRV111
ORD05778,2026-08-08T11:16:00+00:00,delivered,Coimbatore,V080,DRV039
ORD05779,2026-09-23T16:23:00+00:00,delivered,Hubballi,V046,DRV116
ORD05780,2026-09-10T21:28:00+00:00,delivered,Coimbatore,V041,DRV061
ORD05781,2026-09-20T16:10:00+00:00,delivered,Chennai,V002,DRV088
ORD05782,2026-08-06T14:22:00+00:00,picked_up,Coimbatore,V044,DRV041
ORD05783,2026-08-11T16:31:00+00:00,delivered,Hyderabad,V052,DRV001
ORD05784,2026-09-07T05:19:00+00:00,picked_up,Bengaluru,V087,DRV111
ORD05785,2026-09-10T05:06:00+00:00,delivered,Pune,V003,DRV103
ORD05786,2026-09-04T09:32:00+00:00,in_transit,Coimbatore,V090,DRV076
ORD05787,2026-08-22T02:59:00+00:00,delayed,Hubballi,V050,DRV111
ORD05788,2026-09-03T01:17:00+00:00,delivered,Hosur,V003,DRV050
ORD05789,2026-09-08T06:39:00+00:00,delivered,Coimbatore,V025,DRV031
ORD05790,2026-09-23T19:16:00+00:00,cancelled,Hubballi,V076,DRV052
ORD05791,2026-09-16T21:24:00+00:00,delivered,Bengaluru,V041,DRV067
ORD05792,2026-08-27T12:25:00+00:00,in_transit,Chennai,V025,DRV054
ORD05793,2026-08-24T21:19:00+00:00,delivered,Mangaluru,V018,DRV103
ORD05794,2026-09-10T23:57:00+00:00,in_transit,Chennai,V022,DRV021
ORD05795,2026-08-27T14:11:00+00:00,delivered,Coimbatore,V009,DRV088
ORD05796,2026-08-30T11:27:00+00:00,delivered,Coimbatore,V057,DRV078
ORD05797,2026-08-17T22:45:00+00:00,delivered,Hyderabad,V050,DRV101
ORD05798,2026-08-06T10:12:00+00:00,delivered,Hosur,V027,DRV054
ORD05799,2026-09-10T06:27:00+00:00,in_transit,Bengaluru,V083,DRV088
ORD05800,2026-08-10T04:50:00+00:00,delivered,Hyderabad,V063,DRV059
ORD05801,2026-09-02T22:39:00+00:00,picked_up,Mysuru,V085,DRV089
ORD05802,2026-09-24T22:17:00+00:00,delivered,Mangaluru,V028,DRV060
ORD05803,2026-08-31T02:57:00+00:00,delayed,Mysuru,V075,DRV016
ORD05804,2026-08-31T13:33:00+00:00,delivered,Hubballi,V004,DRV119
ORD05805,2026-09-21T02:42:00+00:00,picked_up,Coimbatore,V068,DRV018
ORD05806,2026-08-26T13:35:00+00:00,cancelled,Hosur,V031,DRV087
ORD05807,2026-09-19T22:00:00+00:00,delivered,Mangaluru,V065,DRV078
ORD05808,2026-09-17T09:25:00+00:00,delayed,Chennai,V067,DRV055
ORD05809,2026-09-19T07:30:00+00:00,in_transit,Pune,V042,DRV075
ORD05810,2026-08-26T19:04:00+00:00,delayed,Coimbatore,V034,DRV060
ORD05811,2026-09-11T09:25:00+00:00,delivered,Coimbatore,V039,DRV035
ORD05812,2026-09-07T17:49:00+00:00,delivered,Mangaluru,V078,DRV043
ORD05813,2026-09-20T06:12:00+00:00,delivered,Coimbatore,V008,DRV059
ORD05814,2026-08-12T10:49:00+00:00,picked_up,Hosur,V049,DRV103
ORD05815,2026-08-16T12:31:00+00:00,cancelled,Tumakuru,V004,DRV030
ORD05816,2026-08-11T15:57:00+00:00,in_transit,Coimbatore,V003,DRV072
ORD05817,2026-08-01T02:52:00+00:00,picked_up,Hosur,V061,DRV046
ORD05818,2026-08-20T18:26:00+00:00,picked_up,Hosur,V077,DRV081
ORD05819,2026-09-13T13:38:00+00:00,in_transit,Hosur,V039,DRV099
ORD05820,2026-09-14T01:52:00+00:00,delivered,Mangaluru,V052,DRV024
ORD05821,2026-09-07T12:17:00+00:00,delivered,Pune,V030,DRV102
ORD05822,2026-08-11T23:42:00+00:00,delivered,Pune,V026,DRV019
ORD05823,2026-09-17T02:18:00+00:00,delivered,Mangaluru,V004,DRV079
ORD05824,2026-08-26T08:22:00+00:00,in_transit,Hubballi,V058,DRV004
ORD05825,2026-08-25T14:28:00+00:00,cancelled,Coimbatore,V032,DRV105
ORD05826,2026-08-13T05:11:00+00:00,delivered,Chennai,V060,DRV049
ORD05827,2026-08-08T03:14:00+00:00,delayed,Tumakuru,V068,DRV079
ORD05828,2026-09-18T12:02:00+00:00,delivered,Coimbatore,V004,DRV102
ORD05829,2026-08-23T13:20:00+00:00,picked_up,Pune,V042,DRV004
ORD05830,2026-09-09T00:45:00+00:00,in_transit,Pune,V077,DRV006
ORD05831,2026-08-20T23:55:00+00:00,delivered,Mangaluru,V041,DRV018
ORD05832,2026-08-29T16:35:00+00:00,in_transit,Pune,V042,DRV066
ORD05833,2026-09-17T06:08:00+00:00,delivered,Mysuru,V012,DRV084
ORD05834,2026-08-19T04:41:00+00:00,picked_up,Hosur,V029,DRV031
ORD05835,2026-08-15T06:04:00+00:00,delivered,Hubballi,V071,DRV035
ORD05836,2026-09-04T10:59:00+00:00,delivered,Coimbatore,V092,DRV086
ORD05837,2026-08-26T15:28:00+00:00,delivered,Coimbatore,V028,DRV010
ORD05838,2026-08-23T10:55:00+00:00,in_transit,Tumakuru,V082,DRV053
ORD05839,2026-09-09T00:27:00+00:00,delivered,Mysuru,V047,DRV037
ORD05840,2026-08-21T03:13:00+00:00,delayed,Coimbatore,V070,DRV036
ORD05841,2026-08-24T21:20:00+00:00,delivered,Hosur,V007,DRV010
ORD05842,2026-08-11T13:23:00+00:00,picked_up,Mysuru,V087,DRV027
ORD05843,2026-08-17T14:26:00+00:00,delivered,Hubballi,V092,DRV105
ORD05844,2026-08-01T09:17:00+00:00,delivered,Mysuru,V066,DRV011
ORD05845,2026-08-07T18:05:00+00:00,delivered,Hosur,V098,DRV033
ORD05846,2026-08-09T05:35:00+00:00,delivered,Mysuru,V095,DRV041
ORD05847,2026-08-24T20:48:00+00:00,delivered,Coimbatore,V045,DRV086
ORD05848,2026-08-08T03:49:00+00:00,delivered,Hubballi,V052,DRV079
ORD05849,2026-09-01T21:03:00+00:00,delayed,Hyderabad,V059,DRV028
ORD05850,2026-08-01T05:16:00+00:00,delivered,Chennai,V041,DRV069
ORD05851,2026-09-24T08:54:00+00:00,delayed,Mangaluru,V035,DRV115
ORD05852,2026-08-02T18:04:00+00:00,delivered,Mysuru,V022,DRV100
ORD05853,2026-08-05T11:44:00+00:00,cancelled,Pune,V072,DRV064
ORD05854,2026-09-23T00:56:00+00:00,delivered,Coimbatore,V005,DRV031
ORD05855,2026-08-15T14:56:00+00:00,picked_up,Mysuru,V019,DRV004
ORD05856,2026-09-04T23:14:00+00:00,picked_up,Hubballi,V065,DRV039
ORD05857,2026-09-01T15:16:00+00:00,delayed,Hosur,V057,DRV070
ORD05858,2026-09-25T01:08:00+00:00,in_transit,Hosur,V038,DRV027
ORD05859,2026-08-08T10:33:00+00:00,cancelled,Hubballi,V065,DRV066
ORD05860,2026-09-18T11:53:00+00:00,picked_up,Mangaluru,V068,DRV110
ORD05861,2026-09-16T10:28:00+00:00,delivered,Coimbatore,V058,DRV067
ORD05862,2026-09-24T23:58:00+00:00,in_transit,Mangaluru,V047,DRV081
ORD05863,2026-09-11T04:01:00+00:00,delayed,Pune,V044,DRV112
ORD05864,2026-09-12T14:59:00+00:00,delivered,Mangaluru,V027,DRV117
ORD05865,2026-09-16T10:04:00+00:00,delivered,Pune,V067,DRV058
ORD05866,2026-08-03T22:19:00+00:00,in_transit,Pune,V005,DRV063
ORD05867,2026-09-06T13:26:00+00:00,delayed,Mysuru,V075,DRV117
ORD05868,2026-09-23T01:39:00+00:00,delivered,Coimbatore,V052,DRV106
ORD05869,2026-08-18T09:59:00+00:00,in_transit,Hosur,V006,DRV020
ORD05870,2026-09-13T16:25:00+00:00,delivered,Chennai,V013,DRV074
ORD05871,2026-08-01T05:24:00+00:00,delivered,Mysuru,V024,DRV008
ORD05872,2026-08-07T17:20:00+00:00,delayed,Coimbatore,V080,DRV104
ORD05873,2026-09-05T17:34:00+00:00,delivered,Pune,V054,DRV036
ORD05874,2026-09-22T07:29:00+00:00,delivered,Tumakuru,V024,DRV057
ORD05875,2026-08-03T12:21:00+00:00,delivered,Coimbatore,V014,DRV088
ORD05876,2026-08-07T22:12:00+00:00,delayed,Hyderabad,V011,DRV082
ORD05877,2026-08-31T06:35:00+00:00,delivered,Coimbatore,V073,DRV120
ORD05878,2026-08-07T09:51:00+00:00,picked_up,Mangaluru,V050,DRV113
ORD05879,2026-09-20T02:17:00+00:00,delivered,Tumakuru,V038,DRV019
ORD05880,2026-09-14T18:30:00+00:00,delivered,Coimbatore,V017,DRV109
ORD05881,2026-09-13T07:53:00+00:00,delivered,Coimbatore,V049,DRV007
ORD05882,2026-08-22T14:27:00+00:00,delivered,Hosur,V059,DRV068
ORD05883,2026-08-12T08:34:00+00:00,delivered,Mysuru,V006,DRV008
ORD05884,2026-09-15T21:44:00+00:00,in_transit,Mysuru,V061,DRV080
ORD05885,2026-09-11T16:39:00+00:00,delivered,Hyderabad,V045,DRV099
ORD05886,2026-08-31T08:33:00+00:00,delivered,Mysuru,V048,DRV059
ORD05887,2026-08-21T17:51:00+00:00,picked_up,Pune,V029,DRV052
ORD05888,2026-08-26T15:02:00+00:00,delayed,Hyderabad,V078,DRV011
ORD05889,2026-08-26T17:30:00+00:00,delivered,Pune,V052,DRV041
ORD05890,2026-08-01T10:16:00+00:00,delivered,Pune,V028,DRV025
ORD05891,2026-09-19T14:09:00+00:00,delivered,Hubballi,V060,DRV109
ORD05892,2026-09-05T21:53:00+00:00,cancelled,Chennai,V060,DRV045
ORD05893,2026-08-19T11:03:00+00:00,picked_up,Hubballi,V100,DRV079
ORD05894,2026-08-20T06:04:00+00:00,delivered,Mysuru,V044,DRV011
ORD05895,2026-08-05T23:30:00+00:00,delivered,Bengaluru,V045,DRV065
ORD05896,2026-09-05T10:45:00+00:00,cancelled,Pune,V088,DRV032
ORD05897,2026-08-02T05:39:00+00:00,delivered,Pune,V089,DRV066
ORD05898,2026-09-03T14:10:00+00:00,delivered,Mangaluru,V039,DRV039
ORD05899,2026-09-12T10:40:00+00:00,picked_up,Mysuru,V017,DRV012
ORD05900,2026-09-07T01:57:00+00:00,delivered,Chennai,V001,DRV073
ORD05901,2026-09-07T20:52:00+00:00,picked_up,Hosur,V030,DRV117
ORD05902,2026-08-14T21:31:00+00:00,picked_up,Hosur,V062,DRV026
ORD05903,2026-09-11T06:04:00+00:00,delayed,Chennai,V051,DRV069
ORD05904,2026-08-29T04:27:00+00:00,delivered,Coimbatore,V061,DRV114
ORD05905,2026-09-09T00:18:00+00:00,delivered,Hubballi,V043,DRV025
ORD05906,2026-08-16T21:02:00+00:00,delivered,Mangaluru,V057,DRV119
ORD05907,2026-09-22T04:58:00+00:00,delivered,Coimbatore,V050,DRV081
ORD05908,2026-08-23T18:52:00+00:00,in_transit,Coimbatore,V095,DRV107
ORD05909,2026-09-02T06:19:00+00:00,delayed,Pune,V008,DRV087
ORD05910,2026-09-04T16:18:00+00:00,delayed,Hyderabad,V081,DRV095
ORD05911,2026-08-28T23:31:00+00:00,delivered,Coimbatore,V063,DRV020
ORD05912,2026-09-02T23:46:00+00:00,in_transit,Coimbatore,V083,DRV078
ORD05913,2026-08-27T16:11:00+00:00,delivered,Chennai,V017,DRV119
ORD05914,2026-09-19T23:50:00+00:00,delayed,Coimbatore,V066,DRV012
ORD05915,2026-08-18T14:40:00+00:00,delivered,Coimbatore,V074,DRV069
ORD05916,2026-08-20T18:29:00+00:00,delivered,Chennai,V026,DRV036
ORD05917,2026-08-30T10:56:00+00:00,delivered,Hosur,V008,DRV089
ORD05918,2026-08-23T19:31:00+00:00,delivered,Mangaluru,V019,DRV038
ORD05919,2026-09-05T07:18:00+00:00,delivered,Hubballi,V069,DRV063
ORD05920,2026-09-07T02:47:00+00:00,delivered,Mysuru,V039,DRV017
ORD05921,2026-09-18T07:30:00+00:00,delivered,Coimbatore,V039,DRV067
ORD05922,2026-09-23T08:10:00+00:00,picked_up,Pune,V014,DRV054
ORD05923,2026-09-01T21:35:00+00:00,delivered,Hubballi,V020,DRV049
ORD05924,2026-08-21T09:07:00+00:00,delivered,Coimbatore,V024,DRV044
ORD05925,2026-09-12T10:14:00+00:00,delivered,Mangaluru,V052,DRV029
ORD05926,2026-09-10T10:13:00+00:00,cancelled,Chennai,V096,DRV033
ORD05927,2026-08-17T18:32:00+00:00,picked_up,Mangaluru,V017,DRV039
ORD05928,2026-08-11T11:46:00+00:00,delivered,Hosur,V023,DRV009
ORD05929,2026-08-10T14:59:00+00:00,delivered,Hubballi,V089,DRV085
ORD05930,2026-09-11T14:03:00+00:00,delivered,Hubballi,V081,DRV107
ORD05931,2026-09-02T10:46:00+00:00,picked_up,Pune,V057,DRV034
ORD05932,2026-09-08T06:40:00+00:00,delivered,Coimbatore,V059,DRV067
ORD05933,2026-08-23T22:25:00+00:00,delivered,Tumakuru,V059,DRV056
ORD05934,2026-08-18T23:47:00+00:00,delivered,Chennai,V037,DRV070
ORD05935,2026-08-12T16:37:00+00:00,delivered,Hubballi,V097,DRV070
ORD05936,2026-08-18T08:49:00+00:00,picked_up,Chennai,V032,DRV040
ORD05937,2026-08-29T08:52:00+00:00,delivered,Pune,V034,DRV013
ORD05938,2026-08-27T21:33:00+00:00,in_transit,Hyderabad,V060,DRV111
ORD05939,2026-09-22T15:09:00+00:00,delivered,Mangaluru,V084,DRV031
ORD05940,2026-08-01T19:23:00+00:00,in_transit,Mangaluru,V018,DRV059
ORD05941,2026-09-14T16:03:00+00:00,in_transit,Mangaluru,V042,DRV050
ORD05942,2026-08-01T12:27:00+00:00,picked_up,Mysuru,V013,DRV088
ORD05943,2026-09-22T02:56:00+00:00,picked_up,Tumakuru,V033,DRV002
ORD05944,2026-08-03T16:39:00+00:00,delayed,Coimbatore,V097,DRV069
ORD05945,2026-08-05T04:48:00+00:00,picked_up,Coimbatore,V034,DRV106
ORD05946,2026-08-28T01:15:00+00:00,delivered,Mangaluru,V089,DRV073
ORD05947,2026-08-30T08:44:00+00:00,delivered,Mysuru,V054,DRV082
ORD05948,2026-08-02T11:02:00+00:00,picked_up,Pune,V031,DRV071
ORD05949,2026-09-07T21:46:00+00:00,delivered,Pune,V002,DRV071
ORD05950,2026-08-03T08:34:00+00:00,in_transit,Tumakuru,V016,DRV111
ORD05951,2026-08-01T05:05:00+00:00,delivered,Hosur,V025,DRV059
ORD05952,2026-09-17T18:24:00+00:00,delayed,Coimbatore,V081,DRV021
ORD05953,2026-09-11T10:11:00+00:00,delivered,Chennai,V070,DRV009
ORD05954,2026-09-23T21:01:00+00:00,delivered,Coimbatore,V083,DRV051
ORD05955,2026-08-07T11:04:00+00:00,delivered,Mangaluru,V090,DRV009
ORD05956,2026-08-12T14:50:00+00:00,delivered,Hyderabad,V018,DRV080
ORD05957,2026-09-07T10:33:00+00:00,delivered,Mangaluru,V069,DRV099
ORD05958,2026-09-05T18:46:00+00:00,delivered,Mangaluru,V075,DRV099
ORD05959,2026-08-30T13:38:00+00:00,delivered,Mangaluru,V012,DRV007
ORD05960,2026-09-02T18:50:00+00:00,delivered,Chennai,V068,DRV065
ORD05961,2026-08-21T06:57:00+00:00,delivered,Coimbatore,V084,DRV028
ORD05962,2026-09-24T17:53:00+00:00,delivered,Pune,V042,DRV117
ORD05963,2026-08-02T19:10:00+00:00,in_transit,Coimbatore,V020,DRV076
ORD05964,2026-09-24T18:46:00+00:00,in_transit,Coimbatore,V008,DRV102
ORD05965,2026-09-12T16:18:00+00:00,in_transit,Mysuru,V081,DRV085
ORD05966,2026-09-24T08:40:00+00:00,delayed,Hubballi,V066,DRV079
ORD05967,2026-09-19T12:23:00+00:00,delivered,Hubballi,V010,DRV072
ORD05968,2026-09-16T20:00:00+00:00,delivered,Coimbatore,V067,DRV039
ORD05969,2026-08-24T12:20:00+00:00,delivered,Hyderabad,V006,DRV074
ORD05970,2026-09-17T05:24:00+00:00,cancelled,Pune,V045,DRV095
ORD05971,2026-08-03T02:58:00+00:00,picked_up,Coimbatore,V072,DRV082
ORD05972,2026-08-08T11:37:00+00:00,in_transit,Pune,V064,DRV037
ORD05973,2026-08-14T12:20:00+00:00,in_transit,Mangaluru,V079,DRV017
ORD05974,2026-09-15T18:11:00+00:00,delivered,Coimbatore,V089,DRV071
ORD05975,2026-08-01T04:33:00+00:00,delivered,Chennai,V089,DRV084
ORD05976,2026-09-04T20:07:00+00:00,picked_up,Hubballi,V035,DRV091
ORD05977,2026-09-14T05:24:00+00:00,in_transit,Hyderabad,V001,DRV018
ORD05978,2026-09-05T21:27:00+00:00,picked_up,Mysuru,V058,DRV116
ORD05979,2026-08-05T16:15:00+00:00,in_transit,Mysuru,V047,DRV104
ORD05980,2026-09-18T12:23:00+00:00,delivered,Hyderabad,V037,DRV059
ORD05981,2026-08-20T14:05:00+00:00,delivered,Pune,V017,DRV086
ORD05982,2026-08-06T06:39:00+00:00,delivered,Hyderabad,V089,DRV107
ORD05983,2026-08-29T02:05:00+00:00,in_transit,Hosur,V087,DRV011
ORD05984,2026-08-05T08:39:00+00:00,in_transit,Coimbatore,V021,DRV025
ORD05985,2026-09-01T12:36:00+00:00,delivered,Mangaluru,V028,DRV100
ORD05986,2026-09-04T11:35:00+00:00,delivered,Mangaluru,V058,DRV047
ORD05987,2026-09-16T08:17:00+00:00,delivered,Hosur,V042,DRV050
ORD05988,2026-09-05T05:55:00+00:00,delivered,Mysuru,V065,DRV062
ORD05989,2026-08-29T05:39:00+00:00,picked_up,Bengaluru,V066,DRV061
ORD05990,2026-08-06T00:39:00+00:00,delivered,Coimbatore,V046,DRV034
ORD05991,2026-08-22T22:41:00+00:00,delivered,Hosur,V080,DRV066
ORD05992,2026-09-16T10:18:00+00:00,delivered,Hubballi,V059,DRV001
ORD05993,2026-08-04T09:23:00+00:00,delivered,Coimbatore,V096,DRV050
ORD05994,2026-09-09T02:27:00+00:00,in_transit,Mysuru,V043,DRV084
ORD05995,2026-09-23T21:29:00+00:00,delivered,Chennai,V016,DRV026
ORD05996,2026-09-01T22:46:00+00:00,delivered,Mangaluru,V036,DRV021
ORD05997,2026-08-23T15:18:00+00:00,picked_up,Coimbatore,V083,DRV020
ORD05998,2026-09-12T02:13:00+00:00,picked_up,Mangaluru,V060,DRV093
ORD05999,2026-08-10T21:47:00+00:00,delayed,Hyderabad,V049,DRV057
ORD06000,2026-08-05T22:12:00+00:00,picked_up,Mangaluru,V070,DRV080
ORD06001,2026-09-10T02:13:00+00:00,delivered,Chennai,V034,DRV029
ORD06002,2026-08-19T21:38:00+00:00,cancelled,Mysuru,V040,DRV100
ORD06003,2026-09-23T05:46:00+00:00,delivered,Pune,V065,DRV054
ORD06004,2026-09-18T02:50:00+00:00,in_transit,Coimbatore,V059,DRV050
ORD06005,2026-09-19T04:38:00+00:00,delivered,Coimbatore,V011,DRV102
ORD06006,2026-09-10T18:31:00+00:00,picked_up,Mysuru,V095,DRV005
ORD06007,2026-08-13T07:58:00+00:00,cancelled,Mysuru,V003,DRV048
ORD06008,2026-08-13T23:20:00+00:00,picked_up,Coimbatore,V069,DRV097
ORD06009,2026-09-19T02:15:00+00:00,delayed,Coimbatore,V057,DRV055
ORD06010,2026-08-09T14:07:00+00:00,in_transit,Coimbatore,V054,DRV067
ORD06011,2026-09-17T07:49:00+00:00,delivered,Hosur,V027,DRV014
ORD06012,2026-08-29T04:03:00+00:00,delivered,Coimbatore,V095,DRV031
ORD06013,2026-08-19T10:45:00+00:00,delivered,Pune,V048,DRV089
ORD06014,2026-09-01T17:02:00+00:00,delivered,Hyderabad,V064,DRV010
ORD06015,2026-08-25T18:31:00+00:00,delayed,Hubballi,V043,DRV014
ORD06016,2026-08-19T08:37:00+00:00,delivered,Chennai,V090,DRV008
ORD06017,2026-08-24T08:53:00+00:00,in_transit,Hubballi,V005,DRV017
ORD06018,2026-08-01T08:57:00+00:00,delayed,Mangaluru,V063,DRV050
ORD06019,2026-08-19T23:40:00+00:00,delivered,Coimbatore,V054,DRV001
ORD06020,2026-09-03T14:19:00+00:00,delivered,Hosur,V010,DRV091
ORD06021,2026-09-15T05:26:00+00:00,delivered,Pune,V022,DRV043
ORD06022,2026-08-25T15:59:00+00:00,in_transit,Coimbatore,V094,DRV030
ORD06023,2026-08-19T06:28:00+00:00,in_transit,Mangaluru,V065,DRV047
ORD06024,2026-09-18T22:02:00+00:00,delivered,Hubballi,V050,DRV007
ORD06025,2026-09-12T23:24:00+00:00,delivered,Hyderabad,V022,DRV033
ORD06026,2026-08-05T03:40:00+00:00,delayed,Chennai,V010,DRV015
ORD06027,2026-09-03T12:20:00+00:00,in_transit,Mangaluru,V078,DRV018
ORD06028,2026-08-19T00:46:00+00:00,delivered,Mangaluru,V065,DRV063
ORD06029,2026-08-21T17:12:00+00:00,delivered,Mangaluru,V047,DRV046
ORD06030,2026-09-23T19:08:00+00:00,in_transit,Coimbatore,V068,DRV099
ORD06031,2026-09-21T08:24:00+00:00,delayed,Mangaluru,V039,DRV068
ORD06032,2026-09-02T21:44:00+00:00,delivered,Hubballi,V027,DRV106
ORD06033,2026-08-12T11:10:00+00:00,delivered,Mysuru,V050,DRV001
ORD06034,2026-08-24T01:13:00+00:00,delivered,Coimbatore,V048,DRV004
ORD06035,2026-08-31T13:36:00+00:00,delivered,Chennai,V051,DRV045
ORD06036,2026-08-30T11:14:00+00:00,delivered,Coimbatore,V051,DRV112
ORD06037,2026-08-19T09:39:00+00:00,delivered,Coimbatore,V024,DRV006
ORD06038,2026-09-06T12:15:00+00:00,delivered,Coimbatore,V009,DRV074
ORD06039,2026-09-12T19:39:00+00:00,picked_up,Coimbatore,V013,DRV095
ORD06040,2026-09-23T22:14:00+00:00,delivered,Mangaluru,V086,DRV103
ORD06041,2026-08-15T02:03:00+00:00,delivered,Coimbatore,V014,DRV018
ORD06042,2026-09-07T11:38:00+00:00,in_transit,Pune,V098,DRV016
ORD06043,2026-08-31T02:25:00+00:00,delivered,Hyderabad,V019,DRV034
ORD06044,2026-08-22T20:25:00+00:00,delivered,Hyderabad,V030,DRV089
ORD06045,2026-08-09T23:47:00+00:00,delivered,Mysuru,V058,DRV068
ORD06046,2026-08-25T07:32:00+00:00,in_transit,Coimbatore,V043,DRV008
ORD06047,2026-08-22T09:17:00+00:00,delivered,Hyderabad,V098,DRV021
ORD06048,2026-09-14T06:37:00+00:00,cancelled,Bengaluru,V024,DRV076
ORD06049,2026-09-04T09:17:00+00:00,delivered,Tumakuru,V099,DRV069
ORD06050,2026-09-03T05:48:00+00:00,delivered,Coimbatore,V009,DRV116
ORD06051,2026-08-01T02:59:00+00:00,in_transit,Coimbatore,V006,DRV077
ORD06052,2026-09-04T10:53:00+00:00,delivered,Chennai,V063,DRV025
ORD06053,2026-08-15T23:53:00+00:00,delivered,Hyderabad,V063,DRV096
ORD06054,2026-08-14T10:11:00+00:00,delivered,Hyderabad,V077,DRV086
ORD06055,2026-08-18T23:39:00+00:00,delivered,Hosur,V095,DRV024
ORD06056,2026-08-06T21:47:00+00:00,delivered,Chennai,V022,DRV077
ORD06057,2026-09-18T10:34:00+00:00,picked_up,Coimbatore,V026,DRV067
ORD06058,2026-08-17T05:24:00+00:00,delayed,Mangaluru,V028,DRV044
ORD06059,2026-09-14T05:24:00+00:00,in_transit,Mysuru,V099,DRV075
ORD06060,2026-08-28T11:11:00+00:00,delivered,Coimbatore,V040,DRV044
ORD06061,2026-08-24T02:56:00+00:00,picked_up,Chennai,V050,DRV057
ORD06062,2026-09-01T19:12:00+00:00,delivered,Mangaluru,V054,DRV117
ORD06063,2026-08-26T10:07:00+00:00,delivered,Hosur,V026,DRV110
ORD06064,2026-09-10T19:14:00+00:00,delivered,Chennai,V075,DRV047
ORD06065,2026-08-04T01:54:00+00:00,in_transit,Hosur,V096,DRV035
ORD06066,2026-09-01T12:20:00+00:00,delivered,Hosur,V090,DRV024
ORD06067,2026-08-17T17:48:00+00:00,delayed,Coimbatore,V088,DRV025
ORD06068,2026-09-21T02:59:00+00:00,delivered,Hyderabad,V009,DRV072
ORD06069,2026-09-06T01:55:00+00:00,in_transit,Coimbatore,V037,DRV060
ORD06070,2026-08-25T12:03:00+00:00,delivered,Hyderabad,V095,DRV047
ORD06071,2026-09-04T22:15:00+00:00,in_transit,Mangaluru,V086,DRV108
ORD06072,2026-08-16T22:57:00+00:00,delivered,Hyderabad,V017,DRV087
ORD06073,2026-08-11T05:22:00+00:00,delayed,Chennai,V008,DRV115
ORD06074,2026-08-28T18:26:00+00:00,cancelled,Pune,V019,DRV055
ORD06075,2026-08-03T12:10:00+00:00,delayed,Chennai,V073,DRV106
ORD06076,2026-09-06T17:25:00+00:00,delivered,Coimbatore,V005,DRV032
ORD06077,2026-08-27T07:59:00+00:00,picked_up,Mangaluru,V042,DRV098
ORD06078,2026-08-30T07:13:00+00:00,delivered,Hosur,V093,DRV094
ORD06079,2026-08-28T00:41:00+00:00,cancelled,Mysuru,V039,DRV112
ORD06080,2026-09-01T10:51:00+00:00,delivered,Hyderabad,V092,DRV035
ORD06081,2026-08-07T03:30:00+00:00,delivered,Mysuru,V053,DRV069
ORD06082,2026-08-23T01:24:00+00:00,delayed,Hubballi,V010,DRV096
ORD06083,2026-09-06T14:42:00+00:00,delivered,Coimbatore,V057,DRV037
ORD06084,2026-09-09T23:14:00+00:00,in_transit,Hosur,V086,DRV049
ORD06085,2026-09-07T19:43:00+00:00,in_transit,Chennai,V030,DRV005
ORD06086,2026-08-08T06:47:00+00:00,delayed,Pune,V094,DRV009
ORD06087,2026-08-27T10:55:00+00:00,delivered,Mangaluru,V002,DRV048
ORD06088,2026-08-11T06:14:00+00:00,delayed,Chennai,V062,DRV040
ORD06089,2026-08-24T09:23:00+00:00,in_transit,Coimbatore,V007,DRV085
ORD06090,2026-08-07T12:31:00+00:00,delayed,Coimbatore,V038,DRV118
ORD06091,2026-09-21T18:34:00+00:00,in_transit,Hyderabad,V003,DRV092
ORD06092,2026-08-08T21:04:00+00:00,delivered,Hubballi,V008,DRV059
ORD06093,2026-08-03T16:55:00+00:00,picked_up,Hyderabad,V048,DRV101
ORD06094,2026-09-17T16:36:00+00:00,delivered,Hubballi,V071,DRV041
ORD06095,2026-09-09T06:05:00+00:00,delivered,Chennai,V046,DRV083
ORD06096,2026-09-17T18:20:00+00:00,delivered,Hubballi,V010,DRV043
ORD06097,2026-08-11T23:52:00+00:00,delivered,Hubballi,V017,DRV120
ORD06098,2026-08-06T23:17:00+00:00,delivered,Chennai,V030,DRV070
ORD06099,2026-08-12T04:01:00+00:00,delivered,Hosur,V091,DRV056
ORD06100,2026-08-19T22:35:00+00:00,delayed,Mysuru,V079,DRV025
ORD06101,2026-08-10T18:02:00+00:00,in_transit,Coimbatore,V054,DRV042
ORD06102,2026-08-29T23:50:00+00:00,delivered,Coimbatore,V016,DRV109
ORD06103,2026-08-07T19:05:00+00:00,delivered,Hosur,V001,DRV057
ORD06104,2026-08-28T21:21:00+00:00,delivered,Tumakuru,V093,DRV096
ORD06105,2026-09-17T08:00:00+00:00,delivered,Pune,V005,DRV095
ORD06106,2026-08-29T22:27:00+00:00,delayed,Mangaluru,V030,DRV105
ORD06107,2026-08-02T09:35:00+00:00,picked_up,Hyderabad,V075,DRV095
ORD06108,2026-08-09T23:28:00+00:00,picked_up,Hyderabad,V091,DRV108
ORD06109,2026-09-16T04:40:00+00:00,delivered,Coimbatore,V093,DRV111
ORD06110,2026-08-17T22:44:00+00:00,delivered,Coimbatore,V058,DRV110
ORD06111,2026-08-24T12:20:00+00:00,in_transit,Hyderabad,V046,DRV034
ORD06112,2026-08-14T15:07:00+00:00,delivered,Mysuru,V034,DRV083
ORD06113,2026-09-09T15:58:00+00:00,in_transit,Pune,V051,DRV108
ORD06114,2026-08-08T17:39:00+00:00,delivered,Mysuru,V009,DRV099
ORD06115,2026-08-25T20:46:00+00:00,delivered,Mysuru,V095,DRV055
ORD06116,2026-09-17T01:03:00+00:00,delivered,Mysuru,V050,DRV059
ORD06117,2026-08-01T12:23:00+00:00,delivered,Hosur,V018,DRV033
ORD06118,2026-08-08T18:03:00+00:00,delayed,Pune,V029,DRV025
ORD06119,2026-08-17T09:22:00+00:00,delivered,Hosur,V024,DRV086
ORD06120,2026-09-05T11:35:00+00:00,in_transit,Pune,V003,DRV011
ORD06121,2026-08-11T21:00:00+00:00,in_transit,Mangaluru,V049,DRV083
ORD06122,2026-09-23T09:24:00+00:00,delivered,Coimbatore,V015,DRV012
ORD06123,2026-08-03T15:21:00+00:00,delayed,Chennai,V024,DRV085
ORD06124,2026-09-07T14:11:00+00:00,delivered,Hubballi,V068,DRV054
ORD06125,2026-09-24T08:43:00+00:00,in_transit,Coimbatore,V045,DRV006
ORD06126,2026-09-09T04:15:00+00:00,delivered,Hosur,V092,DRV044
ORD06127,2026-08-04T13:38:00+00:00,delivered,Mysuru,V007,DRV087
ORD06128,2026-08-05T03:24:00+00:00,delivered,Hubballi,V080,DRV024
ORD06129,2026-08-04T08:51:00+00:00,delivered,Chennai,V048,DRV115
ORD06130,2026-09-23T08:35:00+00:00,in_transit,Hyderabad,V037,DRV100
ORD06131,2026-09-08T06:04:00+00:00,delivered,Hubballi,V007,DRV048
ORD06132,2026-08-04T23:23:00+00:00,delivered,Coimbatore,V012,DRV075
ORD06133,2026-09-18T22:34:00+00:00,delivered,Mangaluru,V064,DRV067
ORD06134,2026-08-09T17:02:00+00:00,delivered,Coimbatore,V036,DRV073
ORD06135,2026-09-10T00:41:00+00:00,delivered,Hosur,V003,DRV089
ORD06136,2026-09-01T00:40:00+00:00,in_transit,Hosur,V026,DRV095
ORD06137,2026-08-13T06:03:00+00:00,picked_up,Pune,V080,DRV042
ORD06138,2026-08-04T10:42:00+00:00,picked_up,Coimbatore,V075,DRV008
ORD06139,2026-09-20T16:21:00+00:00,delivered,Mangaluru,V047,DRV113
ORD06140,2026-08-30T16:42:00+00:00,picked_up,Coimbatore,V041,DRV032
ORD06141,2026-09-24T13:07:00+00:00,picked_up,Bengaluru,V064,DRV001
ORD06142,2026-09-11T21:28:00+00:00,delivered,Coimbatore,V098,DRV106
ORD06143,2026-08-09T02:47:00+00:00,picked_up,Tumakuru,V015,DRV001
ORD06144,2026-08-14T20:56:00+00:00,picked_up,Chennai,V033,DRV117
ORD06145,2026-08-03T07:00:00+00:00,in_transit,Coimbatore,V045,DRV063
ORD06146,2026-09-06T09:42:00+00:00,delivered,Bengaluru,V003,DRV064
ORD06147,2026-09-24T16:45:00+00:00,delivered,Mangaluru,V029,DRV101
ORD06148,2026-09-09T16:34:00+00:00,cancelled,Hyderabad,V019,DRV017
ORD06149,2026-09-09T10:16:00+00:00,delivered,Mangaluru,V044,DRV035
ORD06150,2026-08-17T12:32:00+00:00,delivered,Pune,V039,DRV109
ORD06151,2026-08-14T02:03:00+00:00,picked_up,Coimbatore,V091,DRV068
ORD06152,2026-09-16T05:50:00+00:00,picked_up,Tumakuru,V033,DRV112
ORD06153,2026-09-11T03:26:00+00:00,cancelled,Coimbatore,V046,DRV025
ORD06154,2026-08-17T02:01:00+00:00,delivered,Mysuru,V038,DRV072
ORD06155,2026-08-28T17:39:00+00:00,delivered,Coimbatore,V094,DRV092
ORD06156,2026-08-04T12:02:00+00:00,in_transit,Mangaluru,V008,DRV066
ORD06157,2026-09-12T18:51:00+00:00,in_transit,Coimbatore,V057,DRV051
ORD06158,2026-08-24T07:39:00+00:00,delivered,Hubballi,V074,DRV003
ORD06159,2026-08-16T04:33:00+00:00,in_transit,Hyderabad,V069,DRV120
ORD06160,2026-09-06T10:23:00+00:00,delayed,Mangaluru,V085,DRV011
ORD06161,2026-09-08T20:24:00+00:00,delivered,Bengaluru,V095,DRV001
ORD06162,2026-08-02T23:43:00+00:00,delivered,Coimbatore,V055,DRV112
ORD06163,2026-08-29T11:11:00+00:00,delivered,Coimbatore,V048,DRV109
ORD06164,2026-09-22T14:30:00+00:00,delivered,Mangaluru,V043,DRV033
ORD06165,2026-08-02T19:37:00+00:00,in_transit,Mangaluru,V074,DRV071
ORD06166,2026-08-24T04:51:00+00:00,delivered,Bengaluru,V050,DRV078
ORD06167,2026-09-18T11:15:00+00:00,delivered,Mangaluru,V006,DRV018
ORD06168,2026-08-17T19:42:00+00:00,in_transit,Coimbatore,V091,DRV115
ORD06169,2026-08-03T06:00:00+00:00,delivered,Bengaluru,V060,DRV115
ORD06170,2026-08-27T13:16:00+00:00,delayed,Mysuru,V090,DRV064
ORD06171,2026-09-02T18:44:00+00:00,delivered,Hyderabad,V091,DRV098
ORD06172,2026-08-07T13:09:00+00:00,delivered,Mysuru,V068,DRV020
ORD06173,2026-08-09T00:53:00+00:00,delivered,Mangaluru,V026,DRV100
ORD06174,2026-08-29T02:06:00+00:00,delivered,Tumakuru,V045,DRV004
ORD06175,2026-08-13T08:08:00+00:00,delivered,Pune,V026,DRV077
ORD06176,2026-09-10T08:42:00+00:00,delivered,Coimbatore,V058,DRV058
ORD06177,2026-08-30T05:44:00+00:00,delivered,Tumakuru,V096,DRV041
ORD06178,2026-09-05T19:57:00+00:00,picked_up,Coimbatore,V027,DRV028
ORD06179,2026-08-24T03:21:00+00:00,delivered,Coimbatore,V011,DRV046
ORD06180,2026-08-29T20:52:00+00:00,delivered,Chennai,V091,DRV009
ORD06181,2026-09-08T02:11:00+00:00,delivered,Chennai,V044,DRV010
ORD06182,2026-09-15T04:53:00+00:00,delivered,Hubballi,V008,DRV098
ORD06183,2026-08-03T19:20:00+00:00,delivered,Coimbatore,V086,DRV033
ORD06184,2026-08-06T15:20:00+00:00,delivered,Mysuru,V094,DRV076
ORD06185,2026-08-19T11:14:00+00:00,picked_up,Coimbatore,V087,DRV043
ORD06186,2026-09-17T12:09:00+00:00,delivered,Hosur,V072,DRV061
ORD06187,2026-08-24T20:15:00+00:00,delivered,Hosur,V029,DRV039
ORD06188,2026-08-11T14:57:00+00:00,picked_up,Hubballi,V058,DRV035
ORD06189,2026-09-08T03:19:00+00:00,picked_up,Coimbatore,V083,DRV099
ORD06190,2026-08-21T08:27:00+00:00,picked_up,Coimbatore,V049,DRV062
ORD06191,2026-09-03T18:13:00+00:00,delayed,Hosur,V044,DRV087
ORD06192,2026-09-23T09:34:00+00:00,in_transit,Hubballi,V066,DRV097
ORD06193,2026-09-03T02:50:00+00:00,in_transit,Hosur,V043,DRV031
ORD06194,2026-08-17T14:59:00+00:00,in_transit,Mangaluru,V075,DRV034
ORD06195,2026-08-24T21:26:00+00:00,delivered,Mysuru,V051,DRV046
ORD06196,2026-08-07T10:11:00+00:00,picked_up,Chennai,V094,DRV084
ORD06197,2026-09-10T16:29:00+00:00,delivered,Mangaluru,V031,DRV066
ORD06198,2026-09-11T03:17:00+00:00,delivered,Chennai,V046,DRV099
ORD06199,2026-08-21T15:54:00+00:00,delivered,Mangaluru,V075,DRV080
ORD06200,2026-08-29T08:27:00+00:00,delivered,Mysuru,V023,DRV103
ORD06201,2026-08-24T18:54:00+00:00,picked_up,Mangaluru,V069,DRV098
ORD06202,2026-09-18T00:09:00+00:00,delivered,Coimbatore,V093,DRV114
ORD06203,2026-09-06T12:47:00+00:00,delivered,Hosur,V033,DRV085
ORD06204,2026-09-10T04:27:00+00:00,picked_up,Hubballi,V014,DRV015
ORD06205,2026-08-18T16:08:00+00:00,delivered,Hosur,V069,DRV011
ORD06206,2026-08-15T07:42:00+00:00,delivered,Bengaluru,V063,DRV028
ORD06207,2026-09-18T06:12:00+00:00,delayed,Chennai,V026,DRV009
ORD06208,2026-08-07T21:59:00+00:00,in_transit,Hubballi,V016,DRV051
ORD06209,2026-08-16T14:56:00+00:00,delivered,Mysuru,V087,DRV085
ORD06210,2026-08-16T19:21:00+00:00,picked_up,Coimbatore,V010,DRV065
ORD06211,2026-09-22T00:37:00+00:00,cancelled,Hubballi,V081,DRV024
ORD06212,2026-09-20T09:37:00+00:00,delivered,Bengaluru,V006,DRV088
ORD06213,2026-08-09T13:13:00+00:00,in_transit,Mangaluru,V067,DRV086
ORD06214,2026-08-13T22:54:00+00:00,delivered,Mangaluru,V069,DRV048
ORD06215,2026-09-24T10:30:00+00:00,delivered,Chennai,V004,DRV101
ORD06216,2026-09-10T08:49:00+00:00,delivered,Coimbatore,V044,DRV035
ORD06217,2026-08-06T23:56:00+00:00,delivered,Hyderabad,V041,DRV067
ORD06218,2026-08-11T12:56:00+00:00,picked_up,Mangaluru,V043,DRV011
ORD06219,2026-09-11T06:36:00+00:00,picked_up,Hyderabad,V056,DRV059
ORD06220,2026-08-11T17:55:00+00:00,delivered,Bengaluru,V051,DRV116
ORD06221,2026-08-18T21:32:00+00:00,delivered,Pune,V038,DRV021
ORD06222,2026-09-02T20:39:00+00:00,delivered,Coimbatore,V089,DRV118
ORD06223,2026-08-15T17:43:00+00:00,delivered,Hyderabad,V039,DRV090
ORD06224,2026-08-07T11:57:00+00:00,delivered,Coimbatore,V076,DRV086
ORD06225,2026-09-13T00:48:00+00:00,delivered,Hosur,V013,DRV090
ORD06226,2026-09-18T13:57:00+00:00,in_transit,Mysuru,V017,DRV048
ORD06227,2026-08-07T05:56:00+00:00,picked_up,Mysuru,V028,DRV043
ORD06228,2026-09-06T05:14:00+00:00,picked_up,Coimbatore,V079,DRV066
ORD06229,2026-09-09T14:08:00+00:00,delivered,Chennai,V081,DRV110
ORD06230,2026-09-16T06:39:00+00:00,picked_up,Coimbatore,V004,DRV085
ORD06231,2026-09-10T20:12:00+00:00,delayed,Chennai,V073,DRV018
ORD06232,2026-08-13T20:08:00+00:00,picked_up,Coimbatore,V075,DRV038
ORD06233,2026-08-17T02:07:00+00:00,delivered,Coimbatore,V034,DRV028
ORD06234,2026-09-14T04:26:00+00:00,delivered,Mysuru,V022,DRV008
ORD06235,2026-08-13T10:15:00+00:00,picked_up,Mangaluru,V013,DRV018
ORD06236,2026-09-23T22:33:00+00:00,in_transit,Chennai,V025,DRV076
ORD06237,2026-08-01T08:30:00+00:00,delayed,Coimbatore,V100,DRV087
ORD06238,2026-09-08T22:53:00+00:00,delivered,Tumakuru,V072,DRV097
ORD06239,2026-08-22T17:54:00+00:00,delivered,Tumakuru,V094,DRV110
ORD06240,2026-09-08T08:14:00+00:00,delivered,Mangaluru,V011,DRV103
ORD06241,2026-08-22T22:44:00+00:00,delivered,Hubballi,V046,DRV064
ORD06242,2026-08-11T00:56:00+00:00,delivered,Chennai,V045,DRV035
ORD06243,2026-08-13T01:31:00+00:00,in_transit,Mysuru,V098,DRV088
ORD06244,2026-08-05T07:58:00+00:00,in_transit,Mangaluru,V009,DRV031
ORD06245,2026-09-08T00:52:00+00:00,delivered,Tumakuru,V090,DRV073
ORD06246,2026-08-28T18:17:00+00:00,delivered,Hosur,V027,DRV101
ORD06247,2026-08-07T22:02:00+00:00,delivered,Mysuru,V067,DRV002
ORD06248,2026-09-08T00:58:00+00:00,delivered,Hubballi,V050,DRV038
ORD06249,2026-08-25T07:04:00+00:00,picked_up,Bengaluru,V064,DRV027
ORD06250,2026-09-07T18:33:00+00:00,delivered,Coimbatore,V015,DRV048
ORD06251,2026-09-02T18:47:00+00:00,delivered,Mysuru,V099,DRV045
ORD06252,2026-09-19T21:21:00+00:00,delayed,Mangaluru,V072,DRV083
ORD06253,2026-09-15T05:25:00+00:00,delivered,Coimbatore,V053,DRV036
ORD06254,2026-08-09T23:13:00+00:00,in_transit,Pune,V073,DRV094
ORD06255,2026-08-31T08:38:00+00:00,picked_up,Tumakuru,V082,DRV115
ORD06256,2026-09-21T14:13:00+00:00,delivered,Pune,V026,DRV073
ORD06257,2026-09-22T21:16:00+00:00,delivered,Coimbatore,V051,DRV105
ORD06258,2026-09-02T23:52:00+00:00,delivered,Mysuru,V065,DRV117
ORD06259,2026-08-24T23:52:00+00:00,in_transit,Mysuru,V025,DRV078
ORD06260,2026-08-04T02:34:00+00:00,cancelled,Chennai,V066,DRV087
ORD06261,2026-08-30T14:45:00+00:00,delivered,Tumakuru,V026,DRV078
ORD06262,2026-08-03T04:33:00+00:00,delivered,Mangaluru,V061,DRV027
ORD06263,2026-09-20T07:27:00+00:00,delayed,Coimbatore,V053,DRV073
ORD06264,2026-09-11T16:39:00+00:00,delivered,Coimbatore,V059,DRV071
ORD06265,2026-09-24T01:26:00+00:00,delivered,Pune,V084,DRV016
ORD06266,2026-08-07T17:36:00+00:00,in_transit,Coimbatore,V032,DRV091
ORD06267,2026-08-01T11:04:00+00:00,delivered,Tumakuru,V036,DRV066
ORD06268,2026-08-13T07:40:00+00:00,in_transit,Chennai,V086,DRV033
ORD06269,2026-08-27T02:31:00+00:00,in_transit,Coimbatore,V022,DRV041
ORD06270,2026-08-14T09:47:00+00:00,delivered,Hosur,V047,DRV056
ORD06271,2026-08-15T04:15:00+00:00,in_transit,Hyderabad,V092,DRV098
ORD06272,2026-08-06T09:29:00+00:00,in_transit,Mysuru,V085,DRV017
ORD06273,2026-08-24T09:38:00+00:00,delivered,Hyderabad,V056,DRV015
ORD06274,2026-08-22T10:49:00+00:00,delivered,Coimbatore,V097,DRV091
ORD06275,2026-09-07T15:41:00+00:00,picked_up,Coimbatore,V017,DRV016
ORD06276,2026-09-17T00:46:00+00:00,delivered,Coimbatore,V090,DRV109
ORD06277,2026-08-16T03:41:00+00:00,delayed,Mysuru,V029,DRV090
ORD06278,2026-09-22T20:47:00+00:00,picked_up,Hosur,V044,DRV048
ORD06279,2026-08-21T08:17:00+00:00,delivered,Coimbatore,V083,DRV103
ORD06280,2026-08-10T03:02:00+00:00,delivered,Hubballi,V040,DRV037
ORD06281,2026-08-03T04:25:00+00:00,delayed,Chennai,V034,DRV085
ORD06282,2026-09-16T21:00:00+00:00,in_transit,Bengaluru,V094,DRV074
ORD06283,2026-08-01T20:14:00+00:00,in_transit,Coimbatore,V094,DRV035
ORD06284,2026-08-22T02:37:00+00:00,delivered,Tumakuru,V043,DRV058
ORD06285,2026-09-15T19:58:00+00:00,delivered,Mysuru,V060,DRV037
ORD06286,2026-08-08T09:20:00+00:00,picked_up,Coimbatore,V045,DRV095
ORD06287,2026-08-31T16:05:00+00:00,delivered,Mangaluru,V040,DRV076
ORD06288,2026-09-08T15:46:00+00:00,delivered,Mysuru,V081,DRV041
ORD06289,2026-08-19T06:53:00+00:00,delivered,Mangaluru,V040,DRV019
ORD06290,2026-09-21T19:11:00+00:00,delivered,Mangaluru,V085,DRV021
ORD06291,2026-09-11T21:10:00+00:00,cancelled,Hyderabad,V050,DRV041
ORD06292,2026-08-04T01:57:00+00:00,delivered,Mysuru,V043,DRV108
ORD06293,2026-08-27T15:13:00+00:00,delivered,Chennai,V098,DRV111
ORD06294,2026-08-06T12:45:00+00:00,delivered,Mangaluru,V018,DRV036
ORD06295,2026-08-11T15:24:00+00:00,delivered,Chennai,V009,DRV037
ORD06296,2026-08-08T18:14:00+00:00,delivered,Coimbatore,V060,DRV083
ORD06297,2026-08-13T17:38:00+00:00,delayed,Hosur,V062,DRV061
ORD06298,2026-08-28T21:52:00+00:00,in_transit,Coimbatore,V052,DRV080
ORD06299,2026-09-06T16:53:00+00:00,in_transit,Hubballi,V056,DRV083
ORD06300,2026-09-01T21:04:00+00:00,delivered,Hubballi,V058,DRV089
ORD06301,2026-09-04T16:59:00+00:00,delivered,Mysuru,V090,DRV058
ORD06302,2026-09-07T15:09:00+00:00,delivered,Coimbatore,V006,DRV057
ORD06303,2026-09-15T11:43:00+00:00,delivered,Hyderabad,V085,DRV100
ORD06304,2026-08-09T17:23:00+00:00,delivered,Mysuru,V062,DRV105
ORD06305,2026-09-03T16:56:00+00:00,picked_up,Mangaluru,V093,DRV029
ORD06306,2026-08-08T20:12:00+00:00,picked_up,Pune,V030,DRV028
ORD06307,2026-09-07T02:07:00+00:00,delayed,Hosur,V080,DRV113
ORD06308,2026-09-23T00:46:00+00:00,delivered,Chennai,V063,DRV015
ORD06309,2026-08-11T19:29:00+00:00,delivered,Bengaluru,V070,DRV116
ORD06310,2026-08-06T15:52:00+00:00,picked_up,Coimbatore,V064,DRV016
ORD06311,2026-08-02T00:42:00+00:00,delivered,Bengaluru,V039,DRV017
ORD06312,2026-09-01T01:39:00+00:00,delayed,Coimbatore,V069,DRV093
ORD06313,2026-09-10T17:32:00+00:00,delivered,Coimbatore,V036,DRV060
ORD06314,2026-09-17T07:01:00+00:00,in_transit,Mysuru,V046,DRV083
ORD06315,2026-09-18T04:25:00+00:00,delivered,Hosur,V040,DRV036
ORD06316,2026-08-24T19:53:00+00:00,delayed,Tumakuru,V078,DRV033
ORD06317,2026-09-10T05:22:00+00:00,in_transit,Mangaluru,V027,DRV052
ORD06318,2026-08-29T05:35:00+00:00,delivered,Hyderabad,V051,DRV101
ORD06319,2026-09-17T20:50:00+00:00,delivered,Pune,V009,DRV068
ORD06320,2026-08-28T02:21:00+00:00,picked_up,Coimbatore,V060,DRV037
ORD06321,2026-08-27T18:59:00+00:00,delivered,Chennai,V017,DRV060
ORD06322,2026-09-17T04:49:00+00:00,picked_up,Chennai,V067,DRV014
ORD06323,2026-08-27T04:03:00+00:00,delivered,Mangaluru,V028,DRV102
ORD06324,2026-09-01T11:52:00+00:00,in_transit,Pune,V077,DRV059
ORD06325,2026-09-13T11:26:00+00:00,picked_up,Coimbatore,V083,DRV008
ORD06326,2026-08-03T13:06:00+00:00,cancelled,Coimbatore,V010,DRV063
ORD06327,2026-08-15T00:24:00+00:00,delivered,Chennai,V045,DRV076
ORD06328,2026-09-22T09:59:00+00:00,in_transit,Coimbatore,V046,DRV049
ORD06329,2026-09-03T10:20:00+00:00,delivered,Coimbatore,V083,DRV118
ORD06330,2026-09-12T18:30:00+00:00,delivered,Hosur,V069,DRV046
ORD06331,2026-08-29T04:58:00+00:00,picked_up,Bengaluru,V098,DRV113
ORD06332,2026-08-15T03:18:00+00:00,delivered,Hubballi,V018,DRV101
ORD06333,2026-08-05T16:43:00+00:00,delivered,Mangaluru,V001,DRV054
ORD06334,2026-08-15T20:26:00+00:00,delivered,Hosur,V021,DRV092
ORD06335,2026-09-12T03:51:00+00:00,delivered,Coimbatore,V080,DRV053
ORD06336,2026-09-04T06:05:00+00:00,delivered,Mangaluru,V074,DRV031
ORD06337,2026-09-05T14:52:00+00:00,delayed,Mangaluru,V080,DRV025
ORD06338,2026-09-08T16:35:00+00:00,delayed,Hyderabad,V006,DRV051
ORD06339,2026-08-31T14:58:00+00:00,picked_up,Bengaluru,V067,DRV033
ORD06340,2026-09-06T03:42:00+00:00,delivered,Hubballi,V034,DRV010
ORD06341,2026-08-04T03:21:00+00:00,delivered,Mangaluru,V049,DRV063
ORD06342,2026-09-07T16:09:00+00:00,delivered,Coimbatore,V024,DRV013
ORD06343,2026-08-12T08:46:00+00:00,in_transit,Mysuru,V061,DRV076
ORD06344,2026-09-17T17:10:00+00:00,delivered,Mangaluru,V030,DRV011
ORD06345,2026-08-17T09:06:00+00:00,delivered,Pune,V006,DRV116
ORD06346,2026-09-11T13:23:00+00:00,delivered,Mysuru,V022,DRV019
ORD06347,2026-09-24T13:38:00+00:00,picked_up,Mysuru,V065,DRV073
ORD06348,2026-08-16T02:47:00+00:00,delivered,Mangaluru,V051,DRV005
ORD06349,2026-09-18T06:40:00+00:00,delivered,Hyderabad,V028,DRV116
ORD06350,2026-08-07T00:31:00+00:00,picked_up,Chennai,V005,DRV084
ORD06351,2026-08-20T00:13:00+00:00,delivered,Chennai,V047,DRV119
ORD06352,2026-09-15T02:25:00+00:00,delivered,Hubballi,V035,DRV037
ORD06353,2026-08-18T05:46:00+00:00,delivered,Chennai,V071,DRV088
ORD06354,2026-09-07T08:21:00+00:00,delivered,Mysuru,V015,DRV119
ORD06355,2026-09-03T10:28:00+00:00,delivered,Coimbatore,V040,DRV017
ORD06356,2026-09-21T23:55:00+00:00,delivered,Hyderabad,V017,DRV016
ORD06357,2026-08-04T05:36:00+00:00,delivered,Hosur,V086,DRV049
ORD06358,2026-09-09T00:12:00+00:00,in_transit,Mangaluru,V084,DRV084
ORD06359,2026-09-23T14:49:00+00:00,delayed,Pune,V097,DRV102
ORD06360,2026-08-04T03:30:00+00:00,delivered,Hubballi,V085,DRV054
ORD06361,2026-08-19T21:16:00+00:00,delivered,Chennai,V100,DRV106
ORD06362,2026-08-25T23:27:00+00:00,delivered,Coimbatore,V035,DRV099
ORD06363,2026-09-19T03:03:00+00:00,delayed,Mangaluru,V046,DRV112
ORD06364,2026-08-03T22:21:00+00:00,picked_up,Hyderabad,V041,DRV097
ORD06365,2026-09-06T23:38:00+00:00,delivered,Coimbatore,V010,DRV098
ORD06366,2026-08-31T17:34:00+00:00,delivered,Coimbatore,V045,DRV078
ORD06367,2026-08-08T06:05:00+00:00,delivered,Coimbatore,V038,DRV018
ORD06368,2026-09-01T19:41:00+00:00,delivered,Mysuru,V033,DRV010
ORD06369,2026-09-05T14:13:00+00:00,delivered,Mangaluru,V052,DRV048
ORD06370,2026-09-03T07:16:00+00:00,picked_up,Hubballi,V067,DRV111
ORD06371,2026-09-15T16:13:00+00:00,in_transit,Chennai,V028,DRV031
ORD06372,2026-08-18T22:38:00+00:00,delivered,Bengaluru,V028,DRV051
ORD06373,2026-08-17T20:30:00+00:00,picked_up,Hosur,V054,DRV067
ORD06374,2026-08-03T07:25:00+00:00,delivered,Chennai,V003,DRV062
ORD06375,2026-08-22T20:37:00+00:00,delivered,Hosur,V007,DRV024
ORD06376,2026-08-19T12:58:00+00:00,in_transit,Chennai,V085,DRV105
ORD06377,2026-08-15T04:31:00+00:00,in_transit,Hyderabad,V031,DRV115
ORD06378,2026-08-14T02:23:00+00:00,in_transit,Hubballi,V028,DRV103
ORD06379,2026-09-15T13:29:00+00:00,picked_up,Pune,V030,DRV075
ORD06380,2026-08-26T11:53:00+00:00,picked_up,Chennai,V042,DRV034
ORD06381,2026-08-23T11:45:00+00:00,delayed,Mangaluru,V098,DRV032
ORD06382,2026-08-03T22:38:00+00:00,in_transit,Hubballi,V023,DRV103
ORD06383,2026-09-15T22:43:00+00:00,delivered,Hubballi,V086,DRV054
ORD06384,2026-08-03T19:47:00+00:00,in_transit,Chennai,V072,DRV093
ORD06385,2026-08-20T00:41:00+00:00,delivered,Mysuru,V093,DRV023
ORD06386,2026-08-31T00:52:00+00:00,picked_up,Coimbatore,V024,DRV062
ORD06387,2026-09-14T13:06:00+00:00,delivered,Hosur,V018,DRV089
ORD06388,2026-08-10T07:22:00+00:00,picked_up,Mysuru,V045,DRV031
ORD06389,2026-09-05T19:35:00+00:00,in_transit,Hyderabad,V075,DRV025
ORD06390,2026-08-09T22:57:00+00:00,delivered,Hubballi,V086,DRV051
ORD06391,2026-09-19T19:23:00+00:00,delivered,Hyderabad,V100,DRV038
ORD06392,2026-08-19T07:38:00+00:00,in_transit,Coimbatore,V055,DRV105
ORD06393,2026-08-14T14:14:00+00:00,in_transit,Mangaluru,V052,DRV051
ORD06394,2026-09-16T16:12:00+00:00,delivered,Coimbatore,V018,DRV085
ORD06395,2026-09-22T08:14:00+00:00,delivered,Coimbatore,V091,DRV012
ORD06396,2026-09-03T10:31:00+00:00,picked_up,Hosur,V100,DRV053
ORD06397,2026-09-01T05:05:00+00:00,cancelled,Coimbatore,V009,DRV049
ORD06398,2026-09-02T11:47:00+00:00,in_transit,Hubballi,V097,DRV075
ORD06399,2026-09-10T10:54:00+00:00,delivered,Coimbatore,V095,DRV024
ORD06400,2026-08-29T00:01:00+00:00,in_transit,Coimbatore,V074,DRV102
ORD06401,2026-09-11T01:22:00+00:00,in_transit,Chennai,V095,DRV035
ORD06402,2026-08-10T14:51:00+00:00,picked_up,Mangaluru,V020,DRV056
ORD06403,2026-09-12T19:13:00+00:00,delayed,Hubballi,V091,DRV116
ORD06404,2026-08-10T05:07:00+00:00,picked_up,Mysuru,V088,DRV039
ORD06405,2026-08-18T13:18:00+00:00,cancelled,Mangaluru,V012,DRV086
ORD06406,2026-09-10T15:22:00+00:00,delivered,Mysuru,V059,DRV042
ORD06407,2026-09-23T19:20:00+00:00,picked_up,Pune,V070,DRV031
ORD06408,2026-08-19T20:33:00+00:00,delivered,Chennai,V061,DRV013
ORD06409,2026-08-30T11:37:00+00:00,delivered,Coimbatore,V028,DRV041
ORD06410,2026-08-07T01:14:00+00:00,in_transit,Coimbatore,V010,DRV078
ORD06411,2026-09-01T18:52:00+00:00,delivered,Bengaluru,V081,DRV011
ORD06412,2026-09-16T05:38:00+00:00,picked_up,Hosur,V022,DRV042
ORD06413,2026-09-19T17:13:00+00:00,in_transit,Chennai,V019,DRV089
ORD06414,2026-08-13T07:28:00+00:00,in_transit,Tumakuru,V083,DRV076
ORD06415,2026-08-17T00:35:00+00:00,picked_up,Mysuru,V039,DRV045
ORD06416,2026-09-22T07:29:00+00:00,cancelled,Coimbatore,V013,DRV097
ORD06417,2026-09-03T17:18:00+00:00,picked_up,Pune,V077,DRV078
ORD06418,2026-08-23T20:15:00+00:00,delayed,Mangaluru,V044,DRV013
ORD06419,2026-08-11T03:27:00+00:00,delayed,Hosur,V054,DRV060
ORD06420,2026-08-10T05:43:00+00:00,delivered,Hosur,V002,DRV041
ORD06421,2026-08-02T23:40:00+00:00,delivered,Hosur,V086,DRV102
ORD06422,2026-08-12T19:03:00+00:00,delivered,Pune,V034,DRV062
ORD06423,2026-08-22T19:10:00+00:00,picked_up,Coimbatore,V023,DRV014
ORD06424,2026-09-11T02:06:00+00:00,delivered,Hosur,V077,DRV055
ORD06425,2026-08-09T08:09:00+00:00,in_transit,Mangaluru,V022,DRV079
ORD06426,2026-09-04T12:41:00+00:00,picked_up,Chennai,V071,DRV119
ORD06427,2026-08-24T17:02:00+00:00,delivered,Hosur,V034,DRV002
ORD06428,2026-09-01T08:56:00+00:00,delivered,Hubballi,V016,DRV058
ORD06429,2026-09-05T19:18:00+00:00,picked_up,Hubballi,V056,DRV015
ORD06430,2026-08-05T13:56:00+00:00,delivered,Mangaluru,V060,DRV017
ORD06431,2026-09-01T12:15:00+00:00,delivered,Hyderabad,V076,DRV081
ORD06432,2026-08-12T22:37:00+00:00,delivered,Hubballi,V085,DRV097
ORD06433,2026-09-07T10:37:00+00:00,in_transit,Bengaluru,V008,DRV028
ORD06434,2026-08-15T16:39:00+00:00,delivered,Mangaluru,V067,DRV024
ORD06435,2026-09-09T01:16:00+00:00,delivered,Chennai,V028,DRV115
ORD06436,2026-09-03T09:08:00+00:00,in_transit,Pune,V014,DRV112
ORD06437,2026-08-23T13:37:00+00:00,delivered,Chennai,V066,DRV120
ORD06438,2026-08-25T17:05:00+00:00,delivered,Hosur,V089,DRV053
ORD06439,2026-09-15T21:24:00+00:00,delivered,Pune,V010,DRV060
ORD06440,2026-09-01T07:40:00+00:00,in_transit,Hubballi,V043,DRV045
ORD06441,2026-09-08T21:54:00+00:00,in_transit,Coimbatore,V067,DRV079
ORD06442,2026-09-19T01:09:00+00:00,delivered,Hubballi,V008,DRV078
ORD06443,2026-08-31T13:52:00+00:00,delivered,Chennai,V081,DRV036
ORD06444,2026-08-28T08:11:00+00:00,picked_up,Coimbatore,V011,DRV040
ORD06445,2026-08-07T15:51:00+00:00,delivered,Coimbatore,V040,DRV093
ORD06446,2026-08-14T11:44:00+00:00,delivered,Hosur,V019,DRV071
ORD06447,2026-08-29T09:17:00+00:00,delivered,Tumakuru,V100,DRV048
ORD06448,2026-08-02T22:40:00+00:00,delivered,Hubballi,V033,DRV118
ORD06449,2026-08-05T16:16:00+00:00,cancelled,Mangaluru,V085,DRV113
ORD06450,2026-08-01T06:38:00+00:00,in_transit,Hyderabad,V051,DRV091
ORD06451,2026-08-03T05:54:00+00:00,delivered,Hyderabad,V030,DRV036
ORD06452,2026-08-25T22:46:00+00:00,delivered,Mysuru,V095,DRV009
ORD06453,2026-09-21T08:15:00+00:00,delivered,Chennai,V007,DRV076
ORD06454,2026-08-03T14:51:00+00:00,delivered,Coimbatore,V075,DRV089
ORD06455,2026-08-28T21:21:00+00:00,delivered,Coimbatore,V087,DRV107
ORD06456,2026-08-06T04:10:00+00:00,delayed,Hosur,V048,DRV042
ORD06457,2026-08-18T06:38:00+00:00,in_transit,Chennai,V004,DRV033
ORD06458,2026-08-29T16:00:00+00:00,delivered,Mangaluru,V070,DRV037
ORD06459,2026-08-18T23:07:00+00:00,delivered,Mangaluru,V032,DRV100
ORD06460,2026-08-07T01:25:00+00:00,in_transit,Mangaluru,V006,DRV027
ORD06461,2026-08-13T13:56:00+00:00,delivered,Mangaluru,V027,DRV006
ORD06462,2026-08-24T06:24:00+00:00,in_transit,Bengaluru,V095,DRV034
ORD06463,2026-09-21T16:49:00+00:00,delivered,Hubballi,V038,DRV119
ORD06464,2026-08-19T17:36:00+00:00,delivered,Coimbatore,V088,DRV084
ORD06465,2026-09-19T20:09:00+00:00,delayed,Bengaluru,V020,DRV107
ORD06466,2026-08-02T15:03:00+00:00,picked_up,Hosur,V086,DRV025
ORD06467,2026-09-18T02:40:00+00:00,picked_up,Mysuru,V060,DRV082
ORD06468,2026-09-19T16:10:00+00:00,picked_up,Mysuru,V008,DRV020
ORD06469,2026-09-13T19:59:00+00:00,picked_up,Hosur,V099,DRV087
ORD06470,2026-08-30T01:16:00+00:00,delivered,Mysuru,V046,DRV055
ORD06471,2026-08-07T12:01:00+00:00,in_transit,Mysuru,V088,DRV025
ORD06472,2026-09-17T18:15:00+00:00,delivered,Coimbatore,V076,DRV073
ORD06473,2026-08-15T08:48:00+00:00,delivered,Pune,V090,DRV034
ORD06474,2026-09-13T05:49:00+00:00,in_transit,Hyderabad,V080,DRV010
ORD06475,2026-08-05T05:23:00+00:00,in_transit,Mysuru,V004,DRV084
ORD06476,2026-09-17T15:48:00+00:00,picked_up,Coimbatore,V079,DRV031
ORD06477,2026-08-03T07:47:00+00:00,delivered,Coimbatore,V092,DRV062
ORD06478,2026-08-17T23:34:00+00:00,delivered,Chennai,V041,DRV105
ORD06479,2026-08-17T07:11:00+00:00,in_transit,Coimbatore,V074,DRV050
ORD06480,2026-09-03T00:10:00+00:00,delivered,Mangaluru,V093,DRV043
ORD06481,2026-08-11T07:22:00+00:00,cancelled,Hyderabad,V090,DRV116
ORD06482,2026-09-20T06:52:00+00:00,picked_up,Hubballi,V063,DRV077
ORD06483,2026-08-06T04:50:00+00:00,delivered,Mangaluru,V094,DRV106
ORD06484,2026-08-13T09:19:00+00:00,delivered,Coimbatore,V093,DRV084
ORD06485,2026-08-06T04:36:00+00:00,delivered,Mangaluru,V100,DRV033
ORD06486,2026-08-03T10:08:00+00:00,cancelled,Hyderabad,V027,DRV023
ORD06487,2026-08-21T23:03:00+00:00,in_transit,Coimbatore,V017,DRV066
ORD06488,2026-09-11T10:53:00+00:00,delivered,Coimbatore,V044,DRV105
ORD06489,2026-08-15T09:45:00+00:00,delivered,Bengaluru,V060,DRV008
ORD06490,2026-08-20T09:26:00+00:00,delivered,Mysuru,V003,DRV102
ORD06491,2026-09-12T13:25:00+00:00,delivered,Chennai,V056,DRV107
ORD06492,2026-09-14T15:22:00+00:00,delivered,Mangaluru,V021,DRV013
ORD06493,2026-09-22T16:25:00+00:00,picked_up,Hubballi,V045,DRV072
ORD06494,2026-09-06T10:21:00+00:00,delivered,Hubballi,V075,DRV022
ORD06495,2026-09-23T05:27:00+00:00,picked_up,Tumakuru,V073,DRV039
ORD06496,2026-09-03T08:24:00+00:00,picked_up,Hosur,V098,DRV057
ORD06497,2026-08-17T04:04:00+00:00,delivered,Mangaluru,V054,DRV120
ORD06498,2026-08-29T14:58:00+00:00,cancelled,Mysuru,V056,DRV054
ORD06499,2026-09-15T08:25:00+00:00,delivered,Mangaluru,V001,DRV042
ORD06500,2026-09-06T04:28:00+00:00,delivered,Coimbatore,V094,DRV100
ORD06501,2026-08-07T07:07:00+00:00,delivered,Mangaluru,V075,DRV083
ORD06502,2026-08-31T07:51:00+00:00,delivered,Coimbatore,V059,DRV001
ORD06503,2026-09-04T14:31:00+00:00,cancelled,Hubballi,V064,DRV080
ORD06504,2026-08-28T08:15:00+00:00,in_transit,Coimbatore,V053,DRV108
ORD06505,2026-08-17T20:49:00+00:00,delivered,Chennai,V005,DRV092
ORD06506,2026-09-12T12:54:00+00:00,delivered,Mysuru,V081,DRV082
ORD06507,2026-08-15T14:03:00+00:00,delivered,Mangaluru,V023,DRV015
ORD06508,2026-08-17T00:54:00+00:00,in_transit,Chennai,V087,DRV093
ORD06509,2026-09-15T00:48:00+00:00,delivered,Coimbatore,V042,DRV093
ORD06510,2026-08-25T00:53:00+00:00,in_transit,Hubballi,V061,DRV081
ORD06511,2026-09-24T13:57:00+00:00,picked_up,Mangaluru,V036,DRV048
ORD06512,2026-08-21T13:40:00+00:00,picked_up,Mysuru,V030,DRV043
ORD06513,2026-09-24T23:23:00+00:00,in_transit,Mysuru,V097,DRV009
ORD06514,2026-09-24T20:42:00+00:00,delayed,Hubballi,V019,DRV018
ORD06515,2026-08-08T09:56:00+00:00,delivered,Mangaluru,V001,DRV074
ORD06516,2026-09-15T05:34:00+00:00,in_transit,Coimbatore,V097,DRV074
ORD06517,2026-08-08T09:44:00+00:00,delivered,Pune,V078,DRV055
ORD06518,2026-09-21T09:35:00+00:00,delivered,Mysuru,V092,DRV013
ORD06519,2026-08-30T13:46:00+00:00,in_transit,Hyderabad,V050,DRV082
ORD06520,2026-08-06T19:19:00+00:00,delivered,Mangaluru,V091,DRV047
ORD06521,2026-08-24T21:30:00+00:00,picked_up,Coimbatore,V038,DRV046
ORD06522,2026-08-02T13:04:00+00:00,delayed,Coimbatore,V021,DRV003
ORD06523,2026-08-18T04:44:00+00:00,delivered,Coimbatore,V053,DRV042
ORD06524,2026-09-10T08:58:00+00:00,delivered,Pune,V043,DRV005
ORD06525,2026-08-12T04:02:00+00:00,in_transit,Hosur,V074,DRV027
ORD06526,2026-08-01T10:47:00+00:00,cancelled,Hubballi,V057,DRV107
ORD06527,2026-09-06T15:17:00+00:00,delivered,Mysuru,V086,DRV055
ORD06528,2026-09-03T10:31:00+00:00,picked_up,Hubballi,V022,DRV105
ORD06529,2026-09-04T18:46:00+00:00,picked_up,Coimbatore,V041,DRV100
ORD06530,2026-09-14T03:37:00+00:00,delivered,Coimbatore,V008,DRV089
ORD06531,2026-09-24T17:46:00+00:00,picked_up,Coimbatore,V015,DRV106
ORD06532,2026-09-24T14:59:00+00:00,delivered,Mysuru,V003,DRV109
ORD06533,2026-08-12T08:46:00+00:00,delivered,Mysuru,V022,DRV092
ORD06534,2026-08-03T16:35:00+00:00,picked_up,Coimbatore,V098,DRV112
ORD06535,2026-09-23T08:12:00+00:00,delivered,Hosur,V100,DRV061
ORD06536,2026-08-18T19:20:00+00:00,in_transit,Hubballi,V082,DRV085
ORD06537,2026-09-02T17:36:00+00:00,in_transit,Mangaluru,V066,DRV089
ORD06538,2026-09-13T07:36:00+00:00,picked_up,Tumakuru,V068,DRV064
ORD06539,2026-08-09T03:46:00+00:00,in_transit,Chennai,V085,DRV089
ORD06540,2026-09-13T03:53:00+00:00,in_transit,Mangaluru,V086,DRV120
ORD06541,2026-08-25T09:16:00+00:00,delivered,Hyderabad,V036,DRV011
ORD06542,2026-08-14T06:08:00+00:00,delivered,Hyderabad,V063,DRV099
ORD06543,2026-09-16T11:50:00+00:00,delivered,Hosur,V079,DRV083
ORD06544,2026-08-16T20:09:00+00:00,delayed,Pune,V065,DRV019
ORD06545,2026-09-17T11:23:00+00:00,delivered,Hyderabad,V092,DRV031
ORD06546,2026-09-16T23:19:00+00:00,delayed,Tumakuru,V100,DRV072
ORD06547,2026-09-02T06:56:00+00:00,delivered,Hyderabad,V098,DRV005
ORD06548,2026-09-23T21:14:00+00:00,delivered,Mysuru,V091,DRV101
ORD06549,2026-08-26T06:23:00+00:00,delayed,Coimbatore,V064,DRV006
ORD06550,2026-08-22T17:45:00+00:00,delivered,Hyderabad,V087,DRV036
ORD06551,2026-08-06T12:39:00+00:00,picked_up,Coimbatore,V095,DRV086
ORD06552,2026-09-15T10:14:00+00:00,delivered,Coimbatore,V032,DRV118
ORD06553,2026-09-15T15:44:00+00:00,delivered,Chennai,V021,DRV007
ORD06554,2026-09-14T08:36:00+00:00,in_transit,Mangaluru,V071,DRV048
ORD06555,2026-08-09T11:36:00+00:00,delivered,Pune,V058,DRV002
ORD06556,2026-09-16T19:36:00+00:00,delivered,Mysuru,V014,DRV106
ORD06557,2026-09-04T12:17:00+00:00,delivered,Hosur,V093,DRV082
ORD06558,2026-09-22T08:53:00+00:00,delivered,Chennai,V097,DRV090
ORD06559,2026-08-10T18:02:00+00:00,delivered,Hyderabad,V033,DRV119
ORD06560,2026-08-30T21:27:00+00:00,delivered,Coimbatore,V017,DRV105
ORD06561,2026-09-16T12:38:00+00:00,picked_up,Hyderabad,V076,DRV033
ORD06562,2026-09-24T07:07:00+00:00,delivered,Coimbatore,V046,DRV038
ORD06563,2026-08-27T10:23:00+00:00,delivered,Coimbatore,V040,DRV017
ORD06564,2026-08-22T03:34:00+00:00,in_transit,Chennai,V076,DRV001
ORD06565,2026-08-26T22:17:00+00:00,delivered,Hyderabad,V040,DRV054
ORD06566,2026-08-07T06:29:00+00:00,delayed,Chennai,V095,DRV041
ORD06567,2026-09-16T12:20:00+00:00,delivered,Coimbatore,V051,DRV039
ORD06568,2026-08-22T02:04:00+00:00,picked_up,Mangaluru,V033,DRV031
ORD06569,2026-08-15T08:40:00+00:00,delivered,Mangaluru,V077,DRV013
ORD06570,2026-09-15T15:05:00+00:00,delivered,Mysuru,V068,DRV029
ORD06571,2026-08-13T03:55:00+00:00,delayed,Mangaluru,V057,DRV095
ORD06572,2026-08-16T01:23:00+00:00,delivered,Chennai,V022,DRV041
ORD06573,2026-08-26T02:43:00+00:00,delayed,Coimbatore,V024,DRV037
ORD06574,2026-09-11T16:04:00+00:00,picked_up,Mangaluru,V006,DRV057
ORD06575,2026-09-01T13:10:00+00:00,delivered,Mangaluru,V062,DRV007
ORD06576,2026-08-22T13:00:00+00:00,in_transit,Coimbatore,V078,DRV072
ORD06577,2026-08-21T18:48:00+00:00,cancelled,Coimbatore,V021,DRV013
ORD06578,2026-09-12T00:50:00+00:00,delivered,Coimbatore,V088,DRV119
ORD06579,2026-08-15T12:46:00+00:00,picked_up,Coimbatore,V068,DRV078
ORD06580,2026-09-20T21:07:00+00:00,delivered,Coimbatore,V098,DRV065
ORD06581,2026-08-10T06:56:00+00:00,delayed,Pune,V078,DRV080
ORD06582,2026-09-15T07:00:00+00:00,picked_up,Pune,V091,DRV072
ORD06583,2026-09-07T14:40:00+00:00,delivered,Hyderabad,V026,DRV085
ORD06584,2026-08-29T07:46:00+00:00,delivered,Coimbatore,V037,DRV073
ORD06585,2026-08-12T16:41:00+00:00,in_transit,Mangaluru,V035,DRV007
ORD06586,2026-08-14T17:33:00+00:00,delivered,Mangaluru,V026,DRV106
ORD06587,2026-09-11T22:43:00+00:00,delivered,Pune,V049,DRV025
ORD06588,2026-08-01T11:14:00+00:00,in_transit,Mangaluru,V084,DRV102
ORD06589,2026-09-13T18:10:00+00:00,delivered,Mysuru,V074,DRV095
ORD06590,2026-08-08T19:59:00+00:00,picked_up,Coimbatore,V022,DRV047
ORD06591,2026-08-05T17:14:00+00:00,delivered,Hyderabad,V015,DRV073
ORD06592,2026-08-26T17:53:00+00:00,delivered,Coimbatore,V080,DRV047
ORD06593,2026-09-21T23:24:00+00:00,in_transit,Hosur,V010,DRV046
ORD06594,2026-09-21T15:15:00+00:00,delivered,Coimbatore,V065,DRV074
ORD06595,2026-09-02T15:26:00+00:00,picked_up,Bengaluru,V008,DRV120
ORD06596,2026-08-26T07:05:00+00:00,delivered,Coimbatore,V003,DRV097
ORD06597,2026-08-06T10:35:00+00:00,delivered,Hosur,V017,DRV029
ORD06598,2026-09-13T01:17:00+00:00,delivered,Mangaluru,V004,DRV005
ORD06599,2026-09-19T03:52:00+00:00,delivered,Chennai,V040,DRV031
ORD06600,2026-09-20T02:04:00+00:00,delivered,Chennai,V058,DRV082
ORD06601,2026-08-07T20:03:00+00:00,picked_up,Chennai,V030,DRV111
ORD06602,2026-09-23T23:45:00+00:00,picked_up,Pune,V069,DRV021
ORD06603,2026-08-13T07:01:00+00:00,delivered,Hyderabad,V015,DRV012
ORD06604,2026-08-05T22:34:00+00:00,delivered,Coimbatore,V020,DRV030
ORD06605,2026-09-05T01:17:00+00:00,delayed,Tumakuru,V087,DRV038
ORD06606,2026-08-14T23:38:00+00:00,in_transit,Coimbatore,V042,DRV037
ORD06607,2026-09-04T08:22:00+00:00,delivered,Hosur,V010,DRV056
ORD06608,2026-09-02T07:21:00+00:00,picked_up,Coimbatore,V007,DRV027
ORD06609,2026-08-26T20:23:00+00:00,delivered,Pune,V027,DRV057
ORD06610,2026-09-11T06:59:00+00:00,picked_up,Mysuru,V096,DRV109
ORD06611,2026-09-05T14:19:00+00:00,delivered,Mangaluru,V039,DRV083
ORD06612,2026-08-31T13:14:00+00:00,picked_up,Pune,V097,DRV019
ORD06613,2026-09-24T14:27:00+00:00,delayed,Hubballi,V034,DRV019
ORD06614,2026-09-18T16:38:00+00:00,delivered,Hosur,V035,DRV030
ORD06615,2026-08-04T17:36:00+00:00,in_transit,Coimbatore,V025,DRV038
ORD06616,2026-08-10T23:24:00+00:00,delivered,Mysuru,V016,DRV045
ORD06617,2026-09-24T23:07:00+00:00,delivered,Coimbatore,V012,DRV013
ORD06618,2026-08-01T16:20:00+00:00,delivered,Mysuru,V003,DRV087
ORD06619,2026-08-06T17:40:00+00:00,delayed,Hubballi,V054,DRV108
ORD06620,2026-08-23T03:00:00+00:00,delivered,Coimbatore,V092,DRV096
ORD06621,2026-09-09T00:39:00+00:00,delivered,Coimbatore,V034,DRV082
ORD06622,2026-09-10T22:12:00+00:00,in_transit,Mangaluru,V099,DRV098
ORD06623,2026-08-27T17:00:00+00:00,picked_up,Hubballi,V081,DRV075
ORD06624,2026-09-18T11:32:00+00:00,delivered,Hosur,V062,DRV042
ORD06625,2026-09-18T05:51:00+00:00,delivered,Hosur,V089,DRV114
ORD06626,2026-08-30T02:18:00+00:00,delivered,Coimbatore,V098,DRV066
ORD06627,2026-09-19T14:26:00+00:00,picked_up,Hyderabad,V057,DRV067
ORD06628,2026-08-10T21:37:00+00:00,picked_up,Chennai,V078,DRV116
ORD06629,2026-09-14T01:57:00+00:00,delivered,Chennai,V092,DRV083
ORD06630,2026-08-16T19:21:00+00:00,delivered,Mangaluru,V014,DRV003
ORD06631,2026-09-05T05:47:00+00:00,delivered,Coimbatore,V010,DRV103
ORD06632,2026-08-06T04:58:00+00:00,delivered,Hosur,V024,DRV006
ORD06633,2026-08-21T07:08:00+00:00,in_transit,Hyderabad,V003,DRV009
ORD06634,2026-08-10T21:37:00+00:00,in_transit,Coimbatore,V062,DRV021
ORD06635,2026-08-20T10:49:00+00:00,delivered,Coimbatore,V042,DRV068
ORD06636,2026-08-15T00:24:00+00:00,delayed,Coimbatore,V099,DRV099
ORD06637,2026-08-09T12:07:00+00:00,delivered,Hyderabad,V025,DRV114
ORD06638,2026-09-12T01:42:00+00:00,delivered,Mysuru,V034,DRV053
ORD06639,2026-09-13T11:55:00+00:00,delayed,Hubballi,V030,DRV061
ORD06640,2026-08-14T04:39:00+00:00,delivered,Hosur,V079,DRV022
ORD06641,2026-08-08T20:34:00+00:00,delivered,Coimbatore,V052,DRV082
ORD06642,2026-08-05T21:17:00+00:00,delivered,Mangaluru,V089,DRV060
ORD06643,2026-08-13T01:52:00+00:00,delivered,Hubballi,V087,DRV089
ORD06644,2026-08-01T23:10:00+00:00,delivered,Tumakuru,V001,DRV068
ORD06645,2026-08-01T15:39:00+00:00,delivered,Mysuru,V003,DRV013
ORD06646,2026-08-11T18:01:00+00:00,delivered,Mangaluru,V051,DRV072
ORD06647,2026-08-04T09:39:00+00:00,delivered,Hyderabad,V010,DRV098
ORD06648,2026-08-18T23:36:00+00:00,delayed,Coimbatore,V093,DRV076
ORD06649,2026-09-09T18:31:00+00:00,in_transit,Hubballi,V062,DRV108
ORD06650,2026-08-28T23:11:00+00:00,delivered,Hyderabad,V100,DRV055
ORD06651,2026-08-15T00:59:00+00:00,delivered,Chennai,V073,DRV049
ORD06652,2026-09-16T04:31:00+00:00,in_transit,Hosur,V016,DRV056
ORD06653,2026-09-14T05:42:00+00:00,delivered,Mysuru,V020,DRV105
ORD06654,2026-09-05T14:02:00+00:00,delivered,Coimbatore,V005,DRV021
ORD06655,2026-08-14T01:11:00+00:00,picked_up,Chennai,V034,DRV082
ORD06656,2026-09-01T11:49:00+00:00,in_transit,Hubballi,V043,DRV001
ORD06657,2026-08-13T15:28:00+00:00,delivered,Mysuru,V032,DRV048
ORD06658,2026-08-30T05:26:00+00:00,delivered,Hubballi,V057,DRV064
ORD06659,2026-08-15T02:06:00+00:00,delivered,Hyderabad,V012,DRV089
ORD06660,2026-08-10T17:59:00+00:00,delayed,Chennai,V054,DRV058
ORD06661,2026-09-17T08:18:00+00:00,picked_up,Hubballi,V023,DRV066
ORD06662,2026-08-06T15:33:00+00:00,delivered,Coimbatore,V039,DRV079
ORD06663,2026-09-05T09:54:00+00:00,delivered,Coimbatore,V058,DRV097
ORD06664,2026-08-04T02:39:00+00:00,in_transit,Mangaluru,V091,DRV078
ORD06665,2026-08-07T10:26:00+00:00,picked_up,Coimbatore,V082,DRV006
ORD06666,2026-08-28T08:19:00+00:00,picked_up,Coimbatore,V077,DRV042
ORD06667,2026-08-25T03:33:00+00:00,delayed,Chennai,V053,DRV045
ORD06668,2026-09-11T04:06:00+00:00,delivered,Hosur,V026,DRV033
ORD06669,2026-08-20T08:27:00+00:00,in_transit,Coimbatore,V023,DRV067
ORD06670,2026-09-12T16:44:00+00:00,delayed,Pune,V055,DRV042
ORD06671,2026-08-28T21:28:00+00:00,delayed,Hosur,V099,DRV103
ORD06672,2026-08-26T02:41:00+00:00,in_transit,Mangaluru,V025,DRV115
ORD06673,2026-08-28T11:17:00+00:00,delivered,Hyderabad,V054,DRV042
ORD06674,2026-09-20T13:26:00+00:00,cancelled,Bengaluru,V023,DRV028
ORD06675,2026-08-23T07:59:00+00:00,delivered,Hosur,V050,DRV054
ORD06676,2026-09-24T15:16:00+00:00,cancelled,Pune,V098,DRV054
ORD06677,2026-08-14T14:15:00+00:00,in_transit,Coimbatore,V029,DRV108
ORD06678,2026-08-22T10:01:00+00:00,picked_up,Bengaluru,V060,DRV082
ORD06679,2026-09-03T07:22:00+00:00,in_transit,Hyderabad,V062,DRV002
ORD06680,2026-08-08T06:10:00+00:00,delivered,Bengaluru,V099,DRV068
ORD06681,2026-08-07T08:18:00+00:00,delivered,Hubballi,V079,DRV035
ORD06682,2026-09-19T16:00:00+00:00,delivered,Pune,V093,DRV118
ORD06683,2026-08-06T23:43:00+00:00,delivered,Hosur,V077,DRV058
ORD06684,2026-08-13T12:21:00+00:00,delivered,Mangaluru,V048,DRV009
ORD06685,2026-09-22T16:43:00+00:00,picked_up,Mysuru,V038,DRV029
ORD06686,2026-09-14T14:02:00+00:00,delivered,Hosur,V097,DRV002
ORD06687,2026-08-27T13:16:00+00:00,delivered,Coimbatore,V083,DRV053
ORD06688,2026-08-16T22:19:00+00:00,delivered,Pune,V026,DRV120
ORD06689,2026-08-21T15:25:00+00:00,in_transit,Coimbatore,V013,DRV012
ORD06690,2026-09-11T20:55:00+00:00,delivered,Coimbatore,V077,DRV065
ORD06691,2026-08-25T10:45:00+00:00,picked_up,Chennai,V024,DRV056
ORD06692,2026-08-03T20:25:00+00:00,delayed,Coimbatore,V086,DRV103
ORD06693,2026-08-19T06:01:00+00:00,delivered,Hyderabad,V026,DRV107
ORD06694,2026-08-28T11:21:00+00:00,delayed,Hosur,V018,DRV089
ORD06695,2026-09-02T14:15:00+00:00,delivered,Coimbatore,V085,DRV061
ORD06696,2026-08-27T17:22:00+00:00,delivered,Coimbatore,V044,DRV018
ORD06697,2026-08-31T10:57:00+00:00,picked_up,Hubballi,V059,DRV117
ORD06698,2026-08-31T23:49:00+00:00,delivered,Hyderabad,V038,DRV004
ORD06699,2026-08-01T21:51:00+00:00,delivered,Pune,V082,DRV076
ORD06700,2026-09-10T16:32:00+00:00,delivered,Hyderabad,V036,DRV048
ORD06701,2026-09-19T19:46:00+00:00,delivered,Mangaluru,V017,DRV096
ORD06702,2026-09-21T19:15:00+00:00,delivered,Chennai,V031,DRV119
ORD06703,2026-09-01T18:31:00+00:00,delayed,Mangaluru,V026,DRV077
ORD06704,2026-09-06T11:43:00+00:00,in_transit,Coimbatore,V059,DRV108
ORD06705,2026-09-02T17:10:00+00:00,delivered,Pune,V047,DRV068
ORD06706,2026-08-09T16:50:00+00:00,delayed,Coimbatore,V015,DRV009
ORD06707,2026-08-22T16:36:00+00:00,in_transit,Tumakuru,V047,DRV072
ORD06708,2026-09-21T10:07:00+00:00,in_transit,Mangaluru,V016,DRV044
ORD06709,2026-08-29T03:59:00+00:00,delivered,Coimbatore,V071,DRV064
ORD06710,2026-08-07T08:48:00+00:00,delivered,Hosur,V088,DRV114
ORD06711,2026-09-23T09:43:00+00:00,delivered,Coimbatore,V008,DRV117
ORD06712,2026-08-31T08:10:00+00:00,delivered,Pune,V093,DRV117
ORD06713,2026-08-26T14:03:00+00:00,delivered,Mysuru,V100,DRV026
ORD06714,2026-08-01T06:23:00+00:00,in_transit,Chennai,V079,DRV019
ORD06715,2026-09-13T10:12:00+00:00,in_transit,Pune,V020,DRV086
ORD06716,2026-08-29T20:22:00+00:00,delivered,Chennai,V085,DRV057
ORD06717,2026-09-02T10:30:00+00:00,delivered,Mangaluru,V050,DRV049
ORD06718,2026-09-19T23:02:00+00:00,delivered,Mangaluru,V095,DRV051
ORD06719,2026-08-27T14:27:00+00:00,delivered,Coimbatore,V037,DRV106
ORD06720,2026-08-08T18:02:00+00:00,delivered,Hyderabad,V049,DRV097
ORD06721,2026-08-16T15:22:00+00:00,delivered,Mysuru,V017,DRV013
ORD06722,2026-08-23T11:50:00+00:00,delayed,Chennai,V053,DRV032
ORD06723,2026-09-20T05:09:00+00:00,delivered,Pune,V022,DRV019
ORD06724,2026-09-06T09:57:00+00:00,delivered,Pune,V089,DRV115
ORD06725,2026-09-17T01:19:00+00:00,cancelled,Mysuru,V011,DRV083
ORD06726,2026-08-29T06:29:00+00:00,picked_up,Mangaluru,V026,DRV004
ORD06727,2026-08-31T20:21:00+00:00,picked_up,Mangaluru,V098,DRV115
ORD06728,2026-08-12T01:44:00+00:00,in_transit,Mangaluru,V038,DRV116
ORD06729,2026-08-20T04:53:00+00:00,delivered,Chennai,V032,DRV026
ORD06730,2026-09-09T15:44:00+00:00,delivered,Hosur,V043,DRV059
ORD06731,2026-09-06T18:46:00+00:00,picked_up,Mangaluru,V059,DRV008
ORD06732,2026-09-04T18:31:00+00:00,delivered,Hosur,V006,DRV120
ORD06733,2026-09-03T01:22:00+00:00,delayed,Coimbatore,V055,DRV011
ORD06734,2026-09-07T09:37:00+00:00,delivered,Mangaluru,V095,DRV027
ORD06735,2026-08-25T18:11:00+00:00,picked_up,Hosur,V084,DRV091
ORD06736,2026-08-02T11:21:00+00:00,in_transit,Mangaluru,V034,DRV026
ORD06737,2026-09-16T20:58:00+00:00,picked_up,Hyderabad,V041,DRV075
ORD06738,2026-08-07T04:09:00+00:00,in_transit,Hyderabad,V088,DRV020
ORD06739,2026-08-20T22:44:00+00:00,delivered,Hosur,V071,DRV016
ORD06740,2026-09-13T14:35:00+00:00,delivered,Mysuru,V013,DRV065
ORD06741,2026-09-18T18:19:00+00:00,delivered,Chennai,V078,DRV017
ORD06742,2026-08-10T00:31:00+00:00,picked_up,Hyderabad,V010,DRV060
ORD06743,2026-08-10T09:24:00+00:00,delivered,Chennai,V067,DRV056
ORD06744,2026-09-07T12:20:00+00:00,delivered,Mangaluru,V077,DRV101
ORD06745,2026-08-21T14:22:00+00:00,delivered,Chennai,V014,DRV117
ORD06746,2026-09-14T14:30:00+00:00,picked_up,Pune,V026,DRV010
ORD06747,2026-08-27T13:14:00+00:00,in_transit,Hosur,V015,DRV031
ORD06748,2026-08-17T18:19:00+00:00,delayed,Mysuru,V045,DRV044
ORD06749,2026-08-06T20:49:00+00:00,delivered,Coimbatore,V067,DRV113
ORD06750,2026-08-31T19:10:00+00:00,delivered,Mysuru,V028,DRV077
ORD06751,2026-08-09T18:43:00+00:00,delayed,Hyderabad,V033,DRV069
ORD06752,2026-08-09T14:19:00+00:00,picked_up,Pune,V025,DRV037
ORD06753,2026-08-18T07:42:00+00:00,delivered,Mysuru,V052,DRV002
ORD06754,2026-09-16T02:13:00+00:00,delivered,Coimbatore,V058,DRV039
ORD06755,2026-08-24T06:08:00+00:00,delivered,Coimbatore,V015,DRV066
ORD06756,2026-08-17T07:06:00+00:00,delivered,Mangaluru,V017,DRV115
ORD06757,2026-09-14T14:22:00+00:00,cancelled,Tumakuru,V036,DRV106
ORD06758,2026-08-06T23:02:00+00:00,delivered,Hubballi,V027,DRV040
ORD06759,2026-09-07T22:30:00+00:00,delivered,Tumakuru,V054,DRV080
ORD06760,2026-09-14T17:32:00+00:00,delayed,Tumakuru,V038,DRV062
ORD06761,2026-08-09T00:08:00+00:00,delivered,Hubballi,V096,DRV031
ORD06762,2026-08-03T11:38:00+00:00,delivered,Coimbatore,V100,DRV059
ORD06763,2026-09-03T13:37:00+00:00,delivered,Mangaluru,V021,DRV092
ORD06764,2026-08-22T16:42:00+00:00,picked_up,Coimbatore,V030,DRV028
ORD06765,2026-08-24T09:07:00+00:00,delivered,Hosur,V013,DRV005
ORD06766,2026-09-12T17:36:00+00:00,picked_up,Coimbatore,V096,DRV099
ORD06767,2026-08-21T00:33:00+00:00,in_transit,Chennai,V036,DRV005
ORD06768,2026-09-13T12:16:00+00:00,delayed,Coimbatore,V015,DRV118
ORD06769,2026-08-20T08:01:00+00:00,delivered,Coimbatore,V002,DRV056
ORD06770,2026-09-02T22:18:00+00:00,delivered,Hosur,V065,DRV120
ORD06771,2026-09-15T12:02:00+00:00,delayed,Coimbatore,V083,DRV080
ORD06772,2026-09-14T18:58:00+00:00,in_transit,Chennai,V046,DRV060
ORD06773,2026-08-27T18:21:00+00:00,picked_up,Hyderabad,V012,DRV059
ORD06774,2026-08-06T04:04:00+00:00,picked_up,Mysuru,V076,DRV091
ORD06775,2026-09-02T10:37:00+00:00,delivered,Hosur,V069,DRV111
ORD06776,2026-09-06T06:22:00+00:00,delivered,Chennai,V055,DRV070
ORD06777,2026-08-03T03:24:00+00:00,delivered,Pune,V050,DRV104
ORD06778,2026-08-05T15:13:00+00:00,picked_up,Mangaluru,V018,DRV034
ORD06779,2026-08-04T16:05:00+00:00,delayed,Mangaluru,V053,DRV048
ORD06780,2026-08-17T08:25:00+00:00,picked_up,Mangaluru,V037,DRV077
ORD06781,2026-08-23T16:14:00+00:00,delayed,Coimbatore,V081,DRV097
ORD06782,2026-09-19T08:53:00+00:00,delivered,Mysuru,V081,DRV088
ORD06783,2026-08-06T02:20:00+00:00,delivered,Mangaluru,V041,DRV027
ORD06784,2026-09-06T10:13:00+00:00,delivered,Mangaluru,V089,DRV097
ORD06785,2026-09-04T09:54:00+00:00,delivered,Tumakuru,V082,DRV110
ORD06786,2026-09-06T21:52:00+00:00,delayed,Mangaluru,V036,DRV093
ORD06787,2026-09-16T17:08:00+00:00,in_transit,Bengaluru,V088,DRV113
ORD06788,2026-08-17T10:38:00+00:00,picked_up,Mysuru,V007,DRV005
ORD06789,2026-08-29T10:22:00+00:00,delivered,Mysuru,V100,DRV004
ORD06790,2026-08-04T02:26:00+00:00,delivered,Hosur,V092,DRV033
ORD06791,2026-08-20T20:30:00+00:00,delivered,Hosur,V039,DRV105
ORD06792,2026-09-10T02:32:00+00:00,delivered,Mangaluru,V066,DRV074
ORD06793,2026-09-13T23:05:00+00:00,delayed,Hyderabad,V061,DRV078
ORD06794,2026-08-17T06:41:00+00:00,delivered,Mangaluru,V014,DRV064
ORD06795,2026-08-13T06:34:00+00:00,delivered,Tumakuru,V044,DRV115
ORD06796,2026-09-14T16:42:00+00:00,in_transit,Pune,V054,DRV031
ORD06797,2026-08-06T12:53:00+00:00,in_transit,Coimbatore,V094,DRV120
ORD06798,2026-09-08T08:36:00+00:00,in_transit,Mysuru,V082,DRV041
ORD06799,2026-09-13T22:43:00+00:00,delivered,Mangaluru,V045,DRV062
ORD06800,2026-09-09T15:39:00+00:00,delayed,Pune,V056,DRV021
ORD06801,2026-09-10T21:44:00+00:00,delivered,Coimbatore,V087,DRV114
ORD06802,2026-09-22T13:07:00+00:00,in_transit,Mysuru,V025,DRV110
ORD06803,2026-09-13T14:13:00+00:00,delivered,Mangaluru,V097,DRV063
ORD06804,2026-09-10T00:58:00+00:00,in_transit,Mangaluru,V055,DRV100
ORD06805,2026-08-17T18:03:00+00:00,delivered,Mangaluru,V038,DRV026
ORD06806,2026-09-19T17:33:00+00:00,delivered,Mysuru,V082,DRV097
ORD06807,2026-09-01T05:45:00+00:00,picked_up,Mysuru,V040,DRV095
ORD06808,2026-09-07T20:22:00+00:00,delivered,Tumakuru,V094,DRV106
ORD06809,2026-08-18T16:15:00+00:00,in_transit,Mysuru,V001,DRV027
ORD06810,2026-09-20T13:41:00+00:00,picked_up,Mangaluru,V052,DRV065
ORD06811,2026-09-12T22:27:00+00:00,delivered,Coimbatore,V095,DRV102
ORD06812,2026-09-14T01:55:00+00:00,delayed,Mangaluru,V050,DRV114
ORD06813,2026-08-14T05:42:00+00:00,delivered,Coimbatore,V054,DRV037
ORD06814,2026-08-21T06:32:00+00:00,delivered,Bengaluru,V023,DRV045
ORD06815,2026-08-08T01:35:00+00:00,delivered,Hubballi,V054,DRV051
ORD06816,2026-09-22T02:42:00+00:00,delivered,Hyderabad,V041,DRV048
ORD06817,2026-09-22T03:21:00+00:00,delivered,Hyderabad,V055,DRV055
ORD06818,2026-09-14T21:54:00+00:00,delivered,Mysuru,V001,DRV026
ORD06819,2026-09-13T22:24:00+00:00,cancelled,Coimbatore,V008,DRV007
ORD06820,2026-09-18T07:44:00+00:00,in_transit,Pune,V055,DRV035
ORD06821,2026-08-23T00:40:00+00:00,in_transit,Hyderabad,V050,DRV079
ORD06822,2026-08-19T15:35:00+00:00,delivered,Coimbatore,V026,DRV093
ORD06823,2026-09-16T18:33:00+00:00,delivered,Pune,V093,DRV102
ORD06824,2026-08-12T07:43:00+00:00,cancelled,Coimbatore,V027,DRV072
ORD06825,2026-08-17T16:08:00+00:00,delayed,Hubballi,V032,DRV043
ORD06826,2026-08-22T12:02:00+00:00,delivered,Mysuru,V063,DRV030
ORD06827,2026-09-24T23:14:00+00:00,delivered,Coimbatore,V049,DRV067
ORD06828,2026-08-20T04:40:00+00:00,picked_up,Bengaluru,V023,DRV077
ORD06829,2026-09-12T06:51:00+00:00,delivered,Coimbatore,V093,DRV020
ORD06830,2026-08-09T04:44:00+00:00,picked_up,Pune,V058,DRV052
ORD06831,2026-09-07T15:51:00+00:00,cancelled,Pune,V086,DRV092
ORD06832,2026-08-07T06:16:00+00:00,cancelled,Pune,V006,DRV046
ORD06833,2026-09-15T17:27:00+00:00,picked_up,Hosur,V074,DRV115
ORD06834,2026-09-02T23:29:00+00:00,delivered,Tumakuru,V063,DRV036
ORD06835,2026-08-13T20:04:00+00:00,delivered,Mysuru,V008,DRV091
ORD06836,2026-09-20T16:04:00+00:00,in_transit,Coimbatore,V064,DRV025
ORD06837,2026-09-18T23:47:00+00:00,delivered,Pune,V078,DRV015
ORD06838,2026-08-20T09:24:00+00:00,delivered,Pune,V039,DRV003
ORD06839,2026-08-17T19:01:00+00:00,delivered,Hyderabad,V052,DRV109
ORD06840,2026-09-06T06:59:00+00:00,in_transit,Mysuru,V067,DRV042
ORD06841,2026-09-20T12:18:00+00:00,picked_up,Coimbatore,V091,DRV039
ORD06842,2026-08-03T15:03:00+00:00,in_transit,Chennai,V076,DRV117
ORD06843,2026-08-15T18:55:00+00:00,delayed,Coimbatore,V035,DRV083
ORD06844,2026-08-25T11:09:00+00:00,in_transit,Mysuru,V040,DRV065
ORD06845,2026-09-14T11:53:00+00:00,delivered,Mysuru,V029,DRV108
ORD06846,2026-08-27T22:07:00+00:00,in_transit,Mangaluru,V051,DRV013
ORD06847,2026-09-10T14:15:00+00:00,delivered,Hosur,V020,DRV021
ORD06848,2026-08-08T17:22:00+00:00,delayed,Mangaluru,V042,DRV120
ORD06849,2026-08-14T15:10:00+00:00,delivered,Chennai,V018,DRV059
ORD06850,2026-09-13T00:27:00+00:00,delayed,Coimbatore,V089,DRV056
ORD06851,2026-08-30T07:07:00+00:00,delivered,Tumakuru,V046,DRV031
ORD06852,2026-08-01T21:59:00+00:00,delivered,Coimbatore,V056,DRV067
ORD06853,2026-09-01T06:29:00+00:00,picked_up,Hosur,V007,DRV004
ORD06854,2026-09-18T10:33:00+00:00,picked_up,Hubballi,V045,DRV119
ORD06855,2026-08-14T05:01:00+00:00,picked_up,Coimbatore,V033,DRV041
ORD06856,2026-08-20T10:06:00+00:00,delivered,Coimbatore,V013,DRV039
ORD06857,2026-08-18T11:57:00+00:00,in_transit,Pune,V100,DRV074
ORD06858,2026-09-10T19:20:00+00:00,delivered,Pune,V077,DRV026
ORD06859,2026-08-08T09:18:00+00:00,delivered,Pune,V075,DRV042
ORD06860,2026-09-01T19:46:00+00:00,delayed,Chennai,V087,DRV098
ORD06861,2026-09-09T07:53:00+00:00,picked_up,Chennai,V027,DRV053
ORD06862,2026-09-14T03:40:00+00:00,delivered,Chennai,V091,DRV104
ORD06863,2026-08-18T13:32:00+00:00,cancelled,Hosur,V088,DRV049
ORD06864,2026-08-07T08:45:00+00:00,delivered,Mysuru,V017,DRV070
ORD06865,2026-09-22T11:42:00+00:00,cancelled,Chennai,V031,DRV001
ORD06866,2026-08-14T04:26:00+00:00,delivered,Hubballi,V046,DRV007
ORD06867,2026-08-18T07:22:00+00:00,delayed,Mangaluru,V074,DRV013
ORD06868,2026-09-19T19:58:00+00:00,delivered,Hubballi,V068,DRV073
ORD06869,2026-09-20T10:00:00+00:00,delivered,Mangaluru,V035,DRV035
ORD06870,2026-09-02T09:23:00+00:00,cancelled,Mysuru,V059,DRV009
ORD06871,2026-09-03T22:56:00+00:00,delivered,Coimbatore,V059,DRV040
ORD06872,2026-09-06T11:32:00+00:00,delivered,Mangaluru,V029,DRV004
ORD06873,2026-09-23T08:04:00+00:00,in_transit,Hyderabad,V040,DRV035
ORD06874,2026-08-09T21:30:00+00:00,delivered,Chennai,V100,DRV087
ORD06875,2026-09-05T22:52:00+00:00,in_transit,Coimbatore,V049,DRV056
ORD06876,2026-08-03T01:27:00+00:00,picked_up,Hubballi,V047,DRV083
ORD06877,2026-09-14T08:08:00+00:00,delivered,Hosur,V074,DRV028
ORD06878,2026-09-24T23:54:00+00:00,delivered,Hyderabad,V035,DRV029
ORD06879,2026-08-05T00:11:00+00:00,delayed,Hyderabad,V042,DRV112
ORD06880,2026-08-02T18:34:00+00:00,in_transit,Hosur,V004,DRV018
ORD06881,2026-08-07T14:06:00+00:00,picked_up,Hosur,V099,DRV112
ORD06882,2026-08-16T09:10:00+00:00,delivered,Mangaluru,V010,DRV105
ORD06883,2026-09-07T23:53:00+00:00,delayed,Hosur,V018,DRV031
ORD06884,2026-08-10T23:25:00+00:00,delayed,Pune,V032,DRV001
ORD06885,2026-09-03T18:21:00+00:00,cancelled,Hubballi,V032,DRV063
ORD06886,2026-09-05T05:32:00+00:00,delivered,Hubballi,V026,DRV095
ORD06887,2026-09-03T07:53:00+00:00,delivered,Chennai,V052,DRV116
ORD06888,2026-08-04T03:01:00+00:00,delayed,Pune,V043,DRV118
ORD06889,2026-09-03T00:04:00+00:00,picked_up,Coimbatore,V074,DRV085
ORD06890,2026-08-30T22:42:00+00:00,delivered,Bengaluru,V048,DRV111
ORD06891,2026-08-21T07:26:00+00:00,in_transit,Mangaluru,V089,DRV096
ORD06892,2026-09-21T01:40:00+00:00,in_transit,Chennai,V062,DRV059
ORD06893,2026-09-17T09:45:00+00:00,picked_up,Pune,V015,DRV045
ORD06894,2026-09-07T02:09:00+00:00,delivered,Mysuru,V077,DRV085
ORD06895,2026-09-11T11:57:00+00:00,delivered,Bengaluru,V001,DRV112
ORD06896,2026-09-06T03:04:00+00:00,delivered,Mysuru,V069,DRV071
ORD06897,2026-08-22T13:48:00+00:00,delayed,Hosur,V082,DRV088
ORD06898,2026-09-08T19:24:00+00:00,delivered,Hosur,V078,DRV080
ORD06899,2026-08-26T07:01:00+00:00,delivered,Mangaluru,V100,DRV103
ORD06900,2026-09-09T04:17:00+00:00,delivered,Chennai,V049,DRV055
ORD06901,2026-09-18T03:08:00+00:00,in_transit,Chennai,V013,DRV040
ORD06902,2026-08-22T12:28:00+00:00,delivered,Chennai,V092,DRV043
ORD06903,2026-08-19T20:23:00+00:00,delivered,Coimbatore,V085,DRV047
ORD06904,2026-09-01T15:14:00+00:00,delivered,Bengaluru,V014,DRV057
ORD06905,2026-08-27T12:37:00+00:00,delivered,Chennai,V039,DRV040
ORD06906,2026-08-17T03:24:00+00:00,delivered,Mangaluru,V080,DRV114
ORD06907,2026-09-07T06:34:00+00:00,in_transit,Hyderabad,V022,DRV045
ORD06908,2026-08-19T01:19:00+00:00,delivered,Mangaluru,V082,DRV091
ORD06909,2026-09-18T02:48:00+00:00,delivered,Chennai,V058,DRV036
ORD06910,2026-09-13T12:35:00+00:00,delivered,Mangaluru,V081,DRV054
ORD06911,2026-09-01T03:30:00+00:00,delivered,Chennai,V076,DRV074
ORD06912,2026-08-23T03:43:00+00:00,delayed,Chennai,V034,DRV020
ORD06913,2026-08-04T15:24:00+00:00,in_transit,Chennai,V034,DRV043
ORD06914,2026-08-27T11:10:00+00:00,delivered,Mangaluru,V017,DRV066
ORD06915,2026-08-23T21:16:00+00:00,delivered,Pune,V055,DRV109
ORD06916,2026-08-24T00:27:00+00:00,in_transit,Mangaluru,V016,DRV039
ORD06917,2026-09-14T20:29:00+00:00,in_transit,Hosur,V045,DRV108
ORD06918,2026-09-04T19:32:00+00:00,in_transit,Hubballi,V036,DRV056
ORD06919,2026-09-02T02:52:00+00:00,picked_up,Hyderabad,V030,DRV025
ORD06920,2026-08-01T21:26:00+00:00,delayed,Mangaluru,V012,DRV026
ORD06921,2026-09-16T08:24:00+00:00,delivered,Tumakuru,V080,DRV001
ORD06922,2026-09-13T23:45:00+00:00,in_transit,Coimbatore,V085,DRV039
ORD06923,2026-09-02T19:52:00+00:00,delivered,Coimbatore,V075,DRV110
ORD06924,2026-09-19T13:43:00+00:00,delivered,Coimbatore,V028,DRV050
ORD06925,2026-09-24T08:10:00+00:00,delivered,Pune,V093,DRV010
ORD06926,2026-08-23T03:56:00+00:00,picked_up,Mysuru,V067,DRV114
ORD06927,2026-09-18T10:30:00+00:00,delivered,Hubballi,V060,DRV092
ORD06928,2026-09-24T06:21:00+00:00,in_transit,Pune,V059,DRV119
ORD06929,2026-08-23T20:06:00+00:00,delivered,Coimbatore,V031,DRV003
ORD06930,2026-09-02T17:54:00+00:00,delayed,Hubballi,V016,DRV087
ORD06931,2026-09-16T21:44:00+00:00,delivered,Pune,V028,DRV007
ORD06932,2026-08-22T20:12:00+00:00,delayed,Mangaluru,V018,DRV104
ORD06933,2026-09-15T06:37:00+00:00,delivered,Coimbatore,V055,DRV079
ORD06934,2026-08-14T12:34:00+00:00,picked_up,Coimbatore,V050,DRV114
ORD06935,2026-08-24T18:30:00+00:00,delivered,Coimbatore,V046,DRV027
ORD06936,2026-09-03T12:47:00+00:00,delivered,Coimbatore,V027,DRV007
ORD06937,2026-08-18T12:15:00+00:00,delayed,Hubballi,V048,DRV013
ORD06938,2026-09-09T13:23:00+00:00,delivered,Hyderabad,V054,DRV008
ORD06939,2026-09-21T03:23:00+00:00,in_transit,Mangaluru,V059,DRV021
ORD06940,2026-08-09T06:47:00+00:00,delivered,Mysuru,V090,DRV032
ORD06941,2026-08-07T09:52:00+00:00,in_transit,Coimbatore,V012,DRV090
ORD06942,2026-08-29T09:01:00+00:00,delayed,Coimbatore,V083,DRV098
ORD06943,2026-09-09T00:46:00+00:00,delivered,Pune,V053,DRV017
ORD06944,2026-09-17T14:17:00+00:00,delivered,Coimbatore,V047,DRV109
ORD06945,2026-08-30T02:56:00+00:00,picked_up,Coimbatore,V039,DRV048
ORD06946,2026-08-06T21:11:00+00:00,in_transit,Mangaluru,V036,DRV112
ORD06947,2026-08-25T18:33:00+00:00,in_transit,Coimbatore,V059,DRV046
ORD06948,2026-08-15T22:48:00+00:00,delivered,Chennai,V100,DRV104
ORD06949,2026-09-18T23:15:00+00:00,delivered,Bengaluru,V063,DRV053
ORD06950,2026-08-20T08:49:00+00:00,delivered,Coimbatore,V001,DRV011
ORD06951,2026-08-23T11:25:00+00:00,delivered,Hyderabad,V098,DRV120
ORD06952,2026-08-24T22:55:00+00:00,delivered,Coimbatore,V039,DRV037
ORD06953,2026-08-31T09:52:00+00:00,delayed,Hyderabad,V059,DRV037
ORD06954,2026-09-17T10:19:00+00:00,cancelled,Mysuru,V072,DRV089
ORD06955,2026-08-27T03:59:00+00:00,delivered,Coimbatore,V080,DRV110
ORD06956,2026-08-16T20:25:00+00:00,cancelled,Mangaluru,V046,DRV009
ORD06957,2026-09-08T07:57:00+00:00,picked_up,Mangaluru,V003,DRV101
ORD06958,2026-08-10T08:03:00+00:00,cancelled,Hyderabad,V061,DRV100
ORD06959,2026-09-19T17:28:00+00:00,delivered,Pune,V010,DRV005
ORD06960,2026-08-10T09:21:00+00:00,delayed,Pune,V027,DRV075
ORD06961,2026-08-09T20:21:00+00:00,picked_up,Pune,V054,DRV077
ORD06962,2026-08-15T00:36:00+00:00,in_transit,Coimbatore,V034,DRV013
ORD06963,2026-08-22T02:46:00+00:00,in_transit,Chennai,V053,DRV096
ORD06964,2026-08-30T04:24:00+00:00,delivered,Hubballi,V061,DRV014
ORD06965,2026-08-12T12:48:00+00:00,picked_up,Mangaluru,V051,DRV063
ORD06966,2026-09-15T18:08:00+00:00,picked_up,Pune,V099,DRV107
ORD06967,2026-08-10T05:22:00+00:00,delivered,Pune,V055,DRV069
ORD06968,2026-09-06T00:35:00+00:00,delivered,Pune,V046,DRV102
ORD06969,2026-08-19T22:37:00+00:00,delivered,Mysuru,V050,DRV106
ORD06970,2026-09-01T03:27:00+00:00,delivered,Tumakuru,V073,DRV059
ORD06971,2026-08-10T07:58:00+00:00,delivered,Pune,V044,DRV044
ORD06972,2026-09-09T20:36:00+00:00,in_transit,Hyderabad,V021,DRV081
ORD06973,2026-08-31T00:45:00+00:00,delivered,Hubballi,V003,DRV087
ORD06974,2026-09-18T15:08:00+00:00,delivered,Mysuru,V078,DRV011
ORD06975,2026-09-21T05:37:00+00:00,delivered,Mangaluru,V073,DRV051
ORD06976,2026-09-22T01:11:00+00:00,cancelled,Chennai,V016,DRV114
ORD06977,2026-08-25T20:43:00+00:00,delivered,Hosur,V023,DRV031
ORD06978,2026-08-27T12:15:00+00:00,delivered,Mysuru,V044,DRV015
ORD06979,2026-08-20T21:43:00+00:00,picked_up,Coimbatore,V058,DRV027
ORD06980,2026-09-13T06:13:00+00:00,delivered,Mangaluru,V065,DRV100
ORD06981,2026-09-15T17:56:00+00:00,delivered,Hosur,V069,DRV048
ORD06982,2026-08-09T03:14:00+00:00,delivered,Mysuru,V009,DRV008
ORD06983,2026-08-24T03:36:00+00:00,picked_up,Hubballi,V027,DRV101
ORD06984,2026-08-08T08:45:00+00:00,delivered,Bengaluru,V046,DRV057
ORD06985,2026-08-19T18:46:00+00:00,in_transit,Mysuru,V085,DRV099
ORD06986,2026-09-07T22:09:00+00:00,delivered,Hosur,V081,DRV070
ORD06987,2026-09-11T04:05:00+00:00,in_transit,Hosur,V043,DRV112
ORD06988,2026-08-15T17:41:00+00:00,delivered,Mysuru,V034,DRV073
ORD06989,2026-08-16T10:18:00+00:00,delivered,Hyderabad,V071,DRV056
ORD06990,2026-09-16T20:46:00+00:00,delivered,Hyderabad,V006,DRV088
ORD06991,2026-09-23T08:13:00+00:00,delivered,Hosur,V016,DRV103
ORD06992,2026-09-02T17:02:00+00:00,delayed,Hyderabad,V072,DRV045
ORD06993,2026-09-13T17:01:00+00:00,in_transit,Mangaluru,V092,DRV021
ORD06994,2026-08-24T08:29:00+00:00,delivered,Coimbatore,V024,DRV022
ORD06995,2026-08-30T06:24:00+00:00,in_transit,Coimbatore,V089,DRV029
ORD06996,2026-08-20T08:15:00+00:00,in_transit,Mangaluru,V093,DRV051
ORD06997,2026-08-03T10:39:00+00:00,delivered,Mysuru,V011,DRV059
ORD06998,2026-08-22T20:02:00+00:00,picked_up,Coimbatore,V090,DRV090
ORD06999,2026-09-11T09:02:00+00:00,delayed,Coimbatore,V056,DRV065
ORD07000,2026-09-20T00:54:00+00:00,in_transit,Hyderabad,V014,DRV022
ORD07001,2026-08-12T10:01:00+00:00,picked_up,Hosur,V021,DRV100
ORD07002,2026-08-01T08:59:00+00:00,delivered,Tumakuru,V078,DRV098
ORD07003,2026-08-23T12:11:00+00:00,delivered,Hosur,V013,DRV107
ORD07004,2026-09-01T03:40:00+00:00,in_transit,Hyderabad,V031,DRV016
ORD07005,2026-08-19T13:58:00+00:00,delivered,Hubballi,V077,DRV061
ORD07006,2026-08-22T12:41:00+00:00,delivered,Hubballi,V062,DRV118
ORD07007,2026-08-19T04:18:00+00:00,delivered,Coimbatore,V064,DRV018
ORD07008,2026-08-23T00:08:00+00:00,delivered,Mangaluru,V001,DRV026
ORD07009,2026-09-07T22:28:00+00:00,delivered,Hosur,V098,DRV033
ORD07010,2026-08-10T08:51:00+00:00,delivered,Mysuru,V077,DRV054
ORD07011,2026-09-19T06:09:00+00:00,delayed,Mangaluru,V089,DRV039
ORD07012,2026-08-19T04:49:00+00:00,delivered,Hosur,V039,DRV114
ORD07013,2026-08-03T18:33:00+00:00,cancelled,Mangaluru,V083,DRV084
ORD07014,2026-09-02T13:14:00+00:00,picked_up,Hyderabad,V082,DRV044
ORD07015,2026-08-09T01:10:00+00:00,delivered,Hosur,V040,DRV054
ORD07016,2026-08-30T15:05:00+00:00,delivered,Coimbatore,V066,DRV097
ORD07017,2026-08-20T21:59:00+00:00,picked_up,Mangaluru,V066,DRV085
ORD07018,2026-09-21T21:09:00+00:00,delivered,Hosur,V033,DRV077
ORD07019,2026-08-29T18:05:00+00:00,delivered,Hosur,V083,DRV029
ORD07020,2026-09-15T07:58:00+00:00,delivered,Mysuru,V088,DRV050
ORD07021,2026-08-09T03:41:00+00:00,delivered,Hyderabad,V089,DRV101
ORD07022,2026-08-15T08:01:00+00:00,delivered,Mysuru,V059,DRV065
ORD07023,2026-08-02T09:42:00+00:00,delivered,Hosur,V026,DRV019
ORD07024,2026-09-22T01:02:00+00:00,delivered,Mangaluru,V014,DRV111
ORD07025,2026-09-06T07:15:00+00:00,delivered,Mangaluru,V053,DRV120
ORD07026,2026-08-07T20:00:00+00:00,delivered,Chennai,V052,DRV034
ORD07027,2026-09-14T11:04:00+00:00,delivered,Hosur,V083,DRV099
ORD07028,2026-09-05T13:39:00+00:00,delivered,Hubballi,V024,DRV050
ORD07029,2026-08-09T07:58:00+00:00,in_transit,Hyderabad,V027,DRV029
ORD07030,2026-09-20T03:36:00+00:00,picked_up,Mangaluru,V013,DRV107
ORD07031,2026-09-14T06:40:00+00:00,delivered,Coimbatore,V073,DRV050
ORD07032,2026-08-09T16:44:00+00:00,picked_up,Hyderabad,V046,DRV016
ORD07033,2026-08-12T10:23:00+00:00,cancelled,Mysuru,V095,DRV006
ORD07034,2026-08-14T20:47:00+00:00,delivered,Mangaluru,V054,DRV066
ORD07035,2026-09-21T13:32:00+00:00,delivered,Hosur,V052,DRV010
ORD07036,2026-09-04T20:31:00+00:00,delivered,Coimbatore,V087,DRV120
ORD07037,2026-08-15T14:12:00+00:00,delayed,Coimbatore,V058,DRV068
ORD07038,2026-08-31T13:44:00+00:00,delayed,Chennai,V006,DRV055
ORD07039,2026-08-21T08:07:00+00:00,delivered,Coimbatore,V096,DRV062
ORD07040,2026-08-13T16:48:00+00:00,delivered,Coimbatore,V004,DRV107
ORD07041,2026-09-22T09:44:00+00:00,picked_up,Hubballi,V090,DRV112
ORD07042,2026-08-04T07:16:00+00:00,delivered,Chennai,V019,DRV026
ORD07043,2026-09-20T09:55:00+00:00,delivered,Coimbatore,V029,DRV074
ORD07044,2026-08-12T02:24:00+00:00,cancelled,Chennai,V081,DRV098
ORD07045,2026-09-19T11:01:00+00:00,picked_up,Hosur,V059,DRV078
ORD07046,2026-09-05T15:40:00+00:00,cancelled,Hubballi,V069,DRV106
ORD07047,2026-09-20T08:15:00+00:00,delayed,Hyderabad,V024,DRV017
ORD07048,2026-08-10T14:31:00+00:00,delivered,Hosur,V088,DRV034
ORD07049,2026-08-25T20:18:00+00:00,delivered,Hosur,V052,DRV020
ORD07050,2026-08-29T09:16:00+00:00,in_transit,Mysuru,V072,DRV082
ORD07051,2026-09-09T23:58:00+00:00,delivered,Chennai,V023,DRV108
ORD07052,2026-08-02T03:22:00+00:00,delayed,Coimbatore,V067,DRV035
ORD07053,2026-08-27T09:33:00+00:00,picked_up,Pune,V075,DRV091
ORD07054,2026-09-23T23:00:00+00:00,delivered,Mangaluru,V025,DRV003
ORD07055,2026-09-22T02:44:00+00:00,cancelled,Coimbatore,V007,DRV112
ORD07056,2026-09-10T04:57:00+00:00,delivered,Mangaluru,V076,DRV022
ORD07057,2026-08-26T14:51:00+00:00,cancelled,Chennai,V084,DRV034
ORD07058,2026-09-23T21:50:00+00:00,delivered,Mangaluru,V088,DRV053
ORD07059,2026-09-17T23:01:00+00:00,delayed,Chennai,V015,DRV115
ORD07060,2026-09-16T07:14:00+00:00,delivered,Chennai,V063,DRV002
ORD07061,2026-08-08T02:53:00+00:00,delivered,Mangaluru,V061,DRV053
ORD07062,2026-09-24T21:44:00+00:00,delivered,Hosur,V092,DRV042
ORD07063,2026-09-18T02:38:00+00:00,delivered,Coimbatore,V056,DRV030
ORD07064,2026-08-11T23:43:00+00:00,delivered,Hyderabad,V100,DRV036
ORD07065,2026-09-13T14:55:00+00:00,delivered,Coimbatore,V025,DRV022
ORD07066,2026-09-25T00:29:00+00:00,in_transit,Pune,V044,DRV067
ORD07067,2026-09-03T13:53:00+00:00,delivered,Pune,V016,DRV106
ORD07068,2026-08-05T06:54:00+00:00,delivered,Hosur,V099,DRV096
ORD07069,2026-09-06T06:21:00+00:00,delivered,Hyderabad,V066,DRV076
ORD07070,2026-09-19T02:56:00+00:00,delivered,Coimbatore,V018,DRV089
ORD07071,2026-08-08T14:23:00+00:00,delivered,Mangaluru,V049,DRV051
ORD07072,2026-09-06T07:40:00+00:00,in_transit,Hyderabad,V024,DRV060
ORD07073,2026-09-11T23:34:00+00:00,cancelled,Coimbatore,V070,DRV010
ORD07074,2026-09-10T13:28:00+00:00,delayed,Hosur,V045,DRV012
ORD07075,2026-08-01T04:47:00+00:00,cancelled,Mangaluru,V072,DRV004
ORD07076,2026-08-11T11:26:00+00:00,delayed,Hubballi,V090,DRV039
ORD07077,2026-08-28T12:53:00+00:00,delayed,Coimbatore,V003,DRV036
ORD07078,2026-09-12T11:43:00+00:00,delivered,Coimbatore,V076,DRV038
ORD07079,2026-08-21T08:17:00+00:00,delivered,Chennai,V097,DRV003
ORD07080,2026-09-08T07:44:00+00:00,delivered,Hosur,V094,DRV078
ORD07081,2026-08-01T16:51:00+00:00,delivered,Hubballi,V014,DRV080
ORD07082,2026-08-05T00:34:00+00:00,delivered,Bengaluru,V057,DRV100
ORD07083,2026-08-01T12:55:00+00:00,delivered,Mangaluru,V014,DRV050
ORD07084,2026-09-19T01:42:00+00:00,in_transit,Hubballi,V018,DRV102
ORD07085,2026-08-29T09:22:00+00:00,delayed,Pune,V010,DRV066
ORD07086,2026-08-13T20:16:00+00:00,delivered,Coimbatore,V036,DRV033
ORD07087,2026-09-10T02:04:00+00:00,delivered,Coimbatore,V040,DRV064
ORD07088,2026-09-21T23:16:00+00:00,delivered,Coimbatore,V026,DRV084
ORD07089,2026-08-07T19:45:00+00:00,delivered,Coimbatore,V085,DRV035
ORD07090,2026-08-15T12:17:00+00:00,picked_up,Mangaluru,V009,DRV115
ORD07091,2026-09-05T16:50:00+00:00,delivered,Coimbatore,V068,DRV118
ORD07092,2026-08-10T05:27:00+00:00,in_transit,Coimbatore,V047,DRV101
ORD07093,2026-08-23T22:59:00+00:00,delayed,Coimbatore,V097,DRV084
ORD07094,2026-09-03T10:58:00+00:00,in_transit,Mysuru,V012,DRV106
ORD07095,2026-09-01T15:52:00+00:00,delivered,Hosur,V089,DRV036
ORD07096,2026-09-05T12:28:00+00:00,delivered,Coimbatore,V013,DRV043
ORD07097,2026-08-13T21:47:00+00:00,delivered,Pune,V064,DRV003
ORD07098,2026-09-21T19:43:00+00:00,delivered,Pune,V048,DRV073
ORD07099,2026-08-17T23:18:00+00:00,picked_up,Hyderabad,V053,DRV024
ORD07100,2026-09-12T01:06:00+00:00,delivered,Hubballi,V045,DRV004
ORD07101,2026-09-16T18:07:00+00:00,in_transit,Mysuru,V069,DRV007
ORD07102,2026-09-09T06:12:00+00:00,in_transit,Chennai,V086,DRV089
ORD07103,2026-08-19T18:54:00+00:00,delivered,Mysuru,V019,DRV021
ORD07104,2026-08-20T20:11:00+00:00,delivered,Coimbatore,V016,DRV089
ORD07105,2026-09-23T04:10:00+00:00,delivered,Coimbatore,V028,DRV002
ORD07106,2026-08-05T13:33:00+00:00,delivered,Hyderabad,V054,DRV045
ORD07107,2026-08-02T13:53:00+00:00,delivered,Coimbatore,V039,DRV006
ORD07108,2026-08-14T16:51:00+00:00,picked_up,Hyderabad,V058,DRV071
ORD07109,2026-08-30T16:24:00+00:00,in_transit,Mysuru,V019,DRV088
ORD07110,2026-08-18T18:08:00+00:00,delivered,Coimbatore,V009,DRV100
ORD07111,2026-09-17T15:12:00+00:00,delivered,Coimbatore,V035,DRV068
ORD07112,2026-09-07T08:10:00+00:00,in_transit,Coimbatore,V054,DRV011
ORD07113,2026-09-13T07:35:00+00:00,picked_up,Mangaluru,V059,DRV118
ORD07114,2026-09-07T13:32:00+00:00,delayed,Coimbatore,V088,DRV074
ORD07115,2026-08-10T05:47:00+00:00,delivered,Mysuru,V035,DRV091
ORD07116,2026-08-09T03:12:00+00:00,in_transit,Tumakuru,V034,DRV013
ORD07117,2026-09-10T16:14:00+00:00,delayed,Coimbatore,V061,DRV005
ORD07118,2026-08-31T20:37:00+00:00,picked_up,Hyderabad,V006,DRV042
ORD07119,2026-09-18T19:14:00+00:00,delivered,Mangaluru,V096,DRV103
ORD07120,2026-09-24T01:53:00+00:00,delayed,Chennai,V004,DRV013
ORD07121,2026-09-17T22:57:00+00:00,delivered,Bengaluru,V057,DRV118
ORD07122,2026-08-03T02:05:00+00:00,delivered,Mangaluru,V036,DRV108
ORD07123,2026-08-16T21:32:00+00:00,delivered,Pune,V098,DRV119
ORD07124,2026-09-05T16:15:00+00:00,delivered,Mangaluru,V061,DRV069
ORD07125,2026-08-17T22:22:00+00:00,delivered,Mangaluru,V085,DRV021
ORD07126,2026-09-15T18:30:00+00:00,in_transit,Coimbatore,V002,DRV031
ORD07127,2026-09-06T03:37:00+00:00,in_transit,Hubballi,V037,DRV103
ORD07128,2026-09-24T02:31:00+00:00,delivered,Mysuru,V077,DRV050
ORD07129,2026-09-12T03:07:00+00:00,picked_up,Tumakuru,V086,DRV025
ORD07130,2026-09-22T07:13:00+00:00,in_transit,Hyderabad,V089,DRV112
ORD07131,2026-09-08T05:27:00+00:00,delivered,Hosur,V003,DRV077
ORD07132,2026-08-04T19:01:00+00:00,delivered,Coimbatore,V045,DRV052
ORD07133,2026-08-13T04:03:00+00:00,delivered,Coimbatore,V093,DRV081
ORD07134,2026-08-03T11:58:00+00:00,delivered,Pune,V098,DRV118
ORD07135,2026-08-03T05:18:00+00:00,picked_up,Pune,V098,DRV033
ORD07136,2026-09-08T23:04:00+00:00,picked_up,Hubballi,V099,DRV049
ORD07137,2026-08-15T07:20:00+00:00,delivered,Hosur,V056,DRV020
ORD07138,2026-09-11T06:21:00+00:00,delivered,Bengaluru,V073,DRV023
ORD07139,2026-08-30T07:38:00+00:00,delivered,Pune,V004,DRV016
ORD07140,2026-09-11T15:42:00+00:00,delivered,Mysuru,V086,DRV107
ORD07141,2026-08-18T17:42:00+00:00,picked_up,Chennai,V019,DRV030
ORD07142,2026-09-14T22:45:00+00:00,delivered,Coimbatore,V035,DRV120
ORD07143,2026-08-19T16:23:00+00:00,picked_up,Mangaluru,V036,DRV015
ORD07144,2026-09-21T06:48:00+00:00,in_transit,Coimbatore,V071,DRV094
ORD07145,2026-09-13T12:27:00+00:00,picked_up,Pune,V037,DRV056
ORD07146,2026-09-03T22:42:00+00:00,delivered,Pune,V039,DRV047
ORD07147,2026-09-11T01:32:00+00:00,in_transit,Coimbatore,V034,DRV050
ORD07148,2026-09-21T00:06:00+00:00,cancelled,Mangaluru,V012,DRV052
ORD07149,2026-09-14T20:36:00+00:00,cancelled,Chennai,V027,DRV042
ORD07150,2026-09-13T20:30:00+00:00,delivered,Hubballi,V031,DRV034
ORD07151,2026-09-13T15:10:00+00:00,in_transit,Mangaluru,V057,DRV039
ORD07152,2026-09-10T18:36:00+00:00,in_transit,Coimbatore,V010,DRV003
ORD07153,2026-09-09T23:27:00+00:00,picked_up,Pune,V023,DRV064
ORD07154,2026-09-19T04:59:00+00:00,delivered,Chennai,V067,DRV086
ORD07155,2026-08-02T00:53:00+00:00,delivered,Pune,V090,DRV004
ORD07156,2026-09-06T21:07:00+00:00,delivered,Mangaluru,V009,DRV052
ORD07157,2026-08-09T13:39:00+00:00,delivered,Hosur,V052,DRV110
ORD07158,2026-08-09T00:24:00+00:00,delivered,Mangaluru,V038,DRV115
ORD07159,2026-09-15T22:10:00+00:00,in_transit,Mangaluru,V062,DRV080
ORD07160,2026-09-09T01:04:00+00:00,delivered,Coimbatore,V014,DRV118
ORD07161,2026-08-10T13:26:00+00:00,delivered,Coimbatore,V099,DRV095
ORD07162,2026-09-12T05:35:00+00:00,delivered,Coimbatore,V089,DRV043
ORD07163,2026-08-29T04:32:00+00:00,delivered,Hosur,V018,DRV034
ORD07164,2026-09-24T20:08:00+00:00,delivered,Chennai,V063,DRV072
ORD07165,2026-09-04T17:04:00+00:00,delivered,Bengaluru,V018,DRV001
ORD07166,2026-08-08T13:51:00+00:00,delivered,Pune,V011,DRV065
ORD07167,2026-08-26T11:26:00+00:00,in_transit,Pune,V007,DRV005
ORD07168,2026-08-31T12:59:00+00:00,delivered,Mysuru,V088,DRV063
ORD07169,2026-08-14T16:54:00+00:00,in_transit,Hubballi,V030,DRV114
ORD07170,2026-08-07T06:05:00+00:00,delivered,Mangaluru,V082,DRV031
ORD07171,2026-09-17T06:12:00+00:00,delivered,Hubballi,V076,DRV066
ORD07172,2026-09-17T02:07:00+00:00,picked_up,Coimbatore,V064,DRV027
ORD07173,2026-08-26T01:57:00+00:00,delayed,Coimbatore,V055,DRV019
ORD07174,2026-09-12T16:02:00+00:00,delivered,Coimbatore,V019,DRV034
ORD07175,2026-08-26T07:50:00+00:00,delivered,Pune,V070,DRV079
ORD07176,2026-08-03T17:15:00+00:00,in_transit,Bengaluru,V060,DRV068
ORD07177,2026-09-08T19:45:00+00:00,delivered,Mysuru,V093,DRV043
ORD07178,2026-08-25T10:47:00+00:00,delayed,Mangaluru,V050,DRV117
ORD07179,2026-08-26T16:13:00+00:00,delayed,Pune,V088,DRV119
ORD07180,2026-09-23T08:56:00+00:00,delivered,Hubballi,V073,DRV106
ORD07181,2026-08-13T15:48:00+00:00,delivered,Mysuru,V097,DRV010
ORD07182,2026-09-02T08:19:00+00:00,delivered,Chennai,V050,DRV066
ORD07183,2026-08-11T00:48:00+00:00,delayed,Mangaluru,V086,DRV043
ORD07184,2026-08-01T03:39:00+00:00,delayed,Chennai,V058,DRV064
ORD07185,2026-08-05T22:23:00+00:00,delayed,Mangaluru,V027,DRV023
ORD07186,2026-08-23T02:10:00+00:00,delivered,Hyderabad,V060,DRV066
ORD07187,2026-09-12T19:27:00+00:00,cancelled,Mysuru,V069,DRV040
ORD07188,2026-08-08T06:32:00+00:00,delayed,Coimbatore,V027,DRV018
ORD07189,2026-08-24T11:24:00+00:00,delivered,Pune,V092,DRV056
ORD07190,2026-09-20T00:19:00+00:00,delivered,Pune,V023,DRV010
ORD07191,2026-09-08T06:02:00+00:00,delivered,Mysuru,V018,DRV035
ORD07192,2026-08-14T19:38:00+00:00,delivered,Pune,V047,DRV065
ORD07193,2026-08-19T19:26:00+00:00,delivered,Mangaluru,V070,DRV016
ORD07194,2026-09-12T17:33:00+00:00,delivered,Hosur,V053,DRV058
ORD07195,2026-08-18T03:39:00+00:00,picked_up,Mysuru,V039,DRV033
ORD07196,2026-09-24T23:40:00+00:00,cancelled,Mangaluru,V009,DRV014
ORD07197,2026-09-18T00:51:00+00:00,picked_up,Coimbatore,V027,DRV015
ORD07198,2026-09-05T11:03:00+00:00,picked_up,Coimbatore,V041,DRV077
ORD07199,2026-09-08T22:09:00+00:00,delivered,Coimbatore,V048,DRV066
ORD07200,2026-08-02T09:17:00+00:00,delivered,Hosur,V045,DRV072
ORD07201,2026-08-18T08:33:00+00:00,in_transit,Mangaluru,V089,DRV103
ORD07202,2026-09-14T18:14:00+00:00,in_transit,Coimbatore,V078,DRV020
ORD07203,2026-08-01T19:21:00+00:00,delivered,Bengaluru,V071,DRV100
ORD07204,2026-08-03T20:25:00+00:00,delivered,Pune,V056,DRV054
ORD07205,2026-08-29T17:30:00+00:00,in_transit,Mangaluru,V080,DRV001
ORD07206,2026-08-21T03:31:00+00:00,delayed,Mangaluru,V092,DRV031
ORD07207,2026-09-22T22:53:00+00:00,delivered,Coimbatore,V004,DRV023
ORD07208,2026-09-13T00:03:00+00:00,delivered,Coimbatore,V006,DRV001
ORD07209,2026-08-06T05:13:00+00:00,delivered,Mangaluru,V017,DRV096
ORD07210,2026-08-22T12:15:00+00:00,in_transit,Hyderabad,V046,DRV050
ORD07211,2026-09-04T23:22:00+00:00,delivered,Mysuru,V058,DRV015
ORD07212,2026-09-18T21:27:00+00:00,delivered,Hyderabad,V060,DRV106
ORD07213,2026-08-18T14:00:00+00:00,in_transit,Tumakuru,V051,DRV054
ORD07214,2026-09-18T08:18:00+00:00,in_transit,Coimbatore,V065,DRV047
ORD07215,2026-09-12T09:50:00+00:00,picked_up,Coimbatore,V026,DRV016
ORD07216,2026-08-05T23:54:00+00:00,delivered,Hubballi,V040,DRV116
ORD07217,2026-08-12T15:19:00+00:00,delayed,Bengaluru,V008,DRV120
ORD07218,2026-09-09T00:41:00+00:00,in_transit,Coimbatore,V033,DRV100
ORD07219,2026-09-19T02:21:00+00:00,delivered,Mangaluru,V060,DRV051
ORD07220,2026-08-26T07:46:00+00:00,delivered,Pune,V065,DRV040
ORD07221,2026-08-11T04:24:00+00:00,delivered,Chennai,V057,DRV034
ORD07222,2026-09-14T17:06:00+00:00,delayed,Mangaluru,V003,DRV098
ORD07223,2026-08-18T10:20:00+00:00,cancelled,Pune,V019,DRV042
ORD07224,2026-09-09T00:13:00+00:00,delayed,Mangaluru,V022,DRV083
ORD07225,2026-08-31T04:20:00+00:00,delivered,Mangaluru,V044,DRV036
ORD07226,2026-09-03T14:56:00+00:00,delivered,Bengaluru,V054,DRV105
ORD07227,2026-08-04T10:55:00+00:00,delivered,Coimbatore,V045,DRV077
ORD07228,2026-08-16T01:01:00+00:00,in_transit,Mangaluru,V035,DRV064
ORD07229,2026-08-19T21:01:00+00:00,cancelled,Hubballi,V066,DRV086
ORD07230,2026-08-12T17:32:00+00:00,delivered,Coimbatore,V076,DRV083
ORD07231,2026-09-01T20:03:00+00:00,in_transit,Mysuru,V087,DRV068
ORD07232,2026-09-03T19:35:00+00:00,delivered,Mangaluru,V044,DRV059
ORD07233,2026-09-16T09:49:00+00:00,picked_up,Bengaluru,V029,DRV095
ORD07234,2026-08-06T02:04:00+00:00,in_transit,Tumakuru,V069,DRV036
ORD07235,2026-08-30T04:46:00+00:00,delivered,Pune,V086,DRV026
ORD07236,2026-09-03T11:16:00+00:00,delayed,Chennai,V087,DRV039
ORD07237,2026-08-21T17:24:00+00:00,delivered,Mangaluru,V052,DRV095
ORD07238,2026-08-07T05:32:00+00:00,delivered,Mysuru,V058,DRV032
ORD07239,2026-08-07T05:09:00+00:00,delivered,Tumakuru,V047,DRV025
ORD07240,2026-09-21T11:11:00+00:00,delivered,Mangaluru,V024,DRV061
ORD07241,2026-09-18T17:32:00+00:00,delivered,Tumakuru,V050,DRV022
ORD07242,2026-09-24T10:34:00+00:00,in_transit,Coimbatore,V079,DRV096
ORD07243,2026-08-11T18:33:00+00:00,delivered,Coimbatore,V079,DRV106
ORD07244,2026-09-05T04:21:00+00:00,delivered,Hubballi,V013,DRV011
ORD07245,2026-08-12T23:52:00+00:00,picked_up,Hosur,V091,DRV003
ORD07246,2026-08-28T21:53:00+00:00,delivered,Hosur,V072,DRV104
ORD07247,2026-08-30T08:12:00+00:00,delivered,Hosur,V026,DRV089
ORD07248,2026-09-22T20:28:00+00:00,picked_up,Hubballi,V018,DRV065
ORD07249,2026-09-17T05:05:00+00:00,in_transit,Hyderabad,V016,DRV085
ORD07250,2026-09-19T20:57:00+00:00,delivered,Coimbatore,V033,DRV116
ORD07251,2026-08-26T16:19:00+00:00,in_transit,Mangaluru,V022,DRV023
ORD07252,2026-08-14T23:01:00+00:00,delivered,Hosur,V044,DRV068
ORD07253,2026-09-01T23:23:00+00:00,delivered,Bengaluru,V085,DRV090
ORD07254,2026-08-23T13:11:00+00:00,delivered,Bengaluru,V038,DRV079
ORD07255,2026-09-01T17:14:00+00:00,picked_up,Chennai,V038,DRV072
ORD07256,2026-08-18T03:53:00+00:00,delivered,Mysuru,V021,DRV120
ORD07257,2026-08-27T10:57:00+00:00,delivered,Coimbatore,V075,DRV107
ORD07258,2026-09-20T20:46:00+00:00,delivered,Pune,V085,DRV061
ORD07259,2026-08-12T00:55:00+00:00,delivered,Hyderabad,V037,DRV006
ORD07260,2026-09-09T19:20:00+00:00,delivered,Coimbatore,V040,DRV041
ORD07261,2026-08-07T01:47:00+00:00,delivered,Hyderabad,V082,DRV068
ORD07262,2026-08-02T15:19:00+00:00,picked_up,Mysuru,V012,DRV030
ORD07263,2026-08-11T16:56:00+00:00,delivered,Mangaluru,V071,DRV076
ORD07264,2026-08-09T13:50:00+00:00,delayed,Pune,V032,DRV107
ORD07265,2026-09-21T00:44:00+00:00,picked_up,Pune,V010,DRV075
ORD07266,2026-08-25T09:24:00+00:00,delivered,Mysuru,V083,DRV058
ORD07267,2026-08-08T02:02:00+00:00,delivered,Mangaluru,V095,DRV113
ORD07268,2026-08-10T01:36:00+00:00,delivered,Hosur,V089,DRV082
ORD07269,2026-08-31T02:52:00+00:00,in_transit,Coimbatore,V057,DRV040
ORD07270,2026-08-10T17:17:00+00:00,delivered,Hyderabad,V060,DRV095
ORD07271,2026-09-16T15:22:00+00:00,delayed,Chennai,V029,DRV067
ORD07272,2026-08-12T05:55:00+00:00,in_transit,Mysuru,V069,DRV082
ORD07273,2026-08-13T11:52:00+00:00,delivered,Hyderabad,V053,DRV088
ORD07274,2026-09-21T14:09:00+00:00,picked_up,Hosur,V094,DRV092
ORD07275,2026-09-08T19:52:00+00:00,in_transit,Chennai,V049,DRV046
ORD07276,2026-09-03T23:19:00+00:00,picked_up,Mysuru,V058,DRV057
ORD07277,2026-09-13T22:29:00+00:00,delivered,Hosur,V086,DRV102
ORD07278,2026-08-30T04:49:00+00:00,delivered,Hubballi,V053,DRV068
ORD07279,2026-09-13T09:52:00+00:00,delivered,Hosur,V029,DRV073
ORD07280,2026-08-09T17:00:00+00:00,picked_up,Hyderabad,V093,DRV023
ORD07281,2026-09-07T01:07:00+00:00,picked_up,Chennai,V058,DRV007
ORD07282,2026-09-03T13:06:00+00:00,delivered,Tumakuru,V052,DRV001
ORD07283,2026-08-20T07:42:00+00:00,delivered,Hosur,V032,DRV028
ORD07284,2026-09-21T02:04:00+00:00,in_transit,Mangaluru,V081,DRV066
ORD07285,2026-09-23T19:01:00+00:00,in_transit,Coimbatore,V045,DRV043
ORD07286,2026-08-06T04:33:00+00:00,delivered,Hubballi,V069,DRV028
ORD07287,2026-09-23T03:31:00+00:00,delayed,Coimbatore,V089,DRV087
ORD07288,2026-08-18T05:52:00+00:00,in_transit,Mangaluru,V084,DRV011
ORD07289,2026-08-27T21:35:00+00:00,in_transit,Hubballi,V073,DRV106
ORD07290,2026-09-19T18:02:00+00:00,cancelled,Hyderabad,V037,DRV070
ORD07291,2026-09-10T06:10:00+00:00,delayed,Bengaluru,V021,DRV038
ORD07292,2026-08-22T20:38:00+00:00,delivered,Mangaluru,V055,DRV048
ORD07293,2026-08-13T22:28:00+00:00,in_transit,Coimbatore,V100,DRV089
ORD07294,2026-08-02T00:29:00+00:00,delivered,Mangaluru,V049,DRV021
ORD07295,2026-08-23T14:50:00+00:00,delivered,Pune,V013,DRV048
ORD07296,2026-08-06T19:00:00+00:00,in_transit,Coimbatore,V080,DRV010
ORD07297,2026-08-11T03:38:00+00:00,delivered,Hubballi,V043,DRV092
ORD07298,2026-08-08T05:18:00+00:00,picked_up,Hyderabad,V078,DRV071
ORD07299,2026-08-23T04:17:00+00:00,delivered,Pune,V072,DRV075
ORD07300,2026-08-18T11:09:00+00:00,picked_up,Tumakuru,V050,DRV014
ORD07301,2026-08-09T07:05:00+00:00,picked_up,Mangaluru,V062,DRV116
ORD07302,2026-09-01T12:43:00+00:00,delivered,Chennai,V042,DRV011
ORD07303,2026-09-03T06:51:00+00:00,in_transit,Mangaluru,V054,DRV102
ORD07304,2026-09-07T01:36:00+00:00,delivered,Chennai,V089,DRV026
ORD07305,2026-09-07T12:57:00+00:00,delayed,Coimbatore,V066,DRV052
ORD07306,2026-08-27T20:20:00+00:00,delivered,Hosur,V042,DRV023
ORD07307,2026-08-08T23:56:00+00:00,delivered,Coimbatore,V030,DRV051
ORD07308,2026-09-09T19:16:00+00:00,in_transit,Coimbatore,V081,DRV100
ORD07309,2026-08-20T00:58:00+00:00,delivered,Hyderabad,V040,DRV102
ORD07310,2026-09-19T23:10:00+00:00,picked_up,Coimbatore,V036,DRV099
ORD07311,2026-09-01T15:23:00+00:00,picked_up,Hubballi,V074,DRV003
ORD07312,2026-09-17T15:00:00+00:00,delivered,Hyderabad,V049,DRV027
ORD07313,2026-09-06T22:49:00+00:00,delivered,Mysuru,V100,DRV116
ORD07314,2026-08-05T13:12:00+00:00,delivered,Pune,V080,DRV084
ORD07315,2026-08-26T12:48:00+00:00,cancelled,Mysuru,V031,DRV067
ORD07316,2026-09-21T02:04:00+00:00,delivered,Mangaluru,V021,DRV083
ORD07317,2026-08-09T21:37:00+00:00,cancelled,Mysuru,V028,DRV031
ORD07318,2026-09-05T17:37:00+00:00,delivered,Hosur,V075,DRV029
ORD07319,2026-08-12T00:22:00+00:00,delivered,Tumakuru,V089,DRV111
ORD07320,2026-08-10T20:47:00+00:00,delivered,Hosur,V099,DRV096
ORD07321,2026-08-17T00:15:00+00:00,picked_up,Mysuru,V098,DRV069
ORD07322,2026-08-16T15:49:00+00:00,delivered,Mysuru,V015,DRV054
ORD07323,2026-09-06T14:17:00+00:00,delivered,Hosur,V092,DRV074
ORD07324,2026-08-08T20:47:00+00:00,delivered,Mysuru,V019,DRV079
ORD07325,2026-09-21T11:17:00+00:00,delivered,Mangaluru,V094,DRV027
ORD07326,2026-08-23T13:35:00+00:00,delivered,Coimbatore,V022,DRV092
ORD07327,2026-09-02T10:39:00+00:00,in_transit,Hubballi,V082,DRV003
ORD07328,2026-08-10T14:08:00+00:00,delivered,Mysuru,V058,DRV086
ORD07329,2026-08-16T07:04:00+00:00,delivered,Pune,V079,DRV069
ORD07330,2026-08-27T11:59:00+00:00,delivered,Mangaluru,V071,DRV021
ORD07331,2026-08-13T02:09:00+00:00,in_transit,Mangaluru,V001,DRV028
ORD07332,2026-09-10T00:58:00+00:00,picked_up,Hyderabad,V019,DRV092
ORD07333,2026-08-24T02:37:00+00:00,delivered,Coimbatore,V056,DRV026
ORD07334,2026-08-08T05:10:00+00:00,delivered,Coimbatore,V033,DRV014
ORD07335,2026-09-14T09:20:00+00:00,picked_up,Chennai,V070,DRV036
ORD07336,2026-08-26T10:12:00+00:00,delivered,Hyderabad,V037,DRV090
ORD07337,2026-08-20T18:38:00+00:00,delivered,Hubballi,V010,DRV001
ORD07338,2026-08-04T03:17:00+00:00,delivered,Coimbatore,V042,DRV024
ORD07339,2026-08-23T13:40:00+00:00,in_transit,Coimbatore,V035,DRV039
ORD07340,2026-08-12T00:19:00+00:00,in_transit,Coimbatore,V076,DRV048
ORD07341,2026-09-11T01:09:00+00:00,delivered,Mysuru,V034,DRV064
ORD07342,2026-08-03T13:29:00+00:00,picked_up,Hosur,V055,DRV023
ORD07343,2026-08-16T19:56:00+00:00,delivered,Mysuru,V039,DRV025
ORD07344,2026-08-27T04:28:00+00:00,delivered,Hubballi,V061,DRV022
ORD07345,2026-09-09T02:57:00+00:00,delivered,Mangaluru,V023,DRV119
ORD07346,2026-09-08T21:02:00+00:00,delivered,Mangaluru,V094,DRV007
ORD07347,2026-08-03T00:22:00+00:00,delayed,Pune,V083,DRV065
ORD07348,2026-09-23T01:28:00+00:00,picked_up,Tumakuru,V046,DRV023
ORD07349,2026-08-26T02:31:00+00:00,delayed,Hyderabad,V026,DRV082
ORD07350,2026-08-08T16:27:00+00:00,delivered,Coimbatore,V094,DRV021
ORD07351,2026-08-02T02:18:00+00:00,delivered,Coimbatore,V012,DRV003
ORD07352,2026-09-24T14:51:00+00:00,in_transit,Mangaluru,V018,DRV109
ORD07353,2026-09-16T17:21:00+00:00,picked_up,Hosur,V032,DRV043
ORD07354,2026-08-04T08:01:00+00:00,delivered,Hosur,V022,DRV039
ORD07355,2026-09-13T07:07:00+00:00,in_transit,Hubballi,V002,DRV030
ORD07356,2026-09-01T17:12:00+00:00,delivered,Chennai,V049,DRV070
ORD07357,2026-08-02T10:43:00+00:00,delivered,Mangaluru,V072,DRV102
ORD07358,2026-08-05T14:42:00+00:00,delivered,Coimbatore,V015,DRV046
ORD07359,2026-09-08T00:58:00+00:00,picked_up,Coimbatore,V006,DRV003
ORD07360,2026-08-26T16:37:00+00:00,picked_up,Hosur,V014,DRV100
ORD07361,2026-08-06T18:51:00+00:00,delivered,Coimbatore,V038,DRV107
ORD07362,2026-08-12T12:27:00+00:00,in_transit,Hyderabad,V079,DRV087
ORD07363,2026-09-24T22:08:00+00:00,in_transit,Mysuru,V065,DRV036
ORD07364,2026-08-13T13:16:00+00:00,cancelled,Mangaluru,V088,DRV089
ORD07365,2026-08-08T00:09:00+00:00,delivered,Tumakuru,V085,DRV111
ORD07366,2026-08-30T15:54:00+00:00,picked_up,Coimbatore,V011,DRV101
ORD07367,2026-08-05T19:03:00+00:00,delivered,Hosur,V012,DRV077
ORD07368,2026-08-18T05:25:00+00:00,delivered,Hubballi,V029,DRV116
ORD07369,2026-08-17T11:16:00+00:00,delivered,Hyderabad,V002,DRV044
ORD07370,2026-09-19T16:47:00+00:00,in_transit,Pune,V056,DRV054
ORD07371,2026-08-21T06:34:00+00:00,delivered,Mangaluru,V008,DRV049
ORD07372,2026-08-14T12:00:00+00:00,picked_up,Coimbatore,V015,DRV015
ORD07373,2026-09-24T12:09:00+00:00,delayed,Mysuru,V015,DRV080
ORD07374,2026-08-31T17:30:00+00:00,delivered,Coimbatore,V027,DRV030
ORD07375,2026-09-20T01:16:00+00:00,delivered,Hubballi,V029,DRV012
ORD07376,2026-08-01T02:35:00+00:00,in_transit,Pune,V073,DRV070
ORD07377,2026-09-07T09:41:00+00:00,delivered,Hyderabad,V022,DRV024
ORD07378,2026-09-05T00:50:00+00:00,delivered,Coimbatore,V034,DRV118
ORD07379,2026-09-15T17:45:00+00:00,delivered,Coimbatore,V075,DRV063
ORD07380,2026-09-11T04:35:00+00:00,in_transit,Mysuru,V045,DRV037
ORD07381,2026-08-04T22:00:00+00:00,picked_up,Mangaluru,V028,DRV035
ORD07382,2026-08-19T20:27:00+00:00,delivered,Coimbatore,V037,DRV079
ORD07383,2026-08-07T11:30:00+00:00,delivered,Mysuru,V001,DRV054
ORD07384,2026-09-19T07:38:00+00:00,delivered,Mangaluru,V069,DRV090
ORD07385,2026-09-06T07:16:00+00:00,delivered,Pune,V098,DRV022
ORD07386,2026-08-22T20:17:00+00:00,delayed,Pune,V058,DRV045
ORD07387,2026-09-21T15:12:00+00:00,delivered,Hosur,V056,DRV036
ORD07388,2026-09-10T20:52:00+00:00,delivered,Mangaluru,V074,DRV014
ORD07389,2026-08-02T19:30:00+00:00,picked_up,Hyderabad,V042,DRV078
ORD07390,2026-08-31T00:13:00+00:00,delivered,Mangaluru,V064,DRV038
ORD07391,2026-09-18T16:21:00+00:00,delivered,Pune,V025,DRV011
ORD07392,2026-08-31T10:31:00+00:00,delivered,Hosur,V073,DRV032
ORD07393,2026-08-14T11:11:00+00:00,delayed,Chennai,V053,DRV067
ORD07394,2026-09-20T19:37:00+00:00,picked_up,Hyderabad,V091,DRV081
ORD07395,2026-09-24T15:21:00+00:00,delivered,Pune,V081,DRV105
ORD07396,2026-08-12T02:43:00+00:00,delivered,Pune,V055,DRV017
ORD07397,2026-09-18T12:15:00+00:00,delivered,Hosur,V011,DRV083
ORD07398,2026-09-08T06:39:00+00:00,delivered,Hubballi,V047,DRV109
ORD07399,2026-08-25T05:45:00+00:00,delivered,Chennai,V034,DRV050
ORD07400,2026-08-24T06:37:00+00:00,picked_up,Coimbatore,V018,DRV103
ORD07401,2026-09-15T10:35:00+00:00,delivered,Mysuru,V044,DRV033
ORD07402,2026-09-10T03:01:00+00:00,in_transit,Coimbatore,V046,DRV012
ORD07403,2026-09-22T05:43:00+00:00,picked_up,Mysuru,V079,DRV003
ORD07404,2026-08-03T00:40:00+00:00,delivered,Hyderabad,V083,DRV039
ORD07405,2026-08-14T06:13:00+00:00,picked_up,Coimbatore,V054,DRV045
ORD07406,2026-08-05T12:33:00+00:00,delivered,Coimbatore,V052,DRV050
ORD07407,2026-08-24T11:58:00+00:00,in_transit,Chennai,V024,DRV002
ORD07408,2026-09-23T16:22:00+00:00,in_transit,Mangaluru,V002,DRV052
ORD07409,2026-08-26T11:07:00+00:00,delivered,Mangaluru,V008,DRV102
ORD07410,2026-09-09T16:41:00+00:00,delivered,Mangaluru,V006,DRV087
ORD07411,2026-08-13T17:33:00+00:00,cancelled,Coimbatore,V059,DRV016
ORD07412,2026-08-22T01:48:00+00:00,delivered,Coimbatore,V054,DRV001
ORD07413,2026-08-16T20:51:00+00:00,picked_up,Hosur,V044,DRV043
ORD07414,2026-09-09T17:35:00+00:00,delivered,Mangaluru,V043,DRV084
ORD07415,2026-08-08T17:28:00+00:00,in_transit,Hyderabad,V071,DRV017
ORD07416,2026-08-06T08:11:00+00:00,delivered,Mangaluru,V042,DRV111
ORD07417,2026-09-13T01:58:00+00:00,delayed,Bengaluru,V003,DRV100
ORD07418,2026-08-21T03:37:00+00:00,delivered,Coimbatore,V098,DRV010
ORD07419,2026-08-21T03:38:00+00:00,delivered,Chennai,V054,DRV023
ORD07420,2026-08-10T20:11:00+00:00,delayed,Coimbatore,V034,DRV070
ORD07421,2026-09-21T07:44:00+00:00,delivered,Hyderabad,V045,DRV020
ORD07422,2026-09-17T15:49:00+00:00,delivered,Hubballi,V009,DRV049
ORD07423,2026-08-20T05:07:00+00:00,delayed,Mangaluru,V027,DRV017
ORD07424,2026-09-16T18:47:00+00:00,delivered,Pune,V001,DRV013
ORD07425,2026-08-31T15:39:00+00:00,delivered,Hosur,V087,DRV012
ORD07426,2026-08-10T11:17:00+00:00,delivered,Pune,V025,DRV114
ORD07427,2026-09-12T20:08:00+00:00,in_transit,Hyderabad,V010,DRV076
ORD07428,2026-09-13T03:53:00+00:00,picked_up,Hubballi,V095,DRV050
ORD07429,2026-08-19T09:57:00+00:00,delivered,Hubballi,V014,DRV014
ORD07430,2026-08-21T19:46:00+00:00,delivered,Mysuru,V047,DRV089
ORD07431,2026-09-01T00:49:00+00:00,delivered,Mangaluru,V080,DRV093
ORD07432,2026-08-12T22:06:00+00:00,delivered,Coimbatore,V023,DRV017
ORD07433,2026-09-05T02:13:00+00:00,delivered,Bengaluru,V028,DRV085
ORD07434,2026-09-11T03:34:00+00:00,in_transit,Coimbatore,V021,DRV118
ORD07435,2026-08-13T09:11:00+00:00,cancelled,Mysuru,V079,DRV021
ORD07436,2026-08-20T13:30:00+00:00,delayed,Coimbatore,V054,DRV104
ORD07437,2026-08-12T15:08:00+00:00,delivered,Mysuru,V092,DRV090
ORD07438,2026-08-07T22:45:00+00:00,delivered,Hosur,V006,DRV079
ORD07439,2026-08-04T11:40:00+00:00,delivered,Coimbatore,V043,DRV024
ORD07440,2026-09-05T06:38:00+00:00,picked_up,Mangaluru,V069,DRV104
ORD07441,2026-08-19T11:09:00+00:00,delivered,Pune,V077,DRV046
ORD07442,2026-08-13T13:07:00+00:00,delivered,Coimbatore,V091,DRV100
ORD07443,2026-09-24T18:35:00+00:00,delivered,Coimbatore,V044,DRV102
ORD07444,2026-09-18T06:33:00+00:00,delivered,Mangaluru,V003,DRV063
ORD07445,2026-09-13T06:57:00+00:00,delayed,Hubballi,V041,DRV040
ORD07446,2026-09-20T12:15:00+00:00,in_transit,Mangaluru,V033,DRV055
ORD07447,2026-09-01T05:11:00+00:00,in_transit,Mangaluru,V034,DRV059
ORD07448,2026-08-04T07:29:00+00:00,delayed,Bengaluru,V034,DRV087
ORD07449,2026-08-14T10:29:00+00:00,delivered,Coimbatore,V083,DRV092
ORD07450,2026-08-27T13:23:00+00:00,delivered,Hosur,V086,DRV102
ORD07451,2026-09-06T00:04:00+00:00,delayed,Pune,V095,DRV040
ORD07452,2026-08-17T05:26:00+00:00,delivered,Hubballi,V048,DRV060
ORD07453,2026-09-04T18:09:00+00:00,delayed,Mangaluru,V062,DRV009
ORD07454,2026-08-25T16:09:00+00:00,delivered,Pune,V069,DRV017
ORD07455,2026-08-11T14:52:00+00:00,picked_up,Coimbatore,V017,DRV028
ORD07456,2026-09-03T14:44:00+00:00,delayed,Hubballi,V082,DRV118
ORD07457,2026-08-20T02:27:00+00:00,delivered,Bengaluru,V002,DRV106
ORD07458,2026-08-06T14:03:00+00:00,picked_up,Hubballi,V087,DRV059
ORD07459,2026-08-20T15:35:00+00:00,delivered,Mangaluru,V072,DRV051
ORD07460,2026-08-20T12:21:00+00:00,in_transit,Mangaluru,V077,DRV012
ORD07461,2026-09-17T04:27:00+00:00,picked_up,Coimbatore,V073,DRV106
ORD07462,2026-09-10T09:40:00+00:00,delivered,Chennai,V065,DRV039
ORD07463,2026-09-03T02:35:00+00:00,delivered,Chennai,V066,DRV016
ORD07464,2026-09-07T19:12:00+00:00,delivered,Hubballi,V065,DRV043
ORD07465,2026-09-12T21:51:00+00:00,picked_up,Hyderabad,V091,DRV097
ORD07466,2026-08-29T07:18:00+00:00,delivered,Pune,V065,DRV107
ORD07467,2026-09-07T09:53:00+00:00,picked_up,Hubballi,V045,DRV011
ORD07468,2026-08-04T09:22:00+00:00,delivered,Coimbatore,V034,DRV050
ORD07469,2026-08-30T07:36:00+00:00,delivered,Hubballi,V043,DRV103
ORD07470,2026-08-13T22:28:00+00:00,delivered,Mysuru,V079,DRV088
ORD07471,2026-08-19T15:28:00+00:00,delivered,Hyderabad,V007,DRV046
ORD07472,2026-09-22T11:39:00+00:00,delivered,Pune,V092,DRV030
ORD07473,2026-08-14T23:37:00+00:00,delayed,Coimbatore,V022,DRV092
ORD07474,2026-09-07T07:07:00+00:00,picked_up,Mysuru,V076,DRV057
ORD07475,2026-09-19T22:48:00+00:00,delivered,Bengaluru,V022,DRV049
ORD07476,2026-08-02T18:23:00+00:00,in_transit,Coimbatore,V077,DRV085
ORD07477,2026-08-27T22:49:00+00:00,in_transit,Mangaluru,V053,DRV024
ORD07478,2026-08-11T12:32:00+00:00,delivered,Pune,V028,DRV047
ORD07479,2026-08-15T19:58:00+00:00,delivered,Pune,V033,DRV088
ORD07480,2026-09-09T08:03:00+00:00,in_transit,Hosur,V060,DRV008
ORD07481,2026-09-09T18:17:00+00:00,delivered,Hosur,V003,DRV027
ORD07482,2026-08-17T21:20:00+00:00,delivered,Pune,V080,DRV094
ORD07483,2026-08-02T18:48:00+00:00,picked_up,Coimbatore,V045,DRV048
ORD07484,2026-09-06T05:49:00+00:00,picked_up,Hyderabad,V095,DRV095
ORD07485,2026-08-01T05:04:00+00:00,delivered,Mysuru,V077,DRV037
ORD07486,2026-08-20T04:41:00+00:00,delayed,Chennai,V007,DRV060
ORD07487,2026-08-26T20:44:00+00:00,delayed,Chennai,V074,DRV026
ORD07488,2026-09-07T00:46:00+00:00,picked_up,Mangaluru,V065,DRV075
ORD07489,2026-09-06T12:22:00+00:00,in_transit,Mysuru,V044,DRV099
ORD07490,2026-08-18T20:38:00+00:00,delivered,Hubballi,V023,DRV085
ORD07491,2026-08-09T21:05:00+00:00,delivered,Mysuru,V030,DRV084
ORD07492,2026-09-15T10:47:00+00:00,picked_up,Coimbatore,V091,DRV018
ORD07493,2026-08-06T00:50:00+00:00,delivered,Hubballi,V080,DRV038
ORD07494,2026-08-21T16:10:00+00:00,in_transit,Mangaluru,V057,DRV061
ORD07495,2026-09-16T08:43:00+00:00,delivered,Hubballi,V013,DRV045
ORD07496,2026-08-16T18:32:00+00:00,picked_up,Hubballi,V038,DRV072
ORD07497,2026-08-29T01:54:00+00:00,delivered,Mysuru,V040,DRV064
ORD07498,2026-09-17T07:05:00+00:00,delivered,Coimbatore,V074,DRV098
ORD07499,2026-09-23T18:26:00+00:00,picked_up,Bengaluru,V018,DRV076
ORD07500,2026-08-04T02:26:00+00:00,in_transit,Coimbatore,V051,DRV071
ORD07501,2026-09-13T17:10:00+00:00,picked_up,Hubballi,V089,DRV031
ORD07502,2026-08-29T06:06:00+00:00,delivered,Coimbatore,V083,DRV077
ORD07503,2026-09-22T14:49:00+00:00,delivered,Mysuru,V065,DRV039
ORD07504,2026-09-11T16:26:00+00:00,delivered,Tumakuru,V056,DRV044
ORD07505,2026-09-04T05:26:00+00:00,delayed,Chennai,V057,DRV072
ORD07506,2026-08-10T06:29:00+00:00,delivered,Mangaluru,V031,DRV051
ORD07507,2026-09-17T04:21:00+00:00,delivered,Bengaluru,V048,DRV113
ORD07508,2026-08-11T20:04:00+00:00,delivered,Hosur,V064,DRV039
ORD07509,2026-08-23T14:52:00+00:00,delivered,Chennai,V095,DRV027
ORD07510,2026-08-12T05:04:00+00:00,picked_up,Chennai,V004,DRV022
ORD07511,2026-09-22T01:45:00+00:00,in_transit,Mangaluru,V009,DRV035
ORD07512,2026-08-12T22:38:00+00:00,delivered,Coimbatore,V011,DRV083
ORD07513,2026-09-21T00:42:00+00:00,delivered,Hubballi,V041,DRV088
ORD07514,2026-08-26T00:40:00+00:00,picked_up,Hyderabad,V025,DRV100
ORD07515,2026-08-16T21:54:00+00:00,delivered,Mysuru,V089,DRV069
ORD07516,2026-09-16T12:01:00+00:00,cancelled,Chennai,V096,DRV064
ORD07517,2026-09-03T02:46:00+00:00,delivered,Chennai,V094,DRV025
ORD07518,2026-08-26T01:28:00+00:00,delivered,Hosur,V040,DRV087
ORD07519,2026-08-11T00:08:00+00:00,in_transit,Hosur,V085,DRV038
ORD07520,2026-08-13T01:04:00+00:00,picked_up,Mysuru,V001,DRV062
ORD07521,2026-08-22T10:59:00+00:00,delayed,Mangaluru,V093,DRV120
ORD07522,2026-09-07T11:30:00+00:00,picked_up,Coimbatore,V031,DRV027
ORD07523,2026-09-23T04:57:00+00:00,delivered,Mangaluru,V047,DRV112
ORD07524,2026-08-19T08:52:00+00:00,cancelled,Pune,V093,DRV042
ORD07525,2026-08-28T18:09:00+00:00,delivered,Mangaluru,V020,DRV058
ORD07526,2026-09-04T12:10:00+00:00,in_transit,Mangaluru,V092,DRV117
ORD07527,2026-09-11T17:05:00+00:00,in_transit,Mangaluru,V034,DRV037
ORD07528,2026-08-22T13:54:00+00:00,picked_up,Hubballi,V082,DRV078
ORD07529,2026-09-09T10:54:00+00:00,delivered,Pune,V070,DRV099
ORD07530,2026-08-02T05:45:00+00:00,cancelled,Mysuru,V003,DRV002
ORD07531,2026-09-08T13:53:00+00:00,in_transit,Chennai,V094,DRV102
ORD07532,2026-09-08T11:19:00+00:00,delivered,Mangaluru,V041,DRV026
ORD07533,2026-08-16T17:06:00+00:00,delivered,Coimbatore,V066,DRV071
ORD07534,2026-08-19T17:12:00+00:00,delayed,Pune,V041,DRV105
ORD07535,2026-08-21T18:47:00+00:00,delivered,Chennai,V019,DRV029
ORD07536,2026-08-07T17:03:00+00:00,picked_up,Mangaluru,V051,DRV109
ORD07537,2026-08-08T14:56:00+00:00,delivered,Pune,V070,DRV075
ORD07538,2026-08-16T02:23:00+00:00,delivered,Mangaluru,V025,DRV017
ORD07539,2026-08-12T01:38:00+00:00,in_transit,Coimbatore,V073,DRV057
ORD07540,2026-09-16T13:48:00+00:00,delivered,Hyderabad,V019,DRV120
ORD07541,2026-09-10T17:03:00+00:00,picked_up,Mangaluru,V089,DRV041
ORD07542,2026-09-02T16:40:00+00:00,picked_up,Hubballi,V033,DRV058
ORD07543,2026-08-05T18:30:00+00:00,picked_up,Mysuru,V067,DRV117
ORD07544,2026-08-16T23:07:00+00:00,in_transit,Mangaluru,V079,DRV088
ORD07545,2026-09-14T22:01:00+00:00,delivered,Hubballi,V047,DRV083
ORD07546,2026-08-21T11:36:00+00:00,delivered,Mangaluru,V007,DRV097
ORD07547,2026-09-20T07:08:00+00:00,delivered,Hyderabad,V082,DRV059
ORD07548,2026-09-14T03:34:00+00:00,delayed,Mangaluru,V065,DRV046
ORD07549,2026-08-29T23:06:00+00:00,delivered,Coimbatore,V030,DRV029
ORD07550,2026-08-20T11:43:00+00:00,delivered,Chennai,V076,DRV005
ORD07551,2026-08-27T15:58:00+00:00,delayed,Hyderabad,V008,DRV042
ORD07552,2026-08-10T14:28:00+00:00,cancelled,Mangaluru,V022,DRV060
ORD07553,2026-09-12T05:12:00+00:00,in_transit,Mysuru,V052,DRV020
ORD07554,2026-09-02T06:38:00+00:00,delivered,Mangaluru,V034,DRV085
ORD07555,2026-08-11T13:50:00+00:00,picked_up,Mysuru,V092,DRV032
ORD07556,2026-09-13T08:55:00+00:00,picked_up,Pune,V089,DRV107
ORD07557,2026-08-30T09:52:00+00:00,in_transit,Hosur,V043,DRV089
ORD07558,2026-09-13T19:18:00+00:00,delivered,Mangaluru,V015,DRV006
ORD07559,2026-08-24T21:25:00+00:00,in_transit,Coimbatore,V078,DRV102
ORD07560,2026-09-06T09:00:00+00:00,delivered,Pune,V063,DRV067
ORD07561,2026-08-16T02:18:00+00:00,cancelled,Pune,V097,DRV074
ORD07562,2026-09-21T00:49:00+00:00,delivered,Chennai,V039,DRV016
ORD07563,2026-08-29T12:31:00+00:00,delayed,Mysuru,V003,DRV104
ORD07564,2026-09-16T11:13:00+00:00,picked_up,Mangaluru,V002,DRV025
ORD07565,2026-08-23T17:08:00+00:00,delivered,Chennai,V029,DRV014
ORD07566,2026-09-20T08:53:00+00:00,picked_up,Mangaluru,V081,DRV110
ORD07567,2026-09-15T11:33:00+00:00,delayed,Tumakuru,V073,DRV109
ORD07568,2026-08-17T09:12:00+00:00,in_transit,Coimbatore,V018,DRV112
ORD07569,2026-08-14T03:03:00+00:00,picked_up,Hyderabad,V031,DRV113
ORD07570,2026-08-09T17:38:00+00:00,in_transit,Hosur,V054,DRV023
ORD07571,2026-09-21T08:12:00+00:00,delivered,Hosur,V026,DRV117
ORD07572,2026-09-05T10:56:00+00:00,in_transit,Mysuru,V074,DRV097
ORD07573,2026-09-12T16:12:00+00:00,in_transit,Mysuru,V090,DRV079
ORD07574,2026-08-25T23:25:00+00:00,in_transit,Mangaluru,V016,DRV070
ORD07575,2026-09-01T08:35:00+00:00,delivered,Chennai,V022,DRV057
ORD07576,2026-08-21T20:46:00+00:00,delivered,Hosur,V014,DRV065
ORD07577,2026-09-16T00:58:00+00:00,delivered,Mangaluru,V029,DRV003
ORD07578,2026-08-17T10:19:00+00:00,delivered,Hyderabad,V048,DRV021
ORD07579,2026-08-14T12:19:00+00:00,delivered,Tumakuru,V016,DRV090
ORD07580,2026-09-05T07:42:00+00:00,delivered,Mysuru,V030,DRV070
ORD07581,2026-09-03T10:30:00+00:00,delayed,Mangaluru,V057,DRV017
ORD07582,2026-09-22T03:07:00+00:00,delivered,Bengaluru,V036,DRV053
ORD07583,2026-09-05T21:42:00+00:00,picked_up,Coimbatore,V043,DRV082
ORD07584,2026-09-04T21:56:00+00:00,delayed,Mangaluru,V030,DRV034
ORD07585,2026-09-15T22:36:00+00:00,delivered,Coimbatore,V055,DRV089
ORD07586,2026-08-12T14:31:00+00:00,in_transit,Mangaluru,V098,DRV064
ORD07587,2026-08-30T16:24:00+00:00,delivered,Pune,V077,DRV001
ORD07588,2026-08-03T04:17:00+00:00,delivered,Chennai,V090,DRV061
ORD07589,2026-08-15T11:09:00+00:00,delayed,Chennai,V027,DRV062
ORD07590,2026-09-14T05:48:00+00:00,in_transit,Tumakuru,V007,DRV027
ORD07591,2026-09-17T01:52:00+00:00,delivered,Coimbatore,V026,DRV030
ORD07592,2026-08-27T14:38:00+00:00,picked_up,Hubballi,V034,DRV085
ORD07593,2026-08-15T16:59:00+00:00,delivered,Mangaluru,V064,DRV091
ORD07594,2026-09-10T00:59:00+00:00,picked_up,Hyderabad,V094,DRV088
ORD07595,2026-08-03T09:01:00+00:00,delivered,Hubballi,V051,DRV072
ORD07596,2026-08-24T20:01:00+00:00,delivered,Hosur,V001,DRV088
ORD07597,2026-09-09T05:30:00+00:00,in_transit,Hyderabad,V069,DRV112
ORD07598,2026-08-08T19:08:00+00:00,picked_up,Mangaluru,V017,DRV041
ORD07599,2026-09-15T00:59:00+00:00,delivered,Tumakuru,V099,DRV064
ORD07600,2026-08-17T05:58:00+00:00,delivered,Mysuru,V010,DRV023
ORD07601,2026-08-29T21:54:00+00:00,delayed,Hubballi,V092,DRV101
ORD07602,2026-09-13T14:32:00+00:00,delivered,Hosur,V023,DRV116
ORD07603,2026-08-10T11:50:00+00:00,in_transit,Mangaluru,V025,DRV041
ORD07604,2026-08-27T15:26:00+00:00,delivered,Hyderabad,V087,DRV024
ORD07605,2026-08-03T14:45:00+00:00,delayed,Mysuru,V013,DRV111
ORD07606,2026-08-05T03:09:00+00:00,delivered,Coimbatore,V024,DRV006
ORD07607,2026-09-15T18:35:00+00:00,delayed,Coimbatore,V016,DRV020
ORD07608,2026-09-08T03:40:00+00:00,delivered,Coimbatore,V085,DRV060
ORD07609,2026-08-10T02:36:00+00:00,delivered,Coimbatore,V077,DRV096
ORD07610,2026-08-20T20:27:00+00:00,picked_up,Mangaluru,V061,DRV045
ORD07611,2026-09-18T22:42:00+00:00,picked_up,Coimbatore,V034,DRV068
ORD07612,2026-09-24T07:55:00+00:00,delayed,Chennai,V064,DRV073
ORD07613,2026-08-15T01:28:00+00:00,delivered,Mysuru,V093,DRV035
ORD07614,2026-08-31T17:43:00+00:00,delivered,Coimbatore,V073,DRV034
ORD07615,2026-08-27T12:03:00+00:00,delayed,Tumakuru,V045,DRV082
ORD07616,2026-08-10T06:17:00+00:00,delivered,Coimbatore,V060,DRV047
ORD07617,2026-09-13T04:32:00+00:00,delivered,Mysuru,V044,DRV061
ORD07618,2026-08-31T16:36:00+00:00,in_transit,Pune,V092,DRV104
ORD07619,2026-08-16T11:38:00+00:00,delivered,Hyderabad,V037,DRV087
ORD07620,2026-08-23T15:19:00+00:00,in_transit,Chennai,V058,DRV074
ORD07621,2026-09-09T02:57:00+00:00,delivered,Mysuru,V057,DRV020
ORD07622,2026-09-17T12:06:00+00:00,delivered,Tumakuru,V002,DRV057
ORD07623,2026-09-19T16:52:00+00:00,delivered,Bengaluru,V055,DRV024
ORD07624,2026-08-02T06:32:00+00:00,in_transit,Coimbatore,V075,DRV108
ORD07625,2026-08-13T12:15:00+00:00,delivered,Hubballi,V093,DRV015
ORD07626,2026-08-02T11:16:00+00:00,delivered,Pune,V009,DRV037
ORD07627,2026-08-17T14:44:00+00:00,in_transit,Mysuru,V079,DRV047
ORD07628,2026-09-17T15:00:00+00:00,delivered,Mangaluru,V039,DRV010
ORD07629,2026-08-21T10:38:00+00:00,picked_up,Pune,V092,DRV052
ORD07630,2026-08-22T12:05:00+00:00,cancelled,Hyderabad,V009,DRV011
ORD07631,2026-08-18T09:01:00+00:00,delivered,Bengaluru,V032,DRV119
ORD07632,2026-08-24T03:22:00+00:00,delivered,Pune,V005,DRV061
ORD07633,2026-08-10T14:52:00+00:00,delivered,Mangaluru,V078,DRV025
ORD07634,2026-08-07T02:39:00+00:00,picked_up,Mysuru,V005,DRV070
ORD07635,2026-08-08T00:07:00+00:00,delayed,Bengaluru,V033,DRV058
ORD07636,2026-09-08T12:54:00+00:00,delivered,Pune,V068,DRV069
ORD07637,2026-09-16T05:29:00+00:00,picked_up,Hosur,V025,DRV114
ORD07638,2026-08-08T12:46:00+00:00,delivered,Coimbatore,V054,DRV066
ORD07639,2026-08-10T15:53:00+00:00,in_transit,Hyderabad,V097,DRV115
ORD07640,2026-09-13T09:49:00+00:00,delivered,Coimbatore,V024,DRV011
ORD07641,2026-08-27T17:24:00+00:00,delivered,Mangaluru,V037,DRV115
ORD07642,2026-08-04T19:40:00+00:00,delivered,Coimbatore,V082,DRV102
ORD07643,2026-08-18T11:08:00+00:00,delivered,Chennai,V048,DRV111
ORD07644,2026-09-12T14:50:00+00:00,delayed,Mangaluru,V040,DRV011
ORD07645,2026-08-14T20:00:00+00:00,delivered,Hubballi,V007,DRV117
ORD07646,2026-09-05T16:20:00+00:00,delivered,Coimbatore,V097,DRV080
ORD07647,2026-09-03T15:47:00+00:00,delivered,Coimbatore,V076,DRV020
ORD07648,2026-08-24T05:22:00+00:00,delivered,Mangaluru,V014,DRV055
ORD07649,2026-09-06T16:10:00+00:00,in_transit,Bengaluru,V073,DRV100
ORD07650,2026-08-31T13:28:00+00:00,delivered,Tumakuru,V069,DRV027
ORD07651,2026-08-09T04:58:00+00:00,delivered,Mangaluru,V032,DRV084
ORD07652,2026-08-30T13:42:00+00:00,picked_up,Coimbatore,V088,DRV022
ORD07653,2026-09-09T03:37:00+00:00,delivered,Coimbatore,V027,DRV034
ORD07654,2026-09-21T15:49:00+00:00,delivered,Tumakuru,V020,DRV109
ORD07655,2026-08-02T22:36:00+00:00,delivered,Mysuru,V022,DRV096
ORD07656,2026-09-12T13:35:00+00:00,in_transit,Coimbatore,V066,DRV092
ORD07657,2026-09-22T23:38:00+00:00,picked_up,Hubballi,V051,DRV019
ORD07658,2026-08-01T11:02:00+00:00,delivered,Hubballi,V094,DRV078
ORD07659,2026-08-08T21:19:00+00:00,delivered,Coimbatore,V074,DRV015
ORD07660,2026-09-11T14:12:00+00:00,delivered,Bengaluru,V075,DRV115
ORD07661,2026-09-12T07:22:00+00:00,picked_up,Hyderabad,V096,DRV051
ORD07662,2026-08-13T11:00:00+00:00,in_transit,Hyderabad,V025,DRV028
ORD07663,2026-09-13T07:11:00+00:00,picked_up,Coimbatore,V006,DRV015
ORD07664,2026-09-06T04:11:00+00:00,delivered,Hubballi,V029,DRV038
ORD07665,2026-08-11T16:54:00+00:00,delivered,Hosur,V042,DRV002
ORD07666,2026-08-19T21:07:00+00:00,delivered,Mangaluru,V041,DRV110
ORD07667,2026-09-04T14:01:00+00:00,delivered,Hosur,V063,DRV037
ORD07668,2026-09-11T09:41:00+00:00,delivered,Coimbatore,V039,DRV014
ORD07669,2026-09-05T05:29:00+00:00,delivered,Chennai,V074,DRV072
ORD07670,2026-08-18T13:30:00+00:00,cancelled,Hosur,V017,DRV057
ORD07671,2026-09-17T23:55:00+00:00,delivered,Coimbatore,V080,DRV108
ORD07672,2026-09-02T15:11:00+00:00,in_transit,Hubballi,V003,DRV009
ORD07673,2026-09-21T15:28:00+00:00,picked_up,Coimbatore,V034,DRV119
ORD07674,2026-08-18T10:19:00+00:00,picked_up,Mangaluru,V044,DRV074
ORD07675,2026-09-22T05:32:00+00:00,delivered,Pune,V035,DRV073
ORD07676,2026-08-27T11:59:00+00:00,cancelled,Mysuru,V047,DRV087
ORD07677,2026-08-14T16:41:00+00:00,delayed,Mysuru,V010,DRV001
ORD07678,2026-09-16T00:16:00+00:00,delivered,Coimbatore,V061,DRV001
ORD07679,2026-08-03T00:49:00+00:00,picked_up,Mysuru,V017,DRV009
ORD07680,2026-08-27T02:59:00+00:00,delivered,Tumakuru,V063,DRV078
ORD07681,2026-08-04T19:20:00+00:00,picked_up,Pune,V068,DRV037
ORD07682,2026-08-17T00:28:00+00:00,delivered,Coimbatore,V043,DRV091
ORD07683,2026-08-16T04:03:00+00:00,in_transit,Coimbatore,V096,DRV083
ORD07684,2026-09-11T23:00:00+00:00,delivered,Hyderabad,V045,DRV111
ORD07685,2026-08-14T05:55:00+00:00,in_transit,Coimbatore,V090,DRV112
ORD07686,2026-09-04T16:15:00+00:00,delivered,Chennai,V067,DRV083
ORD07687,2026-09-17T18:44:00+00:00,cancelled,Hosur,V100,DRV098
ORD07688,2026-09-03T04:26:00+00:00,in_transit,Hubballi,V007,DRV039
ORD07689,2026-08-28T22:16:00+00:00,delivered,Mysuru,V090,DRV001
ORD07690,2026-08-23T19:27:00+00:00,picked_up,Hubballi,V047,DRV044
ORD07691,2026-08-20T17:15:00+00:00,in_transit,Hubballi,V020,DRV090
ORD07692,2026-08-06T11:45:00+00:00,delivered,Mangaluru,V027,DRV039
ORD07693,2026-08-13T13:43:00+00:00,picked_up,Chennai,V030,DRV110
ORD07694,2026-08-24T13:25:00+00:00,delivered,Chennai,V047,DRV119
ORD07695,2026-09-24T21:19:00+00:00,cancelled,Coimbatore,V095,DRV038
ORD07696,2026-08-20T07:49:00+00:00,in_transit,Coimbatore,V014,DRV109
ORD07697,2026-08-25T19:59:00+00:00,delivered,Coimbatore,V005,DRV047
ORD07698,2026-08-22T23:52:00+00:00,picked_up,Hyderabad,V006,DRV085
ORD07699,2026-09-18T07:10:00+00:00,picked_up,Coimbatore,V052,DRV065
ORD07700,2026-09-17T15:20:00+00:00,in_transit,Mangaluru,V020,DRV021
ORD07701,2026-09-05T15:07:00+00:00,delivered,Mangaluru,V060,DRV043
ORD07702,2026-08-13T22:16:00+00:00,in_transit,Hubballi,V064,DRV064
ORD07703,2026-08-20T06:08:00+00:00,delivered,Mysuru,V047,DRV017
ORD07704,2026-08-26T14:07:00+00:00,delivered,Mangaluru,V024,DRV098
ORD07705,2026-08-06T09:24:00+00:00,in_transit,Hosur,V046,DRV023
ORD07706,2026-09-19T22:15:00+00:00,delivered,Mysuru,V089,DRV037
ORD07707,2026-09-11T15:09:00+00:00,picked_up,Mysuru,V058,DRV080
ORD07708,2026-08-05T18:20:00+00:00,delivered,Mysuru,V032,DRV067
ORD07709,2026-08-21T22:31:00+00:00,cancelled,Mysuru,V063,DRV044
ORD07710,2026-08-19T05:58:00+00:00,in_transit,Hubballi,V062,DRV060
ORD07711,2026-08-30T07:39:00+00:00,cancelled,Hosur,V046,DRV066
ORD07712,2026-08-28T10:40:00+00:00,picked_up,Pune,V081,DRV102
ORD07713,2026-09-22T01:49:00+00:00,delivered,Pune,V082,DRV004
ORD07714,2026-09-18T05:33:00+00:00,picked_up,Mangaluru,V035,DRV086
ORD07715,2026-08-19T07:53:00+00:00,delivered,Pune,V060,DRV053
ORD07716,2026-08-03T06:57:00+00:00,delivered,Mysuru,V011,DRV013
ORD07717,2026-08-05T03:51:00+00:00,delivered,Hyderabad,V039,DRV104
ORD07718,2026-09-06T13:58:00+00:00,delayed,Chennai,V078,DRV112
ORD07719,2026-09-20T16:36:00+00:00,delivered,Coimbatore,V004,DRV009
ORD07720,2026-08-12T15:16:00+00:00,in_transit,Mangaluru,V002,DRV106
ORD07721,2026-08-20T16:54:00+00:00,in_transit,Chennai,V046,DRV098
ORD07722,2026-08-18T02:20:00+00:00,delivered,Hubballi,V007,DRV048
ORD07723,2026-09-13T22:55:00+00:00,delivered,Mysuru,V002,DRV044
ORD07724,2026-09-07T01:53:00+00:00,picked_up,Chennai,V017,DRV095
ORD07725,2026-09-23T03:54:00+00:00,delayed,Pune,V089,DRV017
ORD07726,2026-08-04T01:30:00+00:00,picked_up,Chennai,V090,DRV061
ORD07727,2026-09-03T06:58:00+00:00,in_transit,Hosur,V018,DRV016
ORD07728,2026-08-28T09:39:00+00:00,delivered,Bengaluru,V073,DRV098
ORD07729,2026-08-19T15:13:00+00:00,cancelled,Mysuru,V011,DRV057
ORD07730,2026-09-06T03:18:00+00:00,delivered,Coimbatore,V009,DRV102
ORD07731,2026-08-07T02:03:00+00:00,in_transit,Pune,V064,DRV069
ORD07732,2026-08-28T14:20:00+00:00,picked_up,Mysuru,V047,DRV080
ORD07733,2026-08-21T06:04:00+00:00,cancelled,Chennai,V020,DRV046
ORD07734,2026-09-22T22:47:00+00:00,delivered,Hosur,V033,DRV106
ORD07735,2026-09-01T07:36:00+00:00,delivered,Pune,V001,DRV058
ORD07736,2026-09-20T17:47:00+00:00,picked_up,Bengaluru,V050,DRV089
ORD07737,2026-09-20T00:09:00+00:00,in_transit,Chennai,V025,DRV012
ORD07738,2026-08-26T15:21:00+00:00,in_transit,Mangaluru,V002,DRV100
ORD07739,2026-09-18T13:15:00+00:00,picked_up,Mangaluru,V094,DRV114
ORD07740,2026-08-28T13:47:00+00:00,delivered,Pune,V017,DRV021
ORD07741,2026-08-12T20:34:00+00:00,delivered,Hyderabad,V007,DRV055
ORD07742,2026-08-17T04:56:00+00:00,delivered,Hosur,V025,DRV097
ORD07743,2026-08-12T09:01:00+00:00,delayed,Hubballi,V076,DRV005
ORD07744,2026-08-14T02:27:00+00:00,delivered,Coimbatore,V001,DRV109
ORD07745,2026-08-20T00:10:00+00:00,delayed,Coimbatore,V038,DRV026
ORD07746,2026-08-24T09:34:00+00:00,delivered,Chennai,V057,DRV113
ORD07747,2026-09-11T22:43:00+00:00,cancelled,Mangaluru,V044,DRV027
ORD07748,2026-09-17T13:05:00+00:00,delivered,Hubballi,V080,DRV066
ORD07749,2026-08-21T05:39:00+00:00,delivered,Hosur,V024,DRV024
ORD07750,2026-09-22T18:21:00+00:00,delivered,Coimbatore,V030,DRV067
ORD07751,2026-09-13T12:47:00+00:00,picked_up,Coimbatore,V044,DRV068
ORD07752,2026-08-15T19:56:00+00:00,delivered,Coimbatore,V011,DRV109
ORD07753,2026-08-02T03:24:00+00:00,in_transit,Hubballi,V028,DRV085
ORD07754,2026-08-21T17:24:00+00:00,in_transit,Coimbatore,V070,DRV062
ORD07755,2026-09-02T22:02:00+00:00,picked_up,Coimbatore,V007,DRV017
ORD07756,2026-08-23T01:49:00+00:00,delivered,Chennai,V052,DRV049
ORD07757,2026-09-07T06:49:00+00:00,picked_up,Coimbatore,V065,DRV049
ORD07758,2026-09-13T21:35:00+00:00,delivered,Hosur,V042,DRV110
ORD07759,2026-08-27T23:08:00+00:00,picked_up,Hubballi,V093,DRV042
ORD07760,2026-09-15T09:32:00+00:00,delivered,Hosur,V063,DRV110
ORD07761,2026-08-20T01:47:00+00:00,delivered,Tumakuru,V083,DRV070
ORD07762,2026-09-08T07:32:00+00:00,delivered,Coimbatore,V032,DRV105
ORD07763,2026-09-25T02:26:00+00:00,delivered,Tumakuru,V044,DRV034
ORD07764,2026-08-27T23:41:00+00:00,in_transit,Pune,V060,DRV059
ORD07765,2026-08-11T12:37:00+00:00,delivered,Hosur,V087,DRV120
ORD07766,2026-08-25T18:21:00+00:00,cancelled,Coimbatore,V051,DRV046
ORD07767,2026-08-26T00:47:00+00:00,cancelled,Mangaluru,V003,DRV059
ORD07768,2026-08-19T07:18:00+00:00,delivered,Hyderabad,V034,DRV120
ORD07769,2026-08-20T19:22:00+00:00,delivered,Coimbatore,V086,DRV077
ORD07770,2026-08-31T16:28:00+00:00,in_transit,Chennai,V020,DRV020
ORD07771,2026-09-14T11:33:00+00:00,delivered,Coimbatore,V044,DRV073
ORD07772,2026-09-09T11:37:00+00:00,delivered,Hubballi,V035,DRV073
ORD07773,2026-08-24T17:25:00+00:00,delivered,Coimbatore,V049,DRV063
ORD07774,2026-09-16T11:14:00+00:00,in_transit,Coimbatore,V048,DRV087
ORD07775,2026-08-21T14:17:00+00:00,picked_up,Coimbatore,V028,DRV097
ORD07776,2026-09-17T12:15:00+00:00,picked_up,Coimbatore,V011,DRV098
ORD07777,2026-09-08T14:15:00+00:00,delivered,Coimbatore,V034,DRV114
ORD07778,2026-09-17T21:23:00+00:00,picked_up,Hosur,V026,DRV017
ORD07779,2026-08-08T22:36:00+00:00,cancelled,Pune,V052,DRV079
ORD07780,2026-08-14T01:22:00+00:00,delivered,Pune,V078,DRV064
ORD07781,2026-09-01T05:25:00+00:00,delivered,Bengaluru,V074,DRV072
ORD07782,2026-08-25T23:22:00+00:00,delivered,Hubballi,V009,DRV075
ORD07783,2026-08-30T02:17:00+00:00,in_transit,Pune,V016,DRV109
ORD07784,2026-09-05T13:34:00+00:00,delivered,Mangaluru,V017,DRV019
ORD07785,2026-09-02T18:23:00+00:00,delivered,Mangaluru,V022,DRV107
ORD07786,2026-08-21T00:00:00+00:00,in_transit,Coimbatore,V004,DRV072
ORD07787,2026-09-11T05:59:00+00:00,in_transit,Hubballi,V029,DRV117
ORD07788,2026-08-29T11:59:00+00:00,in_transit,Mysuru,V075,DRV119
ORD07789,2026-08-12T05:11:00+00:00,picked_up,Tumakuru,V020,DRV070
ORD07790,2026-09-22T10:12:00+00:00,delayed,Coimbatore,V082,DRV059
ORD07791,2026-08-31T15:45:00+00:00,delivered,Hyderabad,V010,DRV002
ORD07792,2026-08-05T23:27:00+00:00,delivered,Mangaluru,V087,DRV100
ORD07793,2026-08-02T18:56:00+00:00,cancelled,Coimbatore,V042,DRV036
ORD07794,2026-09-18T06:49:00+00:00,delivered,Chennai,V047,DRV073
ORD07795,2026-09-14T06:44:00+00:00,delivered,Chennai,V080,DRV085
ORD07796,2026-08-26T19:46:00+00:00,delivered,Chennai,V023,DRV011
ORD07797,2026-09-04T13:53:00+00:00,delivered,Coimbatore,V078,DRV115
ORD07798,2026-08-14T10:02:00+00:00,delivered,Coimbatore,V029,DRV043
ORD07799,2026-09-04T18:19:00+00:00,delivered,Coimbatore,V032,DRV109
ORD07800,2026-09-12T21:44:00+00:00,delivered,Mangaluru,V056,DRV021
ORD07801,2026-08-28T14:59:00+00:00,delivered,Coimbatore,V006,DRV095
ORD07802,2026-08-11T22:10:00+00:00,delivered,Chennai,V074,DRV079
ORD07803,2026-09-07T01:37:00+00:00,delayed,Pune,V016,DRV056
ORD07804,2026-09-11T11:12:00+00:00,cancelled,Chennai,V057,DRV068
ORD07805,2026-08-28T23:08:00+00:00,in_transit,Coimbatore,V099,DRV044
ORD07806,2026-09-05T14:59:00+00:00,picked_up,Mangaluru,V079,DRV074
ORD07807,2026-08-03T04:53:00+00:00,delivered,Mangaluru,V070,DRV119
ORD07808,2026-09-10T02:32:00+00:00,picked_up,Coimbatore,V037,DRV017
ORD07809,2026-09-10T22:46:00+00:00,delayed,Bengaluru,V002,DRV087
ORD07810,2026-08-07T19:12:00+00:00,delivered,Hubballi,V042,DRV069
ORD07811,2026-09-06T20:45:00+00:00,delayed,Hyderabad,V089,DRV019
ORD07812,2026-08-28T16:23:00+00:00,delivered,Mangaluru,V041,DRV056
ORD07813,2026-09-05T19:11:00+00:00,delivered,Coimbatore,V091,DRV071
ORD07814,2026-08-13T20:53:00+00:00,picked_up,Mysuru,V027,DRV111
ORD07815,2026-08-06T04:20:00+00:00,delivered,Hyderabad,V077,DRV096
ORD07816,2026-09-18T22:03:00+00:00,delivered,Coimbatore,V092,DRV095
ORD07817,2026-08-17T01:36:00+00:00,delivered,Coimbatore,V043,DRV099
ORD07818,2026-09-01T19:26:00+00:00,in_transit,Hyderabad,V011,DRV023
ORD07819,2026-08-12T23:38:00+00:00,in_transit,Mysuru,V004,DRV009
ORD07820,2026-08-27T06:19:00+00:00,delivered,Chennai,V061,DRV113
ORD07821,2026-08-30T12:33:00+00:00,delivered,Pune,V093,DRV120
ORD07822,2026-08-08T10:34:00+00:00,cancelled,Pune,V078,DRV020
ORD07823,2026-09-22T22:39:00+00:00,delivered,Chennai,V040,DRV080
ORD07824,2026-08-21T12:21:00+00:00,delivered,Mangaluru,V071,DRV002
ORD07825,2026-08-19T03:40:00+00:00,picked_up,Mangaluru,V056,DRV096
ORD07826,2026-08-28T06:32:00+00:00,delayed,Mysuru,V008,DRV037
ORD07827,2026-08-27T10:58:00+00:00,picked_up,Mysuru,V054,DRV012
ORD07828,2026-08-08T01:17:00+00:00,delivered,Bengaluru,V090,DRV079
ORD07829,2026-09-22T20:32:00+00:00,delivered,Chennai,V031,DRV009
ORD07830,2026-08-20T08:36:00+00:00,in_transit,Coimbatore,V019,DRV006
ORD07831,2026-09-17T04:53:00+00:00,in_transit,Coimbatore,V001,DRV062
ORD07832,2026-09-15T07:53:00+00:00,delivered,Mysuru,V095,DRV057
ORD07833,2026-08-29T05:55:00+00:00,delivered,Coimbatore,V001,DRV066
ORD07834,2026-08-23T21:32:00+00:00,delivered,Mangaluru,V032,DRV063
ORD07835,2026-08-28T11:55:00+00:00,delivered,Coimbatore,V064,DRV065
ORD07836,2026-08-04T23:40:00+00:00,delivered,Hosur,V075,DRV017
ORD07837,2026-09-24T21:40:00+00:00,delivered,Coimbatore,V057,DRV117
ORD07838,2026-08-22T22:42:00+00:00,delayed,Mangaluru,V057,DRV099
ORD07839,2026-08-09T07:42:00+00:00,delivered,Hubballi,V096,DRV111
ORD07840,2026-08-05T05:25:00+00:00,delivered,Hubballi,V088,DRV050
ORD07841,2026-08-15T13:25:00+00:00,delivered,Mangaluru,V072,DRV038
ORD07842,2026-09-12T15:28:00+00:00,delayed,Hubballi,V087,DRV118
ORD07843,2026-09-08T23:35:00+00:00,in_transit,Hyderabad,V057,DRV090
ORD07844,2026-08-28T11:12:00+00:00,delivered,Pune,V076,DRV064
ORD07845,2026-08-29T05:24:00+00:00,delivered,Coimbatore,V093,DRV004
ORD07846,2026-08-17T11:25:00+00:00,delivered,Hyderabad,V050,DRV045
ORD07847,2026-09-20T19:34:00+00:00,delivered,Chennai,V042,DRV115
ORD07848,2026-09-16T18:57:00+00:00,delivered,Chennai,V006,DRV040
ORD07849,2026-08-26T05:02:00+00:00,delivered,Hubballi,V004,DRV048
ORD07850,2026-08-31T11:31:00+00:00,in_transit,Hyderabad,V012,DRV061
ORD07851,2026-08-26T22:55:00+00:00,delivered,Coimbatore,V003,DRV114
ORD07852,2026-09-10T05:37:00+00:00,delivered,Tumakuru,V017,DRV050
ORD07853,2026-08-24T08:36:00+00:00,delivered,Chennai,V030,DRV030
ORD07854,2026-08-17T02:42:00+00:00,in_transit,Coimbatore,V010,DRV008
ORD07855,2026-08-03T15:23:00+00:00,delivered,Chennai,V028,DRV041
ORD07856,2026-08-03T07:39:00+00:00,delivered,Hosur,V060,DRV040
ORD07857,2026-09-16T06:30:00+00:00,picked_up,Coimbatore,V068,DRV026
ORD07858,2026-08-09T19:20:00+00:00,delivered,Hubballi,V040,DRV029
ORD07859,2026-09-23T08:41:00+00:00,picked_up,Coimbatore,V092,DRV097
ORD07860,2026-08-29T19:15:00+00:00,delivered,Hubballi,V037,DRV084
ORD07861,2026-08-22T04:42:00+00:00,delivered,Bengaluru,V003,DRV028
ORD07862,2026-09-15T17:26:00+00:00,delivered,Pune,V085,DRV066
ORD07863,2026-09-09T08:21:00+00:00,delivered,Hyderabad,V020,DRV047
ORD07864,2026-08-26T07:00:00+00:00,in_transit,Coimbatore,V073,DRV084
ORD07865,2026-08-22T19:42:00+00:00,delivered,Bengaluru,V023,DRV105
ORD07866,2026-09-06T17:49:00+00:00,delayed,Mangaluru,V044,DRV112
ORD07867,2026-09-18T14:04:00+00:00,delivered,Chennai,V025,DRV070
ORD07868,2026-09-11T02:32:00+00:00,in_transit,Chennai,V009,DRV028
ORD07869,2026-08-08T00:33:00+00:00,delivered,Mangaluru,V088,DRV048
ORD07870,2026-08-11T11:42:00+00:00,in_transit,Hosur,V006,DRV015
ORD07871,2026-09-16T06:27:00+00:00,picked_up,Hyderabad,V036,DRV003
ORD07872,2026-09-08T09:18:00+00:00,in_transit,Hyderabad,V013,DRV095
ORD07873,2026-08-23T01:49:00+00:00,delivered,Mangaluru,V078,DRV093
ORD07874,2026-08-09T19:19:00+00:00,delivered,Pune,V029,DRV084
ORD07875,2026-08-10T07:25:00+00:00,delivered,Bengaluru,V042,DRV017
ORD07876,2026-08-15T11:51:00+00:00,delivered,Coimbatore,V003,DRV115
ORD07877,2026-09-22T10:30:00+00:00,delivered,Mysuru,V091,DRV043
ORD07878,2026-09-01T09:19:00+00:00,delivered,Mangaluru,V006,DRV024
ORD07879,2026-09-18T08:25:00+00:00,in_transit,Chennai,V048,DRV083
ORD07880,2026-09-01T16:46:00+00:00,delivered,Mangaluru,V072,DRV120
ORD07881,2026-08-17T12:53:00+00:00,delivered,Hubballi,V039,DRV075
ORD07882,2026-08-22T08:16:00+00:00,picked_up,Hosur,V091,DRV036
ORD07883,2026-08-18T00:40:00+00:00,delivered,Hyderabad,V080,DRV054
ORD07884,2026-09-03T15:54:00+00:00,picked_up,Hubballi,V047,DRV095
ORD07885,2026-08-18T06:46:00+00:00,delayed,Pune,V030,DRV002
ORD07886,2026-08-25T22:49:00+00:00,in_transit,Mysuru,V047,DRV116
ORD07887,2026-09-12T20:59:00+00:00,delivered,Chennai,V029,DRV031
ORD07888,2026-08-02T05:42:00+00:00,delivered,Hubballi,V003,DRV030
ORD07889,2026-08-01T16:38:00+00:00,delivered,Chennai,V012,DRV009
ORD07890,2026-09-01T09:58:00+00:00,delivered,Tumakuru,V074,DRV060
ORD07891,2026-09-07T23:46:00+00:00,picked_up,Hyderabad,V033,DRV065
ORD07892,2026-08-31T12:04:00+00:00,delivered,Coimbatore,V034,DRV120
ORD07893,2026-09-17T00:14:00+00:00,delivered,Pune,V030,DRV071
ORD07894,2026-08-22T09:41:00+00:00,picked_up,Pune,V084,DRV011
ORD07895,2026-08-03T17:57:00+00:00,delivered,Pune,V019,DRV117
ORD07896,2026-08-21T11:45:00+00:00,delivered,Mangaluru,V038,DRV019
ORD07897,2026-09-07T18:27:00+00:00,delivered,Chennai,V081,DRV092
ORD07898,2026-08-20T02:49:00+00:00,cancelled,Coimbatore,V022,DRV026
ORD07899,2026-09-14T00:09:00+00:00,delivered,Mangaluru,V079,DRV034
ORD07900,2026-08-03T19:39:00+00:00,delivered,Mangaluru,V046,DRV044
ORD07901,2026-08-24T22:22:00+00:00,delivered,Coimbatore,V007,DRV022
ORD07902,2026-09-16T08:14:00+00:00,delivered,Mysuru,V046,DRV083
ORD07903,2026-08-24T03:16:00+00:00,delivered,Coimbatore,V067,DRV067
ORD07904,2026-08-25T12:16:00+00:00,picked_up,Tumakuru,V006,DRV076
ORD07905,2026-09-15T08:02:00+00:00,cancelled,Coimbatore,V069,DRV112
ORD07906,2026-08-04T12:33:00+00:00,delivered,Mangaluru,V010,DRV093
ORD07907,2026-08-20T18:01:00+00:00,delivered,Mangaluru,V057,DRV025
ORD07908,2026-08-30T09:22:00+00:00,delivered,Mangaluru,V097,DRV106
ORD07909,2026-08-12T01:36:00+00:00,picked_up,Pune,V015,DRV110
ORD07910,2026-09-20T21:09:00+00:00,delivered,Bengaluru,V058,DRV118
ORD07911,2026-09-09T06:27:00+00:00,delivered,Coimbatore,V018,DRV069
ORD07912,2026-08-10T18:59:00+00:00,in_transit,Hubballi,V066,DRV097
ORD07913,2026-09-11T08:15:00+00:00,delivered,Mysuru,V053,DRV045
ORD07914,2026-09-14T13:34:00+00:00,delivered,Pune,V025,DRV030
ORD07915,2026-08-19T08:41:00+00:00,delivered,Hyderabad,V030,DRV064
ORD07916,2026-09-06T01:51:00+00:00,delivered,Mangaluru,V064,DRV008
ORD07917,2026-08-02T23:28:00+00:00,delivered,Coimbatore,V099,DRV097
ORD07918,2026-08-23T00:15:00+00:00,delivered,Chennai,V023,DRV052
ORD07919,2026-09-13T13:50:00+00:00,delivered,Hyderabad,V038,DRV078
ORD07920,2026-08-21T22:30:00+00:00,delivered,Tumakuru,V019,DRV013
ORD07921,2026-08-28T03:05:00+00:00,delivered,Hosur,V065,DRV076
ORD07922,2026-08-20T12:19:00+00:00,delayed,Mysuru,V088,DRV075
ORD07923,2026-08-26T13:03:00+00:00,delivered,Coimbatore,V077,DRV120
ORD07924,2026-08-31T16:44:00+00:00,picked_up,Mysuru,V021,DRV103
ORD07925,2026-09-08T02:13:00+00:00,delivered,Chennai,V053,DRV059
ORD07926,2026-08-06T18:13:00+00:00,delivered,Mangaluru,V056,DRV009
ORD07927,2026-09-10T02:54:00+00:00,delivered,Hosur,V019,DRV016
ORD07928,2026-08-26T06:52:00+00:00,picked_up,Hyderabad,V039,DRV034
ORD07929,2026-08-26T17:15:00+00:00,delivered,Mysuru,V029,DRV057
ORD07930,2026-09-09T19:55:00+00:00,delivered,Hyderabad,V052,DRV020
ORD07931,2026-08-05T18:35:00+00:00,delayed,Chennai,V029,DRV005
ORD07932,2026-08-16T22:05:00+00:00,delivered,Pune,V028,DRV082
ORD07933,2026-09-14T18:02:00+00:00,delayed,Chennai,V086,DRV081
ORD07934,2026-08-17T23:58:00+00:00,delivered,Mysuru,V065,DRV059
ORD07935,2026-09-04T23:04:00+00:00,in_transit,Mysuru,V074,DRV068
ORD07936,2026-08-11T18:47:00+00:00,picked_up,Hosur,V046,DRV109
ORD07937,2026-09-07T17:26:00+00:00,delivered,Coimbatore,V001,DRV005
ORD07938,2026-09-11T18:49:00+00:00,delayed,Hubballi,V098,DRV112
ORD07939,2026-09-06T08:33:00+00:00,delayed,Mangaluru,V084,DRV013
ORD07940,2026-08-04T21:34:00+00:00,delivered,Mangaluru,V074,DRV114
ORD07941,2026-08-22T07:29:00+00:00,in_transit,Hosur,V055,DRV094
ORD07942,2026-09-04T07:19:00+00:00,delivered,Mangaluru,V048,DRV017
ORD07943,2026-08-02T18:51:00+00:00,delayed,Chennai,V058,DRV047
ORD07944,2026-09-21T01:30:00+00:00,delivered,Chennai,V091,DRV026
ORD07945,2026-08-05T15:31:00+00:00,delivered,Hosur,V059,DRV041
ORD07946,2026-09-24T10:04:00+00:00,delivered,Hyderabad,V064,DRV062
ORD07947,2026-08-16T23:02:00+00:00,delivered,Chennai,V091,DRV009
ORD07948,2026-08-16T15:19:00+00:00,in_transit,Mysuru,V001,DRV017
ORD07949,2026-08-17T09:14:00+00:00,in_transit,Mangaluru,V038,DRV108
ORD07950,2026-08-30T19:19:00+00:00,delivered,Chennai,V090,DRV106
ORD07951,2026-08-17T18:19:00+00:00,picked_up,Chennai,V046,DRV064
ORD07952,2026-09-18T10:25:00+00:00,delivered,Tumakuru,V097,DRV074
ORD07953,2026-08-03T12:41:00+00:00,in_transit,Hubballi,V092,DRV016
ORD07954,2026-09-11T14:30:00+00:00,delivered,Hyderabad,V033,DRV074
ORD07955,2026-08-28T00:29:00+00:00,delivered,Mangaluru,V027,DRV108
ORD07956,2026-08-03T09:09:00+00:00,delayed,Hosur,V042,DRV039
ORD07957,2026-08-13T08:46:00+00:00,delivered,Mysuru,V050,DRV089
ORD07958,2026-09-11T23:58:00+00:00,delayed,Chennai,V033,DRV116
ORD07959,2026-08-08T04:09:00+00:00,delayed,Mysuru,V053,DRV070
ORD07960,2026-08-05T08:51:00+00:00,delivered,Bengaluru,V011,DRV118
ORD07961,2026-09-04T21:20:00+00:00,picked_up,Bengaluru,V006,DRV007
ORD07962,2026-08-23T22:44:00+00:00,in_transit,Mysuru,V056,DRV040
ORD07963,2026-08-13T15:38:00+00:00,delivered,Mangaluru,V041,DRV024
ORD07964,2026-08-10T11:18:00+00:00,delivered,Hubballi,V034,DRV044
ORD07965,2026-08-14T16:52:00+00:00,delayed,Chennai,V003,DRV022
ORD07966,2026-09-22T15:41:00+00:00,delivered,Mysuru,V011,DRV114
ORD07967,2026-09-01T20:10:00+00:00,delivered,Hubballi,V089,DRV041
ORD07968,2026-09-08T01:37:00+00:00,delayed,Mysuru,V072,DRV029
ORD07969,2026-08-03T10:38:00+00:00,picked_up,Mangaluru,V084,DRV113
ORD07970,2026-09-13T22:16:00+00:00,delivered,Coimbatore,V063,DRV020
ORD07971,2026-08-18T23:03:00+00:00,picked_up,Hyderabad,V052,DRV013
ORD07972,2026-09-15T13:48:00+00:00,picked_up,Coimbatore,V068,DRV074
ORD07973,2026-09-23T06:34:00+00:00,picked_up,Coimbatore,V003,DRV054
ORD07974,2026-08-12T19:50:00+00:00,delivered,Coimbatore,V061,DRV010
ORD07975,2026-08-06T11:01:00+00:00,delivered,Coimbatore,V085,DRV014
ORD07976,2026-09-19T09:17:00+00:00,cancelled,Mysuru,V007,DRV113
ORD07977,2026-09-19T07:06:00+00:00,picked_up,Mysuru,V025,DRV077
ORD07978,2026-09-14T04:21:00+00:00,in_transit,Hosur,V005,DRV044
ORD07979,2026-09-16T05:33:00+00:00,in_transit,Hyderabad,V080,DRV044
ORD07980,2026-09-11T06:54:00+00:00,in_transit,Hosur,V007,DRV030
ORD07981,2026-08-22T03:57:00+00:00,picked_up,Bengaluru,V001,DRV111
ORD07982,2026-08-18T20:53:00+00:00,delivered,Mysuru,V100,DRV089
ORD07983,2026-08-12T06:36:00+00:00,delayed,Coimbatore,V034,DRV099
ORD07984,2026-08-04T04:44:00+00:00,picked_up,Chennai,V090,DRV112
ORD07985,2026-09-04T08:38:00+00:00,delivered,Tumakuru,V089,DRV025
ORD07986,2026-09-17T17:17:00+00:00,delivered,Tumakuru,V030,DRV039
ORD07987,2026-09-09T22:56:00+00:00,in_transit,Hyderabad,V051,DRV060
ORD07988,2026-08-29T23:44:00+00:00,delivered,Mangaluru,V081,DRV033
ORD07989,2026-09-11T14:36:00+00:00,picked_up,Mysuru,V012,DRV023
ORD07990,2026-09-22T22:56:00+00:00,delivered,Bengaluru,V020,DRV033
ORD07991,2026-08-25T22:57:00+00:00,delivered,Hubballi,V042,DRV082
ORD07992,2026-09-05T02:25:00+00:00,delivered,Hosur,V035,DRV016
ORD07993,2026-08-25T18:37:00+00:00,delivered,Coimbatore,V073,DRV108
ORD07994,2026-08-21T17:28:00+00:00,cancelled,Bengaluru,V024,DRV050
ORD07995,2026-08-06T01:11:00+00:00,picked_up,Mysuru,V071,DRV083
ORD07996,2026-09-16T00:04:00+00:00,delivered,Mangaluru,V076,DRV020
ORD07997,2026-09-12T12:53:00+00:00,delivered,Coimbatore,V086,DRV042
ORD07998,2026-09-07T07:31:00+00:00,cancelled,Coimbatore,V064,DRV022
ORD07999,2026-08-13T18:09:00+00:00,delivered,Chennai,V025,DRV099
ORD08000,2026-09-22T09:41:00+00:00,delivered,Coimbatore,V015,DRV079
ORD08001,2026-08-31T11:21:00+00:00,delivered,Hosur,V064,DRV080
ORD08002,2026-08-15T05:14:00+00:00,delivered,Mysuru,V055,DRV026
ORD08003,2026-09-05T20:12:00+00:00,cancelled,Hubballi,V096,DRV013
ORD08004,2026-09-01T18:10:00+00:00,picked_up,Mysuru,V100,DRV021
ORD08005,2026-08-31T06:49:00+00:00,delivered,Coimbatore,V051,DRV110
ORD08006,2026-09-13T01:06:00+00:00,delayed,Coimbatore,V088,DRV044
ORD08007,2026-08-07T15:07:00+00:00,delivered,Mangaluru,V017,DRV078
ORD08008,2026-08-16T10:41:00+00:00,picked_up,Mangaluru,V071,DRV081
ORD08009,2026-09-06T15:12:00+00:00,delivered,Hosur,V046,DRV038
ORD08010,2026-08-30T13:27:00+00:00,delivered,Mangaluru,V067,DRV114
ORD08011,2026-08-05T18:36:00+00:00,delivered,Hosur,V075,DRV101
ORD08012,2026-09-19T06:06:00+00:00,cancelled,Pune,V075,DRV074
ORD08013,2026-09-06T05:37:00+00:00,delivered,Hyderabad,V050,DRV075
ORD08014,2026-08-05T11:48:00+00:00,delivered,Hubballi,V083,DRV017
ORD08015,2026-09-15T08:56:00+00:00,delivered,Hyderabad,V025,DRV007
ORD08016,2026-08-02T23:18:00+00:00,delivered,Mangaluru,V075,DRV029
ORD08017,2026-09-10T23:47:00+00:00,delivered,Hubballi,V019,DRV073
ORD08018,2026-09-19T10:37:00+00:00,delivered,Mangaluru,V091,DRV100
ORD08019,2026-08-21T13:29:00+00:00,delivered,Chennai,V029,DRV118
ORD08020,2026-09-21T01:39:00+00:00,delivered,Chennai,V034,DRV099
ORD08021,2026-08-16T18:46:00+00:00,delivered,Mysuru,V023,DRV018
ORD08022,2026-08-30T16:43:00+00:00,delivered,Coimbatore,V035,DRV040
ORD08023,2026-08-28T08:05:00+00:00,delayed,Mysuru,V090,DRV010
ORD08024,2026-08-09T16:57:00+00:00,picked_up,Pune,V064,DRV014
ORD08025,2026-09-14T16:44:00+00:00,delivered,Coimbatore,V080,DRV082
ORD08026,2026-08-01T23:24:00+00:00,delivered,Coimbatore,V064,DRV023
ORD08027,2026-08-17T05:23:00+00:00,picked_up,Hosur,V039,DRV002
ORD08028,2026-08-15T15:31:00+00:00,delivered,Chennai,V072,DRV044
ORD08029,2026-08-19T05:55:00+00:00,delivered,Hubballi,V036,DRV044
ORD08030,2026-09-24T19:48:00+00:00,delivered,Coimbatore,V031,DRV011
ORD08031,2026-09-09T04:12:00+00:00,delivered,Mysuru,V045,DRV050
ORD08032,2026-08-19T12:48:00+00:00,delivered,Chennai,V027,DRV098
ORD08033,2026-09-17T15:23:00+00:00,delayed,Hyderabad,V053,DRV065
ORD08034,2026-09-22T16:43:00+00:00,in_transit,Coimbatore,V001,DRV089
ORD08035,2026-08-28T21:10:00+00:00,delivered,Mysuru,V066,DRV061
ORD08036,2026-08-12T19:45:00+00:00,delivered,Mangaluru,V050,DRV060
ORD08037,2026-09-05T10:12:00+00:00,delivered,Hubballi,V043,DRV099
ORD08038,2026-08-25T08:08:00+00:00,in_transit,Mysuru,V080,DRV053
ORD08039,2026-09-10T22:45:00+00:00,in_transit,Hubballi,V063,DRV028
ORD08040,2026-08-24T12:28:00+00:00,picked_up,Coimbatore,V076,DRV092
ORD08041,2026-08-23T16:12:00+00:00,delivered,Coimbatore,V040,DRV001
ORD08042,2026-08-27T10:34:00+00:00,delivered,Bengaluru,V046,DRV051
ORD08043,2026-09-03T23:04:00+00:00,delivered,Mysuru,V047,DRV093
ORD08044,2026-09-04T21:18:00+00:00,delivered,Mangaluru,V055,DRV095
ORD08045,2026-08-21T09:09:00+00:00,in_transit,Coimbatore,V067,DRV087
ORD08046,2026-08-05T09:24:00+00:00,delivered,Mangaluru,V051,DRV022
ORD08047,2026-09-09T17:39:00+00:00,delivered,Hyderabad,V094,DRV039
ORD08048,2026-08-11T00:40:00+00:00,delivered,Mangaluru,V089,DRV087
ORD08049,2026-09-08T13:37:00+00:00,delivered,Chennai,V051,DRV008
ORD08050,2026-08-03T14:28:00+00:00,picked_up,Hosur,V004,DRV057
ORD08051,2026-09-05T06:16:00+00:00,cancelled,Coimbatore,V002,DRV118
ORD08052,2026-09-13T21:33:00+00:00,delayed,Hubballi,V027,DRV060
ORD08053,2026-09-25T00:47:00+00:00,delayed,Mangaluru,V064,DRV061
ORD08054,2026-08-24T14:11:00+00:00,delivered,Pune,V066,DRV040
ORD08055,2026-09-07T16:28:00+00:00,delayed,Tumakuru,V014,DRV018
ORD08056,2026-08-15T16:30:00+00:00,delivered,Chennai,V092,DRV075
ORD08057,2026-09-21T20:27:00+00:00,in_transit,Mysuru,V037,DRV085
ORD08058,2026-08-04T12:30:00+00:00,delivered,Hubballi,V071,DRV016
ORD08059,2026-08-09T09:31:00+00:00,delayed,Bengaluru,V038,DRV117
ORD08060,2026-08-14T05:35:00+00:00,delivered,Coimbatore,V067,DRV120
ORD08061,2026-08-03T21:36:00+00:00,delivered,Hyderabad,V021,DRV036
ORD08062,2026-09-05T18:34:00+00:00,in_transit,Hubballi,V081,DRV110
ORD08063,2026-08-17T18:59:00+00:00,delivered,Mysuru,V034,DRV015
ORD08064,2026-09-14T00:36:00+00:00,delivered,Mysuru,V097,DRV039
ORD08065,2026-09-08T12:12:00+00:00,picked_up,Bengaluru,V049,DRV018
ORD08066,2026-08-18T16:14:00+00:00,delivered,Chennai,V063,DRV004
ORD08067,2026-08-07T17:15:00+00:00,delivered,Mangaluru,V061,DRV070
ORD08068,2026-08-19T13:53:00+00:00,delivered,Coimbatore,V029,DRV047
ORD08069,2026-08-29T13:19:00+00:00,delivered,Pune,V073,DRV104
ORD08070,2026-09-24T22:01:00+00:00,picked_up,Pune,V018,DRV038
ORD08071,2026-08-26T12:08:00+00:00,picked_up,Coimbatore,V012,DRV096
ORD08072,2026-09-07T07:13:00+00:00,delivered,Mangaluru,V072,DRV066
ORD08073,2026-08-24T21:26:00+00:00,delivered,Coimbatore,V082,DRV084
ORD08074,2026-09-16T14:53:00+00:00,delivered,Pune,V020,DRV048
ORD08075,2026-08-10T20:07:00+00:00,delivered,Bengaluru,V096,DRV050
ORD08076,2026-08-17T16:46:00+00:00,delivered,Pune,V012,DRV033
ORD08077,2026-09-23T19:10:00+00:00,in_transit,Hosur,V013,DRV106
ORD08078,2026-09-20T09:41:00+00:00,in_transit,Hubballi,V050,DRV103
ORD08079,2026-09-20T23:43:00+00:00,delivered,Chennai,V049,DRV050
ORD08080,2026-08-26T20:29:00+00:00,delivered,Bengaluru,V037,DRV030
ORD08081,2026-09-09T07:31:00+00:00,picked_up,Mysuru,V060,DRV071
ORD08082,2026-08-07T02:04:00+00:00,delivered,Hosur,V043,DRV120
ORD08083,2026-09-07T09:05:00+00:00,picked_up,Hyderabad,V077,DRV050
ORD08084,2026-09-16T17:30:00+00:00,delivered,Mangaluru,V055,DRV054
ORD08085,2026-08-15T13:54:00+00:00,in_transit,Tumakuru,V080,DRV049
ORD08086,2026-08-21T18:37:00+00:00,delivered,Hyderabad,V038,DRV118
ORD08087,2026-09-24T13:37:00+00:00,delivered,Hosur,V092,DRV090
ORD08088,2026-08-11T07:59:00+00:00,picked_up,Chennai,V079,DRV055
ORD08089,2026-08-15T00:08:00+00:00,delivered,Coimbatore,V038,DRV112
ORD08090,2026-09-23T04:30:00+00:00,picked_up,Mangaluru,V070,DRV069
ORD08091,2026-09-21T07:27:00+00:00,delivered,Mysuru,V039,DRV108
ORD08092,2026-08-26T01:02:00+00:00,delivered,Chennai,V039,DRV048
ORD08093,2026-08-19T03:36:00+00:00,in_transit,Hosur,V009,DRV044
ORD08094,2026-09-12T17:11:00+00:00,in_transit,Coimbatore,V068,DRV011
ORD08095,2026-08-03T02:22:00+00:00,delivered,Coimbatore,V081,DRV030
ORD08096,2026-09-24T05:30:00+00:00,picked_up,Hubballi,V051,DRV092
ORD08097,2026-09-11T06:10:00+00:00,delivered,Hosur,V060,DRV088
ORD08098,2026-08-28T01:56:00+00:00,cancelled,Chennai,V064,DRV014
ORD08099,2026-08-21T21:33:00+00:00,delivered,Pune,V075,DRV056
ORD08100,2026-08-11T10:36:00+00:00,delivered,Hubballi,V063,DRV041
ORD08101,2026-08-06T11:17:00+00:00,delivered,Coimbatore,V020,DRV016
ORD08102,2026-09-09T14:45:00+00:00,in_transit,Coimbatore,V080,DRV054
ORD08103,2026-08-22T19:55:00+00:00,delivered,Chennai,V023,DRV049
ORD08104,2026-09-21T13:03:00+00:00,delivered,Mysuru,V067,DRV023
ORD08105,2026-09-15T16:32:00+00:00,picked_up,Coimbatore,V097,DRV017
ORD08106,2026-09-20T16:40:00+00:00,in_transit,Hyderabad,V058,DRV021
ORD08107,2026-09-08T10:48:00+00:00,in_transit,Coimbatore,V082,DRV039
ORD08108,2026-09-19T13:37:00+00:00,delivered,Coimbatore,V087,DRV099
ORD08109,2026-08-08T08:09:00+00:00,picked_up,Mangaluru,V049,DRV036
ORD08110,2026-09-02T00:55:00+00:00,delivered,Chennai,V056,DRV082
ORD08111,2026-08-31T07:58:00+00:00,picked_up,Pune,V007,DRV005
ORD08112,2026-09-16T09:58:00+00:00,picked_up,Hyderabad,V069,DRV111
ORD08113,2026-08-12T16:53:00+00:00,picked_up,Chennai,V007,DRV003
ORD08114,2026-09-11T08:41:00+00:00,delivered,Mangaluru,V015,DRV039
ORD08115,2026-08-08T13:35:00+00:00,delivered,Coimbatore,V001,DRV027
ORD08116,2026-09-20T03:00:00+00:00,delivered,Mangaluru,V023,DRV009
ORD08117,2026-09-08T05:06:00+00:00,delivered,Mysuru,V061,DRV083
ORD08118,2026-09-05T08:43:00+00:00,delivered,Mangaluru,V011,DRV056
ORD08119,2026-08-04T20:40:00+00:00,delivered,Chennai,V090,DRV044
ORD08120,2026-09-25T03:02:00+00:00,in_transit,Hubballi,V001,DRV096
ORD08121,2026-09-19T20:09:00+00:00,picked_up,Pune,V014,DRV107
ORD08122,2026-08-16T05:52:00+00:00,delayed,Coimbatore,V020,DRV111
ORD08123,2026-08-13T21:40:00+00:00,delivered,Mysuru,V003,DRV091
ORD08124,2026-08-22T14:52:00+00:00,in_transit,Mangaluru,V034,DRV063
ORD08125,2026-09-19T21:39:00+00:00,delivered,Pune,V035,DRV051
ORD08126,2026-08-28T13:48:00+00:00,delivered,Mangaluru,V095,DRV060
ORD08127,2026-08-29T12:21:00+00:00,delivered,Hubballi,V015,DRV086
ORD08128,2026-09-05T04:22:00+00:00,delivered,Mysuru,V077,DRV051
ORD08129,2026-08-22T12:28:00+00:00,in_transit,Mangaluru,V024,DRV080
ORD08130,2026-09-14T00:56:00+00:00,picked_up,Hyderabad,V011,DRV006
ORD08131,2026-08-31T23:37:00+00:00,picked_up,Coimbatore,V065,DRV091
ORD08132,2026-09-13T13:24:00+00:00,in_transit,Mangaluru,V089,DRV043
ORD08133,2026-09-17T19:41:00+00:00,delivered,Coimbatore,V087,DRV008
ORD08134,2026-09-16T16:50:00+00:00,delivered,Mangaluru,V086,DRV115
ORD08135,2026-09-24T17:24:00+00:00,picked_up,Pune,V002,DRV035
ORD08136,2026-09-03T09:01:00+00:00,in_transit,Mangaluru,V099,DRV045
ORD08137,2026-08-08T06:40:00+00:00,delayed,Bengaluru,V057,DRV113
ORD08138,2026-08-18T00:49:00+00:00,delivered,Tumakuru,V014,DRV021
ORD08139,2026-08-23T15:44:00+00:00,cancelled,Mysuru,V067,DRV040
ORD08140,2026-09-02T07:03:00+00:00,picked_up,Coimbatore,V075,DRV078
ORD08141,2026-09-23T10:23:00+00:00,delivered,Hubballi,V035,DRV033
ORD08142,2026-08-08T20:44:00+00:00,picked_up,Hosur,V074,DRV081
ORD08143,2026-09-23T19:48:00+00:00,delivered,Coimbatore,V050,DRV090
ORD08144,2026-08-18T08:18:00+00:00,delayed,Pune,V072,DRV022
ORD08145,2026-08-27T21:24:00+00:00,delivered,Pune,V010,DRV102
ORD08146,2026-09-02T01:23:00+00:00,delivered,Coimbatore,V008,DRV100
ORD08147,2026-08-06T05:19:00+00:00,delivered,Pune,V005,DRV071
ORD08148,2026-08-01T09:20:00+00:00,delivered,Coimbatore,V015,DRV026
ORD08149,2026-09-10T09:41:00+00:00,picked_up,Hubballi,V020,DRV034
ORD08150,2026-08-06T14:33:00+00:00,delayed,Hubballi,V056,DRV047
ORD08151,2026-08-30T00:03:00+00:00,delivered,Coimbatore,V064,DRV094
ORD08152,2026-08-15T08:10:00+00:00,in_transit,Hosur,V090,DRV034
ORD08153,2026-08-14T03:07:00+00:00,picked_up,Mangaluru,V084,DRV030
ORD08154,2026-08-07T16:23:00+00:00,delivered,Hosur,V012,DRV050
ORD08155,2026-08-14T21:54:00+00:00,delivered,Coimbatore,V038,DRV011
ORD08156,2026-08-09T22:57:00+00:00,delivered,Coimbatore,V027,DRV002
ORD08157,2026-09-22T21:05:00+00:00,delivered,Pune,V091,DRV029
ORD08158,2026-08-07T03:31:00+00:00,delayed,Mysuru,V032,DRV012
ORD08159,2026-09-13T21:58:00+00:00,picked_up,Coimbatore,V011,DRV030
ORD08160,2026-09-19T06:42:00+00:00,delivered,Coimbatore,V023,DRV068
ORD08161,2026-08-04T21:51:00+00:00,delivered,Coimbatore,V030,DRV065
ORD08162,2026-09-23T14:09:00+00:00,delivered,Pune,V095,DRV062
ORD08163,2026-09-12T02:59:00+00:00,picked_up,Coimbatore,V095,DRV005
ORD08164,2026-08-14T18:41:00+00:00,delivered,Coimbatore,V099,DRV076
ORD08165,2026-08-29T04:04:00+00:00,picked_up,Mangaluru,V029,DRV016
ORD08166,2026-08-31T14:34:00+00:00,picked_up,Pune,V016,DRV102
ORD08167,2026-08-16T14:09:00+00:00,in_transit,Coimbatore,V027,DRV034
ORD08168,2026-09-20T15:53:00+00:00,in_transit,Coimbatore,V047,DRV102
ORD08169,2026-09-17T19:59:00+00:00,in_transit,Pune,V082,DRV105
ORD08170,2026-09-17T16:07:00+00:00,in_transit,Hyderabad,V036,DRV069
ORD08171,2026-09-24T22:24:00+00:00,picked_up,Mangaluru,V096,DRV077
ORD08172,2026-09-21T01:59:00+00:00,delayed,Chennai,V088,DRV018
ORD08173,2026-09-15T12:59:00+00:00,delivered,Hosur,V066,DRV098
ORD08174,2026-09-19T01:41:00+00:00,delivered,Hosur,V025,DRV017
ORD08175,2026-08-11T06:13:00+00:00,delivered,Pune,V085,DRV120
ORD08176,2026-09-17T13:42:00+00:00,in_transit,Bengaluru,V062,DRV033
ORD08177,2026-08-09T08:16:00+00:00,delivered,Bengaluru,V089,DRV012
ORD08178,2026-08-11T13:38:00+00:00,delayed,Hyderabad,V003,DRV064
ORD08179,2026-08-11T15:45:00+00:00,in_transit,Mangaluru,V049,DRV037
ORD08180,2026-09-04T19:24:00+00:00,in_transit,Mysuru,V055,DRV009
ORD08181,2026-09-17T05:19:00+00:00,cancelled,Mangaluru,V038,DRV021
ORD08182,2026-09-12T10:11:00+00:00,delivered,Chennai,V028,DRV008
ORD08183,2026-09-22T22:20:00+00:00,delivered,Bengaluru,V068,DRV062
ORD08184,2026-09-21T11:25:00+00:00,in_transit,Pune,V021,DRV093
ORD08185,2026-09-02T22:13:00+00:00,picked_up,Mysuru,V015,DRV031
ORD08186,2026-09-24T11:22:00+00:00,delivered,Chennai,V035,DRV026
ORD08187,2026-09-08T00:48:00+00:00,in_transit,Coimbatore,V045,DRV046
ORD08188,2026-09-20T09:29:00+00:00,delivered,Hosur,V025,DRV085
ORD08189,2026-08-05T22:29:00+00:00,delivered,Coimbatore,V073,DRV064
ORD08190,2026-08-11T06:40:00+00:00,delayed,Hubballi,V093,DRV080
ORD08191,2026-09-02T12:48:00+00:00,delivered,Hyderabad,V028,DRV102
ORD08192,2026-08-02T19:17:00+00:00,picked_up,Hubballi,V035,DRV063
ORD08193,2026-08-25T10:39:00+00:00,picked_up,Coimbatore,V040,DRV001
ORD08194,2026-09-24T01:06:00+00:00,delayed,Coimbatore,V020,DRV044
ORD08195,2026-09-06T03:57:00+00:00,in_transit,Coimbatore,V001,DRV112
ORD08196,2026-09-19T06:05:00+00:00,delivered,Hyderabad,V015,DRV084
ORD08197,2026-08-04T07:55:00+00:00,in_transit,Mangaluru,V046,DRV055
ORD08198,2026-09-19T01:53:00+00:00,delivered,Bengaluru,V016,DRV053
ORD08199,2026-08-07T09:27:00+00:00,in_transit,Mysuru,V032,DRV106
ORD08200,2026-09-24T03:19:00+00:00,delivered,Chennai,V070,DRV005
ORD08201,2026-08-05T08:44:00+00:00,delivered,Hubballi,V064,DRV117
ORD08202,2026-08-22T15:54:00+00:00,picked_up,Tumakuru,V066,DRV101
ORD08203,2026-08-27T20:01:00+00:00,delivered,Hosur,V029,DRV024
ORD08204,2026-08-21T10:16:00+00:00,picked_up,Chennai,V030,DRV055
ORD08205,2026-08-31T18:50:00+00:00,delivered,Coimbatore,V094,DRV101
ORD08206,2026-08-13T09:14:00+00:00,cancelled,Hosur,V014,DRV016
ORD08207,2026-08-07T09:15:00+00:00,delivered,Hosur,V090,DRV042
ORD08208,2026-08-08T22:11:00+00:00,in_transit,Hosur,V046,DRV116
ORD08209,2026-09-22T09:24:00+00:00,delivered,Hosur,V007,DRV091
ORD08210,2026-08-20T21:39:00+00:00,delivered,Hosur,V033,DRV059
ORD08211,2026-09-18T01:11:00+00:00,delivered,Coimbatore,V035,DRV026
ORD08212,2026-09-16T05:46:00+00:00,delivered,Mangaluru,V042,DRV034
ORD08213,2026-08-23T17:03:00+00:00,delivered,Coimbatore,V002,DRV006
ORD08214,2026-08-10T03:13:00+00:00,delivered,Hosur,V052,DRV104
ORD08215,2026-09-03T08:52:00+00:00,delivered,Pune,V083,DRV107
ORD08216,2026-08-09T03:51:00+00:00,in_transit,Pune,V002,DRV097
ORD08217,2026-09-23T16:41:00+00:00,delivered,Coimbatore,V007,DRV063
ORD08218,2026-08-27T19:52:00+00:00,delivered,Hosur,V050,DRV045
ORD08219,2026-09-11T06:05:00+00:00,delivered,Chennai,V005,DRV081
ORD08220,2026-08-18T20:46:00+00:00,delayed,Hyderabad,V059,DRV091
ORD08221,2026-09-04T02:10:00+00:00,cancelled,Chennai,V042,DRV045
ORD08222,2026-08-15T00:26:00+00:00,in_transit,Mangaluru,V091,DRV039
ORD08223,2026-08-06T08:25:00+00:00,in_transit,Tumakuru,V040,DRV101
ORD08224,2026-08-15T04:10:00+00:00,delivered,Coimbatore,V078,DRV029
ORD08225,2026-08-28T02:47:00+00:00,delivered,Hyderabad,V048,DRV080
ORD08226,2026-09-16T14:15:00+00:00,cancelled,Hubballi,V052,DRV043
ORD08227,2026-09-05T08:09:00+00:00,in_transit,Mysuru,V035,DRV086
ORD08228,2026-09-12T13:29:00+00:00,cancelled,Coimbatore,V047,DRV048
ORD08229,2026-08-27T15:08:00+00:00,delivered,Hosur,V011,DRV097
ORD08230,2026-08-03T09:59:00+00:00,picked_up,Mangaluru,V004,DRV081
ORD08231,2026-09-09T04:51:00+00:00,delivered,Mangaluru,V092,DRV104
ORD08232,2026-08-14T16:14:00+00:00,delayed,Hyderabad,V059,DRV018
ORD08233,2026-08-21T08:52:00+00:00,delivered,Coimbatore,V024,DRV004
ORD08234,2026-09-24T14:29:00+00:00,delivered,Pune,V047,DRV060
ORD08235,2026-08-11T01:48:00+00:00,in_transit,Hyderabad,V031,DRV058
ORD08236,2026-08-21T14:23:00+00:00,delivered,Hosur,V013,DRV082
ORD08237,2026-09-10T13:25:00+00:00,delivered,Chennai,V074,DRV064
ORD08238,2026-08-15T23:17:00+00:00,delivered,Hubballi,V041,DRV112
ORD08239,2026-09-22T00:48:00+00:00,delivered,Mysuru,V041,DRV035
ORD08240,2026-08-06T00:22:00+00:00,delivered,Coimbatore,V071,DRV064
ORD08241,2026-09-19T08:51:00+00:00,delivered,Hyderabad,V072,DRV097
ORD08242,2026-08-11T20:21:00+00:00,picked_up,Hubballi,V039,DRV039
ORD08243,2026-09-04T22:18:00+00:00,in_transit,Coimbatore,V032,DRV100
ORD08244,2026-08-05T14:29:00+00:00,delivered,Hosur,V046,DRV003
ORD08245,2026-09-22T03:42:00+00:00,delivered,Bengaluru,V037,DRV043
ORD08246,2026-08-17T15:36:00+00:00,cancelled,Mangaluru,V078,DRV050
ORD08247,2026-08-24T07:05:00+00:00,delivered,Mysuru,V093,DRV065
ORD08248,2026-08-22T12:57:00+00:00,picked_up,Pune,V007,DRV046
ORD08249,2026-08-03T18:40:00+00:00,delivered,Hubballi,V047,DRV047
ORD08250,2026-08-26T08:28:00+00:00,delivered,Pune,V076,DRV044
ORD08251,2026-09-08T23:12:00+00:00,in_transit,Bengaluru,V049,DRV070
ORD08252,2026-08-10T13:51:00+00:00,delivered,Chennai,V035,DRV045
ORD08253,2026-09-05T10:11:00+00:00,delivered,Hyderabad,V047,DRV025
ORD08254,2026-09-08T17:29:00+00:00,delivered,Mysuru,V056,DRV117
ORD08255,2026-09-07T23:18:00+00:00,delivered,Pune,V007,DRV048
ORD08256,2026-09-22T11:58:00+00:00,delivered,Coimbatore,V046,DRV044
ORD08257,2026-08-21T06:41:00+00:00,delivered,Coimbatore,V077,DRV081
ORD08258,2026-08-05T11:18:00+00:00,in_transit,Hyderabad,V016,DRV088
ORD08259,2026-09-12T22:09:00+00:00,delivered,Tumakuru,V094,DRV118
ORD08260,2026-09-15T16:18:00+00:00,delayed,Hosur,V072,DRV077
ORD08261,2026-09-20T09:26:00+00:00,delayed,Bengaluru,V058,DRV118
ORD08262,2026-09-16T09:45:00+00:00,in_transit,Hosur,V039,DRV120
ORD08263,2026-08-30T10:00:00+00:00,delivered,Hosur,V070,DRV028
ORD08264,2026-09-14T17:52:00+00:00,delivered,Coimbatore,V038,DRV078
ORD08265,2026-09-02T23:55:00+00:00,delivered,Coimbatore,V077,DRV030
ORD08266,2026-09-24T20:04:00+00:00,delivered,Chennai,V062,DRV085
ORD08267,2026-08-29T20:38:00+00:00,picked_up,Hyderabad,V063,DRV023
ORD08268,2026-08-22T04:49:00+00:00,in_transit,Mangaluru,V048,DRV067
ORD08269,2026-08-04T06:20:00+00:00,delivered,Pune,V029,DRV005
ORD08270,2026-08-13T09:41:00+00:00,delivered,Mysuru,V069,DRV116
ORD08271,2026-08-21T23:51:00+00:00,delivered,Tumakuru,V042,DRV089
ORD08272,2026-09-01T12:06:00+00:00,delivered,Coimbatore,V070,DRV012
ORD08273,2026-08-15T14:05:00+00:00,delivered,Coimbatore,V054,DRV018
ORD08274,2026-09-15T01:15:00+00:00,delivered,Chennai,V091,DRV001
ORD08275,2026-09-15T17:43:00+00:00,delivered,Pune,V081,DRV114
ORD08276,2026-08-10T11:45:00+00:00,delivered,Mysuru,V042,DRV085
ORD08277,2026-09-24T00:14:00+00:00,delivered,Pune,V052,DRV035
ORD08278,2026-08-31T20:27:00+00:00,delayed,Tumakuru,V012,DRV057
ORD08279,2026-08-22T02:37:00+00:00,delivered,Hubballi,V046,DRV053
ORD08280,2026-09-15T10:34:00+00:00,delivered,Coimbatore,V033,DRV025
ORD08281,2026-08-03T09:33:00+00:00,delayed,Coimbatore,V097,DRV004
ORD08282,2026-08-03T04:43:00+00:00,picked_up,Pune,V010,DRV103
ORD08283,2026-08-03T18:38:00+00:00,delivered,Mangaluru,V051,DRV113
ORD08284,2026-09-12T22:02:00+00:00,delivered,Coimbatore,V038,DRV039
ORD08285,2026-08-29T11:04:00+00:00,delivered,Chennai,V023,DRV012
ORD08286,2026-08-14T18:28:00+00:00,delivered,Mysuru,V091,DRV080
ORD08287,2026-09-13T04:58:00+00:00,in_transit,Hyderabad,V073,DRV109
ORD08288,2026-08-11T07:12:00+00:00,delivered,Mangaluru,V081,DRV054
ORD08289,2026-09-21T16:15:00+00:00,in_transit,Chennai,V010,DRV082
ORD08290,2026-08-12T16:32:00+00:00,delivered,Pune,V077,DRV040
ORD08291,2026-08-01T07:40:00+00:00,in_transit,Hubballi,V031,DRV112
ORD08292,2026-09-17T13:38:00+00:00,delivered,Mysuru,V029,DRV110
ORD08293,2026-09-24T01:03:00+00:00,delivered,Mangaluru,V096,DRV020
ORD08294,2026-09-10T17:31:00+00:00,in_transit,Mangaluru,V030,DRV036
ORD08295,2026-08-27T22:39:00+00:00,delivered,Coimbatore,V062,DRV033
ORD08296,2026-08-12T02:15:00+00:00,delivered,Coimbatore,V011,DRV002
ORD08297,2026-08-07T23:00:00+00:00,cancelled,Mangaluru,V081,DRV068
ORD08298,2026-09-19T08:25:00+00:00,delivered,Pune,V021,DRV026
ORD08299,2026-09-16T09:42:00+00:00,in_transit,Tumakuru,V023,DRV030
ORD08300,2026-08-07T15:17:00+00:00,delivered,Hyderabad,V075,DRV043
ORD08301,2026-09-22T11:02:00+00:00,in_transit,Hubballi,V037,DRV047
ORD08302,2026-09-12T23:51:00+00:00,delivered,Pune,V085,DRV014
ORD08303,2026-08-15T10:43:00+00:00,delivered,Hubballi,V007,DRV109
ORD08304,2026-08-10T03:28:00+00:00,delivered,Coimbatore,V036,DRV024
ORD08305,2026-08-26T06:22:00+00:00,delayed,Mangaluru,V088,DRV036
ORD08306,2026-08-18T18:59:00+00:00,delivered,Mangaluru,V053,DRV044
ORD08307,2026-09-11T00:08:00+00:00,delivered,Coimbatore,V048,DRV095
ORD08308,2026-09-02T05:02:00+00:00,delivered,Coimbatore,V087,DRV119
ORD08309,2026-09-05T05:57:00+00:00,delivered,Mangaluru,V010,DRV099
ORD08310,2026-09-13T18:20:00+00:00,picked_up,Bengaluru,V039,DRV062
ORD08311,2026-08-26T21:28:00+00:00,delivered,Mysuru,V013,DRV073
ORD08312,2026-08-26T18:45:00+00:00,delayed,Hosur,V013,DRV071
ORD08313,2026-08-03T18:56:00+00:00,delivered,Chennai,V093,DRV029
ORD08314,2026-08-25T22:04:00+00:00,delayed,Mysuru,V003,DRV100
ORD08315,2026-09-23T22:37:00+00:00,delivered,Mangaluru,V081,DRV079
ORD08316,2026-08-08T12:13:00+00:00,delivered,Hosur,V014,DRV072
ORD08317,2026-09-12T00:35:00+00:00,delivered,Chennai,V010,DRV043
ORD08318,2026-09-08T14:48:00+00:00,picked_up,Pune,V009,DRV055
ORD08319,2026-09-22T10:04:00+00:00,delivered,Coimbatore,V056,DRV056
ORD08320,2026-09-20T08:19:00+00:00,delivered,Mysuru,V026,DRV072
ORD08321,2026-09-03T10:32:00+00:00,delivered,Chennai,V039,DRV104
ORD08322,2026-08-08T15:14:00+00:00,in_transit,Hyderabad,V003,DRV052
ORD08323,2026-09-19T15:33:00+00:00,in_transit,Chennai,V012,DRV011
ORD08324,2026-08-19T06:44:00+00:00,delivered,Tumakuru,V008,DRV072
ORD08325,2026-09-06T21:37:00+00:00,picked_up,Mangaluru,V058,DRV048
ORD08326,2026-08-29T22:06:00+00:00,delivered,Hosur,V018,DRV025
ORD08327,2026-09-05T05:15:00+00:00,in_transit,Coimbatore,V079,DRV084
ORD08328,2026-08-21T00:49:00+00:00,picked_up,Hyderabad,V082,DRV082
ORD08329,2026-08-10T18:02:00+00:00,delivered,Mysuru,V038,DRV045
ORD08330,2026-08-06T16:10:00+00:00,delivered,Mangaluru,V067,DRV098
ORD08331,2026-09-18T22:24:00+00:00,delivered,Bengaluru,V038,DRV094
ORD08332,2026-08-01T07:15:00+00:00,in_transit,Coimbatore,V090,DRV113
ORD08333,2026-08-15T18:39:00+00:00,delivered,Coimbatore,V100,DRV073
ORD08334,2026-08-16T09:21:00+00:00,delivered,Mysuru,V001,DRV093
ORD08335,2026-09-10T15:34:00+00:00,delivered,Coimbatore,V018,DRV103
ORD08336,2026-09-03T18:28:00+00:00,cancelled,Hubballi,V075,DRV083
ORD08337,2026-08-20T15:36:00+00:00,cancelled,Hosur,V031,DRV059
ORD08338,2026-09-04T02:27:00+00:00,cancelled,Mysuru,V089,DRV115
ORD08339,2026-09-21T05:01:00+00:00,picked_up,Bengaluru,V073,DRV034
ORD08340,2026-08-26T13:10:00+00:00,picked_up,Coimbatore,V089,DRV054
ORD08341,2026-08-13T12:15:00+00:00,delivered,Coimbatore,V080,DRV098
ORD08342,2026-09-11T05:59:00+00:00,in_transit,Hubballi,V067,DRV100
ORD08343,2026-08-14T09:26:00+00:00,delivered,Hosur,V089,DRV094
ORD08344,2026-09-10T11:28:00+00:00,in_transit,Coimbatore,V063,DRV001
ORD08345,2026-08-07T09:32:00+00:00,delivered,Tumakuru,V022,DRV115
ORD08346,2026-08-23T16:52:00+00:00,delivered,Hyderabad,V017,DRV080
ORD08347,2026-08-02T23:55:00+00:00,picked_up,Hyderabad,V052,DRV061
ORD08348,2026-08-17T23:21:00+00:00,cancelled,Hyderabad,V044,DRV106
ORD08349,2026-09-23T20:10:00+00:00,delivered,Mysuru,V014,DRV089
ORD08350,2026-08-22T17:01:00+00:00,delayed,Coimbatore,V025,DRV004
ORD08351,2026-09-20T06:20:00+00:00,in_transit,Tumakuru,V006,DRV120
ORD08352,2026-09-20T04:45:00+00:00,delivered,Mysuru,V064,DRV082
ORD08353,2026-09-20T14:55:00+00:00,delivered,Coimbatore,V064,DRV036
ORD08354,2026-08-24T17:07:00+00:00,delivered,Mangaluru,V020,DRV022
ORD08355,2026-08-24T05:30:00+00:00,delivered,Bengaluru,V043,DRV002
ORD08356,2026-08-09T13:58:00+00:00,picked_up,Hubballi,V095,DRV090
ORD08357,2026-09-03T02:12:00+00:00,picked_up,Hosur,V070,DRV070
ORD08358,2026-08-08T18:18:00+00:00,picked_up,Hosur,V035,DRV045
ORD08359,2026-08-04T15:37:00+00:00,picked_up,Hosur,V021,DRV103
ORD08360,2026-08-10T06:19:00+00:00,in_transit,Chennai,V007,DRV059
ORD08361,2026-09-23T06:39:00+00:00,picked_up,Pune,V052,DRV079
ORD08362,2026-09-04T07:32:00+00:00,in_transit,Coimbatore,V061,DRV024
ORD08363,2026-08-18T20:31:00+00:00,delivered,Mangaluru,V040,DRV009
ORD08364,2026-08-20T18:16:00+00:00,delivered,Mysuru,V046,DRV096
ORD08365,2026-09-09T20:43:00+00:00,picked_up,Hubballi,V090,DRV050
ORD08366,2026-08-12T07:05:00+00:00,delayed,Coimbatore,V063,DRV023
ORD08367,2026-08-20T03:51:00+00:00,delivered,Tumakuru,V072,DRV073
ORD08368,2026-08-29T05:05:00+00:00,delivered,Coimbatore,V019,DRV003
ORD08369,2026-09-02T09:23:00+00:00,delivered,Hyderabad,V074,DRV080
ORD08370,2026-08-26T16:12:00+00:00,in_transit,Bengaluru,V081,DRV010
ORD08371,2026-08-26T12:17:00+00:00,delivered,Hyderabad,V084,DRV072
ORD08372,2026-08-29T12:25:00+00:00,in_transit,Mangaluru,V076,DRV002
ORD08373,2026-08-21T06:28:00+00:00,picked_up,Chennai,V038,DRV023
ORD08374,2026-08-14T01:45:00+00:00,delivered,Hubballi,V008,DRV054
ORD08375,2026-08-29T15:55:00+00:00,in_transit,Mangaluru,V098,DRV013
ORD08376,2026-08-26T14:36:00+00:00,picked_up,Mysuru,V091,DRV074
ORD08377,2026-08-25T08:14:00+00:00,delivered,Pune,V036,DRV101
ORD08378,2026-09-05T23:04:00+00:00,delivered,Chennai,V062,DRV011
ORD08379,2026-08-05T07:18:00+00:00,delivered,Coimbatore,V031,DRV046
ORD08380,2026-09-13T14:48:00+00:00,in_transit,Coimbatore,V077,DRV060
ORD08381,2026-09-08T06:06:00+00:00,delivered,Pune,V085,DRV055
ORD08382,2026-08-24T10:59:00+00:00,cancelled,Mangaluru,V092,DRV012
ORD08383,2026-09-05T20:39:00+00:00,picked_up,Chennai,V098,DRV101
ORD08384,2026-08-28T14:31:00+00:00,delayed,Mangaluru,V021,DRV015
ORD08385,2026-08-13T10:00:00+00:00,picked_up,Bengaluru,V037,DRV093
ORD08386,2026-09-06T10:52:00+00:00,delivered,Hubballi,V003,DRV037
ORD08387,2026-08-05T03:19:00+00:00,picked_up,Mysuru,V043,DRV108
ORD08388,2026-08-18T16:29:00+00:00,delivered,Mangaluru,V010,DRV098
ORD08389,2026-08-30T12:45:00+00:00,in_transit,Coimbatore,V011,DRV069
ORD08390,2026-08-19T17:48:00+00:00,in_transit,Pune,V074,DRV097
ORD08391,2026-09-19T05:49:00+00:00,delivered,Hosur,V033,DRV012
ORD08392,2026-08-04T09:28:00+00:00,cancelled,Pune,V076,DRV043
ORD08393,2026-09-04T03:03:00+00:00,delivered,Mangaluru,V056,DRV036
ORD08394,2026-08-17T04:10:00+00:00,cancelled,Coimbatore,V020,DRV089
ORD08395,2026-08-01T08:50:00+00:00,picked_up,Mangaluru,V013,DRV019
ORD08396,2026-09-02T14:01:00+00:00,in_transit,Hosur,V095,DRV048
ORD08397,2026-09-10T03:30:00+00:00,delivered,Mysuru,V051,DRV044
ORD08398,2026-08-11T20:01:00+00:00,delivered,Mysuru,V014,DRV083
ORD08399,2026-09-20T01:53:00+00:00,delivered,Mangaluru,V032,DRV020
ORD08400,2026-09-06T08:20:00+00:00,delivered,Bengaluru,V037,DRV035
ORD08401,2026-08-07T11:05:00+00:00,in_transit,Chennai,V044,DRV010
ORD08402,2026-08-27T22:22:00+00:00,picked_up,Hyderabad,V053,DRV071
ORD08403,2026-08-11T21:45:00+00:00,delivered,Bengaluru,V062,DRV002
ORD08404,2026-09-19T18:07:00+00:00,picked_up,Coimbatore,V033,DRV045
ORD08405,2026-09-23T09:51:00+00:00,in_transit,Mangaluru,V060,DRV029
ORD08406,2026-08-14T21:40:00+00:00,delivered,Chennai,V100,DRV010
ORD08407,2026-09-04T18:46:00+00:00,delivered,Mysuru,V050,DRV017
ORD08408,2026-08-17T06:01:00+00:00,delivered,Mangaluru,V030,DRV076
ORD08409,2026-08-01T05:13:00+00:00,delivered,Hosur,V038,DRV054
ORD08410,2026-09-20T12:00:00+00:00,delivered,Mangaluru,V072,DRV037
ORD08411,2026-08-19T09:50:00+00:00,delivered,Coimbatore,V008,DRV004
ORD08412,2026-08-19T11:51:00+00:00,picked_up,Chennai,V025,DRV048
ORD08413,2026-08-26T01:47:00+00:00,delivered,Mysuru,V057,DRV045
ORD08414,2026-09-01T22:46:00+00:00,delivered,Hosur,V069,DRV019
ORD08415,2026-08-22T19:06:00+00:00,delivered,Coimbatore,V072,DRV096
ORD08416,2026-08-31T23:54:00+00:00,delayed,Bengaluru,V063,DRV079
ORD08417,2026-08-19T18:50:00+00:00,delivered,Mangaluru,V095,DRV077
ORD08418,2026-08-23T20:51:00+00:00,cancelled,Coimbatore,V087,DRV068
ORD08419,2026-09-08T20:38:00+00:00,delivered,Hosur,V025,DRV013
ORD08420,2026-09-06T05:10:00+00:00,delivered,Chennai,V070,DRV074
ORD08421,2026-08-03T04:28:00+00:00,delivered,Tumakuru,V011,DRV024
ORD08422,2026-08-18T12:56:00+00:00,picked_up,Pune,V030,DRV073
ORD08423,2026-09-16T17:13:00+00:00,picked_up,Mangaluru,V099,DRV020
ORD08424,2026-09-03T14:38:00+00:00,delayed,Coimbatore,V098,DRV104
ORD08425,2026-08-17T04:00:00+00:00,in_transit,Coimbatore,V060,DRV037
ORD08426,2026-09-05T04:45:00+00:00,delivered,Pune,V011,DRV027
ORD08427,2026-08-15T12:55:00+00:00,in_transit,Chennai,V076,DRV102
ORD08428,2026-08-22T04:31:00+00:00,picked_up,Mangaluru,V100,DRV006
ORD08429,2026-08-23T16:57:00+00:00,in_transit,Hyderabad,V029,DRV086
ORD08430,2026-09-08T15:54:00+00:00,delivered,Mysuru,V091,DRV019
ORD08431,2026-09-23T09:14:00+00:00,delivered,Coimbatore,V090,DRV096
ORD08432,2026-08-24T14:09:00+00:00,picked_up,Pune,V054,DRV092
ORD08433,2026-09-19T13:28:00+00:00,delivered,Pune,V050,DRV047
ORD08434,2026-09-24T11:16:00+00:00,picked_up,Coimbatore,V067,DRV015
ORD08435,2026-08-27T02:54:00+00:00,delivered,Mangaluru,V017,DRV059
ORD08436,2026-08-08T09:28:00+00:00,cancelled,Hubballi,V016,DRV080
ORD08437,2026-09-06T13:28:00+00:00,delivered,Mangaluru,V087,DRV058
ORD08438,2026-08-11T22:04:00+00:00,delivered,Hyderabad,V037,DRV111
ORD08439,2026-09-10T17:58:00+00:00,delayed,Mysuru,V001,DRV072
ORD08440,2026-09-04T13:34:00+00:00,delivered,Hyderabad,V084,DRV019
ORD08441,2026-08-24T18:19:00+00:00,in_transit,Chennai,V094,DRV022
ORD08442,2026-08-03T20:35:00+00:00,delivered,Chennai,V042,DRV079
ORD08443,2026-09-21T16:56:00+00:00,delivered,Mysuru,V021,DRV014
ORD08444,2026-09-10T12:14:00+00:00,picked_up,Hubballi,V055,DRV097
ORD08445,2026-09-16T00:35:00+00:00,delivered,Pune,V100,DRV061
ORD08446,2026-08-16T01:45:00+00:00,delivered,Mysuru,V059,DRV098
ORD08447,2026-09-04T09:18:00+00:00,delayed,Pune,V024,DRV015
ORD08448,2026-09-16T20:43:00+00:00,delivered,Coimbatore,V031,DRV099
ORD08449,2026-09-09T11:30:00+00:00,in_transit,Mysuru,V090,DRV034
ORD08450,2026-09-03T11:00:00+00:00,delivered,Tumakuru,V073,DRV060
ORD08451,2026-08-06T21:52:00+00:00,delayed,Coimbatore,V073,DRV086
ORD08452,2026-08-16T12:09:00+00:00,in_transit,Coimbatore,V079,DRV057
ORD08453,2026-09-23T09:34:00+00:00,delayed,Hubballi,V037,DRV046
ORD08454,2026-08-13T11:03:00+00:00,delivered,Hyderabad,V005,DRV042
ORD08455,2026-08-11T05:50:00+00:00,delivered,Hosur,V065,DRV085
ORD08456,2026-08-23T15:21:00+00:00,in_transit,Chennai,V087,DRV111
ORD08457,2026-08-20T15:49:00+00:00,delivered,Mysuru,V007,DRV001
ORD08458,2026-09-02T06:55:00+00:00,cancelled,Mysuru,V046,DRV113
ORD08459,2026-09-24T08:32:00+00:00,picked_up,Mangaluru,V084,DRV107
ORD08460,2026-08-07T15:14:00+00:00,picked_up,Mangaluru,V089,DRV055
ORD08461,2026-08-19T18:16:00+00:00,delivered,Mangaluru,V063,DRV007
ORD08462,2026-09-05T22:30:00+00:00,delivered,Chennai,V067,DRV055
ORD08463,2026-09-11T10:26:00+00:00,picked_up,Coimbatore,V088,DRV059
ORD08464,2026-08-21T17:41:00+00:00,cancelled,Hosur,V009,DRV069
ORD08465,2026-08-30T17:01:00+00:00,delivered,Tumakuru,V065,DRV066
ORD08466,2026-08-15T09:33:00+00:00,delivered,Hosur,V054,DRV008
ORD08467,2026-08-01T04:57:00+00:00,delayed,Coimbatore,V072,DRV102
ORD08468,2026-08-03T18:37:00+00:00,picked_up,Hosur,V048,DRV012
ORD08469,2026-08-25T15:22:00+00:00,in_transit,Hyderabad,V089,DRV073
ORD08470,2026-08-02T21:05:00+00:00,in_transit,Chennai,V007,DRV055
ORD08471,2026-08-07T16:43:00+00:00,in_transit,Hyderabad,V088,DRV042
ORD08472,2026-08-09T22:22:00+00:00,delivered,Chennai,V043,DRV081
ORD08473,2026-08-13T13:36:00+00:00,picked_up,Mysuru,V072,DRV104
ORD08474,2026-09-20T12:16:00+00:00,delivered,Hubballi,V030,DRV119
ORD08475,2026-08-18T11:38:00+00:00,delivered,Hubballi,V099,DRV056
ORD08476,2026-08-14T13:53:00+00:00,picked_up,Mangaluru,V027,DRV034
ORD08477,2026-09-08T15:43:00+00:00,delivered,Coimbatore,V062,DRV101
ORD08478,2026-09-05T00:34:00+00:00,picked_up,Hosur,V002,DRV085
ORD08479,2026-09-09T01:45:00+00:00,delivered,Chennai,V044,DRV092
ORD08480,2026-09-02T07:35:00+00:00,delivered,Mysuru,V070,DRV030
ORD08481,2026-08-27T20:07:00+00:00,delayed,Hyderabad,V006,DRV059
ORD08482,2026-09-21T14:47:00+00:00,picked_up,Chennai,V025,DRV042
ORD08483,2026-08-14T09:33:00+00:00,picked_up,Coimbatore,V056,DRV014
ORD08484,2026-08-27T11:10:00+00:00,in_transit,Chennai,V011,DRV009
ORD08485,2026-09-20T09:54:00+00:00,picked_up,Mangaluru,V014,DRV018
ORD08486,2026-09-19T04:59:00+00:00,in_transit,Coimbatore,V042,DRV082
ORD08487,2026-08-19T18:52:00+00:00,picked_up,Pune,V093,DRV084
ORD08488,2026-09-07T10:44:00+00:00,cancelled,Mysuru,V079,DRV035
ORD08489,2026-09-10T04:47:00+00:00,delivered,Coimbatore,V078,DRV110
ORD08490,2026-09-14T19:53:00+00:00,in_transit,Coimbatore,V076,DRV055
ORD08491,2026-09-24T08:01:00+00:00,delayed,Hosur,V033,DRV105
ORD08492,2026-08-01T15:00:00+00:00,delivered,Hubballi,V089,DRV071
ORD08493,2026-08-24T23:10:00+00:00,delivered,Chennai,V084,DRV093
ORD08494,2026-09-13T20:23:00+00:00,picked_up,Coimbatore,V061,DRV015
ORD08495,2026-08-14T19:18:00+00:00,in_transit,Tumakuru,V002,DRV108
ORD08496,2026-09-10T16:10:00+00:00,delivered,Hosur,V079,DRV009
ORD08497,2026-09-19T07:47:00+00:00,delivered,Coimbatore,V083,DRV097
ORD08498,2026-08-11T08:31:00+00:00,delivered,Coimbatore,V037,DRV059
ORD08499,2026-08-24T09:25:00+00:00,delivered,Mysuru,V030,DRV100
ORD08500,2026-08-13T05:25:00+00:00,delivered,Hyderabad,V089,DRV009
ORD08501,2026-08-01T19:53:00+00:00,in_transit,Coimbatore,V047,DRV093
ORD08502,2026-08-13T06:02:00+00:00,delivered,Pune,V044,DRV046
ORD08503,2026-08-02T05:43:00+00:00,picked_up,Pune,V001,DRV069
ORD08504,2026-08-28T07:55:00+00:00,delayed,Coimbatore,V014,DRV040
ORD08505,2026-08-15T14:44:00+00:00,delivered,Mangaluru,V048,DRV042
ORD08506,2026-09-21T08:06:00+00:00,delivered,Coimbatore,V037,DRV069
ORD08507,2026-08-19T09:02:00+00:00,delivered,Hosur,V054,DRV111
ORD08508,2026-09-13T01:19:00+00:00,delivered,Hosur,V012,DRV013
ORD08509,2026-09-11T11:10:00+00:00,cancelled,Coimbatore,V041,DRV110
ORD08510,2026-09-19T17:10:00+00:00,delivered,Hosur,V089,DRV045
ORD08511,2026-08-04T15:22:00+00:00,in_transit,Coimbatore,V064,DRV034
ORD08512,2026-09-23T12:56:00+00:00,delivered,Mangaluru,V080,DRV105
ORD08513,2026-09-16T02:27:00+00:00,delivered,Pune,V097,DRV120
ORD08514,2026-08-30T17:02:00+00:00,in_transit,Tumakuru,V099,DRV074
ORD08515,2026-08-05T06:16:00+00:00,delivered,Hubballi,V048,DRV029
ORD08516,2026-09-07T05:17:00+00:00,delivered,Hyderabad,V032,DRV017
ORD08517,2026-09-04T23:41:00+00:00,delivered,Coimbatore,V063,DRV101
ORD08518,2026-08-20T18:03:00+00:00,cancelled,Hyderabad,V064,DRV108
ORD08519,2026-09-02T21:58:00+00:00,delivered,Mysuru,V020,DRV015
ORD08520,2026-09-05T02:06:00+00:00,in_transit,Mysuru,V050,DRV067
ORD08521,2026-08-16T13:08:00+00:00,delivered,Hubballi,V008,DRV084
ORD08522,2026-08-30T18:47:00+00:00,delayed,Tumakuru,V038,DRV038
ORD08523,2026-09-16T03:21:00+00:00,delivered,Bengaluru,V043,DRV120
ORD08524,2026-08-08T03:11:00+00:00,in_transit,Hyderabad,V095,DRV030
ORD08525,2026-08-12T17:09:00+00:00,delivered,Coimbatore,V078,DRV042
ORD08526,2026-09-08T00:24:00+00:00,delivered,Hubballi,V045,DRV096
ORD08527,2026-08-16T11:34:00+00:00,delivered,Coimbatore,V100,DRV040
ORD08528,2026-08-09T09:31:00+00:00,delivered,Hubballi,V085,DRV092
ORD08529,2026-08-06T02:36:00+00:00,delivered,Tumakuru,V029,DRV029
ORD08530,2026-08-25T08:15:00+00:00,delayed,Mangaluru,V015,DRV017
ORD08531,2026-09-04T06:53:00+00:00,picked_up,Pune,V097,DRV065
ORD08532,2026-08-01T19:44:00+00:00,delayed,Hyderabad,V093,DRV072
ORD08533,2026-08-05T19:24:00+00:00,delivered,Hosur,V065,DRV065
ORD08534,2026-08-14T21:35:00+00:00,cancelled,Coimbatore,V062,DRV043
ORD08535,2026-09-12T04:46:00+00:00,delivered,Mangaluru,V049,DRV107
ORD08536,2026-08-21T13:53:00+00:00,delivered,Mangaluru,V041,DRV114
ORD08537,2026-08-30T16:02:00+00:00,delayed,Coimbatore,V006,DRV068
ORD08538,2026-08-07T07:18:00+00:00,delayed,Hosur,V089,DRV050
ORD08539,2026-09-23T10:26:00+00:00,delivered,Hosur,V015,DRV019
ORD08540,2026-08-14T02:01:00+00:00,delivered,Mysuru,V062,DRV016
ORD08541,2026-09-23T06:35:00+00:00,delivered,Coimbatore,V031,DRV110
ORD08542,2026-09-09T22:58:00+00:00,delivered,Mysuru,V084,DRV113
ORD08543,2026-08-23T15:41:00+00:00,delivered,Pune,V086,DRV042
ORD08544,2026-08-20T03:01:00+00:00,delivered,Chennai,V012,DRV030
ORD08545,2026-09-05T01:52:00+00:00,picked_up,Chennai,V048,DRV083
ORD08546,2026-09-25T00:54:00+00:00,picked_up,Hosur,V031,DRV001
ORD08547,2026-09-04T17:25:00+00:00,delivered,Hosur,V037,DRV001
ORD08548,2026-08-03T17:12:00+00:00,picked_up,Coimbatore,V005,DRV056
ORD08549,2026-09-04T07:55:00+00:00,delivered,Mysuru,V079,DRV026
ORD08550,2026-09-08T23:08:00+00:00,cancelled,Coimbatore,V100,DRV015
ORD08551,2026-09-20T11:14:00+00:00,delivered,Hyderabad,V062,DRV072
ORD08552,2026-08-28T12:21:00+00:00,delayed,Hubballi,V026,DRV050
ORD08553,2026-08-27T03:12:00+00:00,delivered,Mysuru,V085,DRV085
ORD08554,2026-08-08T07:24:00+00:00,delivered,Mysuru,V009,DRV042
ORD08555,2026-08-22T21:02:00+00:00,delayed,Pune,V028,DRV070
ORD08556,2026-09-05T09:22:00+00:00,delivered,Mysuru,V031,DRV084
ORD08557,2026-09-12T04:55:00+00:00,delivered,Pune,V096,DRV060
ORD08558,2026-08-10T10:12:00+00:00,delivered,Mangaluru,V076,DRV110
ORD08559,2026-09-13T14:15:00+00:00,delivered,Tumakuru,V099,DRV044
ORD08560,2026-09-15T04:18:00+00:00,delivered,Coimbatore,V075,DRV039
ORD08561,2026-09-24T01:33:00+00:00,delivered,Pune,V033,DRV094
ORD08562,2026-09-04T03:49:00+00:00,delivered,Coimbatore,V080,DRV091
ORD08563,2026-09-01T04:51:00+00:00,cancelled,Coimbatore,V010,DRV034
ORD08564,2026-08-14T13:25:00+00:00,delivered,Bengaluru,V041,DRV068
ORD08565,2026-08-18T07:44:00+00:00,picked_up,Hubballi,V028,DRV002
ORD08566,2026-08-10T21:12:00+00:00,delivered,Mangaluru,V086,DRV084
ORD08567,2026-09-08T07:49:00+00:00,delivered,Coimbatore,V089,DRV080
ORD08568,2026-09-03T18:33:00+00:00,delayed,Hubballi,V023,DRV095
ORD08569,2026-08-10T16:49:00+00:00,delivered,Hyderabad,V004,DRV074
ORD08570,2026-09-16T05:05:00+00:00,delivered,Coimbatore,V073,DRV028
ORD08571,2026-08-06T18:36:00+00:00,delivered,Coimbatore,V084,DRV078
ORD08572,2026-08-02T20:59:00+00:00,picked_up,Coimbatore,V066,DRV020
ORD08573,2026-08-12T00:05:00+00:00,delivered,Chennai,V035,DRV031
ORD08574,2026-09-08T12:32:00+00:00,delivered,Chennai,V070,DRV032
ORD08575,2026-09-17T22:44:00+00:00,cancelled,Tumakuru,V058,DRV063
ORD08576,2026-09-11T17:39:00+00:00,delivered,Tumakuru,V064,DRV073
ORD08577,2026-09-08T07:57:00+00:00,delivered,Hyderabad,V021,DRV119
ORD08578,2026-09-04T21:56:00+00:00,delivered,Pune,V035,DRV004
ORD08579,2026-08-14T06:50:00+00:00,in_transit,Mysuru,V063,DRV117
ORD08580,2026-08-25T04:09:00+00:00,in_transit,Chennai,V071,DRV005
ORD08581,2026-09-19T07:31:00+00:00,in_transit,Hosur,V100,DRV109
ORD08582,2026-08-10T23:17:00+00:00,delivered,Mysuru,V080,DRV051
ORD08583,2026-08-10T20:16:00+00:00,delivered,Pune,V100,DRV032
ORD08584,2026-08-30T16:27:00+00:00,delivered,Coimbatore,V059,DRV073
ORD08585,2026-08-20T20:48:00+00:00,delivered,Coimbatore,V088,DRV057
ORD08586,2026-09-02T19:51:00+00:00,cancelled,Hyderabad,V076,DRV049
ORD08587,2026-09-08T18:51:00+00:00,delivered,Hubballi,V067,DRV086
ORD08588,2026-09-01T22:43:00+00:00,delivered,Mysuru,V007,DRV062
ORD08589,2026-08-24T14:24:00+00:00,picked_up,Hyderabad,V023,DRV022
ORD08590,2026-08-02T02:55:00+00:00,delivered,Coimbatore,V045,DRV067
ORD08591,2026-09-23T13:40:00+00:00,delayed,Pune,V047,DRV003
ORD08592,2026-09-09T18:57:00+00:00,delivered,Hubballi,V095,DRV035
ORD08593,2026-08-07T03:53:00+00:00,delivered,Coimbatore,V064,DRV037
ORD08594,2026-09-06T21:02:00+00:00,delivered,Mangaluru,V017,DRV056
ORD08595,2026-08-04T13:09:00+00:00,picked_up,Chennai,V075,DRV085
ORD08596,2026-08-21T06:33:00+00:00,delivered,Coimbatore,V079,DRV090
ORD08597,2026-09-08T14:08:00+00:00,delivered,Coimbatore,V033,DRV028
ORD08598,2026-09-11T15:15:00+00:00,delivered,Coimbatore,V044,DRV044
ORD08599,2026-08-18T21:38:00+00:00,picked_up,Coimbatore,V100,DRV038
ORD08600,2026-09-14T12:05:00+00:00,in_transit,Coimbatore,V080,DRV055
ORD08601,2026-09-02T11:28:00+00:00,delivered,Chennai,V033,DRV003
ORD08602,2026-08-12T06:51:00+00:00,delivered,Coimbatore,V067,DRV109
ORD08603,2026-08-16T14:00:00+00:00,delivered,Coimbatore,V011,DRV006
ORD08604,2026-09-16T23:05:00+00:00,in_transit,Hyderabad,V037,DRV054
ORD08605,2026-08-13T09:22:00+00:00,delivered,Mangaluru,V090,DRV012
ORD08606,2026-08-16T18:53:00+00:00,delivered,Coimbatore,V052,DRV030
ORD08607,2026-09-19T17:23:00+00:00,delivered,Coimbatore,V073,DRV057
ORD08608,2026-08-07T19:54:00+00:00,picked_up,Pune,V089,DRV111
ORD08609,2026-08-10T14:21:00+00:00,delayed,Pune,V097,DRV015
ORD08610,2026-09-19T02:39:00+00:00,in_transit,Mangaluru,V018,DRV060
ORD08611,2026-09-24T11:15:00+00:00,delivered,Coimbatore,V030,DRV048
ORD08612,2026-09-06T18:18:00+00:00,in_transit,Pune,V098,DRV026
ORD08613,2026-09-12T13:17:00+00:00,delivered,Mangaluru,V059,DRV015
ORD08614,2026-08-25T02:22:00+00:00,picked_up,Hosur,V096,DRV059
ORD08615,2026-09-19T07:26:00+00:00,delivered,Coimbatore,V010,DRV017
ORD08616,2026-09-16T19:30:00+00:00,delivered,Mangaluru,V019,DRV093
ORD08617,2026-08-15T17:00:00+00:00,picked_up,Mangaluru,V057,DRV032
ORD08618,2026-08-25T17:15:00+00:00,in_transit,Pune,V033,DRV107
ORD08619,2026-09-06T02:11:00+00:00,delivered,Hubballi,V020,DRV032
ORD08620,2026-08-12T17:17:00+00:00,picked_up,Hosur,V059,DRV058
ORD08621,2026-08-27T01:07:00+00:00,delivered,Chennai,V002,DRV037
ORD08622,2026-09-22T16:19:00+00:00,delivered,Coimbatore,V090,DRV067
ORD08623,2026-08-01T14:04:00+00:00,delivered,Chennai,V074,DRV052
ORD08624,2026-08-19T19:56:00+00:00,picked_up,Hosur,V073,DRV095
ORD08625,2026-09-05T14:06:00+00:00,in_transit,Coimbatore,V005,DRV112
ORD08626,2026-09-18T19:28:00+00:00,picked_up,Tumakuru,V081,DRV024
ORD08627,2026-09-16T13:56:00+00:00,cancelled,Hosur,V090,DRV032
ORD08628,2026-08-18T06:24:00+00:00,delivered,Chennai,V017,DRV036
ORD08629,2026-08-31T13:59:00+00:00,delayed,Mangaluru,V020,DRV092
ORD08630,2026-08-27T02:08:00+00:00,picked_up,Mangaluru,V042,DRV053
ORD08631,2026-08-03T05:40:00+00:00,delivered,Hosur,V084,DRV049
ORD08632,2026-08-02T05:33:00+00:00,delayed,Mangaluru,V048,DRV074
ORD08633,2026-08-17T13:35:00+00:00,delivered,Hyderabad,V017,DRV069
ORD08634,2026-08-21T04:29:00+00:00,in_transit,Coimbatore,V013,DRV038
ORD08635,2026-09-17T00:14:00+00:00,delivered,Chennai,V016,DRV032
ORD08636,2026-08-15T12:16:00+00:00,delivered,Mangaluru,V038,DRV106
ORD08637,2026-08-30T01:07:00+00:00,delivered,Coimbatore,V068,DRV088
ORD08638,2026-08-29T20:14:00+00:00,picked_up,Hubballi,V014,DRV023
ORD08639,2026-08-08T22:43:00+00:00,picked_up,Coimbatore,V041,DRV102
ORD08640,2026-08-01T17:53:00+00:00,delivered,Hosur,V024,DRV020
ORD08641,2026-08-22T04:43:00+00:00,delivered,Tumakuru,V089,DRV011
ORD08642,2026-08-02T15:31:00+00:00,delivered,Pune,V069,DRV040
ORD08643,2026-09-22T05:45:00+00:00,picked_up,Mysuru,V072,DRV109
ORD08644,2026-09-10T03:27:00+00:00,in_transit,Mysuru,V025,DRV023
ORD08645,2026-08-12T17:41:00+00:00,picked_up,Coimbatore,V039,DRV035
ORD08646,2026-09-05T03:41:00+00:00,picked_up,Mysuru,V001,DRV066
ORD08647,2026-08-05T23:54:00+00:00,delivered,Tumakuru,V075,DRV025
ORD08648,2026-08-26T03:31:00+00:00,cancelled,Mangaluru,V048,DRV108
ORD08649,2026-08-17T13:41:00+00:00,delivered,Coimbatore,V015,DRV029
ORD08650,2026-08-03T09:54:00+00:00,delivered,Hyderabad,V023,DRV025
ORD08651,2026-09-22T18:34:00+00:00,in_transit,Coimbatore,V018,DRV119
ORD08652,2026-08-26T20:17:00+00:00,cancelled,Pune,V064,DRV030
ORD08653,2026-08-10T02:56:00+00:00,delayed,Coimbatore,V080,DRV011
ORD08654,2026-09-24T15:12:00+00:00,picked_up,Pune,V075,DRV044
ORD08655,2026-08-31T03:51:00+00:00,in_transit,Hyderabad,V065,DRV083
ORD08656,2026-08-09T03:20:00+00:00,delayed,Tumakuru,V084,DRV111
ORD08657,2026-08-28T23:03:00+00:00,in_transit,Mysuru,V016,DRV080
ORD08658,2026-08-08T22:37:00+00:00,delivered,Pune,V031,DRV003
ORD08659,2026-08-26T07:50:00+00:00,picked_up,Hubballi,V027,DRV094
ORD08660,2026-08-08T08:16:00+00:00,in_transit,Coimbatore,V015,DRV119
ORD08661,2026-08-13T13:13:00+00:00,picked_up,Chennai,V053,DRV034
ORD08662,2026-08-03T09:56:00+00:00,in_transit,Mysuru,V025,DRV081
ORD08663,2026-09-03T17:37:00+00:00,delivered,Hosur,V089,DRV086
ORD08664,2026-08-13T03:31:00+00:00,delivered,Hosur,V082,DRV094
ORD08665,2026-09-04T15:18:00+00:00,delivered,Mysuru,V089,DRV094
ORD08666,2026-08-07T13:11:00+00:00,picked_up,Mangaluru,V019,DRV060
ORD08667,2026-08-21T20:44:00+00:00,delivered,Hyderabad,V074,DRV058
ORD08668,2026-08-16T04:51:00+00:00,delivered,Hosur,V081,DRV075
ORD08669,2026-08-02T16:44:00+00:00,delivered,Bengaluru,V055,DRV111
ORD08670,2026-08-11T18:00:00+00:00,in_transit,Hosur,V008,DRV092
ORD08671,2026-08-27T11:07:00+00:00,delivered,Hubballi,V002,DRV019
ORD08672,2026-09-17T10:43:00+00:00,in_transit,Hosur,V041,DRV088
ORD08673,2026-08-13T01:37:00+00:00,delivered,Hosur,V070,DRV034
ORD08674,2026-09-07T06:12:00+00:00,delivered,Pune,V043,DRV107
ORD08675,2026-08-07T00:51:00+00:00,delivered,Pune,V061,DRV005
ORD08676,2026-09-12T00:56:00+00:00,in_transit,Mangaluru,V062,DRV019
ORD08677,2026-09-21T09:23:00+00:00,delivered,Bengaluru,V041,DRV106
ORD08678,2026-08-21T17:46:00+00:00,delivered,Pune,V039,DRV105
ORD08679,2026-09-08T01:22:00+00:00,in_transit,Coimbatore,V065,DRV066
ORD08680,2026-08-17T01:50:00+00:00,picked_up,Coimbatore,V007,DRV065
ORD08681,2026-09-06T12:33:00+00:00,delivered,Hubballi,V079,DRV068
ORD08682,2026-08-05T18:09:00+00:00,delivered,Mysuru,V046,DRV056
ORD08683,2026-09-12T21:07:00+00:00,delayed,Coimbatore,V090,DRV032
ORD08684,2026-08-28T00:31:00+00:00,delayed,Mysuru,V086,DRV082
ORD08685,2026-09-03T22:35:00+00:00,delivered,Hyderabad,V047,DRV035
ORD08686,2026-08-20T09:42:00+00:00,delivered,Pune,V013,DRV104
ORD08687,2026-08-25T15:06:00+00:00,picked_up,Mangaluru,V024,DRV108
ORD08688,2026-09-22T06:03:00+00:00,delivered,Mysuru,V065,DRV114
ORD08689,2026-09-24T16:40:00+00:00,picked_up,Mangaluru,V053,DRV095
ORD08690,2026-08-30T08:50:00+00:00,picked_up,Mangaluru,V044,DRV003
ORD08691,2026-09-04T18:44:00+00:00,delayed,Pune,V009,DRV113
ORD08692,2026-08-16T11:20:00+00:00,delivered,Pune,V009,DRV002
ORD08693,2026-08-16T00:16:00+00:00,delivered,Chennai,V065,DRV076
ORD08694,2026-08-10T17:28:00+00:00,cancelled,Hosur,V056,DRV115
ORD08695,2026-08-21T07:21:00+00:00,picked_up,Hosur,V055,DRV112
ORD08696,2026-08-18T17:41:00+00:00,delivered,Mangaluru,V075,DRV110
ORD08697,2026-08-28T00:54:00+00:00,delivered,Coimbatore,V086,DRV115
ORD08698,2026-08-27T02:16:00+00:00,picked_up,Coimbatore,V034,DRV120
ORD08699,2026-08-14T09:24:00+00:00,in_transit,Mangaluru,V025,DRV093
ORD08700,2026-09-11T18:44:00+00:00,delivered,Hyderabad,V013,DRV085
ORD08701,2026-09-08T00:06:00+00:00,in_transit,Hubballi,V097,DRV041
ORD08702,2026-09-06T05:33:00+00:00,delivered,Chennai,V050,DRV046
ORD08703,2026-08-11T18:09:00+00:00,delivered,Hosur,V055,DRV074
ORD08704,2026-09-24T14:33:00+00:00,delivered,Hosur,V024,DRV036
ORD08705,2026-08-29T08:51:00+00:00,delivered,Mangaluru,V055,DRV077
ORD08706,2026-09-07T23:55:00+00:00,delivered,Hubballi,V068,DRV027
ORD08707,2026-08-27T12:43:00+00:00,delivered,Hosur,V095,DRV028
ORD08708,2026-08-11T16:30:00+00:00,delivered,Coimbatore,V061,DRV069
ORD08709,2026-09-03T14:22:00+00:00,delivered,Mysuru,V096,DRV043
ORD08710,2026-08-10T07:35:00+00:00,delivered,Pune,V095,DRV104
ORD08711,2026-08-06T04:33:00+00:00,in_transit,Tumakuru,V051,DRV014
ORD08712,2026-09-20T14:54:00+00:00,delayed,Coimbatore,V064,DRV049
ORD08713,2026-08-29T02:10:00+00:00,delivered,Coimbatore,V004,DRV027
ORD08714,2026-08-26T20:00:00+00:00,delivered,Mangaluru,V100,DRV056
ORD08715,2026-08-10T01:23:00+00:00,picked_up,Hosur,V081,DRV019
ORD08716,2026-09-05T08:19:00+00:00,delayed,Chennai,V044,DRV056
ORD08717,2026-08-06T03:44:00+00:00,delivered,Mysuru,V088,DRV100
ORD08718,2026-09-15T05:04:00+00:00,delayed,Hosur,V086,DRV025
ORD08719,2026-08-07T23:33:00+00:00,picked_up,Chennai,V059,DRV090
ORD08720,2026-08-11T21:55:00+00:00,delivered,Hyderabad,V004,DRV115
ORD08721,2026-08-12T17:02:00+00:00,picked_up,Bengaluru,V033,DRV111
ORD08722,2026-08-17T00:45:00+00:00,delivered,Hosur,V034,DRV077
ORD08723,2026-09-19T04:07:00+00:00,delayed,Mangaluru,V024,DRV055
ORD08724,2026-08-03T13:27:00+00:00,in_transit,Hyderabad,V044,DRV118
ORD08725,2026-08-19T15:04:00+00:00,delivered,Hosur,V098,DRV003
ORD08726,2026-08-11T16:21:00+00:00,delivered,Chennai,V098,DRV054
ORD08727,2026-08-23T15:48:00+00:00,in_transit,Coimbatore,V086,DRV006
ORD08728,2026-09-18T23:08:00+00:00,delivered,Coimbatore,V087,DRV050
ORD08729,2026-08-17T19:07:00+00:00,delivered,Bengaluru,V080,DRV071
ORD08730,2026-08-09T00:15:00+00:00,delivered,Hosur,V025,DRV002
ORD08731,2026-09-05T01:38:00+00:00,delivered,Pune,V089,DRV084
ORD08732,2026-08-25T15:03:00+00:00,delivered,Mangaluru,V050,DRV010
ORD08733,2026-08-19T12:21:00+00:00,delayed,Hyderabad,V051,DRV026
ORD08734,2026-08-18T20:07:00+00:00,in_transit,Hubballi,V054,DRV012
ORD08735,2026-09-17T02:18:00+00:00,in_transit,Pune,V001,DRV041
ORD08736,2026-09-14T05:56:00+00:00,delivered,Chennai,V091,DRV033
ORD08737,2026-08-23T08:52:00+00:00,delivered,Hyderabad,V009,DRV106
ORD08738,2026-08-22T01:30:00+00:00,delivered,Coimbatore,V037,DRV097
ORD08739,2026-08-03T04:13:00+00:00,delivered,Tumakuru,V095,DRV057
ORD08740,2026-09-24T19:48:00+00:00,delivered,Hyderabad,V051,DRV010
ORD08741,2026-08-16T14:35:00+00:00,picked_up,Chennai,V048,DRV094
ORD08742,2026-08-20T15:53:00+00:00,delivered,Hosur,V015,DRV018
ORD08743,2026-09-09T22:55:00+00:00,in_transit,Bengaluru,V056,DRV030
ORD08744,2026-08-19T07:00:00+00:00,cancelled,Bengaluru,V072,DRV107
ORD08745,2026-09-06T03:27:00+00:00,in_transit,Hosur,V082,DRV043
ORD08746,2026-08-11T12:10:00+00:00,delivered,Coimbatore,V005,DRV108
ORD08747,2026-09-09T01:46:00+00:00,delivered,Pune,V023,DRV026
ORD08748,2026-08-22T18:21:00+00:00,delivered,Pune,V025,DRV031
ORD08749,2026-08-02T13:08:00+00:00,picked_up,Pune,V042,DRV063
ORD08750,2026-09-18T17:45:00+00:00,delivered,Coimbatore,V049,DRV065
ORD08751,2026-09-11T00:04:00+00:00,delivered,Coimbatore,V033,DRV048
ORD08752,2026-08-12T00:46:00+00:00,in_transit,Mangaluru,V007,DRV061
ORD08753,2026-08-02T13:48:00+00:00,delayed,Mysuru,V087,DRV074
ORD08754,2026-09-09T19:30:00+00:00,delivered,Hosur,V034,DRV030
ORD08755,2026-09-15T02:24:00+00:00,picked_up,Hubballi,V053,DRV090
ORD08756,2026-08-19T20:30:00+00:00,delivered,Mysuru,V003,DRV053
ORD08757,2026-08-16T01:11:00+00:00,delivered,Hosur,V024,DRV025
ORD08758,2026-08-15T17:27:00+00:00,delivered,Hosur,V037,DRV057
ORD08759,2026-09-07T12:06:00+00:00,in_transit,Coimbatore,V006,DRV026
ORD08760,2026-08-12T20:17:00+00:00,delivered,Mangaluru,V019,DRV065
ORD08761,2026-08-26T05:43:00+00:00,delivered,Chennai,V071,DRV043
ORD08762,2026-09-17T20:42:00+00:00,delayed,Hosur,V095,DRV029
ORD08763,2026-08-29T15:22:00+00:00,delayed,Mysuru,V082,DRV049
ORD08764,2026-08-22T10:05:00+00:00,delivered,Hosur,V096,DRV088
ORD08765,2026-09-09T00:49:00+00:00,picked_up,Mangaluru,V052,DRV068
ORD08766,2026-09-14T15:08:00+00:00,delivered,Mysuru,V002,DRV031
ORD08767,2026-09-09T09:19:00+00:00,picked_up,Mangaluru,V035,DRV030
ORD08768,2026-09-17T06:47:00+00:00,picked_up,Pune,V048,DRV087
ORD08769,2026-08-31T19:47:00+00:00,delayed,Mangaluru,V033,DRV021
ORD08770,2026-09-19T02:56:00+00:00,cancelled,Coimbatore,V081,DRV033
ORD08771,2026-08-25T10:24:00+00:00,delivered,Coimbatore,V070,DRV006
ORD08772,2026-08-25T02:02:00+00:00,delayed,Hyderabad,V076,DRV066
ORD08773,2026-09-08T19:52:00+00:00,picked_up,Chennai,V069,DRV004
ORD08774,2026-08-22T00:31:00+00:00,in_transit,Hosur,V094,DRV076
ORD08775,2026-09-08T17:57:00+00:00,delayed,Hosur,V004,DRV111
ORD08776,2026-09-23T21:38:00+00:00,delivered,Mysuru,V078,DRV053
ORD08777,2026-08-28T10:23:00+00:00,in_transit,Coimbatore,V088,DRV097
ORD08778,2026-09-07T14:22:00+00:00,delivered,Hubballi,V057,DRV102
ORD08779,2026-08-04T20:13:00+00:00,delivered,Chennai,V100,DRV120
ORD08780,2026-08-23T23:39:00+00:00,delivered,Hubballi,V017,DRV075
ORD08781,2026-08-24T23:02:00+00:00,in_transit,Coimbatore,V037,DRV070
ORD08782,2026-09-22T02:18:00+00:00,delivered,Mangaluru,V084,DRV065
ORD08783,2026-09-01T18:32:00+00:00,delivered,Mysuru,V062,DRV050
ORD08784,2026-09-04T17:02:00+00:00,delivered,Mysuru,V036,DRV109
ORD08785,2026-08-06T19:35:00+00:00,delivered,Hosur,V085,DRV064
ORD08786,2026-08-03T19:11:00+00:00,delivered,Pune,V053,DRV025
ORD08787,2026-09-08T16:42:00+00:00,delivered,Coimbatore,V005,DRV024
ORD08788,2026-08-31T20:05:00+00:00,picked_up,Coimbatore,V043,DRV062
ORD08789,2026-09-11T22:57:00+00:00,picked_up,Coimbatore,V055,DRV108
ORD08790,2026-08-11T08:03:00+00:00,in_transit,Hyderabad,V092,DRV022
ORD08791,2026-08-08T13:47:00+00:00,delivered,Mysuru,V036,DRV062
ORD08792,2026-09-19T18:51:00+00:00,in_transit,Hyderabad,V009,DRV077
ORD08793,2026-08-15T15:19:00+00:00,delivered,Coimbatore,V054,DRV019
ORD08794,2026-08-20T23:50:00+00:00,delivered,Mysuru,V004,DRV048
ORD08795,2026-08-19T03:12:00+00:00,delivered,Mangaluru,V078,DRV066
ORD08796,2026-08-15T01:17:00+00:00,picked_up,Hosur,V024,DRV017
ORD08797,2026-09-19T05:54:00+00:00,delayed,Mysuru,V092,DRV013
ORD08798,2026-09-22T09:06:00+00:00,delivered,Hubballi,V096,DRV079
ORD08799,2026-08-07T14:19:00+00:00,delivered,Coimbatore,V086,DRV117
ORD08800,2026-09-05T03:54:00+00:00,delivered,Pune,V089,DRV041
ORD08801,2026-08-14T00:02:00+00:00,in_transit,Bengaluru,V060,DRV066
ORD08802,2026-09-22T07:58:00+00:00,delivered,Chennai,V022,DRV072
ORD08803,2026-08-13T00:28:00+00:00,delivered,Tumakuru,V092,DRV106
ORD08804,2026-09-19T14:14:00+00:00,delayed,Mangaluru,V060,DRV037
ORD08805,2026-08-06T14:26:00+00:00,picked_up,Hubballi,V099,DRV066
ORD08806,2026-08-28T10:58:00+00:00,in_transit,Hyderabad,V047,DRV081
ORD08807,2026-09-05T12:00:00+00:00,picked_up,Hosur,V086,DRV044
ORD08808,2026-09-17T12:48:00+00:00,delivered,Mangaluru,V072,DRV067
ORD08809,2026-09-23T22:36:00+00:00,picked_up,Hubballi,V087,DRV040
ORD08810,2026-08-19T17:47:00+00:00,delivered,Tumakuru,V023,DRV051
ORD08811,2026-09-24T17:49:00+00:00,in_transit,Hyderabad,V040,DRV037
ORD08812,2026-09-17T15:09:00+00:00,delivered,Mysuru,V060,DRV030
ORD08813,2026-08-09T14:00:00+00:00,delivered,Mangaluru,V086,DRV065
ORD08814,2026-08-15T23:27:00+00:00,in_transit,Pune,V056,DRV011
ORD08815,2026-09-16T14:47:00+00:00,delivered,Mysuru,V005,DRV016
ORD08816,2026-08-27T06:23:00+00:00,delivered,Coimbatore,V097,DRV048
ORD08817,2026-08-14T22:57:00+00:00,delivered,Mangaluru,V020,DRV033
ORD08818,2026-08-15T02:47:00+00:00,picked_up,Coimbatore,V020,DRV093
ORD08819,2026-08-24T17:37:00+00:00,delivered,Hubballi,V054,DRV113
ORD08820,2026-09-10T07:10:00+00:00,cancelled,Coimbatore,V057,DRV007
ORD08821,2026-09-03T08:45:00+00:00,delivered,Coimbatore,V046,DRV030
ORD08822,2026-09-20T18:10:00+00:00,delivered,Hosur,V027,DRV059
ORD08823,2026-09-20T16:09:00+00:00,delivered,Hyderabad,V090,DRV083
ORD08824,2026-09-19T21:13:00+00:00,delivered,Hyderabad,V072,DRV063
ORD08825,2026-09-23T18:18:00+00:00,delayed,Pune,V068,DRV081
ORD08826,2026-08-19T17:34:00+00:00,delivered,Mysuru,V035,DRV008
ORD08827,2026-09-03T04:31:00+00:00,delivered,Hosur,V045,DRV110
ORD08828,2026-08-05T15:55:00+00:00,picked_up,Chennai,V034,DRV116
ORD08829,2026-08-05T06:42:00+00:00,delivered,Mangaluru,V043,DRV115
ORD08830,2026-08-06T01:10:00+00:00,delivered,Tumakuru,V057,DRV118
ORD08831,2026-09-08T16:21:00+00:00,picked_up,Coimbatore,V076,DRV011
ORD08832,2026-08-16T20:10:00+00:00,delivered,Mangaluru,V065,DRV025
ORD08833,2026-08-11T03:18:00+00:00,delayed,Chennai,V036,DRV061
ORD08834,2026-08-02T19:05:00+00:00,delayed,Coimbatore,V053,DRV116
ORD08835,2026-09-23T13:37:00+00:00,delivered,Hosur,V030,DRV050
ORD08836,2026-08-27T11:36:00+00:00,delivered,Mangaluru,V014,DRV033
ORD08837,2026-08-04T00:37:00+00:00,delivered,Mangaluru,V076,DRV065
ORD08838,2026-08-08T13:51:00+00:00,in_transit,Bengaluru,V026,DRV016
ORD08839,2026-08-31T05:05:00+00:00,delivered,Tumakuru,V076,DRV009
ORD08840,2026-09-09T02:26:00+00:00,delivered,Coimbatore,V094,DRV037
ORD08841,2026-08-12T10:16:00+00:00,in_transit,Hosur,V064,DRV069
ORD08842,2026-08-12T04:55:00+00:00,delayed,Coimbatore,V020,DRV026
ORD08843,2026-08-17T18:01:00+00:00,delayed,Coimbatore,V059,DRV041
ORD08844,2026-09-13T02:52:00+00:00,delivered,Pune,V041,DRV037
ORD08845,2026-09-14T08:22:00+00:00,delivered,Coimbatore,V025,DRV024
ORD08846,2026-08-04T21:54:00+00:00,picked_up,Coimbatore,V005,DRV102
ORD08847,2026-08-11T20:34:00+00:00,delivered,Mangaluru,V014,DRV002
ORD08848,2026-09-11T22:33:00+00:00,delivered,Pune,V054,DRV064
ORD08849,2026-08-01T05:46:00+00:00,delivered,Chennai,V100,DRV041
ORD08850,2026-08-26T20:09:00+00:00,delivered,Mysuru,V048,DRV030
ORD08851,2026-08-16T07:11:00+00:00,picked_up,Coimbatore,V089,DRV074
ORD08852,2026-08-24T08:16:00+00:00,delivered,Mysuru,V073,DRV061
ORD08853,2026-09-24T01:44:00+00:00,delivered,Mangaluru,V010,DRV038
ORD08854,2026-08-05T10:17:00+00:00,delivered,Coimbatore,V013,DRV100
ORD08855,2026-08-22T16:24:00+00:00,picked_up,Coimbatore,V096,DRV120
ORD08856,2026-08-02T13:22:00+00:00,delivered,Tumakuru,V074,DRV046
ORD08857,2026-08-24T20:58:00+00:00,delivered,Hosur,V027,DRV111
ORD08858,2026-09-05T18:35:00+00:00,picked_up,Hosur,V072,DRV104
ORD08859,2026-09-04T17:48:00+00:00,in_transit,Tumakuru,V034,DRV051
ORD08860,2026-09-24T17:03:00+00:00,in_transit,Hosur,V015,DRV070
ORD08861,2026-08-27T01:44:00+00:00,cancelled,Tumakuru,V042,DRV005
ORD08862,2026-08-25T23:58:00+00:00,in_transit,Coimbatore,V053,DRV098
ORD08863,2026-08-15T16:36:00+00:00,delivered,Coimbatore,V002,DRV115
ORD08864,2026-08-04T15:42:00+00:00,delivered,Hubballi,V099,DRV077
ORD08865,2026-09-03T06:09:00+00:00,delivered,Mysuru,V020,DRV072
ORD08866,2026-08-01T18:32:00+00:00,in_transit,Hubballi,V072,DRV068
ORD08867,2026-09-03T04:54:00+00:00,in_transit,Mangaluru,V010,DRV101
ORD08868,2026-08-07T00:45:00+00:00,delivered,Mangaluru,V028,DRV096
ORD08869,2026-08-22T11:37:00+00:00,delivered,Pune,V060,DRV001
ORD08870,2026-09-20T09:31:00+00:00,delivered,Chennai,V071,DRV101
ORD08871,2026-08-09T23:25:00+00:00,in_transit,Tumakuru,V070,DRV070
ORD08872,2026-08-05T22:34:00+00:00,in_transit,Coimbatore,V044,DRV089
ORD08873,2026-08-09T14:00:00+00:00,delivered,Chennai,V071,DRV033
ORD08874,2026-08-19T18:07:00+00:00,picked_up,Tumakuru,V022,DRV003
ORD08875,2026-08-03T02:53:00+00:00,delivered,Pune,V055,DRV063
ORD08876,2026-09-24T02:18:00+00:00,in_transit,Pune,V092,DRV011
ORD08877,2026-09-24T09:22:00+00:00,delivered,Pune,V093,DRV097
ORD08878,2026-08-29T11:54:00+00:00,delayed,Hosur,V084,DRV095
ORD08879,2026-09-01T18:42:00+00:00,delivered,Hyderabad,V021,DRV022
ORD08880,2026-08-08T21:15:00+00:00,delayed,Pune,V057,DRV060
ORD08881,2026-09-18T09:56:00+00:00,delivered,Hubballi,V030,DRV054
ORD08882,2026-08-02T17:51:00+00:00,delivered,Coimbatore,V029,DRV020
ORD08883,2026-08-04T19:28:00+00:00,delivered,Coimbatore,V012,DRV070
ORD08884,2026-09-13T17:54:00+00:00,delivered,Pune,V068,DRV106
ORD08885,2026-08-16T06:57:00+00:00,delivered,Mysuru,V034,DRV081
ORD08886,2026-08-09T17:40:00+00:00,delivered,Mangaluru,V005,DRV057
ORD08887,2026-09-01T17:09:00+00:00,delayed,Coimbatore,V005,DRV076
ORD08888,2026-09-12T05:51:00+00:00,delivered,Mysuru,V065,DRV004
ORD08889,2026-08-08T19:59:00+00:00,cancelled,Pune,V009,DRV108
ORD08890,2026-08-10T19:19:00+00:00,delivered,Coimbatore,V021,DRV093
ORD08891,2026-08-16T08:37:00+00:00,picked_up,Bengaluru,V059,DRV100
ORD08892,2026-09-06T04:51:00+00:00,delivered,Coimbatore,V006,DRV025
ORD08893,2026-08-23T12:45:00+00:00,in_transit,Tumakuru,V057,DRV079
ORD08894,2026-08-23T00:18:00+00:00,delivered,Mysuru,V014,DRV077
ORD08895,2026-08-11T06:39:00+00:00,delivered,Coimbatore,V033,DRV049
ORD08896,2026-09-07T09:30:00+00:00,delivered,Mysuru,V073,DRV045
ORD08897,2026-08-22T22:12:00+00:00,delivered,Tumakuru,V077,DRV009
ORD08898,2026-09-08T02:21:00+00:00,delayed,Mangaluru,V039,DRV119
ORD08899,2026-08-22T00:40:00+00:00,in_transit,Coimbatore,V094,DRV085
ORD08900,2026-09-22T16:45:00+00:00,picked_up,Chennai,V062,DRV071
ORD08901,2026-09-04T12:42:00+00:00,picked_up,Coimbatore,V035,DRV108
ORD08902,2026-09-16T05:31:00+00:00,in_transit,Hosur,V013,DRV070
ORD08903,2026-08-08T21:44:00+00:00,delivered,Hyderabad,V003,DRV057
ORD08904,2026-09-09T11:59:00+00:00,picked_up,Mysuru,V060,DRV010
ORD08905,2026-08-27T03:05:00+00:00,delivered,Tumakuru,V098,DRV005
ORD08906,2026-09-01T21:16:00+00:00,delivered,Coimbatore,V050,DRV068
ORD08907,2026-09-12T13:17:00+00:00,delivered,Mysuru,V002,DRV093
ORD08908,2026-08-01T05:46:00+00:00,delivered,Mysuru,V067,DRV041
ORD08909,2026-08-29T17:57:00+00:00,delivered,Mangaluru,V057,DRV039
ORD08910,2026-08-29T01:12:00+00:00,delivered,Coimbatore,V076,DRV034
ORD08911,2026-09-06T10:42:00+00:00,delivered,Mangaluru,V054,DRV099
ORD08912,2026-09-17T15:42:00+00:00,delivered,Coimbatore,V030,DRV069
ORD08913,2026-08-28T21:51:00+00:00,picked_up,Mangaluru,V041,DRV118
ORD08914,2026-08-15T13:42:00+00:00,delivered,Mysuru,V061,DRV087
ORD08915,2026-09-18T13:43:00+00:00,in_transit,Coimbatore,V083,DRV053
ORD08916,2026-08-08T09:36:00+00:00,delivered,Coimbatore,V015,DRV032
ORD08917,2026-09-13T03:18:00+00:00,in_transit,Tumakuru,V060,DRV086
ORD08918,2026-08-06T10:41:00+00:00,in_transit,Chennai,V100,DRV058
ORD08919,2026-08-28T06:39:00+00:00,delivered,Pune,V007,DRV078
ORD08920,2026-08-03T12:23:00+00:00,in_transit,Hosur,V099,DRV035
ORD08921,2026-08-31T12:07:00+00:00,picked_up,Hyderabad,V001,DRV054
ORD08922,2026-09-03T17:29:00+00:00,delayed,Hubballi,V065,DRV067
ORD08923,2026-09-20T21:47:00+00:00,delivered,Hosur,V057,DRV085
ORD08924,2026-08-03T11:48:00+00:00,delivered,Coimbatore,V035,DRV106
ORD08925,2026-09-10T20:29:00+00:00,cancelled,Hosur,V025,DRV064
ORD08926,2026-09-21T18:05:00+00:00,picked_up,Tumakuru,V043,DRV116
ORD08927,2026-09-23T21:38:00+00:00,delivered,Bengaluru,V016,DRV109
ORD08928,2026-08-02T20:30:00+00:00,delivered,Hosur,V048,DRV095
ORD08929,2026-08-08T16:27:00+00:00,delivered,Coimbatore,V058,DRV118
ORD08930,2026-09-01T09:45:00+00:00,picked_up,Pune,V046,DRV007
ORD08931,2026-08-04T00:26:00+00:00,delivered,Mangaluru,V033,DRV072
ORD08932,2026-09-09T18:25:00+00:00,delivered,Chennai,V008,DRV011
ORD08933,2026-08-30T04:40:00+00:00,picked_up,Chennai,V052,DRV120
ORD08934,2026-09-13T02:58:00+00:00,in_transit,Mysuru,V092,DRV104
ORD08935,2026-09-16T03:52:00+00:00,delivered,Chennai,V077,DRV101
ORD08936,2026-08-03T14:30:00+00:00,delivered,Pune,V077,DRV060
ORD08937,2026-09-11T00:39:00+00:00,picked_up,Coimbatore,V083,DRV091
ORD08938,2026-08-20T09:40:00+00:00,delivered,Mysuru,V045,DRV014
ORD08939,2026-08-08T06:27:00+00:00,picked_up,Mangaluru,V066,DRV026
ORD08940,2026-08-07T14:54:00+00:00,picked_up,Hosur,V008,DRV076
ORD08941,2026-09-14T06:01:00+00:00,cancelled,Bengaluru,V047,DRV065
ORD08942,2026-08-23T02:02:00+00:00,picked_up,Coimbatore,V049,DRV003
ORD08943,2026-08-08T04:17:00+00:00,delivered,Hosur,V046,DRV044
ORD08944,2026-08-25T08:09:00+00:00,in_transit,Tumakuru,V079,DRV015
ORD08945,2026-08-06T09:27:00+00:00,delayed,Mangaluru,V026,DRV035
ORD08946,2026-08-06T19:34:00+00:00,delivered,Coimbatore,V067,DRV067
ORD08947,2026-08-08T20:28:00+00:00,delivered,Coimbatore,V059,DRV058
ORD08948,2026-09-04T11:32:00+00:00,delayed,Hosur,V032,DRV041
ORD08949,2026-08-07T06:33:00+00:00,delivered,Chennai,V098,DRV067
ORD08950,2026-09-12T16:28:00+00:00,cancelled,Chennai,V027,DRV071
ORD08951,2026-09-10T16:44:00+00:00,delivered,Mangaluru,V016,DRV017
ORD08952,2026-09-11T22:33:00+00:00,in_transit,Mysuru,V018,DRV034
ORD08953,2026-08-20T23:19:00+00:00,delivered,Coimbatore,V069,DRV064
ORD08954,2026-08-21T06:02:00+00:00,delivered,Hyderabad,V092,DRV080
ORD08955,2026-09-03T03:28:00+00:00,delivered,Hubballi,V016,DRV117
ORD08956,2026-08-13T17:39:00+00:00,delayed,Tumakuru,V043,DRV018
ORD08957,2026-09-06T19:03:00+00:00,delivered,Chennai,V053,DRV055
ORD08958,2026-09-19T13:16:00+00:00,delivered,Hubballi,V037,DRV024
ORD08959,2026-08-20T17:40:00+00:00,picked_up,Coimbatore,V035,DRV075
ORD08960,2026-09-03T04:08:00+00:00,delivered,Coimbatore,V010,DRV021
ORD08961,2026-09-20T09:32:00+00:00,delayed,Mysuru,V058,DRV056
ORD08962,2026-09-13T06:19:00+00:00,picked_up,Pune,V096,DRV105
ORD08963,2026-08-08T15:07:00+00:00,delivered,Mysuru,V049,DRV068
ORD08964,2026-08-15T13:37:00+00:00,in_transit,Chennai,V056,DRV063
ORD08965,2026-08-08T16:36:00+00:00,delayed,Hosur,V083,DRV010
ORD08966,2026-08-18T10:11:00+00:00,delivered,Mangaluru,V067,DRV097
ORD08967,2026-08-13T22:12:00+00:00,delivered,Hyderabad,V027,DRV055
ORD08968,2026-09-14T20:24:00+00:00,delivered,Mangaluru,V038,DRV043
ORD08969,2026-09-03T11:01:00+00:00,delivered,Hosur,V098,DRV056
ORD08970,2026-09-11T18:27:00+00:00,in_transit,Coimbatore,V006,DRV034
ORD08971,2026-09-13T15:11:00+00:00,delivered,Coimbatore,V063,DRV012
ORD08972,2026-08-17T22:54:00+00:00,in_transit,Hubballi,V072,DRV025
ORD08973,2026-08-25T21:27:00+00:00,delivered,Pune,V002,DRV040
ORD08974,2026-09-12T19:44:00+00:00,picked_up,Mangaluru,V022,DRV007
ORD08975,2026-09-04T23:01:00+00:00,in_transit,Coimbatore,V069,DRV006
ORD08976,2026-08-23T12:09:00+00:00,in_transit,Mysuru,V077,DRV061
ORD08977,2026-08-19T05:51:00+00:00,delivered,Mysuru,V080,DRV073
ORD08978,2026-09-20T07:03:00+00:00,delivered,Hyderabad,V044,DRV078
ORD08979,2026-09-18T07:14:00+00:00,delivered,Chennai,V015,DRV075
ORD08980,2026-08-27T23:55:00+00:00,in_transit,Coimbatore,V099,DRV015
ORD08981,2026-09-06T16:41:00+00:00,delivered,Mangaluru,V090,DRV003
ORD08982,2026-08-20T13:41:00+00:00,delivered,Mysuru,V034,DRV063
ORD08983,2026-08-23T08:54:00+00:00,delivered,Coimbatore,V001,DRV120
ORD08984,2026-09-04T00:36:00+00:00,delivered,Mangaluru,V017,DRV018
ORD08985,2026-08-29T03:35:00+00:00,delivered,Hosur,V037,DRV050
ORD08986,2026-08-11T04:49:00+00:00,delivered,Pune,V022,DRV106
ORD08987,2026-09-11T11:31:00+00:00,delivered,Hyderabad,V004,DRV038
ORD08988,2026-09-19T22:05:00+00:00,delivered,Hosur,V012,DRV020
ORD08989,2026-09-03T02:00:00+00:00,delivered,Hyderabad,V067,DRV064
ORD08990,2026-08-22T19:52:00+00:00,picked_up,Pune,V022,DRV077
ORD08991,2026-08-12T09:05:00+00:00,delayed,Chennai,V011,DRV084
ORD08992,2026-08-06T02:39:00+00:00,delayed,Mysuru,V033,DRV029
ORD08993,2026-08-24T00:14:00+00:00,delivered,Pune,V029,DRV085
ORD08994,2026-08-30T03:26:00+00:00,delivered,Hubballi,V018,DRV076
ORD08995,2026-09-13T23:40:00+00:00,delivered,Hyderabad,V018,DRV021
ORD08996,2026-09-15T17:56:00+00:00,picked_up,Chennai,V083,DRV032
ORD08997,2026-09-04T12:55:00+00:00,delivered,Coimbatore,V088,DRV087
ORD08998,2026-09-10T16:08:00+00:00,delivered,Chennai,V013,DRV064
ORD08999,2026-08-07T17:09:00+00:00,picked_up,Mangaluru,V029,DRV004
ORD09000,2026-09-22T07:51:00+00:00,delayed,Pune,V019,DRV037
ORD09001,2026-09-24T17:14:00+00:00,delivered,Mangaluru,V029,DRV046
ORD09002,2026-08-13T17:41:00+00:00,delivered,Coimbatore,V066,DRV030
ORD09003,2026-09-23T14:32:00+00:00,delivered,Coimbatore,V034,DRV080
ORD09004,2026-08-17T01:57:00+00:00,in_transit,Mysuru,V053,DRV057
ORD09005,2026-09-01T22:18:00+00:00,delivered,Coimbatore,V099,DRV095
ORD09006,2026-08-29T00:46:00+00:00,delivered,Mangaluru,V077,DRV116
ORD09007,2026-09-09T02:15:00+00:00,in_transit,Mysuru,V021,DRV102
ORD09008,2026-08-20T15:30:00+00:00,delivered,Pune,V087,DRV046
ORD09009,2026-09-14T21:02:00+00:00,delivered,Coimbatore,V012,DRV030
ORD09010,2026-09-05T13:55:00+00:00,delivered,Chennai,V015,DRV019
ORD09011,2026-09-04T13:30:00+00:00,delivered,Mangaluru,V046,DRV108
ORD09012,2026-08-10T23:47:00+00:00,picked_up,Mangaluru,V062,DRV012
ORD09013,2026-08-21T09:07:00+00:00,picked_up,Tumakuru,V029,DRV030
ORD09014,2026-08-31T16:57:00+00:00,delivered,Coimbatore,V027,DRV043
ORD09015,2026-08-23T04:18:00+00:00,delayed,Coimbatore,V011,DRV010
ORD09016,2026-08-03T04:12:00+00:00,picked_up,Coimbatore,V082,DRV084
ORD09017,2026-09-11T10:49:00+00:00,delivered,Pune,V070,DRV023
ORD09018,2026-09-19T03:37:00+00:00,delivered,Coimbatore,V072,DRV090
ORD09019,2026-09-13T20:10:00+00:00,delivered,Hyderabad,V080,DRV053
ORD09020,2026-09-16T14:30:00+00:00,picked_up,Coimbatore,V041,DRV055
ORD09021,2026-09-21T20:08:00+00:00,delayed,Mangaluru,V074,DRV101
ORD09022,2026-09-17T22:59:00+00:00,delivered,Mangaluru,V084,DRV027
ORD09023,2026-09-21T23:41:00+00:00,delivered,Chennai,V057,DRV048
ORD09024,2026-08-27T10:03:00+00:00,picked_up,Hosur,V096,DRV051
ORD09025,2026-08-23T03:46:00+00:00,delayed,Pune,V097,DRV002
ORD09026,2026-08-16T16:10:00+00:00,delivered,Bengaluru,V089,DRV051
ORD09027,2026-09-04T11:21:00+00:00,delivered,Mangaluru,V088,DRV098
ORD09028,2026-09-05T04:58:00+00:00,delivered,Coimbatore,V090,DRV100
ORD09029,2026-08-14T14:46:00+00:00,delivered,Mysuru,V054,DRV100
ORD09030,2026-09-09T11:36:00+00:00,in_transit,Chennai,V007,DRV068
ORD09031,2026-08-01T11:37:00+00:00,delivered,Hosur,V021,DRV054
ORD09032,2026-09-18T10:49:00+00:00,delivered,Chennai,V085,DRV025
ORD09033,2026-09-11T21:00:00+00:00,delivered,Mangaluru,V003,DRV047
ORD09034,2026-08-01T20:09:00+00:00,delivered,Coimbatore,V095,DRV035
ORD09035,2026-08-12T09:39:00+00:00,delivered,Coimbatore,V098,DRV011
ORD09036,2026-08-19T20:28:00+00:00,delayed,Mangaluru,V022,DRV009
ORD09037,2026-09-03T04:00:00+00:00,delayed,Hyderabad,V001,DRV118
ORD09038,2026-09-17T02:15:00+00:00,delivered,Tumakuru,V062,DRV087
ORD09039,2026-08-04T05:19:00+00:00,in_transit,Chennai,V087,DRV110
ORD09040,2026-08-10T10:04:00+00:00,cancelled,Chennai,V007,DRV078
ORD09041,2026-09-24T09:15:00+00:00,delayed,Hyderabad,V091,DRV081
ORD09042,2026-09-05T00:38:00+00:00,delivered,Hubballi,V031,DRV022
ORD09043,2026-08-17T07:53:00+00:00,in_transit,Mangaluru,V045,DRV002
ORD09044,2026-08-21T23:45:00+00:00,picked_up,Bengaluru,V100,DRV059
ORD09045,2026-08-29T06:47:00+00:00,picked_up,Mangaluru,V034,DRV066
ORD09046,2026-09-23T01:08:00+00:00,picked_up,Hyderabad,V028,DRV054
ORD09047,2026-09-09T17:36:00+00:00,delayed,Pune,V061,DRV096
ORD09048,2026-08-19T08:37:00+00:00,delivered,Tumakuru,V020,DRV108
ORD09049,2026-08-24T23:01:00+00:00,delivered,Tumakuru,V052,DRV027
ORD09050,2026-08-10T07:45:00+00:00,picked_up,Tumakuru,V066,DRV079
ORD09051,2026-09-21T20:46:00+00:00,delivered,Mysuru,V057,DRV072
ORD09052,2026-08-22T05:07:00+00:00,in_transit,Coimbatore,V044,DRV068
ORD09053,2026-08-13T22:54:00+00:00,in_transit,Coimbatore,V030,DRV106
ORD09054,2026-08-28T13:55:00+00:00,delivered,Coimbatore,V016,DRV034
ORD09055,2026-09-03T05:46:00+00:00,delivered,Hyderabad,V050,DRV101
ORD09056,2026-08-02T04:49:00+00:00,delayed,Coimbatore,V052,DRV014
ORD09057,2026-08-24T14:07:00+00:00,delivered,Tumakuru,V023,DRV016
ORD09058,2026-09-18T22:31:00+00:00,picked_up,Mangaluru,V073,DRV114
ORD09059,2026-09-09T16:27:00+00:00,in_transit,Hyderabad,V034,DRV050
ORD09060,2026-09-20T17:40:00+00:00,delivered,Coimbatore,V096,DRV072
ORD09061,2026-09-10T14:35:00+00:00,picked_up,Chennai,V055,DRV085
ORD09062,2026-09-14T23:17:00+00:00,cancelled,Coimbatore,V088,DRV049
ORD09063,2026-09-04T13:19:00+00:00,delivered,Hosur,V055,DRV073
ORD09064,2026-08-04T19:31:00+00:00,delivered,Coimbatore,V021,DRV061
ORD09065,2026-08-26T09:46:00+00:00,cancelled,Mangaluru,V070,DRV024
ORD09066,2026-09-04T12:42:00+00:00,delivered,Hubballi,V038,DRV104
ORD09067,2026-08-11T01:43:00+00:00,delivered,Coimbatore,V085,DRV050
ORD09068,2026-09-17T13:33:00+00:00,delivered,Coimbatore,V063,DRV017
ORD09069,2026-09-08T05:23:00+00:00,delayed,Hyderabad,V030,DRV113
ORD09070,2026-08-06T19:09:00+00:00,cancelled,Hosur,V061,DRV018
ORD09071,2026-09-20T03:35:00+00:00,delivered,Hosur,V006,DRV104
ORD09072,2026-08-04T17:16:00+00:00,delivered,Coimbatore,V026,DRV007
ORD09073,2026-08-03T15:01:00+00:00,in_transit,Pune,V017,DRV117
ORD09074,2026-08-23T13:09:00+00:00,delivered,Coimbatore,V040,DRV008
ORD09075,2026-08-01T22:46:00+00:00,picked_up,Mangaluru,V055,DRV107
ORD09076,2026-08-12T08:23:00+00:00,delivered,Mangaluru,V026,DRV010
ORD09077,2026-09-19T14:47:00+00:00,delivered,Coimbatore,V050,DRV058
ORD09078,2026-08-04T00:51:00+00:00,in_transit,Coimbatore,V100,DRV092
ORD09079,2026-09-01T18:21:00+00:00,delivered,Bengaluru,V052,DRV041
ORD09080,2026-08-04T12:44:00+00:00,delivered,Mangaluru,V084,DRV009
ORD09081,2026-08-22T11:27:00+00:00,in_transit,Mysuru,V057,DRV103
ORD09082,2026-08-01T17:25:00+00:00,in_transit,Mysuru,V044,DRV035
ORD09083,2026-08-19T18:13:00+00:00,picked_up,Coimbatore,V081,DRV061
ORD09084,2026-08-11T21:48:00+00:00,delivered,Coimbatore,V042,DRV107
ORD09085,2026-09-09T08:14:00+00:00,delivered,Hubballi,V051,DRV020
ORD09086,2026-08-06T06:42:00+00:00,delivered,Chennai,V005,DRV081
ORD09087,2026-09-12T20:43:00+00:00,delivered,Hosur,V051,DRV054
ORD09088,2026-09-09T17:02:00+00:00,picked_up,Coimbatore,V083,DRV057
ORD09089,2026-08-02T07:31:00+00:00,delivered,Mysuru,V050,DRV083
ORD09090,2026-08-31T17:33:00+00:00,in_transit,Mangaluru,V031,DRV095
ORD09091,2026-08-25T23:00:00+00:00,delivered,Coimbatore,V091,DRV078
ORD09092,2026-08-05T03:13:00+00:00,delivered,Hubballi,V072,DRV057
ORD09093,2026-08-13T19:26:00+00:00,picked_up,Pune,V044,DRV118
ORD09094,2026-08-24T21:55:00+00:00,delayed,Chennai,V082,DRV109
ORD09095,2026-08-03T10:15:00+00:00,delivered,Hosur,V030,DRV035
ORD09096,2026-09-08T00:24:00+00:00,in_transit,Pune,V016,DRV032
ORD09097,2026-08-27T18:45:00+00:00,delivered,Bengaluru,V023,DRV069
ORD09098,2026-08-18T07:10:00+00:00,delivered,Coimbatore,V098,DRV050
ORD09099,2026-09-16T12:47:00+00:00,delivered,Coimbatore,V039,DRV075
ORD09100,2026-08-15T14:54:00+00:00,in_transit,Hosur,V053,DRV071
ORD09101,2026-09-03T03:21:00+00:00,delivered,Chennai,V039,DRV084
ORD09102,2026-09-22T00:09:00+00:00,delivered,Mysuru,V084,DRV089
ORD09103,2026-08-10T01:12:00+00:00,delivered,Tumakuru,V057,DRV110
ORD09104,2026-09-18T08:50:00+00:00,delayed,Chennai,V019,DRV034
ORD09105,2026-09-13T10:52:00+00:00,delivered,Hubballi,V053,DRV063
ORD09106,2026-08-02T21:07:00+00:00,delayed,Tumakuru,V085,DRV003
ORD09107,2026-09-10T19:36:00+00:00,picked_up,Hosur,V097,DRV089
ORD09108,2026-08-01T16:19:00+00:00,in_transit,Mangaluru,V089,DRV072
ORD09109,2026-09-01T03:00:00+00:00,delivered,Bengaluru,V019,DRV040
ORD09110,2026-09-07T13:24:00+00:00,cancelled,Hosur,V045,DRV009
ORD09111,2026-08-13T09:13:00+00:00,delivered,Mysuru,V081,DRV004
ORD09112,2026-08-17T09:53:00+00:00,picked_up,Coimbatore,V068,DRV118
ORD09113,2026-09-23T12:11:00+00:00,delivered,Hosur,V045,DRV114
ORD09114,2026-08-07T19:32:00+00:00,in_transit,Pune,V100,DRV070
ORD09115,2026-08-22T08:29:00+00:00,picked_up,Mangaluru,V088,DRV071
ORD09116,2026-09-11T00:37:00+00:00,cancelled,Coimbatore,V018,DRV079
ORD09117,2026-08-12T10:59:00+00:00,delivered,Mangaluru,V014,DRV024
ORD09118,2026-09-15T20:37:00+00:00,picked_up,Chennai,V065,DRV038
ORD09119,2026-09-04T05:34:00+00:00,in_transit,Mangaluru,V099,DRV090
ORD09120,2026-09-23T10:55:00+00:00,delivered,Coimbatore,V004,DRV060
ORD09121,2026-08-31T22:28:00+00:00,picked_up,Coimbatore,V017,DRV014
ORD09122,2026-08-16T00:37:00+00:00,delivered,Mangaluru,V079,DRV028
ORD09123,2026-08-21T16:19:00+00:00,delivered,Coimbatore,V047,DRV112
ORD09124,2026-08-01T19:39:00+00:00,delivered,Hosur,V080,DRV094
ORD09125,2026-08-02T16:45:00+00:00,delivered,Pune,V005,DRV041
ORD09126,2026-08-16T10:04:00+00:00,picked_up,Hosur,V036,DRV045
ORD09127,2026-08-20T02:42:00+00:00,delivered,Coimbatore,V090,DRV067
ORD09128,2026-08-01T12:09:00+00:00,delivered,Hyderabad,V074,DRV115
ORD09129,2026-09-07T17:59:00+00:00,picked_up,Hosur,V023,DRV057
ORD09130,2026-08-16T05:21:00+00:00,delivered,Coimbatore,V097,DRV013
ORD09131,2026-09-24T14:05:00+00:00,delayed,Coimbatore,V070,DRV026
ORD09132,2026-08-08T07:00:00+00:00,delivered,Coimbatore,V023,DRV108
ORD09133,2026-09-19T10:22:00+00:00,delayed,Coimbatore,V060,DRV031
ORD09134,2026-09-03T13:47:00+00:00,in_transit,Hubballi,V083,DRV093
ORD09135,2026-08-07T21:56:00+00:00,delivered,Chennai,V072,DRV080
ORD09136,2026-08-06T04:50:00+00:00,in_transit,Hubballi,V055,DRV047
ORD09137,2026-08-05T17:26:00+00:00,delayed,Pune,V056,DRV088
ORD09138,2026-09-11T14:37:00+00:00,delivered,Mysuru,V059,DRV057
ORD09139,2026-08-31T04:19:00+00:00,delivered,Coimbatore,V027,DRV087
ORD09140,2026-09-19T09:15:00+00:00,delivered,Hyderabad,V067,DRV015
ORD09141,2026-09-16T04:11:00+00:00,delivered,Bengaluru,V024,DRV073
ORD09142,2026-08-26T03:31:00+00:00,in_transit,Mangaluru,V021,DRV116
ORD09143,2026-09-12T16:02:00+00:00,delivered,Pune,V014,DRV053
ORD09144,2026-09-04T02:11:00+00:00,delivered,Pune,V096,DRV007
ORD09145,2026-08-06T14:33:00+00:00,picked_up,Coimbatore,V061,DRV030
ORD09146,2026-09-02T19:26:00+00:00,in_transit,Mangaluru,V061,DRV115
ORD09147,2026-08-16T05:42:00+00:00,in_transit,Mangaluru,V025,DRV034
ORD09148,2026-08-29T14:32:00+00:00,delivered,Coimbatore,V050,DRV064
ORD09149,2026-08-16T14:00:00+00:00,delivered,Tumakuru,V076,DRV103
ORD09150,2026-08-21T04:28:00+00:00,delivered,Hubballi,V099,DRV016
ORD09151,2026-08-03T20:54:00+00:00,in_transit,Mysuru,V078,DRV014
ORD09152,2026-09-09T10:50:00+00:00,delivered,Chennai,V088,DRV011
ORD09153,2026-09-17T13:01:00+00:00,delivered,Mangaluru,V060,DRV112
ORD09154,2026-08-16T07:29:00+00:00,delivered,Coimbatore,V088,DRV033
ORD09155,2026-09-02T21:27:00+00:00,in_transit,Hyderabad,V049,DRV029
ORD09156,2026-08-30T19:09:00+00:00,delayed,Hosur,V051,DRV070
ORD09157,2026-08-18T13:46:00+00:00,picked_up,Pune,V093,DRV087
ORD09158,2026-08-22T05:47:00+00:00,delivered,Mangaluru,V060,DRV100
ORD09159,2026-08-07T12:56:00+00:00,delivered,Chennai,V089,DRV069
ORD09160,2026-08-21T15:19:00+00:00,delivered,Tumakuru,V055,DRV068
ORD09161,2026-08-28T17:44:00+00:00,delivered,Mangaluru,V100,DRV107
ORD09162,2026-08-21T09:17:00+00:00,delivered,Hubballi,V006,DRV120
ORD09163,2026-09-10T09:38:00+00:00,delivered,Mangaluru,V024,DRV061
ORD09164,2026-09-17T16:48:00+00:00,in_transit,Mangaluru,V009,DRV023
ORD09165,2026-08-10T02:36:00+00:00,in_transit,Mysuru,V045,DRV026
ORD09166,2026-08-26T05:55:00+00:00,delivered,Mysuru,V002,DRV009
ORD09167,2026-08-26T19:45:00+00:00,picked_up,Pune,V022,DRV057
ORD09168,2026-08-16T10:14:00+00:00,picked_up,Hosur,V025,DRV108
ORD09169,2026-08-18T04:52:00+00:00,delivered,Coimbatore,V067,DRV095
ORD09170,2026-09-22T20:47:00+00:00,delivered,Coimbatore,V079,DRV057
ORD09171,2026-08-05T09:34:00+00:00,delivered,Chennai,V086,DRV032
ORD09172,2026-08-12T21:35:00+00:00,in_transit,Hubballi,V076,DRV008
ORD09173,2026-09-10T09:53:00+00:00,picked_up,Pune,V094,DRV034
ORD09174,2026-08-13T19:16:00+00:00,delivered,Bengaluru,V048,DRV105
ORD09175,2026-09-08T23:03:00+00:00,picked_up,Hyderabad,V091,DRV058
ORD09176,2026-08-06T22:28:00+00:00,delivered,Mysuru,V054,DRV074
ORD09177,2026-09-20T20:05:00+00:00,delayed,Hosur,V060,DRV054
ORD09178,2026-09-10T04:35:00+00:00,in_transit,Hosur,V001,DRV089
ORD09179,2026-09-20T16:59:00+00:00,delivered,Tumakuru,V083,DRV075
ORD09180,2026-08-06T04:10:00+00:00,delivered,Mysuru,V066,DRV084
ORD09181,2026-09-18T15:53:00+00:00,delivered,Pune,V032,DRV039
ORD09182,2026-09-03T07:02:00+00:00,delivered,Coimbatore,V094,DRV059
ORD09183,2026-08-20T18:59:00+00:00,delivered,Pune,V094,DRV079
ORD09184,2026-09-12T20:29:00+00:00,delivered,Mangaluru,V053,DRV102
ORD09185,2026-08-19T17:55:00+00:00,delivered,Pune,V069,DRV015
ORD09186,2026-09-08T11:00:00+00:00,delivered,Bengaluru,V029,DRV113
ORD09187,2026-08-27T17:05:00+00:00,cancelled,Tumakuru,V001,DRV110
ORD09188,2026-08-28T02:55:00+00:00,delivered,Mangaluru,V018,DRV037
ORD09189,2026-09-13T17:04:00+00:00,in_transit,Coimbatore,V078,DRV062
ORD09190,2026-09-19T09:42:00+00:00,delayed,Pune,V072,DRV011
ORD09191,2026-08-10T18:32:00+00:00,delivered,Hosur,V095,DRV117
ORD09192,2026-09-12T11:52:00+00:00,in_transit,Chennai,V027,DRV097
ORD09193,2026-08-04T07:21:00+00:00,delivered,Coimbatore,V051,DRV108
ORD09194,2026-09-05T11:09:00+00:00,delivered,Coimbatore,V065,DRV013
ORD09195,2026-08-08T08:06:00+00:00,delayed,Mysuru,V011,DRV028
ORD09196,2026-09-05T10:49:00+00:00,delivered,Coimbatore,V097,DRV100
ORD09197,2026-09-22T20:18:00+00:00,delivered,Bengaluru,V056,DRV101
ORD09198,2026-09-04T16:39:00+00:00,delivered,Mysuru,V049,DRV063
ORD09199,2026-09-19T16:44:00+00:00,delivered,Hosur,V085,DRV089
ORD09200,2026-09-10T16:42:00+00:00,delivered,Coimbatore,V021,DRV117
ORD09201,2026-08-14T00:37:00+00:00,delivered,Hyderabad,V046,DRV016
ORD09202,2026-08-15T01:50:00+00:00,delivered,Bengaluru,V014,DRV102
ORD09203,2026-09-21T19:37:00+00:00,in_transit,Mysuru,V071,DRV108
ORD09204,2026-09-17T07:27:00+00:00,delivered,Tumakuru,V012,DRV106
ORD09205,2026-08-28T11:40:00+00:00,delivered,Mangaluru,V084,DRV015
ORD09206,2026-08-12T17:00:00+00:00,delayed,Chennai,V066,DRV105
ORD09207,2026-08-10T20:51:00+00:00,delivered,Chennai,V080,DRV087
ORD09208,2026-09-03T14:48:00+00:00,delivered,Hyderabad,V078,DRV096
ORD09209,2026-08-14T10:31:00+00:00,in_transit,Hyderabad,V077,DRV065
ORD09210,2026-08-08T03:26:00+00:00,in_transit,Coimbatore,V093,DRV086
ORD09211,2026-09-08T07:39:00+00:00,picked_up,Chennai,V035,DRV021
ORD09212,2026-08-13T05:23:00+00:00,delayed,Pune,V051,DRV009
ORD09213,2026-08-14T23:06:00+00:00,delivered,Pune,V041,DRV049
ORD09214,2026-09-21T01:59:00+00:00,delayed,Coimbatore,V063,DRV055
ORD09215,2026-08-29T03:00:00+00:00,cancelled,Coimbatore,V021,DRV056
ORD09216,2026-08-03T18:31:00+00:00,delivered,Hubballi,V018,DRV105
ORD09217,2026-09-14T05:53:00+00:00,in_transit,Coimbatore,V087,DRV035
ORD09218,2026-08-07T17:55:00+00:00,delayed,Hosur,V096,DRV052
ORD09219,2026-08-24T15:15:00+00:00,delivered,Hosur,V092,DRV111
ORD09220,2026-09-05T02:22:00+00:00,delivered,Mysuru,V016,DRV030
ORD09221,2026-09-05T20:51:00+00:00,picked_up,Bengaluru,V006,DRV093
ORD09222,2026-08-28T15:49:00+00:00,delivered,Mangaluru,V026,DRV094
ORD09223,2026-09-24T01:04:00+00:00,delivered,Coimbatore,V085,DRV034
ORD09224,2026-08-07T13:01:00+00:00,delivered,Pune,V055,DRV081
ORD09225,2026-09-06T09:59:00+00:00,picked_up,Coimbatore,V088,DRV101
ORD09226,2026-09-13T06:54:00+00:00,delivered,Mangaluru,V043,DRV095
ORD09227,2026-09-08T07:46:00+00:00,delivered,Coimbatore,V021,DRV062
ORD09228,2026-08-26T22:55:00+00:00,picked_up,Coimbatore,V049,DRV116
ORD09229,2026-09-24T04:37:00+00:00,delayed,Hosur,V034,DRV092
ORD09230,2026-08-20T13:51:00+00:00,delayed,Mysuru,V061,DRV082
ORD09231,2026-08-28T21:09:00+00:00,delivered,Mangaluru,V003,DRV053
ORD09232,2026-09-17T18:51:00+00:00,delivered,Coimbatore,V079,DRV041
ORD09233,2026-09-15T06:29:00+00:00,delayed,Pune,V013,DRV041
ORD09234,2026-09-15T00:10:00+00:00,cancelled,Hosur,V034,DRV040
ORD09235,2026-09-22T05:09:00+00:00,delivered,Hosur,V039,DRV072
ORD09236,2026-08-26T05:31:00+00:00,delayed,Mangaluru,V008,DRV110
ORD09237,2026-08-27T12:06:00+00:00,delayed,Hubballi,V011,DRV076
ORD09238,2026-08-17T07:21:00+00:00,delayed,Coimbatore,V020,DRV055
ORD09239,2026-08-15T07:48:00+00:00,delivered,Coimbatore,V018,DRV039
ORD09240,2026-09-19T15:27:00+00:00,cancelled,Hubballi,V009,DRV109
ORD09241,2026-09-05T11:32:00+00:00,delivered,Mangaluru,V094,DRV084
ORD09242,2026-09-07T07:12:00+00:00,in_transit,Coimbatore,V085,DRV106
ORD09243,2026-09-04T18:24:00+00:00,delivered,Coimbatore,V097,DRV047
ORD09244,2026-08-16T21:53:00+00:00,delayed,Mangaluru,V061,DRV055
ORD09245,2026-08-29T07:27:00+00:00,picked_up,Mangaluru,V010,DRV069
ORD09246,2026-08-21T21:33:00+00:00,picked_up,Mysuru,V007,DRV033
ORD09247,2026-08-13T22:08:00+00:00,delayed,Chennai,V067,DRV098
ORD09248,2026-08-10T05:39:00+00:00,delivered,Mangaluru,V060,DRV005
ORD09249,2026-08-08T19:42:00+00:00,delayed,Coimbatore,V091,DRV009
ORD09250,2026-08-31T13:08:00+00:00,delivered,Coimbatore,V043,DRV028
ORD09251,2026-09-08T19:28:00+00:00,delivered,Mangaluru,V090,DRV023
ORD09252,2026-09-05T18:00:00+00:00,delivered,Mangaluru,V098,DRV118
ORD09253,2026-09-19T22:33:00+00:00,delivered,Coimbatore,V039,DRV009
ORD09254,2026-08-03T18:07:00+00:00,delivered,Mangaluru,V005,DRV020
ORD09255,2026-08-24T09:20:00+00:00,delayed,Coimbatore,V060,DRV119
ORD09256,2026-08-07T01:55:00+00:00,picked_up,Mangaluru,V040,DRV118
ORD09257,2026-09-13T04:05:00+00:00,delivered,Pune,V094,DRV056
ORD09258,2026-08-23T23:34:00+00:00,picked_up,Mysuru,V089,DRV042
ORD09259,2026-08-11T02:19:00+00:00,cancelled,Hosur,V095,DRV065
ORD09260,2026-08-09T14:09:00+00:00,picked_up,Coimbatore,V063,DRV019
ORD09261,2026-08-16T08:08:00+00:00,delivered,Mangaluru,V039,DRV034
ORD09262,2026-09-08T15:13:00+00:00,delivered,Coimbatore,V023,DRV078
ORD09263,2026-09-01T09:22:00+00:00,delayed,Tumakuru,V073,DRV091
ORD09264,2026-09-07T15:12:00+00:00,delivered,Coimbatore,V098,DRV063
ORD09265,2026-08-13T22:24:00+00:00,delivered,Chennai,V038,DRV037
ORD09266,2026-09-19T08:06:00+00:00,delivered,Tumakuru,V012,DRV055
ORD09267,2026-08-23T11:43:00+00:00,in_transit,Mangaluru,V042,DRV094
ORD09268,2026-08-09T15:50:00+00:00,delivered,Mangaluru,V014,DRV002
ORD09269,2026-09-22T06:41:00+00:00,in_transit,Hubballi,V016,DRV103
ORD09270,2026-09-16T18:52:00+00:00,delayed,Coimbatore,V005,DRV007
ORD09271,2026-08-09T16:55:00+00:00,delivered,Hosur,V043,DRV050
ORD09272,2026-09-15T08:19:00+00:00,delivered,Hyderabad,V053,DRV109
ORD09273,2026-09-16T11:57:00+00:00,delayed,Hosur,V080,DRV107
ORD09274,2026-09-20T06:34:00+00:00,picked_up,Mysuru,V004,DRV076
ORD09275,2026-08-02T17:52:00+00:00,picked_up,Mangaluru,V017,DRV050
ORD09276,2026-08-06T04:15:00+00:00,delivered,Hyderabad,V047,DRV110
ORD09277,2026-08-04T04:57:00+00:00,delivered,Hubballi,V001,DRV109
ORD09278,2026-09-13T17:50:00+00:00,delivered,Mangaluru,V080,DRV096
ORD09279,2026-08-27T21:56:00+00:00,delivered,Mysuru,V066,DRV007
ORD09280,2026-09-21T09:19:00+00:00,in_transit,Chennai,V056,DRV064
ORD09281,2026-08-31T22:02:00+00:00,delivered,Pune,V044,DRV109
ORD09282,2026-08-19T17:28:00+00:00,cancelled,Hubballi,V074,DRV012
ORD09283,2026-08-05T22:38:00+00:00,delivered,Coimbatore,V081,DRV044
ORD09284,2026-08-21T18:11:00+00:00,in_transit,Pune,V083,DRV102
ORD09285,2026-08-27T02:18:00+00:00,delivered,Tumakuru,V008,DRV055
ORD09286,2026-08-20T01:48:00+00:00,in_transit,Mangaluru,V089,DRV024
ORD09287,2026-09-23T03:34:00+00:00,in_transit,Mangaluru,V030,DRV033
ORD09288,2026-09-02T10:34:00+00:00,delivered,Coimbatore,V013,DRV084
ORD09289,2026-08-28T03:20:00+00:00,delivered,Hosur,V030,DRV107
ORD09290,2026-09-06T22:17:00+00:00,in_transit,Coimbatore,V048,DRV013
ORD09291,2026-08-17T02:05:00+00:00,delivered,Mangaluru,V044,DRV053
ORD09292,2026-09-22T22:46:00+00:00,picked_up,Coimbatore,V019,DRV115
ORD09293,2026-09-13T08:18:00+00:00,delivered,Coimbatore,V048,DRV046
ORD09294,2026-08-11T09:19:00+00:00,delayed,Chennai,V038,DRV021
ORD09295,2026-08-10T12:42:00+00:00,delayed,Mangaluru,V075,DRV119
ORD09296,2026-09-08T07:04:00+00:00,delivered,Chennai,V076,DRV064
ORD09297,2026-09-03T23:51:00+00:00,delivered,Mangaluru,V030,DRV012
ORD09298,2026-09-19T03:38:00+00:00,delivered,Coimbatore,V070,DRV067
ORD09299,2026-08-27T23:50:00+00:00,delivered,Coimbatore,V029,DRV002
ORD09300,2026-08-28T16:38:00+00:00,delivered,Hosur,V060,DRV093
ORD09301,2026-08-24T06:36:00+00:00,cancelled,Coimbatore,V018,DRV047
ORD09302,2026-08-07T09:58:00+00:00,delivered,Hubballi,V026,DRV015
ORD09303,2026-08-28T10:08:00+00:00,delivered,Pune,V095,DRV025
ORD09304,2026-08-26T05:53:00+00:00,delivered,Hosur,V018,DRV062
ORD09305,2026-09-09T11:42:00+00:00,delivered,Mysuru,V020,DRV047
ORD09306,2026-08-07T20:33:00+00:00,picked_up,Hosur,V024,DRV081
ORD09307,2026-08-08T04:33:00+00:00,in_transit,Coimbatore,V038,DRV087
ORD09308,2026-09-14T10:41:00+00:00,delivered,Mysuru,V025,DRV017
ORD09309,2026-09-17T15:19:00+00:00,delivered,Coimbatore,V022,DRV098
ORD09310,2026-09-09T17:07:00+00:00,picked_up,Hosur,V035,DRV090
ORD09311,2026-09-23T05:22:00+00:00,picked_up,Mangaluru,V095,DRV055
ORD09312,2026-09-13T00:43:00+00:00,delivered,Mysuru,V048,DRV089
ORD09313,2026-08-26T20:46:00+00:00,delivered,Hubballi,V006,DRV008
ORD09314,2026-08-09T08:47:00+00:00,cancelled,Hosur,V086,DRV021
ORD09315,2026-09-23T04:41:00+00:00,cancelled,Coimbatore,V029,DRV020
ORD09316,2026-09-02T19:09:00+00:00,picked_up,Hubballi,V029,DRV065
ORD09317,2026-09-08T17:04:00+00:00,in_transit,Mangaluru,V080,DRV075
ORD09318,2026-08-30T02:51:00+00:00,delivered,Chennai,V061,DRV061
ORD09319,2026-09-10T09:02:00+00:00,delivered,Chennai,V037,DRV071
ORD09320,2026-08-27T05:53:00+00:00,delivered,Pune,V037,DRV093
ORD09321,2026-08-30T14:14:00+00:00,delivered,Mysuru,V065,DRV047
ORD09322,2026-08-31T20:54:00+00:00,cancelled,Chennai,V076,DRV013
ORD09323,2026-09-13T03:35:00+00:00,delivered,Mangaluru,V033,DRV036
ORD09324,2026-08-20T07:06:00+00:00,delayed,Hosur,V098,DRV099
ORD09325,2026-08-06T00:37:00+00:00,picked_up,Coimbatore,V027,DRV019
ORD09326,2026-08-10T06:35:00+00:00,picked_up,Mysuru,V098,DRV101
ORD09327,2026-08-09T13:38:00+00:00,delayed,Pune,V074,DRV059
ORD09328,2026-08-14T13:30:00+00:00,delayed,Mysuru,V085,DRV077
ORD09329,2026-08-14T01:46:00+00:00,delivered,Hyderabad,V019,DRV084
ORD09330,2026-09-10T12:09:00+00:00,delivered,Coimbatore,V098,DRV112
ORD09331,2026-09-02T15:19:00+00:00,delivered,Chennai,V038,DRV005
ORD09332,2026-08-06T09:50:00+00:00,delivered,Coimbatore,V049,DRV053
ORD09333,2026-08-29T16:43:00+00:00,picked_up,Hyderabad,V080,DRV032
ORD09334,2026-08-23T03:28:00+00:00,picked_up,Chennai,V027,DRV050
ORD09335,2026-08-25T08:49:00+00:00,in_transit,Hubballi,V040,DRV056
ORD09336,2026-08-28T10:47:00+00:00,delivered,Hubballi,V068,DRV047
ORD09337,2026-09-03T16:48:00+00:00,delivered,Chennai,V012,DRV053
ORD09338,2026-08-16T03:15:00+00:00,delivered,Mangaluru,V017,DRV047
ORD09339,2026-09-24T20:36:00+00:00,in_transit,Mysuru,V052,DRV054
ORD09340,2026-08-04T06:13:00+00:00,delivered,Mangaluru,V009,DRV018
ORD09341,2026-08-05T05:29:00+00:00,delivered,Hyderabad,V067,DRV066
ORD09342,2026-08-12T14:21:00+00:00,in_transit,Mangaluru,V066,DRV042
ORD09343,2026-09-16T21:00:00+00:00,picked_up,Hosur,V065,DRV061
ORD09344,2026-08-05T23:47:00+00:00,cancelled,Mangaluru,V030,DRV070
ORD09345,2026-09-11T15:25:00+00:00,picked_up,Mangaluru,V087,DRV025
ORD09346,2026-09-07T00:18:00+00:00,picked_up,Coimbatore,V019,DRV072
ORD09347,2026-08-12T07:24:00+00:00,delayed,Mangaluru,V074,DRV119
ORD09348,2026-08-04T01:57:00+00:00,delivered,Coimbatore,V025,DRV044
ORD09349,2026-08-25T22:42:00+00:00,cancelled,Bengaluru,V079,DRV095
ORD09350,2026-08-28T22:56:00+00:00,delivered,Coimbatore,V020,DRV049
ORD09351,2026-08-29T14:36:00+00:00,delivered,Coimbatore,V035,DRV069
ORD09352,2026-08-31T23:35:00+00:00,in_transit,Mangaluru,V073,DRV036
ORD09353,2026-08-01T16:48:00+00:00,delivered,Coimbatore,V068,DRV118
ORD09354,2026-08-16T07:52:00+00:00,delivered,Coimbatore,V077,DRV050
ORD09355,2026-09-13T12:52:00+00:00,picked_up,Mysuru,V046,DRV017
ORD09356,2026-08-17T15:11:00+00:00,delayed,Mysuru,V045,DRV042
ORD09357,2026-08-18T16:48:00+00:00,delivered,Mysuru,V074,DRV089
ORD09358,2026-08-05T16:47:00+00:00,in_transit,Chennai,V061,DRV067
ORD09359,2026-08-13T08:46:00+00:00,picked_up,Hosur,V015,DRV108
ORD09360,2026-08-20T03:39:00+00:00,delivered,Bengaluru,V091,DRV111
ORD09361,2026-09-12T11:33:00+00:00,cancelled,Mysuru,V029,DRV081
ORD09362,2026-09-18T11:48:00+00:00,delivered,Chennai,V031,DRV051
ORD09363,2026-08-01T18:18:00+00:00,delivered,Mysuru,V006,DRV089
ORD09364,2026-09-18T16:18:00+00:00,picked_up,Mysuru,V067,DRV002
ORD09365,2026-08-08T20:13:00+00:00,in_transit,Mangaluru,V099,DRV036
ORD09366,2026-08-02T12:10:00+00:00,delivered,Bengaluru,V051,DRV103
ORD09367,2026-09-04T10:25:00+00:00,delivered,Pune,V010,DRV008
ORD09368,2026-09-11T18:03:00+00:00,picked_up,Hosur,V033,DRV080
ORD09369,2026-08-30T05:04:00+00:00,cancelled,Mangaluru,V079,DRV071
ORD09370,2026-08-07T03:49:00+00:00,delivered,Coimbatore,V019,DRV062
ORD09371,2026-08-26T23:21:00+00:00,cancelled,Hyderabad,V016,DRV067
ORD09372,2026-08-22T17:14:00+00:00,picked_up,Chennai,V069,DRV108
ORD09373,2026-08-17T11:19:00+00:00,in_transit,Hosur,V005,DRV031
ORD09374,2026-08-06T14:34:00+00:00,delayed,Tumakuru,V075,DRV085
ORD09375,2026-08-08T22:10:00+00:00,delivered,Pune,V063,DRV039
ORD09376,2026-08-04T06:57:00+00:00,in_transit,Coimbatore,V026,DRV045
ORD09377,2026-08-04T06:21:00+00:00,picked_up,Mangaluru,V026,DRV075
ORD09378,2026-08-01T10:26:00+00:00,picked_up,Chennai,V027,DRV007
ORD09379,2026-08-07T06:17:00+00:00,picked_up,Hosur,V053,DRV101
ORD09380,2026-09-06T21:18:00+00:00,delivered,Coimbatore,V081,DRV118
ORD09381,2026-08-12T08:12:00+00:00,picked_up,Pune,V022,DRV025
ORD09382,2026-08-19T06:36:00+00:00,delivered,Mysuru,V092,DRV079
ORD09383,2026-08-22T23:16:00+00:00,picked_up,Bengaluru,V011,DRV012
ORD09384,2026-09-01T20:45:00+00:00,delivered,Hyderabad,V007,DRV066
ORD09385,2026-09-11T20:26:00+00:00,picked_up,Coimbatore,V010,DRV060
ORD09386,2026-09-23T18:02:00+00:00,delivered,Coimbatore,V017,DRV029
ORD09387,2026-08-14T11:24:00+00:00,delayed,Coimbatore,V027,DRV086
ORD09388,2026-08-11T01:32:00+00:00,picked_up,Chennai,V023,DRV103
ORD09389,2026-09-07T23:18:00+00:00,delivered,Hyderabad,V056,DRV044
ORD09390,2026-08-14T19:45:00+00:00,delivered,Mysuru,V033,DRV113
ORD09391,2026-08-06T00:42:00+00:00,in_transit,Mysuru,V009,DRV037
ORD09392,2026-08-12T02:23:00+00:00,delivered,Mangaluru,V034,DRV113
ORD09393,2026-08-30T11:47:00+00:00,delivered,Hyderabad,V065,DRV024
ORD09394,2026-08-07T00:02:00+00:00,in_transit,Mysuru,V035,DRV033
ORD09395,2026-09-24T07:18:00+00:00,delivered,Hyderabad,V053,DRV043
ORD09396,2026-08-14T22:22:00+00:00,delivered,Mysuru,V066,DRV086
ORD09397,2026-08-16T14:23:00+00:00,delayed,Coimbatore,V032,DRV092
ORD09398,2026-09-24T12:42:00+00:00,in_transit,Mysuru,V048,DRV027
ORD09399,2026-09-15T05:44:00+00:00,delivered,Mysuru,V025,DRV104
ORD09400,2026-09-04T02:17:00+00:00,delivered,Pune,V098,DRV119
ORD09401,2026-09-22T12:09:00+00:00,in_transit,Mangaluru,V001,DRV113
ORD09402,2026-08-02T07:39:00+00:00,delayed,Coimbatore,V052,DRV012
ORD09403,2026-08-10T13:55:00+00:00,delayed,Mysuru,V024,DRV114
ORD09404,2026-08-05T14:23:00+00:00,in_transit,Pune,V090,DRV082
ORD09405,2026-08-13T13:31:00+00:00,delayed,Coimbatore,V100,DRV117
ORD09406,2026-09-24T07:13:00+00:00,delivered,Coimbatore,V066,DRV004
ORD09407,2026-08-10T15:49:00+00:00,delivered,Coimbatore,V030,DRV093
ORD09408,2026-08-22T15:11:00+00:00,delivered,Tumakuru,V057,DRV040
ORD09409,2026-09-10T02:03:00+00:00,delivered,Mangaluru,V063,DRV011
ORD09410,2026-08-31T12:45:00+00:00,delivered,Mysuru,V067,DRV074
ORD09411,2026-08-14T20:18:00+00:00,delayed,Chennai,V100,DRV051
ORD09412,2026-09-18T15:13:00+00:00,picked_up,Chennai,V013,DRV042
ORD09413,2026-08-19T00:02:00+00:00,delayed,Hyderabad,V083,DRV081
ORD09414,2026-08-18T23:31:00+00:00,delivered,Mysuru,V020,DRV056
ORD09415,2026-08-13T07:51:00+00:00,delivered,Coimbatore,V015,DRV104
ORD09416,2026-08-19T23:20:00+00:00,delivered,Hosur,V007,DRV009
ORD09417,2026-08-17T18:29:00+00:00,delivered,Coimbatore,V062,DRV013
ORD09418,2026-09-23T09:14:00+00:00,in_transit,Mangaluru,V078,DRV090
ORD09419,2026-08-06T13:45:00+00:00,delivered,Mangaluru,V097,DRV050
ORD09420,2026-08-10T13:05:00+00:00,picked_up,Chennai,V100,DRV100
ORD09421,2026-08-23T20:00:00+00:00,delivered,Pune,V031,DRV102
ORD09422,2026-08-02T22:44:00+00:00,picked_up,Hosur,V088,DRV071
ORD09423,2026-09-06T02:02:00+00:00,in_transit,Coimbatore,V097,DRV120
ORD09424,2026-09-20T04:08:00+00:00,picked_up,Mangaluru,V061,DRV008
ORD09425,2026-08-13T06:31:00+00:00,picked_up,Chennai,V081,DRV064
ORD09426,2026-09-11T12:49:00+00:00,picked_up,Hyderabad,V021,DRV005
ORD09427,2026-09-20T04:03:00+00:00,picked_up,Coimbatore,V093,DRV100
ORD09428,2026-09-09T08:37:00+00:00,delivered,Hosur,V041,DRV117
ORD09429,2026-09-19T07:35:00+00:00,delivered,Chennai,V053,DRV058
ORD09430,2026-08-24T04:42:00+00:00,delayed,Mangaluru,V009,DRV048
ORD09431,2026-08-14T18:40:00+00:00,delayed,Chennai,V093,DRV008
ORD09432,2026-08-17T07:36:00+00:00,delivered,Bengaluru,V053,DRV083
ORD09433,2026-08-26T12:47:00+00:00,delivered,Hubballi,V002,DRV106
ORD09434,2026-09-03T09:59:00+00:00,delivered,Hubballi,V009,DRV056
ORD09435,2026-09-02T16:46:00+00:00,delivered,Chennai,V087,DRV045
ORD09436,2026-08-31T21:29:00+00:00,picked_up,Mangaluru,V053,DRV114
ORD09437,2026-08-01T20:13:00+00:00,delivered,Coimbatore,V046,DRV054
ORD09438,2026-08-05T12:16:00+00:00,delayed,Hosur,V033,DRV003
ORD09439,2026-08-19T17:56:00+00:00,delivered,Coimbatore,V021,DRV114
ORD09440,2026-08-20T14:33:00+00:00,delivered,Hubballi,V080,DRV084
ORD09441,2026-09-20T21:49:00+00:00,delivered,Coimbatore,V071,DRV116
ORD09442,2026-09-23T19:56:00+00:00,delivered,Tumakuru,V096,DRV061
ORD09443,2026-09-14T12:11:00+00:00,delivered,Bengaluru,V010,DRV089
ORD09444,2026-08-23T04:13:00+00:00,delivered,Hyderabad,V075,DRV088
ORD09445,2026-08-31T12:59:00+00:00,picked_up,Coimbatore,V064,DRV089
ORD09446,2026-08-06T04:30:00+00:00,picked_up,Hyderabad,V098,DRV065
ORD09447,2026-09-18T06:43:00+00:00,delivered,Pune,V001,DRV033
ORD09448,2026-09-12T01:03:00+00:00,delivered,Pune,V030,DRV095
ORD09449,2026-08-31T00:48:00+00:00,delivered,Coimbatore,V054,DRV018
ORD09450,2026-08-03T13:33:00+00:00,in_transit,Mangaluru,V096,DRV094
ORD09451,2026-09-19T14:28:00+00:00,delivered,Mangaluru,V026,DRV027
ORD09452,2026-08-30T22:43:00+00:00,delayed,Mangaluru,V008,DRV042
ORD09453,2026-09-18T10:35:00+00:00,in_transit,Coimbatore,V044,DRV073
ORD09454,2026-09-18T22:42:00+00:00,delivered,Chennai,V079,DRV043
ORD09455,2026-09-14T12:24:00+00:00,delivered,Chennai,V039,DRV018
ORD09456,2026-08-04T11:57:00+00:00,delivered,Coimbatore,V051,DRV038
ORD09457,2026-09-13T19:01:00+00:00,delivered,Pune,V018,DRV068
ORD09458,2026-08-11T01:30:00+00:00,in_transit,Mangaluru,V080,DRV038
ORD09459,2026-08-18T23:59:00+00:00,in_transit,Hubballi,V059,DRV063
ORD09460,2026-08-24T05:15:00+00:00,delayed,Pune,V006,DRV015
ORD09461,2026-09-09T07:32:00+00:00,picked_up,Hosur,V035,DRV076
ORD09462,2026-09-21T12:32:00+00:00,delivered,Coimbatore,V043,DRV059
ORD09463,2026-08-02T22:57:00+00:00,delivered,Hyderabad,V094,DRV023
ORD09464,2026-08-16T07:23:00+00:00,picked_up,Mysuru,V024,DRV117
ORD09465,2026-08-26T18:07:00+00:00,delivered,Chennai,V073,DRV002
ORD09466,2026-08-07T23:31:00+00:00,delivered,Coimbatore,V090,DRV065
ORD09467,2026-09-20T17:44:00+00:00,delivered,Mysuru,V004,DRV113
ORD09468,2026-08-08T08:50:00+00:00,in_transit,Hubballi,V075,DRV042
ORD09469,2026-09-07T12:00:00+00:00,in_transit,Coimbatore,V095,DRV065
ORD09470,2026-09-21T15:41:00+00:00,cancelled,Hosur,V085,DRV010
ORD09471,2026-08-02T02:11:00+00:00,delivered,Hubballi,V038,DRV064
ORD09472,2026-08-05T00:30:00+00:00,in_transit,Hubballi,V009,DRV099
ORD09473,2026-08-22T08:52:00+00:00,delivered,Coimbatore,V052,DRV046
ORD09474,2026-09-12T23:20:00+00:00,cancelled,Mysuru,V022,DRV050
ORD09475,2026-08-23T21:15:00+00:00,delayed,Mangaluru,V079,DRV049
ORD09476,2026-09-21T14:47:00+00:00,delivered,Hyderabad,V071,DRV108
ORD09477,2026-08-29T22:55:00+00:00,delivered,Hyderabad,V018,DRV058
ORD09478,2026-09-07T19:50:00+00:00,delivered,Coimbatore,V098,DRV068
ORD09479,2026-09-04T18:01:00+00:00,in_transit,Bengaluru,V025,DRV097
ORD09480,2026-08-10T12:12:00+00:00,delayed,Pune,V065,DRV013
ORD09481,2026-08-30T07:59:00+00:00,delivered,Coimbatore,V041,DRV059
ORD09482,2026-08-17T09:05:00+00:00,delivered,Hubballi,V015,DRV120
ORD09483,2026-09-06T01:53:00+00:00,delivered,Mysuru,V034,DRV038
ORD09484,2026-09-23T05:27:00+00:00,in_transit,Hosur,V078,DRV071
ORD09485,2026-08-16T14:51:00+00:00,delivered,Mangaluru,V091,DRV080
ORD09486,2026-08-28T21:45:00+00:00,delivered,Hubballi,V044,DRV120
ORD09487,2026-08-02T00:28:00+00:00,delivered,Chennai,V001,DRV004
ORD09488,2026-08-18T05:54:00+00:00,delivered,Coimbatore,V039,DRV018
ORD09489,2026-08-26T13:02:00+00:00,delivered,Mysuru,V002,DRV034
ORD09490,2026-08-05T12:58:00+00:00,cancelled,Mysuru,V026,DRV052
ORD09491,2026-08-03T00:33:00+00:00,in_transit,Mangaluru,V031,DRV019
ORD09492,2026-09-20T06:54:00+00:00,in_transit,Mysuru,V057,DRV042
ORD09493,2026-08-15T15:47:00+00:00,delivered,Coimbatore,V039,DRV036
ORD09494,2026-08-02T23:59:00+00:00,delivered,Hyderabad,V015,DRV095
ORD09495,2026-09-09T17:04:00+00:00,in_transit,Tumakuru,V067,DRV028
ORD09496,2026-09-17T14:23:00+00:00,delayed,Hyderabad,V018,DRV002
ORD09497,2026-09-22T14:01:00+00:00,delivered,Coimbatore,V025,DRV033
ORD09498,2026-08-24T03:39:00+00:00,delivered,Coimbatore,V064,DRV034
ORD09499,2026-08-01T23:39:00+00:00,delivered,Mysuru,V046,DRV008
ORD09500,2026-08-26T10:36:00+00:00,delivered,Hubballi,V045,DRV005
ORD09501,2026-08-12T04:10:00+00:00,delivered,Coimbatore,V025,DRV055
ORD09502,2026-09-08T01:43:00+00:00,in_transit,Mysuru,V015,DRV023
ORD09503,2026-08-02T22:03:00+00:00,cancelled,Coimbatore,V068,DRV084
ORD09504,2026-09-10T08:31:00+00:00,delivered,Hubballi,V080,DRV043
ORD09505,2026-09-19T08:53:00+00:00,in_transit,Mangaluru,V043,DRV114
ORD09506,2026-08-07T04:33:00+00:00,picked_up,Coimbatore,V074,DRV027
ORD09507,2026-08-02T13:42:00+00:00,delivered,Mangaluru,V039,DRV072
ORD09508,2026-09-08T07:26:00+00:00,delivered,Hyderabad,V071,DRV064
ORD09509,2026-08-16T08:54:00+00:00,delivered,Coimbatore,V098,DRV051
ORD09510,2026-09-14T08:29:00+00:00,delivered,Mysuru,V065,DRV019
ORD09511,2026-08-09T18:23:00+00:00,delivered,Chennai,V037,DRV061
ORD09512,2026-09-24T16:26:00+00:00,delivered,Mysuru,V042,DRV104
ORD09513,2026-09-18T05:03:00+00:00,delivered,Chennai,V004,DRV056
ORD09514,2026-09-22T10:08:00+00:00,picked_up,Coimbatore,V061,DRV082
ORD09515,2026-09-22T01:05:00+00:00,delivered,Mangaluru,V017,DRV089
ORD09516,2026-08-12T11:35:00+00:00,delayed,Coimbatore,V031,DRV087
ORD09517,2026-08-15T05:50:00+00:00,in_transit,Mangaluru,V084,DRV089
ORD09518,2026-09-09T15:38:00+00:00,delivered,Coimbatore,V082,DRV046
ORD09519,2026-08-03T22:14:00+00:00,delayed,Bengaluru,V068,DRV037
ORD09520,2026-09-15T04:20:00+00:00,delivered,Coimbatore,V083,DRV060
ORD09521,2026-09-20T02:07:00+00:00,delivered,Hosur,V086,DRV082
ORD09522,2026-08-27T23:17:00+00:00,delivered,Bengaluru,V057,DRV070
ORD09523,2026-09-17T00:19:00+00:00,delayed,Mangaluru,V003,DRV105
ORD09524,2026-08-09T09:09:00+00:00,delivered,Mysuru,V095,DRV038
ORD09525,2026-09-18T22:21:00+00:00,delivered,Coimbatore,V012,DRV075
ORD09526,2026-08-10T15:16:00+00:00,picked_up,Pune,V039,DRV041
ORD09527,2026-08-19T03:50:00+00:00,delivered,Mysuru,V002,DRV114
ORD09528,2026-08-16T23:39:00+00:00,delayed,Tumakuru,V029,DRV109
ORD09529,2026-08-27T06:12:00+00:00,picked_up,Mangaluru,V009,DRV051
ORD09530,2026-08-05T14:14:00+00:00,delivered,Hyderabad,V071,DRV077
ORD09531,2026-08-24T12:57:00+00:00,in_transit,Mysuru,V032,DRV056
ORD09532,2026-09-18T01:41:00+00:00,delivered,Mysuru,V063,DRV019
ORD09533,2026-08-03T20:16:00+00:00,delivered,Coimbatore,V011,DRV070
ORD09534,2026-09-04T03:26:00+00:00,delayed,Chennai,V097,DRV034
ORD09535,2026-09-20T17:27:00+00:00,delivered,Coimbatore,V064,DRV013
ORD09536,2026-09-24T19:21:00+00:00,picked_up,Mangaluru,V003,DRV102
ORD09537,2026-09-18T00:35:00+00:00,delivered,Mysuru,V031,DRV114
ORD09538,2026-08-19T03:53:00+00:00,delivered,Mysuru,V043,DRV098
ORD09539,2026-09-12T02:46:00+00:00,delivered,Coimbatore,V053,DRV105
ORD09540,2026-09-03T11:12:00+00:00,delayed,Pune,V100,DRV044
ORD09541,2026-08-14T03:32:00+00:00,delivered,Hosur,V077,DRV046
ORD09542,2026-09-19T00:42:00+00:00,delivered,Hubballi,V024,DRV018
ORD09543,2026-08-06T08:56:00+00:00,in_transit,Coimbatore,V026,DRV103
ORD09544,2026-08-15T05:49:00+00:00,delivered,Coimbatore,V040,DRV033
ORD09545,2026-08-11T03:59:00+00:00,picked_up,Mysuru,V048,DRV040
ORD09546,2026-09-24T09:41:00+00:00,delivered,Mysuru,V059,DRV063
ORD09547,2026-09-09T15:02:00+00:00,delivered,Mysuru,V069,DRV004
ORD09548,2026-09-11T23:57:00+00:00,picked_up,Mangaluru,V003,DRV060
ORD09549,2026-09-07T07:48:00+00:00,cancelled,Pune,V042,DRV109
ORD09550,2026-09-13T11:22:00+00:00,delivered,Coimbatore,V026,DRV010
ORD09551,2026-08-05T09:58:00+00:00,delivered,Chennai,V058,DRV051
ORD09552,2026-09-06T01:05:00+00:00,delayed,Hosur,V045,DRV067
ORD09553,2026-08-28T00:59:00+00:00,in_transit,Mangaluru,V060,DRV110
ORD09554,2026-09-06T06:48:00+00:00,delayed,Mangaluru,V073,DRV050
ORD09555,2026-09-09T03:29:00+00:00,delivered,Pune,V001,DRV108
ORD09556,2026-09-15T08:19:00+00:00,delayed,Hosur,V062,DRV109
ORD09557,2026-09-01T20:52:00+00:00,picked_up,Mysuru,V004,DRV051
ORD09558,2026-09-25T02:56:00+00:00,picked_up,Pune,V016,DRV012
ORD09559,2026-08-17T09:24:00+00:00,in_transit,Mangaluru,V019,DRV059
ORD09560,2026-09-07T01:19:00+00:00,delivered,Coimbatore,V088,DRV071
ORD09561,2026-09-12T23:07:00+00:00,picked_up,Mangaluru,V029,DRV116
ORD09562,2026-08-06T01:06:00+00:00,delivered,Mangaluru,V060,DRV072
ORD09563,2026-08-10T22:18:00+00:00,delivered,Bengaluru,V012,DRV030
ORD09564,2026-09-11T02:28:00+00:00,delivered,Mysuru,V041,DRV011
ORD09565,2026-08-07T06:34:00+00:00,delivered,Pune,V075,DRV004
ORD09566,2026-09-08T06:26:00+00:00,delivered,Mangaluru,V023,DRV087
ORD09567,2026-09-12T11:23:00+00:00,delivered,Hubballi,V015,DRV043
ORD09568,2026-08-18T09:55:00+00:00,delivered,Mangaluru,V039,DRV002
ORD09569,2026-09-02T15:08:00+00:00,picked_up,Coimbatore,V012,DRV022
ORD09570,2026-09-07T16:26:00+00:00,delivered,Mysuru,V049,DRV090
ORD09571,2026-09-02T05:57:00+00:00,delivered,Mangaluru,V067,DRV026
ORD09572,2026-08-05T07:34:00+00:00,picked_up,Pune,V081,DRV106
ORD09573,2026-08-18T19:41:00+00:00,delivered,Mysuru,V061,DRV057
ORD09574,2026-08-23T13:30:00+00:00,delivered,Coimbatore,V053,DRV034
ORD09575,2026-08-16T01:41:00+00:00,delivered,Coimbatore,V098,DRV048
ORD09576,2026-08-13T18:51:00+00:00,delivered,Hosur,V078,DRV109
ORD09577,2026-08-07T16:09:00+00:00,delivered,Hubballi,V080,DRV068
ORD09578,2026-09-06T14:39:00+00:00,delivered,Hubballi,V092,DRV008
ORD09579,2026-09-20T01:28:00+00:00,delivered,Pune,V013,DRV017
ORD09580,2026-08-04T01:02:00+00:00,delivered,Hosur,V013,DRV119
ORD09581,2026-09-08T03:41:00+00:00,delivered,Pune,V012,DRV002
ORD09582,2026-09-04T00:34:00+00:00,delivered,Chennai,V097,DRV120
ORD09583,2026-08-05T04:54:00+00:00,picked_up,Pune,V042,DRV053
ORD09584,2026-08-27T07:27:00+00:00,delivered,Mangaluru,V050,DRV018
ORD09585,2026-08-24T23:56:00+00:00,delivered,Coimbatore,V037,DRV050
ORD09586,2026-08-16T08:33:00+00:00,delivered,Coimbatore,V085,DRV094
ORD09587,2026-09-13T23:18:00+00:00,delivered,Mangaluru,V070,DRV114
ORD09588,2026-08-22T08:13:00+00:00,delivered,Mysuru,V049,DRV017
ORD09589,2026-08-08T13:53:00+00:00,delivered,Hubballi,V098,DRV072
ORD09590,2026-09-23T04:11:00+00:00,picked_up,Tumakuru,V060,DRV067
ORD09591,2026-09-12T20:32:00+00:00,delayed,Coimbatore,V073,DRV050
ORD09592,2026-09-03T05:16:00+00:00,delivered,Coimbatore,V067,DRV104
ORD09593,2026-09-09T23:15:00+00:00,delivered,Chennai,V016,DRV120
ORD09594,2026-09-17T21:48:00+00:00,delivered,Coimbatore,V049,DRV096
ORD09595,2026-08-31T01:57:00+00:00,picked_up,Coimbatore,V084,DRV012
ORD09596,2026-08-28T20:26:00+00:00,delivered,Mangaluru,V001,DRV021
ORD09597,2026-08-22T23:38:00+00:00,delivered,Pune,V042,DRV082
ORD09598,2026-09-01T18:45:00+00:00,delivered,Coimbatore,V023,DRV093
ORD09599,2026-08-17T13:24:00+00:00,delivered,Pune,V003,DRV056
ORD09600,2026-09-03T11:39:00+00:00,cancelled,Mysuru,V080,DRV011
ORD09601,2026-08-09T17:44:00+00:00,in_transit,Hyderabad,V091,DRV069
ORD09602,2026-09-04T07:29:00+00:00,in_transit,Coimbatore,V079,DRV031
ORD09603,2026-09-09T06:48:00+00:00,delivered,Coimbatore,V031,DRV052
ORD09604,2026-09-21T06:32:00+00:00,cancelled,Pune,V062,DRV028
ORD09605,2026-08-03T03:11:00+00:00,picked_up,Mangaluru,V019,DRV112
ORD09606,2026-09-06T03:04:00+00:00,delivered,Bengaluru,V009,DRV063
ORD09607,2026-08-21T08:41:00+00:00,cancelled,Coimbatore,V073,DRV017
ORD09608,2026-08-02T13:25:00+00:00,in_transit,Coimbatore,V043,DRV069
ORD09609,2026-09-09T21:37:00+00:00,in_transit,Mangaluru,V032,DRV101
ORD09610,2026-08-24T13:21:00+00:00,delivered,Coimbatore,V094,DRV076
ORD09611,2026-08-02T17:27:00+00:00,picked_up,Hyderabad,V058,DRV036
ORD09612,2026-08-20T06:12:00+00:00,delivered,Coimbatore,V081,DRV080
ORD09613,2026-08-03T16:42:00+00:00,delivered,Pune,V029,DRV083
ORD09614,2026-08-03T01:23:00+00:00,in_transit,Chennai,V100,DRV088
ORD09615,2026-09-11T18:22:00+00:00,in_transit,Mysuru,V089,DRV111
ORD09616,2026-08-22T10:55:00+00:00,in_transit,Coimbatore,V026,DRV071
ORD09617,2026-09-23T03:28:00+00:00,picked_up,Coimbatore,V045,DRV105
ORD09618,2026-09-18T09:09:00+00:00,in_transit,Chennai,V072,DRV074
ORD09619,2026-09-04T21:53:00+00:00,delivered,Pune,V010,DRV029
ORD09620,2026-08-02T14:50:00+00:00,in_transit,Hosur,V031,DRV014
ORD09621,2026-08-27T15:16:00+00:00,picked_up,Hubballi,V078,DRV002
ORD09622,2026-09-22T20:51:00+00:00,picked_up,Coimbatore,V072,DRV029
ORD09623,2026-09-03T01:02:00+00:00,delivered,Mysuru,V079,DRV002
ORD09624,2026-09-16T02:42:00+00:00,delivered,Hyderabad,V069,DRV079
ORD09625,2026-09-24T19:59:00+00:00,picked_up,Hosur,V008,DRV032
ORD09626,2026-09-22T12:39:00+00:00,in_transit,Hubballi,V084,DRV113
ORD09627,2026-08-04T15:04:00+00:00,delivered,Mangaluru,V004,DRV050
ORD09628,2026-08-11T06:38:00+00:00,in_transit,Mysuru,V064,DRV108
ORD09629,2026-09-14T08:27:00+00:00,delivered,Chennai,V039,DRV109
ORD09630,2026-09-10T05:44:00+00:00,delivered,Tumakuru,V062,DRV100
ORD09631,2026-09-05T12:55:00+00:00,delivered,Coimbatore,V089,DRV063
ORD09632,2026-08-12T10:37:00+00:00,delivered,Coimbatore,V003,DRV094
ORD09633,2026-09-16T01:47:00+00:00,delivered,Coimbatore,V026,DRV093
ORD09634,2026-08-13T08:52:00+00:00,in_transit,Coimbatore,V004,DRV043
ORD09635,2026-09-11T17:14:00+00:00,delivered,Pune,V046,DRV104
ORD09636,2026-09-05T12:13:00+00:00,delivered,Mysuru,V023,DRV080
ORD09637,2026-08-04T14:22:00+00:00,delayed,Hosur,V051,DRV016
ORD09638,2026-08-02T21:20:00+00:00,picked_up,Hosur,V043,DRV014
ORD09639,2026-09-01T03:54:00+00:00,delivered,Coimbatore,V080,DRV103
ORD09640,2026-08-25T21:13:00+00:00,picked_up,Coimbatore,V019,DRV058
ORD09641,2026-08-12T22:21:00+00:00,picked_up,Hubballi,V047,DRV074
ORD09642,2026-09-03T17:08:00+00:00,picked_up,Pune,V094,DRV021
ORD09643,2026-08-24T03:39:00+00:00,delayed,Coimbatore,V037,DRV020
ORD09644,2026-08-29T21:13:00+00:00,in_transit,Coimbatore,V063,DRV097
ORD09645,2026-09-22T08:47:00+00:00,delivered,Coimbatore,V055,DRV088
ORD09646,2026-09-06T05:47:00+00:00,delivered,Bengaluru,V027,DRV024
ORD09647,2026-09-14T01:36:00+00:00,in_transit,Hosur,V079,DRV039
ORD09648,2026-08-21T19:31:00+00:00,in_transit,Hosur,V046,DRV018
ORD09649,2026-09-18T10:16:00+00:00,delivered,Chennai,V028,DRV013
ORD09650,2026-08-14T23:02:00+00:00,delivered,Tumakuru,V006,DRV002
ORD09651,2026-09-07T22:20:00+00:00,in_transit,Coimbatore,V071,DRV006
ORD09652,2026-08-30T00:08:00+00:00,delivered,Pune,V049,DRV064
ORD09653,2026-08-30T23:57:00+00:00,in_transit,Chennai,V097,DRV056
ORD09654,2026-08-11T21:21:00+00:00,in_transit,Hosur,V016,DRV059
ORD09655,2026-09-05T19:39:00+00:00,delivered,Coimbatore,V052,DRV079
ORD09656,2026-08-15T16:53:00+00:00,picked_up,Coimbatore,V030,DRV118
ORD09657,2026-09-06T14:40:00+00:00,delivered,Hubballi,V059,DRV073
ORD09658,2026-09-11T17:41:00+00:00,picked_up,Coimbatore,V088,DRV106
ORD09659,2026-08-24T09:20:00+00:00,in_transit,Mangaluru,V040,DRV084
ORD09660,2026-08-12T02:40:00+00:00,delivered,Hosur,V010,DRV088
ORD09661,2026-08-14T22:30:00+00:00,delivered,Mangaluru,V088,DRV068
ORD09662,2026-08-28T12:22:00+00:00,picked_up,Mysuru,V014,DRV118
ORD09663,2026-08-06T11:02:00+00:00,picked_up,Chennai,V017,DRV056
ORD09664,2026-09-02T03:01:00+00:00,delivered,Coimbatore,V038,DRV096
ORD09665,2026-08-05T19:45:00+00:00,delivered,Tumakuru,V098,DRV118
ORD09666,2026-08-13T07:05:00+00:00,delivered,Chennai,V022,DRV062
ORD09667,2026-09-19T18:22:00+00:00,delivered,Pune,V055,DRV118
ORD09668,2026-08-15T21:32:00+00:00,in_transit,Hyderabad,V068,DRV096
ORD09669,2026-08-30T08:50:00+00:00,delivered,Coimbatore,V090,DRV071
ORD09670,2026-09-15T13:11:00+00:00,delivered,Coimbatore,V075,DRV099
ORD09671,2026-09-20T10:34:00+00:00,delivered,Hubballi,V027,DRV071
ORD09672,2026-08-11T08:13:00+00:00,delivered,Tumakuru,V033,DRV050
ORD09673,2026-08-13T14:54:00+00:00,delayed,Mangaluru,V081,DRV105
ORD09674,2026-09-07T06:02:00+00:00,delivered,Hosur,V061,DRV018
ORD09675,2026-09-10T09:45:00+00:00,delivered,Hosur,V081,DRV010
ORD09676,2026-09-08T02:57:00+00:00,delivered,Coimbatore,V064,DRV084
ORD09677,2026-09-09T14:22:00+00:00,picked_up,Hubballi,V056,DRV019
ORD09678,2026-08-17T20:42:00+00:00,delayed,Hubballi,V018,DRV040
ORD09679,2026-09-24T14:32:00+00:00,in_transit,Hosur,V069,DRV099
ORD09680,2026-08-27T02:45:00+00:00,delivered,Chennai,V032,DRV087
ORD09681,2026-09-21T15:17:00+00:00,picked_up,Coimbatore,V056,DRV004
ORD09682,2026-08-11T12:02:00+00:00,delivered,Hosur,V088,DRV095
ORD09683,2026-09-22T14:31:00+00:00,delivered,Hyderabad,V081,DRV035
ORD09684,2026-08-08T06:32:00+00:00,delivered,Coimbatore,V079,DRV115
ORD09685,2026-09-16T06:52:00+00:00,delivered,Pune,V019,DRV118
ORD09686,2026-08-23T13:04:00+00:00,cancelled,Mangaluru,V018,DRV077
ORD09687,2026-09-07T02:26:00+00:00,in_transit,Hubballi,V063,DRV025
ORD09688,2026-08-12T02:20:00+00:00,delivered,Coimbatore,V036,DRV044
ORD09689,2026-08-09T14:45:00+00:00,picked_up,Hosur,V080,DRV010
ORD09690,2026-08-21T06:45:00+00:00,in_transit,Coimbatore,V079,DRV036
ORD09691,2026-09-24T03:47:00+00:00,delayed,Hosur,V067,DRV103
ORD09692,2026-09-14T19:47:00+00:00,delivered,Hubballi,V091,DRV111
ORD09693,2026-08-13T22:15:00+00:00,picked_up,Hyderabad,V054,DRV084
ORD09694,2026-08-23T15:17:00+00:00,delivered,Chennai,V051,DRV110
ORD09695,2026-09-07T04:38:00+00:00,delivered,Hosur,V070,DRV112
ORD09696,2026-09-20T19:49:00+00:00,delivered,Coimbatore,V097,DRV106
ORD09697,2026-09-21T20:19:00+00:00,delivered,Pune,V070,DRV059
ORD09698,2026-09-10T05:01:00+00:00,delivered,Mysuru,V095,DRV033
ORD09699,2026-08-14T20:55:00+00:00,picked_up,Chennai,V036,DRV028
ORD09700,2026-09-14T06:00:00+00:00,delivered,Hubballi,V097,DRV059
ORD09701,2026-09-18T23:28:00+00:00,in_transit,Mangaluru,V083,DRV099
ORD09702,2026-09-21T00:34:00+00:00,delivered,Tumakuru,V035,DRV018
ORD09703,2026-08-26T00:56:00+00:00,delivered,Pune,V049,DRV042
ORD09704,2026-09-22T04:53:00+00:00,in_transit,Chennai,V028,DRV014
ORD09705,2026-09-04T03:48:00+00:00,in_transit,Coimbatore,V082,DRV034
ORD09706,2026-08-25T19:37:00+00:00,delivered,Coimbatore,V083,DRV081
ORD09707,2026-09-01T10:59:00+00:00,delivered,Mangaluru,V070,DRV066
ORD09708,2026-09-17T19:38:00+00:00,delivered,Coimbatore,V062,DRV012
ORD09709,2026-08-12T02:44:00+00:00,in_transit,Tumakuru,V008,DRV028
ORD09710,2026-09-11T18:57:00+00:00,delivered,Mangaluru,V082,DRV081
ORD09711,2026-09-19T12:02:00+00:00,delivered,Mangaluru,V066,DRV071
ORD09712,2026-08-04T00:45:00+00:00,in_transit,Coimbatore,V053,DRV063
ORD09713,2026-08-14T01:02:00+00:00,delayed,Chennai,V089,DRV089
ORD09714,2026-09-15T14:35:00+00:00,delayed,Chennai,V051,DRV086
ORD09715,2026-08-23T21:29:00+00:00,picked_up,Chennai,V046,DRV049
ORD09716,2026-08-16T07:11:00+00:00,picked_up,Chennai,V022,DRV024
ORD09717,2026-09-13T01:16:00+00:00,delivered,Coimbatore,V063,DRV031
ORD09718,2026-09-16T06:30:00+00:00,delivered,Coimbatore,V008,DRV058
ORD09719,2026-08-20T11:36:00+00:00,delivered,Coimbatore,V012,DRV087
ORD09720,2026-09-05T09:07:00+00:00,in_transit,Mangaluru,V019,DRV096
ORD09721,2026-09-04T06:23:00+00:00,delivered,Coimbatore,V010,DRV033
ORD09722,2026-09-18T21:21:00+00:00,cancelled,Coimbatore,V082,DRV054
ORD09723,2026-08-24T21:32:00+00:00,delayed,Hyderabad,V082,DRV084
ORD09724,2026-09-08T00:07:00+00:00,picked_up,Chennai,V087,DRV041
ORD09725,2026-09-15T21:58:00+00:00,delivered,Hosur,V023,DRV001
ORD09726,2026-08-16T08:41:00+00:00,delivered,Mangaluru,V090,DRV095
ORD09727,2026-08-07T13:35:00+00:00,delivered,Chennai,V079,DRV020
ORD09728,2026-08-22T01:57:00+00:00,delivered,Coimbatore,V093,DRV077
ORD09729,2026-09-17T11:29:00+00:00,delivered,Mysuru,V041,DRV061
ORD09730,2026-08-05T11:43:00+00:00,delivered,Chennai,V090,DRV044
ORD09731,2026-08-18T16:46:00+00:00,delivered,Coimbatore,V033,DRV107
ORD09732,2026-08-21T17:20:00+00:00,delivered,Hubballi,V052,DRV042
ORD09733,2026-08-01T19:21:00+00:00,picked_up,Hubballi,V067,DRV100
ORD09734,2026-09-13T05:21:00+00:00,delivered,Hosur,V073,DRV056
ORD09735,2026-08-21T16:45:00+00:00,delayed,Coimbatore,V037,DRV096
ORD09736,2026-08-28T10:43:00+00:00,delivered,Tumakuru,V010,DRV085
ORD09737,2026-08-28T06:19:00+00:00,delivered,Hosur,V085,DRV057
ORD09738,2026-08-01T15:51:00+00:00,picked_up,Mysuru,V013,DRV082
ORD09739,2026-09-05T07:41:00+00:00,in_transit,Mysuru,V096,DRV047
ORD09740,2026-08-03T08:18:00+00:00,delivered,Mangaluru,V012,DRV019
ORD09741,2026-09-13T08:36:00+00:00,delivered,Mysuru,V090,DRV020
ORD09742,2026-08-17T20:48:00+00:00,in_transit,Pune,V098,DRV059
ORD09743,2026-09-18T05:19:00+00:00,picked_up,Chennai,V081,DRV108
ORD09744,2026-08-06T14:59:00+00:00,picked_up,Chennai,V092,DRV114
ORD09745,2026-09-23T23:45:00+00:00,delivered,Coimbatore,V005,DRV113
ORD09746,2026-09-11T21:52:00+00:00,in_transit,Coimbatore,V074,DRV059
ORD09747,2026-09-11T14:24:00+00:00,delivered,Hyderabad,V053,DRV053
ORD09748,2026-08-07T11:31:00+00:00,delivered,Chennai,V026,DRV002
ORD09749,2026-09-15T19:26:00+00:00,cancelled,Hosur,V035,DRV017
ORD09750,2026-08-08T14:25:00+00:00,delivered,Hosur,V076,DRV013
ORD09751,2026-09-09T20:27:00+00:00,delivered,Coimbatore,V021,DRV060
ORD09752,2026-09-16T01:40:00+00:00,delayed,Bengaluru,V033,DRV087
ORD09753,2026-08-17T21:35:00+00:00,picked_up,Mangaluru,V087,DRV031
ORD09754,2026-09-14T15:47:00+00:00,delivered,Coimbatore,V077,DRV038
ORD09755,2026-09-12T02:43:00+00:00,in_transit,Mysuru,V012,DRV113
ORD09756,2026-08-12T07:49:00+00:00,delivered,Chennai,V054,DRV007
ORD09757,2026-08-21T10:09:00+00:00,delivered,Hyderabad,V026,DRV099
ORD09758,2026-08-16T06:27:00+00:00,in_transit,Mysuru,V077,DRV104
ORD09759,2026-08-28T06:01:00+00:00,delivered,Hubballi,V096,DRV106
ORD09760,2026-09-19T00:39:00+00:00,delayed,Hosur,V055,DRV050
ORD09761,2026-09-09T06:16:00+00:00,delivered,Mysuru,V057,DRV105
ORD09762,2026-08-16T20:24:00+00:00,delivered,Hosur,V080,DRV077
ORD09763,2026-08-22T16:38:00+00:00,in_transit,Tumakuru,V057,DRV087
ORD09764,2026-08-02T07:00:00+00:00,in_transit,Coimbatore,V081,DRV025
ORD09765,2026-08-27T17:03:00+00:00,delivered,Chennai,V063,DRV118
ORD09766,2026-09-19T04:05:00+00:00,in_transit,Pune,V067,DRV072
ORD09767,2026-08-15T14:06:00+00:00,delayed,Chennai,V022,DRV038
ORD09768,2026-08-04T16:40:00+00:00,delivered,Mangaluru,V025,DRV058
ORD09769,2026-09-05T23:31:00+00:00,delivered,Hosur,V093,DRV032
ORD09770,2026-08-08T22:42:00+00:00,in_transit,Pune,V017,DRV064
ORD09771,2026-09-14T13:22:00+00:00,delivered,Coimbatore,V076,DRV039
ORD09772,2026-08-05T22:16:00+00:00,delivered,Hubballi,V076,DRV020
ORD09773,2026-08-29T17:48:00+00:00,delivered,Pune,V079,DRV081
ORD09774,2026-08-12T00:58:00+00:00,cancelled,Hyderabad,V089,DRV010
ORD09775,2026-09-12T08:10:00+00:00,delivered,Pune,V071,DRV059
ORD09776,2026-09-18T06:08:00+00:00,picked_up,Coimbatore,V015,DRV060
ORD09777,2026-08-07T09:09:00+00:00,delivered,Coimbatore,V021,DRV037
ORD09778,2026-08-26T04:07:00+00:00,delivered,Coimbatore,V090,DRV091
ORD09779,2026-08-28T04:33:00+00:00,delivered,Mangaluru,V082,DRV104
ORD09780,2026-09-10T02:21:00+00:00,delivered,Mangaluru,V026,DRV102
ORD09781,2026-08-13T07:56:00+00:00,in_transit,Coimbatore,V012,DRV037
ORD09782,2026-08-19T07:39:00+00:00,cancelled,Mangaluru,V079,DRV107
ORD09783,2026-09-04T20:30:00+00:00,delivered,Coimbatore,V086,DRV042
ORD09784,2026-08-12T04:26:00+00:00,picked_up,Mysuru,V011,DRV052
ORD09785,2026-09-02T08:04:00+00:00,delivered,Bengaluru,V045,DRV117
ORD09786,2026-09-03T20:04:00+00:00,in_transit,Hubballi,V070,DRV087
ORD09787,2026-08-03T22:54:00+00:00,delivered,Bengaluru,V088,DRV098
ORD09788,2026-08-10T15:25:00+00:00,delivered,Coimbatore,V056,DRV003
ORD09789,2026-08-04T07:41:00+00:00,picked_up,Tumakuru,V094,DRV055
ORD09790,2026-08-13T13:46:00+00:00,delayed,Pune,V032,DRV055
ORD09791,2026-09-15T14:44:00+00:00,in_transit,Mysuru,V058,DRV022
ORD09792,2026-08-01T17:38:00+00:00,in_transit,Bengaluru,V098,DRV079
ORD09793,2026-09-08T04:30:00+00:00,delivered,Coimbatore,V004,DRV035
ORD09794,2026-08-19T06:03:00+00:00,delivered,Mangaluru,V086,DRV005
ORD09795,2026-09-10T23:21:00+00:00,picked_up,Coimbatore,V063,DRV116
ORD09796,2026-09-02T04:30:00+00:00,picked_up,Coimbatore,V085,DRV047
ORD09797,2026-09-18T08:57:00+00:00,in_transit,Hosur,V008,DRV084
ORD09798,2026-08-25T01:41:00+00:00,delivered,Mysuru,V017,DRV046
ORD09799,2026-08-24T16:44:00+00:00,in_transit,Bengaluru,V088,DRV100
ORD09800,2026-08-16T21:12:00+00:00,in_transit,Pune,V026,DRV102
ORD09801,2026-08-19T13:26:00+00:00,delivered,Coimbatore,V003,DRV028
ORD09802,2026-08-13T19:35:00+00:00,cancelled,Coimbatore,V055,DRV094
ORD09803,2026-08-25T05:25:00+00:00,delivered,Mangaluru,V084,DRV112
ORD09804,2026-08-10T11:44:00+00:00,delivered,Coimbatore,V004,DRV108
ORD09805,2026-09-08T05:51:00+00:00,picked_up,Tumakuru,V062,DRV068
ORD09806,2026-08-27T14:18:00+00:00,in_transit,Bengaluru,V025,DRV094
ORD09807,2026-08-28T05:49:00+00:00,delivered,Coimbatore,V006,DRV100
ORD09808,2026-08-19T06:50:00+00:00,delivered,Mysuru,V052,DRV112
ORD09809,2026-09-13T21:20:00+00:00,delayed,Hubballi,V042,DRV004
ORD09810,2026-08-21T03:23:00+00:00,delivered,Coimbatore,V093,DRV119
ORD09811,2026-08-22T15:34:00+00:00,delayed,Coimbatore,V094,DRV085
ORD09812,2026-08-22T11:43:00+00:00,delivered,Hosur,V022,DRV045
ORD09813,2026-08-12T12:25:00+00:00,picked_up,Mangaluru,V001,DRV022
ORD09814,2026-09-06T18:44:00+00:00,picked_up,Mangaluru,V078,DRV017
ORD09815,2026-09-12T06:03:00+00:00,delivered,Chennai,V024,DRV078
ORD09816,2026-09-14T18:13:00+00:00,delivered,Hyderabad,V009,DRV001
ORD09817,2026-08-02T04:59:00+00:00,in_transit,Hubballi,V074,DRV053
ORD09818,2026-09-21T22:52:00+00:00,picked_up,Mangaluru,V081,DRV049
ORD09819,2026-08-09T09:57:00+00:00,delayed,Pune,V057,DRV009
ORD09820,2026-09-24T01:36:00+00:00,delivered,Coimbatore,V072,DRV038
ORD09821,2026-08-20T08:16:00+00:00,delivered,Chennai,V095,DRV027
ORD09822,2026-08-22T00:53:00+00:00,delayed,Hosur,V008,DRV083
ORD09823,2026-08-31T03:05:00+00:00,delivered,Mysuru,V025,DRV004
ORD09824,2026-08-31T20:26:00+00:00,picked_up,Coimbatore,V063,DRV083
ORD09825,2026-09-11T08:58:00+00:00,delivered,Mysuru,V007,DRV003
ORD09826,2026-09-24T03:18:00+00:00,delivered,Coimbatore,V066,DRV056
ORD09827,2026-08-11T18:02:00+00:00,delivered,Coimbatore,V068,DRV062
ORD09828,2026-08-23T12:58:00+00:00,delivered,Hosur,V030,DRV046
ORD09829,2026-08-22T14:21:00+00:00,delivered,Chennai,V095,DRV076
ORD09830,2026-08-30T18:15:00+00:00,delivered,Coimbatore,V085,DRV032
ORD09831,2026-08-24T15:56:00+00:00,delivered,Tumakuru,V012,DRV030
ORD09832,2026-08-01T18:01:00+00:00,delivered,Mysuru,V064,DRV047
ORD09833,2026-08-23T19:34:00+00:00,delivered,Hubballi,V039,DRV004
ORD09834,2026-09-21T03:43:00+00:00,delivered,Pune,V072,DRV040
ORD09835,2026-09-12T01:35:00+00:00,delivered,Bengaluru,V076,DRV033
ORD09836,2026-09-18T17:04:00+00:00,delayed,Pune,V065,DRV047
ORD09837,2026-08-17T17:29:00+00:00,in_transit,Chennai,V100,DRV043
ORD09838,2026-08-05T15:45:00+00:00,picked_up,Coimbatore,V083,DRV012
ORD09839,2026-08-09T13:36:00+00:00,picked_up,Hubballi,V048,DRV046
ORD09840,2026-09-13T14:49:00+00:00,picked_up,Tumakuru,V025,DRV112
ORD09841,2026-08-02T10:20:00+00:00,delivered,Hubballi,V047,DRV094
ORD09842,2026-09-03T05:38:00+00:00,in_transit,Mangaluru,V002,DRV018
ORD09843,2026-08-05T08:25:00+00:00,picked_up,Tumakuru,V071,DRV009
ORD09844,2026-08-19T16:21:00+00:00,in_transit,Hosur,V050,DRV111
ORD09845,2026-09-09T10:41:00+00:00,delayed,Hyderabad,V055,DRV043
ORD09846,2026-09-14T22:38:00+00:00,in_transit,Hubballi,V017,DRV105
ORD09847,2026-08-08T19:44:00+00:00,cancelled,Hubballi,V017,DRV060
ORD09848,2026-08-18T00:18:00+00:00,delivered,Coimbatore,V046,DRV075
ORD09849,2026-08-10T03:21:00+00:00,delivered,Mangaluru,V041,DRV029
ORD09850,2026-08-27T07:23:00+00:00,picked_up,Chennai,V064,DRV094
ORD09851,2026-08-01T10:56:00+00:00,in_transit,Hubballi,V009,DRV088
ORD09852,2026-09-16T04:59:00+00:00,delivered,Chennai,V082,DRV007
ORD09853,2026-08-03T10:29:00+00:00,delivered,Chennai,V038,DRV066
ORD09854,2026-09-02T12:27:00+00:00,in_transit,Mysuru,V066,DRV051
ORD09855,2026-09-18T22:47:00+00:00,picked_up,Tumakuru,V013,DRV037
ORD09856,2026-08-29T08:53:00+00:00,delivered,Mysuru,V043,DRV034
ORD09857,2026-08-17T02:49:00+00:00,cancelled,Coimbatore,V077,DRV053
ORD09858,2026-08-23T19:04:00+00:00,delayed,Pune,V024,DRV101
ORD09859,2026-08-29T15:27:00+00:00,picked_up,Mysuru,V089,DRV010
ORD09860,2026-09-17T06:08:00+00:00,picked_up,Mangaluru,V028,DRV103
ORD09861,2026-09-09T08:22:00+00:00,delayed,Mangaluru,V053,DRV091
ORD09862,2026-08-21T12:50:00+00:00,delivered,Coimbatore,V061,DRV106
ORD09863,2026-09-10T12:48:00+00:00,picked_up,Hyderabad,V011,DRV099
ORD09864,2026-09-17T09:07:00+00:00,picked_up,Hyderabad,V068,DRV094
ORD09865,2026-08-20T23:35:00+00:00,delivered,Bengaluru,V069,DRV108
ORD09866,2026-09-07T15:07:00+00:00,delayed,Chennai,V057,DRV093
ORD09867,2026-08-11T02:03:00+00:00,delivered,Chennai,V009,DRV044
ORD09868,2026-09-14T00:00:00+00:00,in_transit,Coimbatore,V018,DRV006
ORD09869,2026-08-29T01:30:00+00:00,in_transit,Mangaluru,V076,DRV114
ORD09870,2026-08-09T08:05:00+00:00,in_transit,Coimbatore,V100,DRV019
ORD09871,2026-08-12T19:34:00+00:00,delivered,Chennai,V010,DRV037
ORD09872,2026-09-02T01:10:00+00:00,delivered,Pune,V044,DRV109
ORD09873,2026-08-20T23:30:00+00:00,delivered,Mysuru,V070,DRV120
ORD09874,2026-09-18T00:20:00+00:00,picked_up,Coimbatore,V049,DRV087
ORD09875,2026-08-07T12:32:00+00:00,delivered,Hubballi,V033,DRV089
ORD09876,2026-08-13T12:48:00+00:00,delayed,Coimbatore,V070,DRV025
ORD09877,2026-08-23T11:48:00+00:00,delivered,Chennai,V018,DRV057
ORD09878,2026-09-14T01:29:00+00:00,in_transit,Hosur,V084,DRV010
ORD09879,2026-08-14T02:17:00+00:00,delivered,Mangaluru,V079,DRV014
ORD09880,2026-08-29T16:31:00+00:00,delivered,Mangaluru,V030,DRV037
ORD09881,2026-09-23T15:04:00+00:00,cancelled,Hosur,V099,DRV020
ORD09882,2026-08-04T12:19:00+00:00,delivered,Coimbatore,V037,DRV041
ORD09883,2026-08-09T16:24:00+00:00,delivered,Mysuru,V061,DRV109
ORD09884,2026-09-21T10:04:00+00:00,in_transit,Tumakuru,V037,DRV117
ORD09885,2026-09-22T09:10:00+00:00,delivered,Tumakuru,V012,DRV045
ORD09886,2026-09-14T17:18:00+00:00,delivered,Mysuru,V067,DRV105
ORD09887,2026-08-09T08:17:00+00:00,delivered,Bengaluru,V031,DRV055
ORD09888,2026-08-31T23:46:00+00:00,in_transit,Hosur,V037,DRV098
ORD09889,2026-08-01T13:45:00+00:00,delayed,Hosur,V054,DRV120
ORD09890,2026-09-14T14:28:00+00:00,picked_up,Hosur,V078,DRV022
ORD09891,2026-08-08T01:05:00+00:00,picked_up,Hyderabad,V010,DRV105
ORD09892,2026-08-27T08:16:00+00:00,delivered,Hubballi,V016,DRV030
ORD09893,2026-09-14T15:19:00+00:00,delayed,Mysuru,V056,DRV093
ORD09894,2026-09-18T05:14:00+00:00,delayed,Mangaluru,V027,DRV115
ORD09895,2026-09-13T05:21:00+00:00,in_transit,Coimbatore,V012,DRV003
ORD09896,2026-09-13T05:17:00+00:00,in_transit,Coimbatore,V015,DRV052
ORD09897,2026-09-12T05:47:00+00:00,delivered,Coimbatore,V007,DRV100
ORD09898,2026-09-24T13:23:00+00:00,delivered,Hyderabad,V004,DRV090
ORD09899,2026-08-09T01:16:00+00:00,delivered,Mysuru,V002,DRV050
ORD09900,2026-08-05T02:32:00+00:00,delivered,Pune,V020,DRV072
ORD09901,2026-08-26T17:29:00+00:00,delivered,Tumakuru,V072,DRV065
ORD09902,2026-08-25T07:05:00+00:00,delivered,Hubballi,V010,DRV032
ORD09903,2026-08-17T12:57:00+00:00,delayed,Tumakuru,V100,DRV085
ORD09904,2026-08-21T19:24:00+00:00,delivered,Coimbatore,V032,DRV069
ORD09905,2026-09-13T15:59:00+00:00,in_transit,Hosur,V066,DRV073
ORD09906,2026-08-08T21:11:00+00:00,picked_up,Pune,V002,DRV051
ORD09907,2026-09-24T10:09:00+00:00,in_transit,Mysuru,V099,DRV046
ORD09908,2026-08-24T06:51:00+00:00,delivered,Pune,V034,DRV066
ORD09909,2026-09-24T07:30:00+00:00,delivered,Hosur,V031,DRV110
ORD09910,2026-09-24T17:49:00+00:00,delivered,Coimbatore,V006,DRV080
ORD09911,2026-09-17T20:46:00+00:00,in_transit,Mysuru,V015,DRV088
ORD09912,2026-09-16T17:17:00+00:00,picked_up,Hosur,V036,DRV060
ORD09913,2026-09-05T19:30:00+00:00,in_transit,Mysuru,V081,DRV054
ORD09914,2026-08-04T07:41:00+00:00,delivered,Mysuru,V030,DRV067
ORD09915,2026-08-16T05:19:00+00:00,delivered,Pune,V048,DRV028
ORD09916,2026-08-13T09:27:00+00:00,delivered,Hosur,V005,DRV043
ORD09917,2026-09-19T13:09:00+00:00,picked_up,Mysuru,V081,DRV108
ORD09918,2026-09-07T09:41:00+00:00,in_transit,Mysuru,V047,DRV111
ORD09919,2026-09-12T08:39:00+00:00,delivered,Tumakuru,V065,DRV061
ORD09920,2026-08-24T04:41:00+00:00,picked_up,Coimbatore,V065,DRV027
ORD09921,2026-08-04T18:03:00+00:00,delivered,Hyderabad,V055,DRV028
ORD09922,2026-09-21T11:17:00+00:00,delivered,Coimbatore,V049,DRV046
ORD09923,2026-08-23T06:40:00+00:00,delivered,Hyderabad,V082,DRV003
ORD09924,2026-09-02T19:58:00+00:00,delivered,Hosur,V028,DRV068
ORD09925,2026-08-24T13:36:00+00:00,delivered,Coimbatore,V072,DRV070
ORD09926,2026-08-07T12:39:00+00:00,delivered,Coimbatore,V001,DRV002
ORD09927,2026-08-28T14:41:00+00:00,in_transit,Coimbatore,V042,DRV084
ORD09928,2026-08-31T02:05:00+00:00,delivered,Hosur,V036,DRV118
ORD09929,2026-08-21T02:11:00+00:00,picked_up,Coimbatore,V058,DRV050
ORD09930,2026-08-18T03:55:00+00:00,delayed,Bengaluru,V062,DRV087
ORD09931,2026-09-02T10:16:00+00:00,in_transit,Coimbatore,V097,DRV030
ORD09932,2026-09-24T01:48:00+00:00,delivered,Chennai,V088,DRV055
ORD09933,2026-09-22T08:42:00+00:00,picked_up,Mangaluru,V003,DRV034
ORD09934,2026-09-22T09:10:00+00:00,delayed,Chennai,V094,DRV104
ORD09935,2026-08-22T15:46:00+00:00,delayed,Mangaluru,V036,DRV105
ORD09936,2026-08-22T13:09:00+00:00,delivered,Hubballi,V024,DRV041
ORD09937,2026-08-15T09:59:00+00:00,picked_up,Hyderabad,V072,DRV052
ORD09938,2026-08-21T06:26:00+00:00,picked_up,Coimbatore,V093,DRV115
ORD09939,2026-09-09T15:57:00+00:00,delivered,Coimbatore,V049,DRV071
ORD09940,2026-08-04T15:37:00+00:00,delayed,Mysuru,V029,DRV044
ORD09941,2026-08-17T22:24:00+00:00,delayed,Bengaluru,V082,DRV046
ORD09942,2026-08-27T04:38:00+00:00,delayed,Coimbatore,V011,DRV102
ORD09943,2026-08-20T06:08:00+00:00,delayed,Coimbatore,V003,DRV024
ORD09944,2026-09-21T00:22:00+00:00,delivered,Chennai,V042,DRV116
ORD09945,2026-09-14T14:05:00+00:00,delivered,Coimbatore,V082,DRV052
ORD09946,2026-08-13T10:37:00+00:00,cancelled,Mysuru,V051,DRV021
ORD09947,2026-08-30T00:03:00+00:00,delivered,Chennai,V074,DRV105
ORD09948,2026-08-12T04:11:00+00:00,delivered,Mysuru,V021,DRV002
ORD09949,2026-09-14T07:28:00+00:00,in_transit,Hosur,V065,DRV077
ORD09950,2026-08-21T05:10:00+00:00,picked_up,Hosur,V007,DRV013
ORD09951,2026-08-19T11:43:00+00:00,delivered,Mangaluru,V092,DRV070
ORD09952,2026-08-26T02:23:00+00:00,delivered,Coimbatore,V069,DRV075
ORD09953,2026-08-10T05:02:00+00:00,delivered,Hosur,V037,DRV038
ORD09954,2026-09-01T06:22:00+00:00,picked_up,Mangaluru,V067,DRV059
ORD09955,2026-08-19T03:26:00+00:00,cancelled,Hubballi,V028,DRV003
ORD09956,2026-09-11T05:41:00+00:00,delayed,Mangaluru,V032,DRV120
ORD09957,2026-08-22T08:24:00+00:00,delivered,Hubballi,V088,DRV033
ORD09958,2026-09-11T21:49:00+00:00,delivered,Coimbatore,V047,DRV086
ORD09959,2026-08-21T23:08:00+00:00,delivered,Mysuru,V009,DRV080
ORD09960,2026-08-30T05:46:00+00:00,delivered,Chennai,V017,DRV091
ORD09961,2026-08-24T18:05:00+00:00,delivered,Mangaluru,V014,DRV073
ORD09962,2026-09-05T15:38:00+00:00,picked_up,Pune,V009,DRV046
ORD09963,2026-09-24T19:08:00+00:00,picked_up,Pune,V057,DRV062
ORD09964,2026-08-03T01:20:00+00:00,picked_up,Mysuru,V039,DRV060
ORD09965,2026-08-13T21:54:00+00:00,delivered,Coimbatore,V006,DRV010
ORD09966,2026-08-08T07:08:00+00:00,delivered,Mangaluru,V037,DRV103
ORD09967,2026-08-19T08:59:00+00:00,picked_up,Pune,V029,DRV053
ORD09968,2026-09-14T07:05:00+00:00,delivered,Coimbatore,V093,DRV097
ORD09969,2026-09-02T20:11:00+00:00,delivered,Coimbatore,V049,DRV115
ORD09970,2026-09-22T15:32:00+00:00,picked_up,Coimbatore,V072,DRV032
ORD09971,2026-09-23T22:58:00+00:00,delivered,Mangaluru,V021,DRV018
ORD09972,2026-09-09T10:37:00+00:00,cancelled,Bengaluru,V088,DRV038
ORD09973,2026-09-06T01:03:00+00:00,in_transit,Hyderabad,V053,DRV011
ORD09974,2026-08-25T00:14:00+00:00,delivered,Hosur,V070,DRV086
ORD09975,2026-08-21T16:42:00+00:00,delivered,Mangaluru,V092,DRV006
ORD09976,2026-08-23T04:20:00+00:00,in_transit,Mangaluru,V078,DRV092
ORD09977,2026-08-26T09:50:00+00:00,delivered,Pune,V036,DRV118
ORD09978,2026-08-06T05:14:00+00:00,in_transit,Coimbatore,V041,DRV103
ORD09979,2026-09-15T16:37:00+00:00,picked_up,Hosur,V051,DRV008
ORD09980,2026-09-24T05:33:00+00:00,delivered,Coimbatore,V082,DRV086
ORD09981,2026-09-08T03:08:00+00:00,delayed,Coimbatore,V024,DRV103
ORD09982,2026-09-16T13:02:00+00:00,delivered,Hubballi,V021,DRV072
ORD09983,2026-09-12T17:28:00+00:00,delivered,Hosur,V058,DRV119
ORD09984,2026-09-04T09:18:00+00:00,delivered,Mysuru,V005,DRV027
ORD09985,2026-09-17T19:07:00+00:00,delivered,Pune,V001,DRV098
ORD09986,2026-08-30T02:50:00+00:00,delivered,Coimbatore,V007,DRV113
ORD09987,2026-08-28T05:38:00+00:00,delivered,Mysuru,V086,DRV053
ORD09988,2026-09-13T06:26:00+00:00,delivered,Pune,V038,DRV044
ORD09989,2026-09-02T18:12:00+00:00,delivered,Pune,V063,DRV115
ORD09990,2026-09-21T23:49:00+00:00,picked_up,Bengaluru,V075,DRV113
ORD09991,2026-08-28T20:14:00+00:00,delivered,Coimbatore,V073,DRV094
ORD09992,2026-09-22T12:25:00+00:00,delivered,Hubballi,V042,DRV039
ORD09993,2026-08-28T12:54:00+00:00,delivered,Mysuru,V079,DRV065
ORD09994,2026-08-07T18:02:00+00:00,picked_up,Bengaluru,V085,DRV014
ORD09995,2026-09-09T21:56:00+00:00,delivered,Chennai,V099,DRV098
ORD09996,2026-08-09T08:54:00+00:00,in_transit,Coimbatore,V020,DRV112
ORD09997,2026-09-03T16:47:00+00:00,delivered,Coimbatore,V060,DRV060
ORD09998,2026-08-18T21:44:00+00:00,delivered,Chennai,V021,DRV081
ORD09999,2026-08-03T17:58:00+00:00,delivered,Pune,V042,DRV040
ORD10000,2026-08-23T00:07:00+00:00,in_transit,Coimbatore,V075,DRV060
