vehicle_id,timestamp,liters,amount,fuel_type,odometer_km
V052,2026-09-01T09:47:00+00:00,34.96,3279.45,Petrol,94128.2
V067,2026-08-31T02:57:00+00:00,34.64,3472.36,Petrol,10366.2
V045,2026-08-28T02:53:00+00:00,34.21,3446.9,Diesel,69965.5
V064,2026-08-14T00:50:00+00:00,6.13,607.47,Petrol,129151.5
V057,2026-09-06T02:41:00+00:00,39.3,3783.06,Diesel,99537.9
V011,2026-09-17T15:15:00+00:00,10.45,984.86,Diesel,161293.8
V006,2026-09-19T01:06:00+00:00,18.39,1815.69,Diesel,94027.2
V045,2026-09-13T15:19:00+00:00,43.09,4161.88,Diesel,96557.0
V073,2026-09-16T08:21:00+00:00,5.63,519.99,Petrol,135651.8
V067,2026-09-23T12:36:00+00:00,44.43,4324.87,Petrol,38459.4
V084,2026-09-11T07:27:00+00:00,44.22,4494.93,Petrol,51442.7
V044,2026-08-01T06:05:00+00:00,40.24,3963.02,Petrol,79343.7
V006,2026-08-25T11:33:00+00:00,27.28,2721.01,Diesel,21954.3
V009,2026-09-10T06:58:00+00:00,24.74,2305.79,Petrol,88643.4
V029,2026-08-25T19:24:00+00:00,10.21,1002.72,Diesel,97992.1
V025,2026-09-11T08:54:00+00:00,15.58,1569.65,Diesel,90535.4
V040,2026-08-05T11:59:00+00:00,38.19,3760.47,Diesel,179418.9
V067,2026-08-10T07:13:00+00:00,9.87,986.2,Petrol,12959.8
V024,2026-08-07T16:14:00+00:00,34.78,3459.33,Diesel,163629.9
V025,2026-08-17T20:24:00+00:00,22.79,2251.04,Diesel,132391.9
V001,2026-09-16T04:55:00+00:00,44.47,4445.4,Petrol,162180.0
V030,2026-08-19T20:28:00+00:00,21.78,2194.14,Diesel,26140.7
V034,2026-08-09T18:07:00+00:00,10.62,1087.17,Diesel,117202.1
V012,2026-08-10T23:20:00+00:00,19.65,1910.25,Diesel,106248.9
V061,2026-08-13T19:58:00+00:00,44.18,4397.42,Petrol,76061.1
V041,2026-09-01T21:27:00+00:00,21.0,1989.25,Diesel,64562.5
V071,2026-08-12T21:05:00+00:00,24.21,2474.17,Diesel,32061.2
V092,2026-09-11T04:11:00+00:00,43.16,4152.25,Diesel,137818.1
V076,2026-08-06T00:10:00+00:00,19.89,1884.42,Diesel,94953.9
V056,2026-08-10T16:08:00+00:00,28.41,2691.66,Diesel,169440.5
V060,2026-08-04T15:12:00+00:00,18.87,1898.39,Diesel,90756.4
V082,2026-09-12T11:40:00+00:00,23.34,2198.81,Diesel,6060.0
V004,2026-09-11T12:52:00+00:00,44.18,4352.88,Diesel,147658.8
V088,2026-08-27T01:26:00+00:00,44.79,4447.31,Petrol,141919.5
V052,2026-09-12T19:53:00+00:00,33.05,3343.33,Petrol,46788.4
V040,2026-08-08T20:26:00+00:00,25.27,2433.48,Diesel,20904.9
V098,2026-08-01T03:12:00+00:00,36.95,3461.41,Diesel,116645.2
V053,2026-08-22T08:59:00+00:00,33.34,3231.92,Diesel,17188.8
V025,2026-08-10T13:25:00+00:00,9.23,871.79,Diesel,85849.6
V078,2026-09-07T21:01:00+00:00,40.64,4152.93,Diesel,60185.3
V006,2026-08-30T17:12:00+00:00,5.19,510.67,Diesel,51702.4
V013,2026-08-27T02:38:00+00:00,14.34,1475.53,Petrol,44294.6
V006,2026-08-21T15:46:00+00:00,7.7,721.37,Diesel,144916.1
V001,2026-08-02T07:09:00+00:00,31.17,3027.14,Petrol,163847.5
V018,2026-09-18T23:02:00+00:00,14.97,1402.06,Diesel,172178.1
V097,2026-08-17T08:36:00+00:00,20.36,1967.63,Diesel,40447.6
V083,2026-09-19T20:50:00+00:00,9.62,921.21,Petrol,136100.9
V057,2026-08-03T03:25:00+00:00,38.23,3926.06,Diesel,59709.0
V019,2026-08-12T21:14:00+00:00,35.66,3537.97,Diesel,116638.5
V025,2026-08-06T19:26:00+00:00,37.37,3591.05,Diesel,88616.1
V017,2026-08-02T04:46:00+00:00,16.66,1699.45,Diesel,163306.3
V085,2026-09-17T22:27:00+00:00,43.98,4151.04,Diesel,125834.6
V033,2026-09-19T09:24:00+00:00,20.85,1966.26,Diesel,102346.8
V078,2026-09-23T09:20:00+00:00,14.64,1492.43,Diesel,117656.4
V022,2026-09-21T08:56:00+00:00,8.13,777.92,Diesel,179064.5
V091,2026-09-04T08:18:00+00:00,10.93,1041.49,Petrol,38764.0
V095,2026-09-17T19:12:00+00:00,8.57,848.36,Diesel,146298.1
V041,2026-08-27T08:02:00+00:00,27.56,2618.49,Diesel,5748.7
V016,2026-08-26T19:27:00+00:00,15.4,1465.19,Diesel,115249.9
V046,2026-08-13T08:16:00+00:00,27.89,2833.2,Diesel,5617.0
V031,2026-08-25T08:41:00+00:00,13.97,1332.47,Diesel,33905.3
V048,2026-08-27T07:42:00+00:00,35.06,3236.01,Diesel,176471.2
V005,2026-09-05T10:32:00+00:00,17.04,1688.29,Diesel,140451.6
V069,2026-09-20T10:55:00+00:00,10.82,1027.42,Petrol,69970.8
V098,2026-09-14T20:13:00+00:00,31.51,3190.99,Diesel,97896.3
V002,2026-09-13T05:17:00+00:00,22.67,2140.27,Petrol,42075.3
V030,2026-09-22T08:05:00+00:00,38.44,3768.24,Diesel,31790.7
V036,2026-09-02T03:57:00+00:00,41.59,4050.6,Petrol,16629.9
V026,2026-08-01T14:45:00+00:00,24.89,2457.83,Petrol,118651.1
V008,2026-09-16T03:44:00+00:00,35.82,3545.61,Diesel,62358.1
V083,2026-09-02T12:59:00+00:00,12.5,1213.79,Petrol,166106.2
V042,2026-09-23T12:30:00+00:00,30.99,2882.96,Diesel,178130.0
V046,2026-09-22T23:37:00+00:00,20.83,2103.39,Diesel,92345.3
V036,2026-08-26T14:12:00+00:00,34.26,3378.17,Petrol,127550.5
V041,2026-09-20T15:23:00+00:00,7.67,781.58,Diesel,74215.8
V033,2026-09-20T23:14:00+00:00,7.77,732.56,Diesel,33559.3
V007,2026-08-02T13:21:00+00:00,5.43,538.28,Petrol,148947.1
V071,2026-09-14T16:34:00+00:00,27.25,2715.14,Diesel,160949.1
V003,2026-09-07T08:42:00+00:00,29.28,2869.95,Diesel,126188.6
V034,2026-09-13T16:09:00+00:00,17.15,1651.63,Diesel,87100.7
V019,2026-08-01T08:18:00+00:00,21.29,2015.81,Diesel,83286.3
V095,2026-09-10T06:43:00+00:00,39.91,4033.63,Diesel,143361.5
V094,2026-08-25T19:30:00+00:00,12.86,1232.54,Diesel,66629.7
V034,2026-09-15T09:30:00+00:00,33.96,3351.58,Diesel,163008.2
V042,2026-09-06T18:14:00+00:00,27.15,2521.34,Diesel,88380.7
V056,2026-09-17T05:28:00+00:00,27.34,2738.07,Diesel,169846.2
V066,2026-09-06T04:45:00+00:00,16.92,1635.99,Diesel,120187.5
V075,2026-08-29T08:10:00+00:00,11.27,1147.32,Diesel,34787.9
V030,2026-09-11T12:56:00+00:00,6.72,624.92,Diesel,116104.3
V023,2026-08-23T05:41:00+00:00,13.36,1291.74,Diesel,25564.8
V091,2026-09-23T07:21:00+00:00,31.68,2995.73,Petrol,49078.8
V006,2026-08-05T12:10:00+00:00,5.55,558.25,Diesel,141066.9
V059,2026-09-11T23:15:00+00:00,22.33,2219.5,Diesel,16039.3
V013,2026-08-22T19:15:00+00:00,39.84,3989.44,Petrol,5035.6
V097,2026-08-09T16:26:00+00:00,21.61,2079.81,Diesel,160633.1
V054,2026-09-22T09:21:00+00:00,19.26,1933.64,Diesel,150622.5
V056,2026-08-04T17:25:00+00:00,22.84,2179.55,Diesel,163194.0
V092,2026-09-19T07:22:00+00:00,14.03,1408.3,Diesel,147780.0
V001,2026-08-06T02:32:00+00:00,39.99,4112.71,Petrol,117243.7
V090,2026-08-21T23:57:00+00:00,43.25,4178.62,Petrol,144162.8
V023,2026-09-07T07:25:00+00:00,30.68,2971.44,Diesel,142794.3
V073,2026-08-09T18:58:00+00:00,9.84,934.28,Petrol,164169.4
V023,2026-08-09T13:57:00+00:00,33.74,3340.63,Diesel,22022.2
V074,2026-08-04T15:23:00+00:00,12.07,1218.05,Diesel,47948.0
V070,2026-08-06T02:23:00+00:00,21.79,2015.23,Diesel,177826.4
V047,2026-09-12T23:33:00+00:00,10.49,1059.4,Petrol,5289.7
V076,2026-09-11T07:19:00+00:00,21.56,2128.92,Diesel,139364.2
V075,2026-08-16T14:12:00+00:00,11.67,1129.6,Diesel,114617.4
V081,2026-08-03T15:05:00+00:00,35.75,3608.95,Diesel,64613.8
V077,2026-08-21T22:54:00+00:00,29.43,2799.43,Diesel,105958.0
V043,2026-08-13T05:10:00+00:00,25.79,2649.4,Diesel,42621.3
V048,2026-08-25T15:49:00+00:00,43.13,4066.41,Diesel,73188.3
V024,2026-08-24T19:27:00+00:00,24.73,2326.35,Diesel,81131.2
V059,2026-08-15T01:58:00+00:00,14.68,1510.25,Diesel,19913.6
V066,2026-08-18T07:41:00+00:00,34.27,3485.02,Diesel,39637.0
V025,2026-09-08T20:28:00+00:00,8.7,834.96,Diesel,149723.4
V047,2026-08-31T11:11:00+00:00,20.67,1979.0,Petrol,162351.7
V048,2026-08-20T13:10:00+00:00,27.1,2616.29,Diesel,51004.6
V091,2026-08-21T22:16:00+00:00,28.68,2844.13,Petrol,71289.9
V041,2026-09-16T02:31:00+00:00,9.23,935.93,Diesel,116764.3
V040,2026-09-14T10:18:00+00:00,36.49,3385.03,Diesel,159643.4
V002,2026-09-07T22:50:00+00:00,18.46,1748.8,Petrol,137867.7
V074,2026-09-05T11:45:00+00:00,38.78,3854.58,Diesel,174790.0
V010,2026-09-07T11:55:00+00:00,24.91,2556.54,Diesel,113894.6
V080,2026-08-06T00:16:00+00:00,37.36,3602.03,Diesel,17751.2
V042,2026-09-01T20:25:00+00:00,6.99,676.01,Diesel,118211.6
V060,2026-08-27T20:10:00+00:00,37.45,3558.95,Diesel,43168.4
V051,2026-09-01T00:53:00+00:00,24.8,2530.8,Diesel,86289.7
V066,2026-09-16T20:38:00+00:00,25.39,2593.07,Diesel,146630.3
V092,2026-08-19T06:41:00+00:00,40.78,3857.18,Diesel,93936.6
V041,2026-09-12T17:38:00+00:00,19.12,1778.32,Diesel,51048.9
V056,2026-08-07T02:57:00+00:00,22.79,2169.55,Diesel,173763.3
V024,2026-08-06T12:09:00+00:00,12.23,1169.4,Diesel,51496.7
V045,2026-09-03T12:41:00+00:00,44.94,4163.11,Diesel,68976.7
V034,2026-08-02T09:15:00+00:00,32.24,3290.17,Diesel,95910.6
V093,2026-08-14T23:54:00+00:00,33.45,3124.6,Diesel,174612.4
V094,2026-09-15T17:45:00+00:00,31.48,3015.24,Diesel,89230.7
V044,2026-09-04T13:18:00+00:00,40.95,3948.48,Petrol,110403.3
V098,2026-09-16T05:25:00+00:00,9.99,922.15,Diesel,160758.4
V081,2026-08-06T22:26:00+00:00,31.49,2978.12,Diesel,108442.4
V100,2026-08-07T02:40:00+00:00,23.4,2283.25,Diesel,177382.7
V053,2026-08-14T04:31:00+00:00,23.96,2380.78,Diesel,158124.8
V008,2026-09-18T13:40:00+00:00,36.31,3444.97,Diesel,108421.3
V064,2026-08-05T17:02:00+00:00,7.99,760.09,Petrol,74443.0
V037,2026-08-18T23:18:00+00:00,14.69,1462.41,Diesel,115364.1
V096,2026-08-24T16:07:00+00:00,16.53,1653.95,Petrol,109095.8
V006,2026-09-22T08:04:00+00:00,20.54,1939.89,Diesel,67151.5
V033,2026-09-23T06:20:00+00:00,17.7,1734.99,Diesel,101542.7
V097,2026-09-05T00:42:00+00:00,41.17,3843.13,Diesel,107816.5
V035,2026-09-22T12:24:00+00:00,32.77,3119.74,Petrol,151923.5
V032,2026-08-08T10:32:00+00:00,36.34,3490.61,Petrol,7142.0
V037,2026-09-09T12:04:00+00:00,18.74,1927.27,Diesel,35051.8
V028,2026-09-03T22:07:00+00:00,27.94,2623.26,Diesel,42237.3
V094,2026-09-01T14:16:00+00:00,20.15,1887.85,Diesel,154495.1
V073,2026-08-08T11:07:00+00:00,13.32,1276.64,Petrol,149226.1
V025,2026-08-02T23:42:00+00:00,19.82,1986.24,Diesel,147528.9
V096,2026-08-16T06:32:00+00:00,45.0,4513.05,Petrol,20847.4
V074,2026-09-21T21:20:00+00:00,32.33,3180.57,Diesel,7415.3
V037,2026-08-14T06:56:00+00:00,42.2,4326.2,Diesel,90701.1
V033,2026-09-16T07:05:00+00:00,39.23,3933.79,Diesel,115295.2
V036,2026-09-05T20:47:00+00:00,43.52,4069.57,Petrol,7725.3
V086,2026-08-08T23:46:00+00:00,26.62,2556.23,Diesel,139650.5
V018,2026-09-24T10:01:00+00:00,22.36,2206.71,Diesel,98495.8
V013,2026-09-14T12:56:00+00:00,11.77,1151.92,Petrol,132507.7
V045,2026-09-01T16:48:00+00:00,10.64,1034.77,Diesel,66103.0
V049,2026-09-07T04:28:00+00:00,15.94,1545.32,Diesel,119680.5
V044,2026-09-12T17:49:00+00:00,35.01,3399.37,Petrol,42298.5
V079,2026-08-30T20:42:00+00:00,16.26,1673.62,Diesel,30646.6
V058,2026-08-15T11:23:00+00:00,22.3,2081.85,Petrol,110416.8
V077,2026-08-24T03:57:00+00:00,26.82,2601.12,Diesel,72469.4
V035,2026-08-16T23:55:00+00:00,36.47,3657.77,Petrol,178759.0
V077,2026-09-05T03:23:00+00:00,16.1,1502.76,Diesel,11318.2
V031,2026-08-24T19:08:00+00:00,13.46,1343.68,Diesel,16466.5
V059,2026-09-01T01:30:00+00:00,9.54,977.33,Diesel,80968.1
V041,2026-09-09T18:21:00+00:00,36.48,3493.75,Diesel,75967.9
V067,2026-09-16T08:44:00+00:00,37.03,3657.42,Petrol,113882.7
V070,2026-09-07T12:56:00+00:00,8.58,876.11,Diesel,82145.4
V079,2026-08-01T18:37:00+00:00,23.79,2341.42,Diesel,101329.2
V043,2026-08-26T05:39:00+00:00,23.24,2334.31,Diesel,87447.8
V043,2026-08-29T19:16:00+00:00,28.01,2805.66,Diesel,8645.7
V021,2026-09-06T12:06:00+00:00,37.99,3570.34,Diesel,54236.8
V040,2026-08-25T10:50:00+00:00,25.98,2656.91,Diesel,152690.1
V004,2026-09-17T18:11:00+00:00,35.58,3373.27,Diesel,52483.9
V075,2026-09-08T10:13:00+00:00,20.89,1976.66,Diesel,43703.1
V053,2026-08-17T21:52:00+00:00,22.14,2144.12,Diesel,7560.3
V048,2026-09-08T23:49:00+00:00,18.51,1753.5,Diesel,15118.3
V063,2026-08-11T01:22:00+00:00,24.3,2340.98,Diesel,46142.4
V020,2026-08-24T07:29:00+00:00,38.53,3940.04,Diesel,75854.3
V030,2026-08-11T23:24:00+00:00,18.01,1839.08,Diesel,130298.0
V069,2026-08-11T17:09:00+00:00,14.19,1345.82,Petrol,118664.1
V001,2026-08-07T21:51:00+00:00,27.78,2733.18,Petrol,116029.8
V020,2026-08-05T00:56:00+00:00,9.17,883.19,Diesel,52228.3
V091,2026-08-12T20:14:00+00:00,27.14,2624.32,Petrol,179320.2
V003,2026-08-14T14:53:00+00:00,43.65,4358.77,Diesel,145685.3
V055,2026-08-24T10:35:00+00:00,22.46,2178.06,Diesel,10918.6
V027,2026-09-20T17:55:00+00:00,19.02,1796.93,Diesel,22890.2
V026,2026-09-24T23:03:00+00:00,22.05,2197.98,Petrol,104524.5
V082,2026-08-10T05:43:00+00:00,6.49,666.38,Diesel,94984.2
V091,2026-08-09T00:03:00+00:00,24.86,2338.1,Petrol,78884.0
V093,2026-08-19T02:39:00+00:00,21.34,2119.06,Diesel,18361.3
V065,2026-09-18T10:49:00+00:00,27.8,2644.61,Petrol,26926.9
V067,2026-08-31T02:57:00+00:00,40.61,4040.58,Petrol,105267.2
V013,2026-09-11T21:41:00+00:00,22.36,2267.77,Petrol,125424.7
V010,2026-08-20T23:08:00+00:00,32.82,3186.73,Diesel,120096.5
V022,2026-08-13T12:49:00+00:00,34.71,3510.27,Diesel,86674.5
V090,2026-08-05T17:14:00+00:00,6.21,606.47,Petrol,162630.9
V037,2026-09-20T10:22:00+00:00,31.33,2941.86,Diesel,39096.4
V091,2026-08-23T09:25:00+00:00,44.28,4210.35,Petrol,98580.1
V041,2026-08-20T12:11:00+00:00,29.52,2872.84,Diesel,178489.8
V054,2026-08-16T08:02:00+00:00,39.23,3977.16,Diesel,91931.2
V062,2026-09-12T19:39:00+00:00,24.01,2354.7,Diesel,49459.8
V093,2026-08-23T21:54:00+00:00,32.17,2960.04,Diesel,173947.0
V047,2026-08-27T19:57:00+00:00,24.34,2284.94,Petrol,114569.8
V068,2026-09-21T12:07:00+00:00,10.44,1007.05,Diesel,80185.2
V017,2026-08-30T07:57:00+00:00,23.59,2371.81,Diesel,157919.6
V067,2026-08-15T02:27:00+00:00,37.63,3538.29,Petrol,137923.2
V032,2026-08-18T06:28:00+00:00,36.15,3423.06,Petrol,45144.7
V055,2026-08-01T00:06:00+00:00,5.08,498.38,Diesel,56307.9
V075,2026-08-21T08:53:00+00:00,37.51,3575.98,Diesel,156839.9
V052,2026-08-14T03:46:00+00:00,31.21,3081.74,Petrol,51892.3
V080,2026-08-07T03:48:00+00:00,16.26,1665.99,Diesel,132493.3
V012,2026-08-06T00:35:00+00:00,27.23,2719.98,Diesel,72102.2
V003,2026-08-24T09:10:00+00:00,21.87,2178.94,Diesel,65715.0
V011,2026-08-20T17:34:00+00:00,10.89,1030.01,Diesel,44142.3
V028,2026-08-11T10:32:00+00:00,15.81,1599.73,Diesel,152671.0
V043,2026-09-21T13:30:00+00:00,19.56,1815.61,Diesel,145693.3
V067,2026-09-23T13:12:00+00:00,14.74,1439.68,Petrol,26548.6
V023,2026-09-15T00:26:00+00:00,41.23,3819.82,Diesel,137970.8
V076,2026-08-10T00:46:00+00:00,13.99,1300.45,Diesel,78878.8
V013,2026-08-16T03:25:00+00:00,19.09,1935.34,Petrol,94074.5
V026,2026-08-02T05:22:00+00:00,27.0,2745.95,Petrol,87419.9
V099,2026-09-17T07:37:00+00:00,41.09,4130.46,Diesel,109499.2
V068,2026-09-04T06:58:00+00:00,7.37,752.34,Diesel,56113.5
V015,2026-08-26T15:03:00+00:00,41.23,3932.85,Diesel,99027.1
V069,2026-09-04T09:49:00+00:00,16.64,1669.11,Petrol,57856.5
V001,2026-08-02T18:27:00+00:00,27.25,2666.78,Petrol,10996.5
V096,2026-08-08T05:58:00+00:00,11.47,1139.55,Petrol,9252.5
V094,2026-08-03T10:46:00+00:00,31.15,3100.9,Diesel,8334.5
V017,2026-08-01T12:28:00+00:00,31.64,3069.81,Diesel,133262.9
V018,2026-09-12T12:18:00+00:00,28.25,2676.32,Diesel,95046.9
V059,2026-08-11T22:51:00+00:00,42.46,4013.22,Diesel,107011.7
V015,2026-09-01T14:10:00+00:00,14.53,1476.01,Diesel,135779.2
V019,2026-08-16T08:27:00+00:00,11.91,1225.37,Diesel,114585.8
V007,2026-09-05T10:34:00+00:00,22.61,2284.82,Petrol,172510.8
V093,2026-09-04T10:35:00+00:00,28.34,2804.95,Diesel,109268.1
V075,2026-09-08T04:45:00+00:00,28.53,2900.32,Diesel,178863.9
V014,2026-08-23T11:01:00+00:00,10.75,1051.21,Diesel,150755.0
V068,2026-09-04T16:29:00+00:00,23.14,2229.74,Diesel,28788.4
V038,2026-09-22T14:19:00+00:00,5.04,486.33,Petrol,20102.7
V035,2026-08-28T18:56:00+00:00,6.59,633.68,Petrol,169208.6
V062,2026-09-11T13:31:00+00:00,38.84,3908.19,Diesel,138581.3
V021,2026-08-08T19:49:00+00:00,39.56,3717.24,Diesel,107154.5
V042,2026-08-17T04:00:00+00:00,21.35,2145.44,Diesel,159474.0
V011,2026-08-04T20:21:00+00:00,7.88,802.4,Diesel,62570.4
V049,2026-08-05T11:46:00+00:00,42.66,4235.36,Diesel,52735.6
V067,2026-09-23T06:45:00+00:00,41.06,3910.17,Petrol,151536.8
V009,2026-08-11T09:53:00+00:00,31.19,3097.02,Petrol,162094.0
V055,2026-08-04T16:32:00+00:00,20.45,2002.59,Diesel,103037.8
V072,2026-09-02T13:48:00+00:00,14.34,1419.09,Diesel,109395.4
V011,2026-09-03T00:47:00+00:00,14.57,1349.24,Diesel,165706.7
V084,2026-08-10T12:32:00+00:00,6.23,598.34,Petrol,50952.4
V085,2026-08-03T03:59:00+00:00,18.96,1782.86,Diesel,141506.4
V074,2026-08-16T23:35:00+00:00,40.86,4016.0,Diesel,155497.3
V028,2026-09-07T14:47:00+00:00,9.08,918.14,Diesel,94415.1
V099,2026-08-27T14:07:00+00:00,37.42,3822.43,Diesel,113669.5
V045,2026-09-10T03:14:00+00:00,9.31,918.72,Diesel,44821.6
V068,2026-08-07T01:00:00+00:00,21.2,2112.71,Diesel,61101.4
V095,2026-08-06T19:11:00+00:00,19.27,1951.92,Diesel,7289.0
V089,2026-08-17T06:22:00+00:00,29.83,2765.28,Diesel,85339.8
V092,2026-08-07T05:29:00+00:00,22.52,2206.96,Diesel,79871.4
V026,2026-08-21T17:15:00+00:00,35.45,3633.06,Petrol,54785.7
V041,2026-09-18T02:51:00+00:00,28.89,2795.39,Diesel,118088.8
V071,2026-09-21T10:34:00+00:00,16.22,1649.42,Diesel,103230.7
V047,2026-09-01T14:50:00+00:00,14.71,1371.46,Petrol,40228.7
V070,2026-08-13T23:18:00+00:00,31.41,3150.86,Diesel,165116.2
V005,2026-09-14T21:54:00+00:00,15.34,1573.98,Diesel,37334.1
V029,2026-09-15T11:49:00+00:00,22.62,2230.22,Diesel,28185.9
V066,2026-09-04T16:15:00+00:00,34.46,3480.45,Diesel,25419.2
V080,2026-09-17T10:40:00+00:00,32.82,3079.55,Diesel,14212.6
V086,2026-09-02T02:09:00+00:00,20.72,2008.76,Diesel,172896.5
V027,2026-08-02T16:31:00+00:00,15.24,1450.15,Diesel,151392.9
V097,2026-08-05T04:36:00+00:00,11.82,1205.74,Diesel,93343.4
V076,2026-09-15T09:21:00+00:00,20.42,1879.26,Diesel,144614.8
V026,2026-08-16T04:48:00+00:00,31.46,2894.83,Petrol,35786.1
V005,2026-08-19T15:00:00+00:00,5.79,544.17,Diesel,15511.0
V082,2026-08-15T09:00:00+00:00,30.95,2972.66,Diesel,106982.9
V076,2026-09-06T17:58:00+00:00,26.45,2493.59,Diesel,10017.7
V075,2026-08-15T19:07:00+00:00,39.82,4032.57,Diesel,5411.9
V059,2026-09-14T10:32:00+00:00,11.81,1206.34,Diesel,33330.0
V087,2026-08-01T04:37:00+00:00,20.71,2080.64,Petrol,50949.2
V012,2026-09-11T07:50:00+00:00,18.39,1864.45,Diesel,8630.6
V011,2026-09-16T03:32:00+00:00,21.37,2195.54,Diesel,52990.1
V067,2026-09-07T00:32:00+00:00,24.12,2235.12,Petrol,150182.5
V038,2026-08-27T18:35:00+00:00,36.26,3444.15,Petrol,23340.9
V027,2026-09-24T11:29:00+00:00,10.69,1081.7,Diesel,172340.0
V015,2026-08-12T07:44:00+00:00,11.27,1154.44,Diesel,24877.8
V045,2026-08-12T07:32:00+00:00,12.94,1303.98,Diesel,142160.6
V092,2026-09-13T08:50:00+00:00,32.46,3315.92,Diesel,130889.3
V084,2026-09-12T01:28:00+00:00,40.51,4100.88,Petrol,159070.2
V026,2026-08-20T20:09:00+00:00,12.65,1292.71,Petrol,58736.3
V082,2026-08-10T14:12:00+00:00,7.15,686.24,Diesel,18803.5
V064,2026-09-24T23:22:00+00:00,22.85,2345.19,Petrol,80677.0
V012,2026-08-08T11:11:00+00:00,21.44,2054.66,Diesel,67168.6
V014,2026-09-21T10:53:00+00:00,8.78,814.45,Diesel,39119.0
V006,2026-09-14T09:53:00+00:00,5.64,550.42,Diesel,62751.6
V005,2026-09-02T06:05:00+00:00,17.25,1678.64,Diesel,128823.1
V030,2026-09-08T13:07:00+00:00,22.49,2251.85,Diesel,30491.1
V037,2026-09-08T14:45:00+00:00,40.97,4137.12,Diesel,33653.7
V085,2026-08-28T17:05:00+00:00,20.8,1966.31,Diesel,22702.0
V029,2026-08-15T04:22:00+00:00,7.71,740.51,Diesel,15381.9
V004,2026-08-14T05:33:00+00:00,12.7,1292.71,Diesel,119768.8
V034,2026-08-22T12:43:00+00:00,32.47,2996.58,Diesel,15979.3
V078,2026-08-21T10:48:00+00:00,16.19,1497.2,Diesel,45544.7
V013,2026-08-03T10:45:00+00:00,23.21,2254.72,Petrol,171106.9
V015,2026-08-17T04:33:00+00:00,44.46,4241.5,Diesel,123937.0
V039,2026-09-18T09:03:00+00:00,12.12,1207.48,Diesel,81112.0
V085,2026-09-14T18:33:00+00:00,44.1,4531.2,Diesel,151612.0
V089,2026-08-17T04:55:00+00:00,20.35,1918.91,Diesel,141021.1
V099,2026-08-17T04:42:00+00:00,39.72,3780.15,Diesel,67853.6
V005,2026-09-14T03:43:00+00:00,29.03,2755.88,Diesel,175420.0
V080,2026-08-11T17:09:00+00:00,34.17,3347.5,Diesel,93957.6
V011,2026-09-12T19:39:00+00:00,39.03,3720.44,Diesel,104515.9
V066,2026-08-03T10:27:00+00:00,39.3,3726.83,Diesel,38403.0
V068,2026-08-19T22:36:00+00:00,31.11,3168.38,Diesel,63614.8
V082,2026-08-31T17:24:00+00:00,20.17,2022.58,Diesel,129603.0
V077,2026-08-16T05:22:00+00:00,26.95,2740.54,Diesel,117625.5
V056,2026-09-08T21:21:00+00:00,8.96,920.29,Diesel,57406.0
V027,2026-09-10T19:44:00+00:00,28.84,2888.68,Diesel,116640.6
V069,2026-09-11T18:12:00+00:00,20.87,2019.98,Petrol,49455.4
V039,2026-09-16T20:17:00+00:00,35.72,3511.92,Diesel,57005.1
V005,2026-08-07T20:35:00+00:00,5.63,555.75,Diesel,143706.3
V055,2026-08-23T18:40:00+00:00,33.97,3256.18,Diesel,23818.4
V014,2026-09-09T19:33:00+00:00,20.3,1914.7,Diesel,33140.8
V014,2026-08-30T17:41:00+00:00,29.48,2805.26,Diesel,37242.8
V009,2026-09-02T08:06:00+00:00,29.06,2912.09,Petrol,168078.0
V045,2026-09-09T07:33:00+00:00,13.49,1287.57,Diesel,65512.6
V068,2026-08-16T18:16:00+00:00,37.98,3584.02,Diesel,130289.4
V008,2026-09-13T21:19:00+00:00,38.54,3908.8,Diesel,56532.6
V075,2026-09-22T21:21:00+00:00,41.36,3963.4,Diesel,44094.7
V032,2026-09-23T04:27:00+00:00,40.28,3859.16,Petrol,178009.2
V006,2026-09-24T23:35:00+00:00,12.66,1183.14,Diesel,53713.4
V036,2026-09-24T20:50:00+00:00,39.39,3941.5,Petrol,169750.3
V070,2026-09-24T19:07:00+00:00,24.02,2413.15,Diesel,79339.1
V055,2026-08-26T06:22:00+00:00,40.96,4049.95,Diesel,157578.4
V049,2026-08-20T06:09:00+00:00,33.98,3432.48,Diesel,163209.1
V099,2026-08-05T03:39:00+00:00,12.52,1285.4,Diesel,115392.1
V098,2026-08-23T16:38:00+00:00,6.57,674.19,Diesel,46043.1
V096,2026-09-18T09:37:00+00:00,39.11,3975.15,Petrol,45639.4
V033,2026-09-02T04:23:00+00:00,42.1,3906.89,Diesel,134454.8
V035,2026-09-06T14:09:00+00:00,27.09,2758.0,Petrol,116285.8
V025,2026-09-07T16:06:00+00:00,28.75,2902.3,Diesel,146088.9
V078,2026-09-13T15:37:00+00:00,5.56,513.15,Diesel,22106.8
V005,2026-08-13T15:16:00+00:00,26.68,2685.45,Diesel,91385.1
V017,2026-08-06T06:58:00+00:00,27.92,2609.0,Diesel,177140.2
V067,2026-09-12T08:27:00+00:00,31.8,3253.72,Petrol,161485.0
V043,2026-09-15T01:18:00+00:00,10.08,991.75,Diesel,156786.8
V025,2026-08-03T01:21:00+00:00,38.06,3784.18,Diesel,6137.1
V012,2026-08-27T01:46:00+00:00,22.83,2170.86,Diesel,90558.8
V035,2026-09-02T20:11:00+00:00,15.17,1552.84,Petrol,27117.5
V060,2026-08-10T01:48:00+00:00,8.63,824.39,Diesel,87643.2
V081,2026-08-06T13:52:00+00:00,40.28,3828.97,Diesel,148366.6
V040,2026-08-17T06:09:00+00:00,30.8,3093.28,Diesel,109132.0
V056,2026-08-09T00:12:00+00:00,6.37,609.71,Diesel,118043.2
V034,2026-09-20T03:20:00+00:00,8.11,822.33,Diesel,137864.6
V038,2026-08-31T08:11:00+00:00,18.88,1874.84,Petrol,57609.3
V048,2026-08-11T00:23:00+00:00,40.59,3973.06,Diesel,88729.4
V080,2026-09-17T19:39:00+00:00,22.34,2135.74,Diesel,42368.9
V082,2026-08-08T11:49:00+00:00,5.14,505.3,Diesel,148793.7
V065,2026-08-16T03:43:00+00:00,19.04,1911.22,Petrol,101119.1
V084,2026-09-09T13:41:00+00:00,23.41,2165.25,Petrol,23991.7
V078,2026-08-16T23:39:00+00:00,16.28,1574.26,Diesel,9065.4
V078,2026-09-14T19:24:00+00:00,27.36,2626.12,Diesel,82494.5
V093,2026-08-18T16:28:00+00:00,24.07,2467.96,Diesel,129930.8
V027,2026-08-25T17:11:00+00:00,40.76,4133.78,Diesel,10228.0
V078,2026-08-04T17:24:00+00:00,32.12,3061.91,Diesel,13146.4
V046,2026-08-17T10:52:00+00:00,12.53,1180.61,Diesel,79396.4
V088,2026-09-08T13:58:00+00:00,7.47,697.57,Petrol,91251.6
V009,2026-08-30T23:56:00+00:00,40.62,3805.39,Petrol,48023.0
V030,2026-09-15T22:55:00+00:00,39.01,3995.74,Diesel,98031.1
V036,2026-09-23T15:42:00+00:00,27.76,2785.46,Petrol,47941.3
V055,2026-08-12T04:14:00+00:00,34.32,3521.1,Diesel,12478.2
V072,2026-08-14T10:26:00+00:00,25.45,2425.77,Diesel,67321.0
V032,2026-08-14T12:01:00+00:00,16.29,1580.11,Petrol,134267.6
V021,2026-09-08T00:22:00+00:00,37.92,3620.94,Diesel,18568.2
V007,2026-09-01T14:57:00+00:00,23.86,2357.29,Petrol,155232.1
V006,2026-09-20T06:35:00+00:00,7.14,733.24,Diesel,107296.0
V047,2026-08-31T20:59:00+00:00,40.59,4168.37,Petrol,133604.6
V014,2026-08-23T01:34:00+00:00,19.27,1939.42,Diesel,145679.4
V027,2026-08-20T18:05:00+00:00,12.23,1233.18,Diesel,150783.5
V036,2026-09-06T16:37:00+00:00,25.35,2360.83,Petrol,122591.6
V088,2026-08-10T11:06:00+00:00,25.69,2390.38,Petrol,103281.4
V086,2026-08-16T12:50:00+00:00,16.54,1572.58,Diesel,127623.2
V026,2026-08-20T20:45:00+00:00,6.43,625.81,Petrol,96251.8
V020,2026-09-14T15:42:00+00:00,40.0,3738.98,Diesel,152850.5
V007,2026-08-05T11:34:00+00:00,32.69,3076.77,Petrol,141223.4
V016,2026-09-14T10:39:00+00:00,31.72,3266.65,Diesel,161548.1
V078,2026-09-11T02:24:00+00:00,27.57,2634.78,Diesel,168106.7
V025,2026-08-26T07:11:00+00:00,10.36,1017.83,Diesel,88338.1
V069,2026-08-24T12:27:00+00:00,36.65,3567.84,Petrol,132071.9
V075,2026-09-20T11:33:00+00:00,29.97,2808.8,Diesel,173845.3
V062,2026-08-12T08:30:00+00:00,15.66,1538.68,Diesel,146263.3
V066,2026-09-11T07:12:00+00:00,33.46,3087.41,Diesel,47564.4
V012,2026-08-18T22:16:00+00:00,8.13,759.54,Diesel,84637.7
V076,2026-08-03T12:03:00+00:00,39.39,4055.39,Diesel,103632.4
V096,2026-09-21T07:00:00+00:00,24.18,2359.79,Petrol,57894.4
V078,2026-09-13T13:42:00+00:00,27.02,2689.5,Diesel,17384.6
V092,2026-09-21T08:37:00+00:00,7.02,655.78,Diesel,53547.3
V039,2026-09-13T21:20:00+00:00,35.74,3288.1,Diesel,34194.7
V005,2026-08-05T19:34:00+00:00,22.94,2359.8,Diesel,38835.9
V064,2026-09-01T11:46:00+00:00,24.03,2317.03,Petrol,66680.5
V069,2026-09-04T11:50:00+00:00,11.41,1155.95,Petrol,84131.1
V087,2026-09-04T20:27:00+00:00,11.34,1057.1,Petrol,101997.1
V059,2026-09-08T10:23:00+00:00,18.92,1790.94,Diesel,156393.2
V002,2026-08-20T01:16:00+00:00,38.0,3865.12,Petrol,54014.3
V028,2026-08-03T16:24:00+00:00,37.4,3606.37,Diesel,158602.8
V039,2026-08-11T14:02:00+00:00,9.1,872.33,Diesel,38844.5
V035,2026-09-20T03:20:00+00:00,10.87,1078.95,Petrol,67192.3
V002,2026-09-10T13:12:00+00:00,22.54,2113.8,Petrol,12177.0
V086,2026-09-03T11:36:00+00:00,7.88,790.44,Diesel,12067.0
V010,2026-09-05T12:01:00+00:00,16.34,1563.25,Diesel,131028.3
V052,2026-09-19T05:38:00+00:00,39.02,3981.67,Petrol,130527.1
V039,2026-08-03T07:44:00+00:00,16.58,1619.72,Diesel,46092.9
V073,2026-08-23T09:00:00+00:00,22.88,2301.83,Petrol,118384.5
V054,2026-09-10T07:10:00+00:00,40.73,3997.1,Diesel,82612.3
V070,2026-08-31T20:23:00+00:00,37.25,3473.71,Diesel,75338.8
V038,2026-09-20T20:01:00+00:00,34.92,3271.14,Petrol,52219.6
V091,2026-08-02T05:16:00+00:00,21.55,2211.17,Petrol,86421.6
V025,2026-09-01T17:27:00+00:00,36.97,3580.17,Diesel,169127.3
V049,2026-09-03T12:07:00+00:00,38.2,3596.09,Diesel,17529.1
V040,2026-08-07T16:29:00+00:00,16.95,1641.21,Diesel,141096.2
V043,2026-09-18T18:59:00+00:00,19.05,1945.71,Diesel,83660.1
V046,2026-08-08T12:33:00+00:00,30.87,3008.14,Diesel,131728.1
V050,2026-09-20T12:55:00+00:00,44.16,4073.87,Diesel,45460.4
V087,2026-09-05T03:16:00+00:00,27.55,2670.24,Petrol,179641.1
V010,2026-08-23T08:34:00+00:00,9.06,882.28,Diesel,117613.1
V045,2026-08-02T03:21:00+00:00,11.45,1136.25,Diesel,77141.7
V020,2026-08-29T17:46:00+00:00,9.53,947.73,Diesel,53393.7
V051,2026-08-09T09:42:00+00:00,17.55,1675.57,Diesel,10004.9
V093,2026-08-17T04:07:00+00:00,27.45,2755.87,Diesel,46613.7
V009,2026-08-17T01:07:00+00:00,24.8,2436.71,Petrol,66218.4
V013,2026-08-14T02:44:00+00:00,42.79,4072.96,Petrol,146325.5
V081,2026-09-24T04:35:00+00:00,22.03,2031.41,Diesel,8151.4
V069,2026-09-19T05:32:00+00:00,10.2,1033.69,Petrol,124539.4
V077,2026-09-21T04:44:00+00:00,6.18,608.94,Diesel,18329.3
V011,2026-08-01T14:19:00+00:00,19.48,1817.84,Diesel,16302.2
V064,2026-09-23T20:37:00+00:00,14.55,1402.49,Petrol,141004.1
V037,2026-08-13T07:53:00+00:00,38.41,3756.02,Diesel,84758.7
V059,2026-08-07T08:12:00+00:00,9.15,850.72,Diesel,77289.3
V041,2026-08-02T04:31:00+00:00,31.83,3019.12,Diesel,121003.7
V040,2026-08-15T14:11:00+00:00,35.38,3507.6,Diesel,42926.6
V100,2026-08-27T07:57:00+00:00,27.03,2591.28,Diesel,60375.7
V029,2026-09-12T00:38:00+00:00,19.75,1975.45,Diesel,66039.7
V037,2026-08-13T06:04:00+00:00,16.75,1717.53,Diesel,93125.9
V006,2026-09-19T22:27:00+00:00,26.59,2625.71,Diesel,74957.9
V086,2026-09-13T15:57:00+00:00,33.98,3453.25,Diesel,28939.2
V082,2026-08-24T08:39:00+00:00,11.22,1117.44,Diesel,6523.6
V062,2026-08-01T15:29:00+00:00,38.46,3659.47,Diesel,104982.8
V099,2026-09-16T15:59:00+00:00,27.53,2699.43,Diesel,50610.4
V035,2026-08-03T22:49:00+00:00,40.0,3858.0,Petrol,88956.5
V015,2026-08-26T00:59:00+00:00,28.93,2693.85,Diesel,51306.6
V049,2026-08-09T06:57:00+00:00,9.09,890.18,Diesel,97918.2
V009,2026-08-03T12:59:00+00:00,32.74,3266.51,Petrol,13178.6
V017,2026-08-17T18:47:00+00:00,18.43,1877.48,Diesel,69590.2
V084,2026-09-02T03:24:00+00:00,37.27,3510.82,Petrol,116018.6
V076,2026-09-22T13:30:00+00:00,15.33,1416.79,Diesel,114452.0
V058,2026-09-02T06:13:00+00:00,42.7,3987.77,Petrol,101602.6
V058,2026-09-24T12:36:00+00:00,21.3,2056.86,Petrol,138247.4
V031,2026-09-24T00:28:00+00:00,32.79,3300.93,Diesel,126105.3
V083,2026-09-09T19:23:00+00:00,7.55,774.3,Petrol,136775.7
V074,2026-08-03T03:58:00+00:00,33.0,3051.81,Diesel,125768.5
V049,2026-08-21T20:20:00+00:00,29.78,2929.37,Diesel,70502.5
V064,2026-09-17T02:41:00+00:00,31.66,3007.56,Petrol,173102.3
V057,2026-09-16T11:38:00+00:00,7.67,752.18,Diesel,90352.4
V014,2026-08-22T22:16:00+00:00,39.36,4014.24,Diesel,132113.0
V038,2026-09-21T16:58:00+00:00,31.25,2981.82,Petrol,104589.8
V072,2026-08-03T06:52:00+00:00,31.3,2889.0,Diesel,20023.6
V067,2026-09-02T07:45:00+00:00,23.22,2273.76,Petrol,58238.0
V037,2026-08-04T19:30:00+00:00,14.98,1413.17,Diesel,37196.9
V092,2026-08-14T21:26:00+00:00,34.5,3547.75,Diesel,179246.3
V028,2026-08-11T11:38:00+00:00,41.23,4122.39,Diesel,47386.1
V093,2026-09-14T19:06:00+00:00,16.71,1697.61,Diesel,129472.7
V037,2026-08-05T19:33:00+00:00,42.38,4282.23,Diesel,92282.2
V063,2026-09-01T16:23:00+00:00,32.36,3308.49,Diesel,103821.2
V077,2026-09-23T06:35:00+00:00,43.64,4275.05,Diesel,112440.8
V043,2026-09-02T07:25:00+00:00,5.17,492.12,Diesel,173772.6
V037,2026-08-25T15:13:00+00:00,32.63,3260.1,Diesel,26604.7
V059,2026-09-17T14:31:00+00:00,14.49,1468.49,Diesel,6286.3
V094,2026-09-11T22:57:00+00:00,9.94,1011.06,Diesel,104722.7
V006,2026-08-16T22:40:00+00:00,13.01,1276.9,Diesel,170460.8
V045,2026-09-13T20:54:00+00:00,24.35,2478.7,Diesel,32893.2
V048,2026-08-09T03:05:00+00:00,7.23,720.76,Diesel,164395.5
V067,2026-08-30T08:14:00+00:00,13.27,1345.26,Petrol,142427.4
V087,2026-08-11T10:12:00+00:00,23.25,2369.13,Petrol,63604.2
V029,2026-08-03T01:12:00+00:00,12.22,1190.25,Diesel,170125.4
V027,2026-09-17T10:06:00+00:00,31.53,3116.1,Diesel,109321.9
V084,2026-08-01T01:21:00+00:00,43.42,4209.46,Petrol,156216.9
V091,2026-08-03T00:27:00+00:00,43.17,4355.93,Petrol,8487.1
V087,2026-09-17T03:20:00+00:00,6.76,646.07,Petrol,146607.3
V071,2026-08-24T13:07:00+00:00,29.23,2949.16,Diesel,103722.6
V065,2026-08-02T03:18:00+00:00,17.17,1702.98,Petrol,38097.2
V051,2026-09-03T14:33:00+00:00,26.36,2598.01,Diesel,6962.4
V036,2026-08-09T09:08:00+00:00,23.42,2314.57,Petrol,100031.2
V090,2026-08-10T09:07:00+00:00,7.49,755.86,Petrol,166609.3
V056,2026-09-08T16:04:00+00:00,15.09,1481.81,Diesel,125294.5
V022,2026-09-23T22:57:00+00:00,42.09,4013.22,Diesel,161767.6
V048,2026-08-25T16:54:00+00:00,36.97,3795.3,Diesel,30376.1
V054,2026-08-10T13:51:00+00:00,18.36,1885.69,Diesel,147753.1
V042,2026-09-21T07:46:00+00:00,31.11,3192.69,Diesel,41959.5
V010,2026-08-31T03:50:00+00:00,21.97,2200.7,Diesel,113807.4
V005,2026-08-05T16:55:00+00:00,21.12,2138.26,Diesel,8468.1
V011,2026-08-02T01:07:00+00:00,23.04,2141.5,Diesel,167222.2
V018,2026-09-10T04:09:00+00:00,20.38,1905.64,Diesel,53882.8
V098,2026-08-02T02:55:00+00:00,13.34,1307.7,Diesel,48439.7
V006,2026-09-01T02:31:00+00:00,12.0,1119.49,Diesel,106698.0
V002,2026-08-17T18:21:00+00:00,12.82,1297.02,Petrol,45101.7
V044,2026-08-06T00:18:00+00:00,16.73,1654.04,Petrol,117498.9
V017,2026-09-12T13:50:00+00:00,40.81,4107.99,Diesel,30986.0
V091,2026-08-23T01:25:00+00:00,36.08,3350.47,Petrol,13444.0
V050,2026-08-09T22:41:00+00:00,39.15,3859.58,Diesel,157223.6
V090,2026-09-05T09:21:00+00:00,31.37,2992.21,Petrol,127763.1
V062,2026-09-15T08:30:00+00:00,44.48,4486.13,Diesel,18148.4
V029,2026-08-16T19:03:00+00:00,28.96,2665.5,Diesel,55135.2
V005,2026-08-28T06:54:00+00:00,10.19,974.61,Diesel,86132.8
V005,2026-08-10T14:11:00+00:00,26.25,2522.7,Diesel,134430.5
V004,2026-08-03T17:49:00+00:00,24.98,2450.31,Diesel,128582.2
V017,2026-08-28T13:45:00+00:00,14.46,1460.82,Diesel,176788.2
V054,2026-08-31T03:02:00+00:00,37.89,3535.73,Diesel,177153.0
V025,2026-08-21T11:37:00+00:00,20.99,2012.32,Diesel,21168.3
V080,2026-08-17T12:20:00+00:00,29.94,2787.99,Diesel,79126.6
V020,2026-08-22T19:17:00+00:00,28.26,2723.92,Diesel,94620.3
V080,2026-08-31T06:49:00+00:00,17.13,1701.48,Diesel,152675.9
V012,2026-09-11T11:29:00+00:00,41.43,4250.83,Diesel,17054.5
V071,2026-08-05T17:35:00+00:00,25.31,2367.06,Diesel,147997.9
V001,2026-09-16T16:47:00+00:00,23.98,2460.78,Petrol,103393.4
V064,2026-09-11T05:27:00+00:00,11.15,1112.6,Petrol,108777.0
V065,2026-09-03T20:19:00+00:00,28.95,2950.87,Petrol,143535.8
V078,2026-09-23T18:09:00+00:00,39.38,3834.66,Diesel,158159.1
V073,2026-09-12T23:03:00+00:00,28.25,2686.07,Petrol,74596.2
V052,2026-08-03T12:32:00+00:00,25.15,2326.78,Petrol,11179.2
V018,2026-08-11T02:02:00+00:00,22.25,2186.36,Diesel,121526.8
V097,2026-08-18T10:00:00+00:00,41.8,3930.19,Diesel,101589.0
V092,2026-09-10T19:46:00+00:00,22.63,2217.28,Diesel,127694.0
V085,2026-08-20T05:38:00+00:00,9.1,887.21,Diesel,79815.7
V062,2026-08-01T12:04:00+00:00,13.7,1305.42,Diesel,86400.7
V070,2026-09-03T19:10:00+00:00,16.31,1504.51,Diesel,147402.4
V049,2026-09-17T14:11:00+00:00,38.29,3573.59,Diesel,174660.6
V047,2026-08-12T18:55:00+00:00,38.25,3798.49,Petrol,61526.9
V044,2026-09-05T01:37:00+00:00,16.1,1512.86,Petrol,69116.3
V060,2026-09-03T04:26:00+00:00,37.39,3686.39,Diesel,42602.8
V072,2026-08-12T23:55:00+00:00,32.27,3216.93,Diesel,89389.0
V079,2026-09-13T15:30:00+00:00,41.1,4004.14,Diesel,111798.1
V017,2026-09-08T14:03:00+00:00,30.41,2870.36,Diesel,136818.4
V099,2026-08-17T01:56:00+00:00,22.15,2103.74,Diesel,105109.7
V052,2026-09-23T11:03:00+00:00,32.59,3111.23,Petrol,87033.8
V010,2026-09-23T19:22:00+00:00,27.3,2749.07,Diesel,148124.0
V071,2026-09-03T03:19:00+00:00,20.45,2098.41,Diesel,76787.9
V059,2026-09-11T08:15:00+00:00,21.5,2015.09,Diesel,21779.7
V041,2026-08-12T11:30:00+00:00,20.17,1879.19,Diesel,93035.8
V033,2026-09-22T14:26:00+00:00,29.23,2834.43,Diesel,23498.4
V072,2026-09-15T09:02:00+00:00,37.79,3753.97,Diesel,41688.6
V085,2026-09-16T02:59:00+00:00,17.94,1833.75,Diesel,74199.5
V069,2026-08-30T01:48:00+00:00,37.16,3667.41,Petrol,69090.7
V052,2026-08-16T03:20:00+00:00,10.72,1073.48,Petrol,42974.8
V032,2026-08-21T05:44:00+00:00,20.68,2092.76,Petrol,5234.5
V044,2026-09-05T09:47:00+00:00,42.83,4294.07,Petrol,40310.0
V093,2026-08-08T23:42:00+00:00,24.24,2457.97,Diesel,76963.9
V070,2026-09-08T00:05:00+00:00,40.7,4135.12,Diesel,120923.2
V058,2026-09-09T11:02:00+00:00,5.55,524.66,Petrol,91243.0
V009,2026-08-02T13:54:00+00:00,39.49,3839.44,Petrol,36722.0
V016,2026-08-08T17:53:00+00:00,5.04,482.21,Diesel,60853.3
V009,2026-08-11T05:06:00+00:00,19.69,1885.56,Petrol,143945.4
V033,2026-08-11T11:28:00+00:00,28.88,2771.92,Diesel,122749.3
V031,2026-09-10T15:53:00+00:00,22.9,2298.24,Diesel,83691.6
V048,2026-09-18T00:40:00+00:00,11.97,1182.68,Diesel,156911.8
V017,2026-08-17T19:12:00+00:00,25.19,2327.06,Diesel,60951.8
V088,2026-09-08T15:55:00+00:00,16.32,1569.24,Petrol,114251.8
V059,2026-08-23T14:50:00+00:00,26.43,2434.62,Diesel,33915.5
V097,2026-09-08T05:58:00+00:00,38.39,3677.75,Diesel,168258.8
V021,2026-09-11T12:50:00+00:00,10.14,971.3,Diesel,80931.2
V075,2026-09-17T05:36:00+00:00,10.04,964.76,Diesel,127550.6
V040,2026-09-05T12:52:00+00:00,5.88,602.46,Diesel,153947.6
V066,2026-08-18T00:29:00+00:00,18.53,1743.07,Diesel,15601.6
V035,2026-08-09T13:22:00+00:00,42.55,4226.22,Petrol,86215.7
V017,2026-09-04T02:48:00+00:00,23.63,2419.4,Diesel,106779.1
V064,2026-09-24T17:17:00+00:00,38.42,3848.46,Petrol,177775.9
V093,2026-08-24T08:32:00+00:00,32.77,3223.65,Diesel,124959.8
V007,2026-09-13T01:53:00+00:00,20.31,1941.64,Petrol,81296.0
V024,2026-08-10T06:08:00+00:00,6.99,643.59,Diesel,172830.7
V022,2026-09-03T21:36:00+00:00,33.09,3223.66,Diesel,177283.6
V031,2026-08-17T21:41:00+00:00,10.09,987.01,Diesel,51101.3
V098,2026-08-26T12:33:00+00:00,14.75,1447.62,Diesel,155648.2
V015,2026-08-05T03:56:00+00:00,12.94,1249.1,Diesel,124548.0
V061,2026-08-17T23:53:00+00:00,20.67,1902.21,Petrol,54371.7
V003,2026-09-16T05:17:00+00:00,8.58,865.63,Diesel,128667.3
V078,2026-08-18T12:24:00+00:00,20.73,1941.07,Diesel,30874.4
V069,2026-08-26T07:36:00+00:00,23.35,2278.38,Petrol,119230.9
V047,2026-08-27T00:32:00+00:00,19.6,1945.2,Petrol,39400.2
V076,2026-08-24T19:18:00+00:00,44.26,4237.27,Diesel,61151.4
V023,2026-09-03T11:04:00+00:00,21.69,2097.29,Diesel,64589.3
V028,2026-09-18T13:47:00+00:00,44.26,4127.69,Diesel,85837.9
V066,2026-08-25T05:58:00+00:00,15.01,1411.12,Diesel,98107.3
V007,2026-09-22T08:28:00+00:00,19.91,1906.26,Petrol,64355.5
V026,2026-08-17T06:01:00+00:00,28.14,2819.0,Petrol,74427.2
V100,2026-08-06T20:42:00+00:00,21.25,2173.54,Diesel,35928.5
V094,2026-09-13T17:20:00+00:00,8.28,813.19,Diesel,161498.7
V046,2026-08-10T11:16:00+00:00,23.69,2374.6,Diesel,46017.1
V004,2026-08-08T09:50:00+00:00,14.3,1399.32,Diesel,66257.4
V009,2026-09-07T01:00:00+00:00,9.49,914.01,Petrol,117844.6
V029,2026-09-10T04:22:00+00:00,8.4,829.68,Diesel,25994.1
V016,2026-08-12T08:55:00+00:00,33.27,3132.97,Diesel,47093.7
V072,2026-08-13T11:13:00+00:00,39.38,3977.16,Diesel,79875.4
V057,2026-09-02T10:14:00+00:00,30.02,3051.13,Diesel,35927.3
V082,2026-08-12T02:47:00+00:00,30.61,2915.2,Diesel,122387.6
V044,2026-08-06T06:41:00+00:00,35.13,3320.38,Petrol,36148.4
V059,2026-08-16T14:59:00+00:00,9.08,843.68,Diesel,46419.4
V085,2026-08-02T02:21:00+00:00,11.68,1152.59,Diesel,141744.0
V090,2026-09-02T01:34:00+00:00,8.9,895.64,Petrol,70159.9
V060,2026-08-07T16:27:00+00:00,38.01,3834.51,Diesel,162503.4
V044,2026-08-15T06:33:00+00:00,22.55,2081.63,Petrol,133884.2
V027,2026-08-15T22:14:00+00:00,14.87,1438.27,Diesel,91528.3
V027,2026-09-21T05:44:00+00:00,29.18,2997.79,Diesel,179341.8
V026,2026-08-14T22:23:00+00:00,6.6,648.75,Petrol,64641.5
V044,2026-08-28T08:25:00+00:00,21.62,2054.48,Petrol,79529.8
V032,2026-08-25T00:53:00+00:00,29.28,2807.13,Petrol,31316.5
V025,2026-09-11T05:37:00+00:00,34.52,3230.99,Diesel,69444.6
V017,2026-08-19T08:23:00+00:00,44.34,4337.98,Diesel,55966.1
V007,2026-08-07T22:30:00+00:00,27.09,2530.69,Petrol,112793.3
V033,2026-08-01T03:01:00+00:00,11.38,1074.98,Diesel,143320.5
V009,2026-09-13T18:58:00+00:00,13.74,1340.34,Petrol,133439.7
V064,2026-09-12T03:46:00+00:00,10.06,947.7,Petrol,115076.0
V006,2026-08-20T14:35:00+00:00,9.69,987.51,Diesel,27512.4
V041,2026-08-22T08:37:00+00:00,38.63,3869.42,Diesel,149043.2
V064,2026-08-19T04:10:00+00:00,37.13,3658.54,Petrol,66662.7
V063,2026-09-02T02:15:00+00:00,7.95,743.92,Diesel,80920.8
V087,2026-08-17T10:38:00+00:00,41.29,4172.01,Petrol,65862.0
V050,2026-09-04T14:06:00+00:00,21.37,2137.92,Diesel,153515.7
V007,2026-09-01T07:33:00+00:00,13.18,1287.86,Petrol,16149.4
V021,2026-09-02T03:08:00+00:00,14.02,1302.49,Diesel,13523.1
V007,2026-09-09T11:13:00+00:00,7.32,744.76,Petrol,53883.5
V005,2026-08-10T03:10:00+00:00,38.09,3764.76,Diesel,79415.6
V090,2026-09-09T03:37:00+00:00,25.6,2585.14,Petrol,104568.3
V052,2026-09-17T14:43:00+00:00,22.19,2194.31,Petrol,8316.5
V088,2026-09-20T08:16:00+00:00,26.33,2511.29,Petrol,169372.8
V070,2026-09-12T10:26:00+00:00,20.97,2024.98,Diesel,179282.4
V043,2026-09-04T21:41:00+00:00,23.63,2181.57,Diesel,154658.7
V094,2026-08-02T23:12:00+00:00,20.55,2099.03,Diesel,163159.1
V013,2026-09-24T15:52:00+00:00,32.05,3188.74,Petrol,48202.1
V087,2026-09-17T07:15:00+00:00,8.38,830.28,Petrol,132802.0
V061,2026-08-19T23:48:00+00:00,15.47,1459.12,Petrol,61451.9
V064,2026-09-14T09:35:00+00:00,14.44,1440.04,Petrol,25676.2
V089,2026-08-06T19:27:00+00:00,39.18,3985.11,Diesel,15872.7
V028,2026-08-23T00:23:00+00:00,23.79,2255.53,Diesel,175849.8
V052,2026-08-12T12:41:00+00:00,25.4,2468.34,Petrol,45971.7
V007,2026-08-29T15:50:00+00:00,8.48,855.55,Petrol,38013.9
V087,2026-09-24T06:24:00+00:00,26.51,2498.0,Petrol,9277.9
V099,2026-09-06T11:48:00+00:00,22.77,2322.28,Diesel,70410.3
V097,2026-08-18T06:38:00+00:00,12.72,1277.88,Diesel,177425.5
V078,2026-09-15T08:27:00+00:00,15.59,1543.26,Diesel,31887.7
V093,2026-08-17T15:00:00+00:00,43.5,4280.39,Diesel,67870.0
V091,2026-09-06T01:50:00+00:00,9.48,945.57,Petrol,27740.1
V015,2026-08-12T23:48:00+00:00,13.4,1294.14,Diesel,61220.3
V056,2026-08-01T19:54:00+00:00,6.85,637.95,Diesel,154862.5
V082,2026-09-17T02:43:00+00:00,33.48,3402.53,Diesel,103587.0
V090,2026-08-18T16:09:00+00:00,24.0,2438.11,Petrol,38702.2
V029,2026-08-18T13:42:00+00:00,29.96,3075.08,Diesel,115176.6
V026,2026-08-15T19:15:00+00:00,10.88,1084.89,Petrol,82201.5
V093,2026-09-01T00:50:00+00:00,37.16,3451.15,Diesel,76124.9
V006,2026-09-14T20:14:00+00:00,8.35,848.7,Diesel,129199.9
V027,2026-09-07T17:20:00+00:00,24.32,2349.84,Diesel,123843.9
V075,2026-08-09T07:15:00+00:00,9.85,955.96,Diesel,44775.0
V017,2026-09-02T08:13:00+00:00,11.49,1177.15,Diesel,36810.6
V053,2026-09-01T23:24:00+00:00,24.12,2368.12,Diesel,173702.8
V098,2026-08-08T09:58:00+00:00,42.02,4256.37,Diesel,85894.8
V031,2026-09-23T00:06:00+00:00,21.95,2227.19,Diesel,84874.2
V010,2026-08-15T06:03:00+00:00,23.38,2388.57,Diesel,59381.6
V085,2026-09-07T23:48:00+00:00,27.07,2756.61,Diesel,55111.1
V008,2026-08-18T00:01:00+00:00,9.01,864.96,Diesel,177898.9
V034,2026-08-03T20:58:00+00:00,8.8,876.01,Diesel,108622.1
V042,2026-08-25T17:52:00+00:00,6.27,597.53,Diesel,151616.4
V059,2026-08-13T08:49:00+00:00,32.66,3047.31,Diesel,112908.4
V054,2026-08-09T01:42:00+00:00,38.74,3948.42,Diesel,118061.1
V038,2026-09-23T18:05:00+00:00,42.11,4218.43,Petrol,53528.2
V057,2026-08-18T03:39:00+00:00,24.98,2478.83,Diesel,107444.2
V090,2026-08-21T13:59:00+00:00,30.21,2822.78,Petrol,13613.4
V098,2026-08-16T01:16:00+00:00,40.08,4016.18,Diesel,59594.6
V061,2026-08-07T15:15:00+00:00,29.68,2903.49,Petrol,179448.3
V061,2026-08-01T04:35:00+00:00,44.59,4512.02,Petrol,81824.6
V090,2026-09-05T19:13:00+00:00,13.67,1380.35,Petrol,15255.8
V054,2026-09-08T06:41:00+00:00,29.51,2940.6,Diesel,115955.8
V043,2026-08-10T23:24:00+00:00,18.68,1895.69,Diesel,80305.4
V046,2026-09-06T07:33:00+00:00,22.57,2159.77,Diesel,24373.2
V030,2026-08-04T09:15:00+00:00,41.28,4224.68,Diesel,44323.9
V095,2026-08-14T01:44:00+00:00,9.76,998.73,Diesel,50698.1
V089,2026-08-11T18:23:00+00:00,23.67,2358.29,Diesel,159114.9
V084,2026-09-09T06:36:00+00:00,38.63,3889.75,Petrol,9960.6
V052,2026-08-17T22:53:00+00:00,14.16,1416.63,Petrol,174363.1
V012,2026-09-20T09:39:00+00:00,31.16,2901.13,Diesel,14658.3
V038,2026-08-06T10:59:00+00:00,17.58,1754.31,Petrol,108809.2
V071,2026-08-16T05:23:00+00:00,20.08,2062.98,Diesel,99335.9
V053,2026-08-14T03:17:00+00:00,17.42,1764.75,Diesel,30554.3
V007,2026-08-10T19:02:00+00:00,14.57,1488.41,Petrol,82298.6
V100,2026-08-12T15:32:00+00:00,43.69,4052.77,Diesel,79327.5
V021,2026-09-01T21:15:00+00:00,20.34,2061.17,Diesel,124941.9
V065,2026-09-09T08:39:00+00:00,6.15,609.69,Petrol,87304.2
V008,2026-08-02T11:00:00+00:00,39.84,3700.11,Diesel,46687.3
V060,2026-09-17T16:54:00+00:00,20.04,2050.97,Diesel,22112.2
V014,2026-09-03T09:00:00+00:00,23.46,2340.5,Diesel,148332.5
V077,2026-08-03T10:51:00+00:00,22.28,2156.57,Diesel,67269.3
V029,2026-08-08T10:02:00+00:00,36.42,3423.42,Diesel,175455.1
V098,2026-09-17T09:47:00+00:00,27.12,2705.95,Diesel,158615.8
V096,2026-09-21T03:13:00+00:00,20.7,2067.48,Petrol,154743.8
V036,2026-08-02T02:40:00+00:00,6.65,661.92,Petrol,136774.9
V061,2026-09-05T12:29:00+00:00,26.02,2431.09,Petrol,138351.1
V097,2026-09-05T15:10:00+00:00,17.71,1642.42,Diesel,61812.0
V060,2026-08-11T02:47:00+00:00,37.71,3515.59,Diesel,176673.2
V097,2026-09-24T20:46:00+00:00,17.13,1578.76,Diesel,41490.9
V081,2026-09-10T11:29:00+00:00,39.72,3973.25,Diesel,145873.2
V074,2026-08-07T13:08:00+00:00,5.15,510.02,Diesel,62622.5
V031,2026-08-15T08:00:00+00:00,29.34,2708.13,Diesel,95628.0
V032,2026-08-28T15:17:00+00:00,10.53,1044.53,Petrol,107563.0
V017,2026-08-23T18:23:00+00:00,19.91,1990.57,Diesel,47994.7
V066,2026-09-01T07:14:00+00:00,35.44,3264.62,Diesel,18316.9
V097,2026-08-27T19:24:00+00:00,15.22,1409.85,Diesel,75907.7
V021,2026-08-23T21:52:00+00:00,31.88,2986.3,Diesel,19986.9
V050,2026-08-30T13:22:00+00:00,24.1,2353.6,Diesel,44540.7
V092,2026-08-17T07:37:00+00:00,36.28,3649.62,Diesel,72722.9
V030,2026-09-24T08:56:00+00:00,31.97,3238.81,Diesel,44328.2
V074,2026-09-02T22:47:00+00:00,22.68,2277.38,Diesel,131738.3
V012,2026-08-27T19:49:00+00:00,12.59,1250.01,Diesel,72297.7
V090,2026-09-22T15:17:00+00:00,7.84,773.69,Petrol,161248.3
V079,2026-08-05T14:11:00+00:00,14.33,1318.52,Diesel,143536.9
V086,2026-09-15T14:22:00+00:00,9.49,956.27,Diesel,31980.2
V013,2026-08-31T02:11:00+00:00,39.31,3879.42,Petrol,65258.7
V082,2026-08-25T16:26:00+00:00,19.62,1892.07,Diesel,74757.0
V070,2026-08-28T11:09:00+00:00,9.15,846.13,Diesel,94039.5
V038,2026-08-12T01:03:00+00:00,16.19,1546.28,Petrol,76652.6
V034,2026-09-11T15:11:00+00:00,44.23,4512.38,Diesel,44162.7
V021,2026-08-27T20:51:00+00:00,20.14,2009.86,Diesel,84492.2
V043,2026-08-13T11:39:00+00:00,22.32,2106.78,Diesel,118361.2
V095,2026-08-31T05:52:00+00:00,41.19,4036.18,Diesel,93224.6
V056,2026-08-24T02:26:00+00:00,21.7,2023.43,Diesel,106975.7
V024,2026-08-31T06:09:00+00:00,41.03,3792.88,Diesel,139638.4
V096,2026-08-06T09:08:00+00:00,27.96,2704.27,Petrol,142059.1
V047,2026-08-17T16:12:00+00:00,39.78,3916.8,Petrol,104889.0
V084,2026-09-10T13:36:00+00:00,28.57,2751.7,Petrol,31569.4
V052,2026-09-04T14:54:00+00:00,19.31,1848.25,Petrol,80900.5
V063,2026-09-07T22:53:00+00:00,10.83,1088.72,Diesel,37183.6
V035,2026-09-03T08:38:00+00:00,17.34,1645.63,Petrol,36451.7
V069,2026-08-18T08:44:00+00:00,10.53,971.79,Petrol,24866.3
V085,2026-08-19T16:17:00+00:00,39.94,4005.23,Diesel,143710.8
V053,2026-08-22T02:34:00+00:00,26.67,2622.19,Diesel,21547.0
V007,2026-08-25T02:25:00+00:00,29.37,2731.66,Petrol,101923.2
V076,2026-09-16T18:35:00+00:00,36.23,3484.4,Diesel,112905.7
V045,2026-09-12T06:18:00+00:00,6.02,575.83,Diesel,32513.3
V026,2026-08-06T19:15:00+00:00,37.03,3789.82,Petrol,117241.5
V004,2026-08-26T11:57:00+00:00,12.69,1306.71,Diesel,163472.1
V006,2026-08-28T02:18:00+00:00,34.03,3260.55,Diesel,73082.9
V008,2026-08-15T05:48:00+00:00,16.6,1697.41,Diesel,134537.2
V004,2026-09-16T22:01:00+00:00,35.54,3606.9,Diesel,72005.8
V005,2026-09-05T21:48:00+00:00,25.86,2402.57,Diesel,132128.5
V066,2026-08-21T02:55:00+00:00,44.65,4536.35,Diesel,112033.3
V073,2026-08-18T22:51:00+00:00,13.15,1347.07,Petrol,11786.6
V059,2026-09-22T04:23:00+00:00,20.48,1991.39,Diesel,12880.0
V050,2026-08-16T11:19:00+00:00,31.26,3191.99,Diesel,74322.7
V089,2026-08-04T08:56:00+00:00,9.85,1007.17,Diesel,109303.4
V027,2026-09-04T15:17:00+00:00,39.24,3698.89,Diesel,128957.5
V040,2026-09-23T01:13:00+00:00,35.44,3468.17,Diesel,169433.3
V038,2026-08-01T15:05:00+00:00,8.52,862.89,Petrol,22441.5
V014,2026-08-03T09:21:00+00:00,22.02,2087.56,Diesel,152528.1
V005,2026-09-21T17:54:00+00:00,16.88,1701.01,Diesel,122367.9
V050,2026-09-01T20:07:00+00:00,24.28,2329.71,Diesel,98175.1
V085,2026-08-13T15:53:00+00:00,12.34,1135.48,Diesel,5917.7
V044,2026-08-01T07:35:00+00:00,26.25,2451.8,Petrol,56607.4
V061,2026-08-11T00:44:00+00:00,39.7,3711.3,Petrol,30068.6
V056,2026-08-26T03:54:00+00:00,13.25,1308.14,Diesel,141056.1
V007,2026-08-14T03:21:00+00:00,37.15,3655.28,Petrol,21006.7
V095,2026-08-01T10:32:00+00:00,17.83,1777.36,Diesel,49909.8
V009,2026-08-20T18:03:00+00:00,29.74,2881.41,Petrol,74372.1
V075,2026-08-23T18:31:00+00:00,23.04,2243.93,Diesel,105911.8
V027,2026-09-12T06:21:00+00:00,13.67,1324.19,Diesel,132888.3
V045,2026-09-23T18:46:00+00:00,17.14,1700.52,Diesel,46656.4
V092,2026-09-08T18:52:00+00:00,31.27,2958.19,Diesel,129661.9
V018,2026-08-09T08:11:00+00:00,21.31,2037.47,Diesel,53640.2
V092,2026-08-18T20:42:00+00:00,31.85,2968.83,Diesel,27172.2
V067,2026-09-02T02:10:00+00:00,44.01,4469.04,Petrol,32641.7
V008,2026-08-29T00:26:00+00:00,32.63,3166.31,Diesel,84014.9
V001,2026-09-01T23:11:00+00:00,20.06,1867.64,Petrol,170335.0
V051,2026-08-12T01:18:00+00:00,12.48,1206.07,Diesel,179425.7
V035,2026-08-15T23:31:00+00:00,16.04,1558.16,Petrol,161829.1
V029,2026-08-09T05:52:00+00:00,44.7,4414.39,Diesel,150861.9
V067,2026-08-19T20:58:00+00:00,38.83,3911.35,Petrol,164197.4
V082,2026-09-19T12:50:00+00:00,38.39,3951.38,Diesel,104384.5
V044,2026-08-10T19:40:00+00:00,35.57,3286.04,Petrol,20318.0
V030,2026-09-01T04:54:00+00:00,44.59,4162.6,Diesel,75907.4
V015,2026-08-01T12:17:00+00:00,7.57,727.89,Diesel,96668.6
V031,2026-09-13T02:57:00+00:00,22.72,2201.29,Diesel,100610.8
V010,2026-08-17T05:47:00+00:00,40.34,4074.34,Diesel,32277.6
V040,2026-08-18T11:14:00+00:00,20.02,1915.13,Diesel,123242.8
V063,2026-09-07T19:35:00+00:00,26.49,2641.46,Diesel,141053.5
V047,2026-08-13T13:25:00+00:00,35.7,3582.96,Petrol,36028.1
V021,2026-09-21T15:57:00+00:00,41.24,4179.91,Diesel,173805.7
V035,2026-08-07T16:42:00+00:00,44.05,4300.8,Petrol,107256.2
V019,2026-09-21T02:19:00+00:00,11.43,1161.51,Diesel,8324.7
V004,2026-09-08T00:30:00+00:00,10.15,950.95,Diesel,115755.5
V050,2026-08-05T22:18:00+00:00,25.39,2402.69,Diesel,154374.8
V068,2026-08-17T10:48:00+00:00,35.93,3572.5,Diesel,157769.1
V003,2026-09-02T07:55:00+00:00,18.72,1927.33,Diesel,176014.9
V033,2026-09-19T16:17:00+00:00,35.13,3460.66,Diesel,139486.0
V061,2026-09-19T21:22:00+00:00,36.09,3458.42,Petrol,149013.3
V051,2026-08-09T22:03:00+00:00,22.82,2304.19,Diesel,92595.3
V023,2026-09-06T06:14:00+00:00,32.07,3135.55,Diesel,95650.7
V051,2026-08-15T13:31:00+00:00,39.59,3841.1,Diesel,99557.4
V009,2026-09-15T12:11:00+00:00,40.48,3823.76,Petrol,93699.3
V011,2026-09-01T09:11:00+00:00,25.43,2436.07,Diesel,138873.0
V039,2026-09-20T17:32:00+00:00,35.97,3510.79,Diesel,117878.8
V059,2026-08-22T20:08:00+00:00,28.15,2768.39,Diesel,24531.4
V003,2026-08-18T23:59:00+00:00,33.57,3419.87,Diesel,155080.9
V002,2026-09-02T22:51:00+00:00,31.67,3221.6,Petrol,39888.0
V062,2026-08-25T13:12:00+00:00,10.1,969.41,Diesel,103744.0
V020,2026-08-08T02:10:00+00:00,13.33,1342.32,Diesel,59925.8
V092,2026-09-07T04:34:00+00:00,8.19,766.99,Diesel,174620.5
V021,2026-08-10T22:54:00+00:00,16.98,1612.27,Diesel,47550.5
V052,2026-09-02T10:40:00+00:00,8.73,837.79,Petrol,97575.6
V072,2026-09-06T14:33:00+00:00,30.66,3100.45,Diesel,61560.2
V075,2026-08-14T04:16:00+00:00,14.49,1367.98,Diesel,144086.8
V019,2026-09-02T01:49:00+00:00,10.27,988.43,Diesel,152979.6
V050,2026-08-31T21:27:00+00:00,14.6,1369.65,Diesel,141951.3
V057,2026-08-27T13:33:00+00:00,16.07,1629.93,Diesel,72893.4
V058,2026-09-14T23:24:00+00:00,8.37,839.72,Petrol,29507.7
V057,2026-09-22T02:44:00+00:00,42.95,4097.04,Diesel,100180.7
V020,2026-08-04T22:58:00+00:00,41.12,4056.79,Diesel,170293.6
V083,2026-08-02T19:29:00+00:00,11.39,1107.65,Petrol,159431.0
V041,2026-08-31T02:54:00+00:00,33.91,3277.51,Diesel,135257.4
V075,2026-08-16T21:31:00+00:00,34.31,3371.41,Diesel,80070.2
V028,2026-08-21T11:31:00+00:00,21.32,2171.69,Diesel,20737.5
V006,2026-08-09T03:50:00+00:00,33.46,3119.35,Diesel,146677.1
V023,2026-09-16T06:47:00+00:00,13.69,1350.65,Diesel,119333.7
V061,2026-08-06T01:06:00+00:00,27.28,2768.97,Petrol,170599.8
V055,2026-09-19T14:36:00+00:00,18.52,1891.53,Diesel,128953.4
V023,2026-09-12T15:05:00+00:00,28.4,2799.92,Diesel,51458.5
V091,2026-08-18T06:53:00+00:00,27.22,2739.62,Petrol,121397.3
V099,2026-08-18T00:24:00+00:00,14.51,1440.36,Diesel,85269.1
V020,2026-09-02T23:46:00+00:00,11.48,1126.22,Diesel,12512.2
V079,2026-09-02T14:45:00+00:00,42.46,3939.62,Diesel,138645.6
V025,2026-08-28T07:10:00+00:00,10.26,1020.3,Diesel,89017.9
V045,2026-08-30T10:45:00+00:00,41.7,4156.14,Diesel,111288.2
V036,2026-08-26T09:03:00+00:00,33.24,3293.03,Petrol,29570.6
V073,2026-08-06T03:03:00+00:00,23.07,2169.82,Petrol,55410.0
V068,2026-08-23T21:21:00+00:00,44.1,4170.59,Diesel,174700.0
V096,2026-08-25T19:28:00+00:00,7.59,733.91,Petrol,61066.9
V031,2026-08-11T22:46:00+00:00,23.72,2403.07,Diesel,45367.1
V098,2026-08-31T20:45:00+00:00,35.83,3433.74,Diesel,22646.5
V099,2026-09-11T17:23:00+00:00,38.14,3898.99,Diesel,22479.8
V021,2026-08-06T20:01:00+00:00,12.74,1215.23,Diesel,53620.4
V098,2026-08-04T02:37:00+00:00,33.96,3431.95,Diesel,29287.0
V037,2026-08-07T23:00:00+00:00,31.19,2930.56,Diesel,39929.6
V074,2026-09-06T12:00:00+00:00,41.58,4149.53,Diesel,54469.4
V015,2026-08-05T18:22:00+00:00,42.04,4315.73,Diesel,167659.3
V007,2026-09-08T07:07:00+00:00,27.61,2620.74,Petrol,55167.3
V084,2026-08-25T14:01:00+00:00,6.94,658.66,Petrol,125559.4
V013,2026-08-21T04:09:00+00:00,15.19,1533.21,Petrol,126307.1
V070,2026-09-14T01:30:00+00:00,32.87,3363.85,Diesel,165157.4
V053,2026-08-20T20:13:00+00:00,20.78,2038.07,Diesel,129537.9
V039,2026-08-17T08:21:00+00:00,39.22,3670.39,Diesel,129792.3
V097,2026-08-22T02:45:00+00:00,5.57,554.57,Diesel,39198.2
V006,2026-09-08T16:09:00+00:00,13.45,1363.93,Diesel,155075.3
V046,2026-09-18T11:13:00+00:00,28.78,2929.7,Diesel,98567.8
V027,2026-09-06T17:31:00+00:00,11.64,1072.79,Diesel,53023.0
V080,2026-09-10T15:27:00+00:00,17.13,1703.61,Diesel,117572.6
V032,2026-08-09T01:46:00+00:00,11.62,1108.71,Petrol,155569.0
V057,2026-09-18T03:29:00+00:00,14.63,1477.24,Diesel,16595.3
V007,2026-08-18T03:11:00+00:00,16.01,1647.33,Petrol,72993.1
V040,2026-08-12T02:14:00+00:00,14.4,1392.22,Diesel,10516.3
V027,2026-09-01T06:48:00+00:00,19.02,1899.63,Diesel,167015.6
V042,2026-08-03T22:17:00+00:00,31.56,2952.34,Diesel,22134.1
V094,2026-08-20T03:03:00+00:00,19.53,1994.22,Diesel,100627.7
V038,2026-08-01T06:03:00+00:00,20.38,2019.29,Petrol,86801.3
V082,2026-08-20T14:44:00+00:00,41.26,3944.27,Diesel,85964.4
V027,2026-08-25T22:41:00+00:00,6.86,675.99,Diesel,9889.2
V066,2026-09-14T04:14:00+00:00,43.24,4071.17,Diesel,51031.0
V027,2026-08-02T04:44:00+00:00,38.46,3747.52,Diesel,104042.5
V052,2026-09-17T08:22:00+00:00,36.76,3447.76,Petrol,148112.5
V029,2026-08-14T04:27:00+00:00,27.12,2773.47,Diesel,77808.2
V014,2026-08-15T07:10:00+00:00,40.66,4044.18,Diesel,90467.5
V006,2026-08-05T14:31:00+00:00,38.27,3574.18,Diesel,74316.2
V079,2026-09-05T21:20:00+00:00,13.38,1340.61,Diesel,146956.3
V074,2026-09-12T16:19:00+00:00,12.9,1213.49,Diesel,123895.2
V054,2026-08-10T14:19:00+00:00,11.2,1125.14,Diesel,45557.3
V041,2026-09-24T05:23:00+00:00,43.13,4016.01,Diesel,17701.4
V049,2026-08-15T15:34:00+00:00,7.26,731.58,Diesel,52202.2
V096,2026-08-18T19:36:00+00:00,5.99,601.13,Petrol,132195.9
V076,2026-08-22T06:30:00+00:00,27.39,2715.47,Diesel,60236.1
V038,2026-09-04T05:27:00+00:00,5.67,568.97,Petrol,13213.7
V081,2026-08-09T09:21:00+00:00,14.78,1419.99,Diesel,115638.3
V011,2026-09-10T04:37:00+00:00,39.84,3920.6,Diesel,130659.7
V050,2026-08-06T17:11:00+00:00,29.23,2776.92,Diesel,108523.0
V043,2026-08-16T21:13:00+00:00,32.09,2978.0,Diesel,29572.5
V044,2026-09-24T06:35:00+00:00,44.69,4223.57,Petrol,107976.4
V063,2026-08-17T08:40:00+00:00,13.49,1303.65,Diesel,56472.3
V062,2026-09-19T04:33:00+00:00,36.84,3489.2,Diesel,22531.2
V081,2026-08-14T11:25:00+00:00,10.04,999.63,Diesel,98610.1
V034,2026-08-01T06:24:00+00:00,23.61,2364.41,Diesel,75951.3
V041,2026-09-02T08:01:00+00:00,6.7,638.63,Diesel,13070.4
V033,2026-09-15T07:42:00+00:00,22.95,2130.37,Diesel,71867.9
V031,2026-08-02T18:35:00+00:00,29.39,2730.64,Diesel,49600.2
V074,2026-08-11T03:08:00+00:00,11.29,1161.4,Diesel,102268.7
V014,2026-08-20T18:20:00+00:00,35.79,3597.91,Diesel,88267.3
V048,2026-08-02T23:43:00+00:00,11.84,1211.31,Diesel,146882.0
V063,2026-08-25T21:14:00+00:00,12.44,1182.65,Diesel,92826.3
V052,2026-09-15T16:05:00+00:00,7.74,730.44,Petrol,36426.8
V011,2026-08-12T07:10:00+00:00,15.72,1618.01,Diesel,20877.0
V023,2026-09-14T23:42:00+00:00,35.37,3422.65,Diesel,72329.5
V051,2026-08-05T04:37:00+00:00,5.24,524.28,Diesel,60316.7
V048,2026-08-10T03:50:00+00:00,21.08,2140.81,Diesel,173499.1
V018,2026-09-04T06:38:00+00:00,35.75,3629.44,Diesel,136816.4
V090,2026-09-17T14:16:00+00:00,16.67,1555.97,Petrol,35475.1
V092,2026-08-25T07:19:00+00:00,25.65,2626.97,Diesel,66983.5
V040,2026-09-14T19:35:00+00:00,35.51,3391.56,Diesel,27715.0
V014,2026-09-13T22:27:00+00:00,11.09,1112.8,Diesel,98285.3
V087,2026-09-11T19:55:00+00:00,40.03,4062.28,Petrol,174895.6
V038,2026-08-26T02:12:00+00:00,42.15,4320.85,Petrol,175365.2
V034,2026-09-15T20:04:00+00:00,24.33,2416.05,Diesel,7957.7
V020,2026-09-04T21:43:00+00:00,23.63,2260.52,Diesel,62139.7
V009,2026-09-07T08:06:00+00:00,19.04,1795.54,Petrol,99219.1
V055,2026-09-09T20:49:00+00:00,26.06,2680.95,Diesel,100451.4
V084,2026-08-05T15:32:00+00:00,37.91,3573.07,Petrol,157825.2
V081,2026-09-09T23:51:00+00:00,27.68,2587.84,Diesel,136685.3
V096,2026-08-10T00:25:00+00:00,14.41,1385.45,Petrol,122489.4
V030,2026-08-02T05:31:00+00:00,21.73,2165.12,Diesel,68814.0
V051,2026-08-18T01:18:00+00:00,36.33,3505.91,Diesel,79125.9
V097,2026-08-11T08:49:00+00:00,40.8,4108.95,Diesel,167291.5
V019,2026-08-12T06:47:00+00:00,22.94,2293.4,Diesel,80733.1
V032,2026-09-22T07:46:00+00:00,5.49,509.46,Petrol,71204.5
V072,2026-08-18T08:26:00+00:00,9.82,989.05,Diesel,72342.8
V022,2026-09-13T14:23:00+00:00,26.76,2746.95,Diesel,21873.8
V075,2026-09-22T19:51:00+00:00,21.68,2131.76,Diesel,150231.0
V024,2026-08-15T17:53:00+00:00,39.7,4083.24,Diesel,26888.2
V026,2026-09-24T05:26:00+00:00,37.73,3622.68,Petrol,132049.3
V081,2026-08-15T15:34:00+00:00,43.05,4016.78,Diesel,76811.4
V070,2026-09-24T08:44:00+00:00,34.92,3529.07,Diesel,39544.5
V049,2026-09-10T15:03:00+00:00,7.94,812.52,Diesel,65090.1
V008,2026-08-05T05:20:00+00:00,42.84,4327.97,Diesel,102445.6
V053,2026-09-19T23:30:00+00:00,20.42,2015.83,Diesel,23157.6
V065,2026-09-08T04:52:00+00:00,18.24,1814.28,Petrol,67013.8
V031,2026-08-30T14:41:00+00:00,12.1,1179.48,Diesel,10550.0
V066,2026-08-21T11:19:00+00:00,36.76,3429.21,Diesel,65466.6
V038,2026-09-17T22:52:00+00:00,30.59,3085.32,Petrol,16656.6
V064,2026-08-29T16:14:00+00:00,32.29,3112.67,Petrol,45606.1
V015,2026-08-15T11:08:00+00:00,32.89,3108.23,Diesel,127028.8
V090,2026-09-23T09:40:00+00:00,15.78,1554.84,Petrol,29635.9
V044,2026-08-29T04:26:00+00:00,11.16,1141.82,Petrol,129878.4
V070,2026-08-26T05:19:00+00:00,10.73,1074.03,Diesel,45561.9
V018,2026-09-16T08:19:00+00:00,17.66,1643.74,Diesel,45509.2
V098,2026-08-07T01:09:00+00:00,44.91,4264.2,Diesel,75561.3
V040,2026-08-01T17:21:00+00:00,44.18,4250.62,Diesel,140541.2
V060,2026-08-03T20:18:00+00:00,35.41,3532.62,Diesel,85384.4
V041,2026-09-20T05:19:00+00:00,16.26,1579.81,Diesel,165904.9
V096,2026-08-06T11:03:00+00:00,8.95,843.14,Petrol,107798.0
V026,2026-08-01T02:14:00+00:00,22.42,2283.53,Petrol,65370.8
V070,2026-08-22T02:44:00+00:00,43.46,4039.59,Diesel,59358.8
V051,2026-08-05T17:22:00+00:00,40.32,3786.25,Diesel,59436.0
V021,2026-09-03T14:39:00+00:00,17.33,1780.94,Diesel,30666.6
V038,2026-08-17T03:24:00+00:00,9.56,939.09,Petrol,44607.2
V010,2026-09-20T06:12:00+00:00,32.79,3133.14,Diesel,62902.4
V082,2026-09-14T20:17:00+00:00,20.21,1993.43,Diesel,83278.6
V004,2026-08-26T18:35:00+00:00,43.06,4110.69,Diesel,45598.9
V079,2026-08-09T18:44:00+00:00,43.49,4082.63,Diesel,174348.0
V073,2026-09-16T17:15:00+00:00,35.13,3308.95,Petrol,140039.1
V022,2026-09-14T09:05:00+00:00,6.42,638.24,Diesel,103315.0
V097,2026-08-08T03:30:00+00:00,13.48,1318.35,Diesel,108433.7
V038,2026-09-13T15:02:00+00:00,40.44,3874.97,Petrol,20635.2
V022,2026-08-26T04:26:00+00:00,41.94,4126.55,Diesel,133214.5
V099,2026-09-21T19:23:00+00:00,12.08,1169.95,Diesel,76598.4
V011,2026-09-21T23:38:00+00:00,16.13,1578.19,Diesel,174821.6
V019,2026-08-10T22:13:00+00:00,34.54,3263.95,Diesel,36849.1
V016,2026-09-21T12:46:00+00:00,18.85,1859.07,Diesel,17021.4
V090,2026-08-24T21:47:00+00:00,19.41,1944.85,Petrol,61010.3
V040,2026-08-10T22:35:00+00:00,8.73,862.72,Diesel,166949.6
V058,2026-08-04T21:01:00+00:00,41.96,4122.94,Petrol,143491.2
V094,2026-09-16T20:48:00+00:00,30.29,2959.2,Diesel,107421.6
V053,2026-09-07T06:52:00+00:00,9.08,922.35,Diesel,147229.6
V071,2026-08-06T09:36:00+00:00,10.49,1070.68,Diesel,30839.9
V025,2026-09-15T07:51:00+00:00,41.23,3850.17,Diesel,71161.5
V085,2026-09-06T08:03:00+00:00,24.69,2411.31,Diesel,72654.3
V003,2026-08-29T05:47:00+00:00,12.42,1243.95,Diesel,21887.7
V017,2026-09-05T18:30:00+00:00,39.36,4019.7,Diesel,73356.5
V075,2026-09-07T06:05:00+00:00,34.06,3445.55,Diesel,14565.8
V049,2026-09-21T16:33:00+00:00,33.7,3401.25,Diesel,174441.2
V037,2026-08-04T04:04:00+00:00,38.79,3893.81,Diesel,169138.9
V032,2026-09-22T17:48:00+00:00,32.66,3119.42,Petrol,50315.8
V032,2026-08-12T10:39:00+00:00,42.53,4023.99,Petrol,80553.7
V058,2026-08-10T20:53:00+00:00,28.31,2619.95,Petrol,56637.3
V053,2026-09-05T07:32:00+00:00,29.51,2860.9,Diesel,118852.6
V029,2026-08-08T03:38:00+00:00,39.33,3916.83,Diesel,72081.8
V038,2026-09-07T23:50:00+00:00,36.42,3478.91,Petrol,161980.1
V053,2026-08-12T16:23:00+00:00,44.94,4473.91,Diesel,15679.0
V046,2026-08-15T21:57:00+00:00,22.44,2137.23,Diesel,70869.0
V034,2026-08-26T14:15:00+00:00,17.02,1566.61,Diesel,47650.9
V017,2026-08-22T13:35:00+00:00,39.89,4002.92,Diesel,88025.8
V070,2026-09-22T11:03:00+00:00,8.48,815.47,Diesel,52603.7
V088,2026-09-14T23:01:00+00:00,17.49,1689.42,Petrol,157583.5
V078,2026-08-27T20:29:00+00:00,16.85,1683.71,Diesel,50617.0
V092,2026-09-05T05:38:00+00:00,30.62,3083.44,Diesel,91435.7
V084,2026-08-24T22:42:00+00:00,32.3,3106.89,Petrol,131877.7
V021,2026-08-02T02:28:00+00:00,44.55,4430.24,Diesel,52008.6
V040,2026-08-04T15:10:00+00:00,25.42,2492.52,Diesel,43601.8
V054,2026-09-04T00:07:00+00:00,11.44,1125.41,Diesel,31293.9
V076,2026-09-09T16:56:00+00:00,37.87,3809.75,Diesel,27201.1
V040,2026-08-28T23:13:00+00:00,17.6,1760.19,Diesel,147889.1
V051,2026-08-10T21:38:00+00:00,44.85,4141.35,Diesel,29842.2
V049,2026-08-28T16:26:00+00:00,35.29,3456.83,Diesel,168690.8
V032,2026-08-11T02:40:00+00:00,20.88,2005.16,Petrol,133199.3
V063,2026-09-15T21:02:00+00:00,6.77,666.03,Diesel,55902.5
V087,2026-09-07T11:46:00+00:00,44.19,4278.65,Petrol,65227.8
V073,2026-09-15T03:55:00+00:00,13.78,1355.6,Petrol,109271.7
V013,2026-08-20T11:04:00+00:00,16.7,1587.18,Petrol,73959.0
V040,2026-08-27T09:58:00+00:00,37.39,3578.65,Diesel,173618.2
V030,2026-09-02T03:46:00+00:00,31.33,2959.88,Diesel,104191.3
V057,2026-08-24T17:32:00+00:00,40.05,3742.73,Diesel,20033.2
V069,2026-08-24T18:08:00+00:00,34.65,3504.0,Petrol,163133.2
V097,2026-08-18T05:24:00+00:00,19.85,1879.74,Diesel,117000.9
V059,2026-08-17T17:24:00+00:00,6.11,592.74,Diesel,164855.4
V020,2026-08-02T06:41:00+00:00,42.49,4310.15,Diesel,126577.8
V011,2026-08-20T16:26:00+00:00,17.56,1747.34,Diesel,15455.6
V072,2026-08-01T17:19:00+00:00,10.71,1016.28,Diesel,60156.9
V004,2026-08-18T04:42:00+00:00,23.81,2376.28,Diesel,121660.4
V003,2026-08-07T19:01:00+00:00,5.34,525.54,Diesel,128340.8
V090,2026-08-23T17:56:00+00:00,6.97,660.96,Petrol,108889.8
V066,2026-09-02T22:51:00+00:00,41.68,4219.29,Diesel,127809.9
V091,2026-08-10T16:59:00+00:00,18.29,1689.57,Petrol,139461.4
V082,2026-08-12T00:16:00+00:00,8.2,842.21,Diesel,176778.2
V033,2026-09-01T03:09:00+00:00,11.63,1135.1,Diesel,35292.7
V024,2026-09-08T00:23:00+00:00,12.48,1159.35,Diesel,62105.4
V096,2026-08-08T14:40:00+00:00,14.71,1412.61,Petrol,36172.6
V035,2026-08-11T21:52:00+00:00,15.92,1568.2,Petrol,38388.3
V090,2026-08-02T19:05:00+00:00,10.46,988.11,Petrol,57580.3
V067,2026-09-06T23:09:00+00:00,24.78,2531.27,Petrol,89200.8
V070,2026-09-14T23:41:00+00:00,19.83,2020.42,Diesel,74932.7
V022,2026-08-16T02:30:00+00:00,43.39,4275.53,Diesel,6471.8
V061,2026-09-02T21:58:00+00:00,9.59,953.52,Petrol,34710.3
V093,2026-09-17T09:57:00+00:00,19.48,1962.75,Diesel,7882.8
V009,2026-08-16T17:08:00+00:00,8.48,810.01,Petrol,142381.2
V079,2026-08-17T04:50:00+00:00,30.41,2931.03,Diesel,55140.6
V095,2026-09-14T04:29:00+00:00,8.62,796.33,Diesel,131589.7
V094,2026-09-10T23:24:00+00:00,43.34,4064.89,Diesel,163234.7
V067,2026-08-22T14:17:00+00:00,27.89,2791.2,Petrol,39471.4
V084,2026-09-19T17:17:00+00:00,13.56,1325.36,Petrol,103260.4
V027,2026-08-29T16:59:00+00:00,8.54,801.02,Diesel,101658.1
V076,2026-09-23T05:55:00+00:00,24.83,2471.21,Diesel,75837.3
V034,2026-09-10T16:46:00+00:00,15.49,1427.17,Diesel,133205.5
V050,2026-08-12T19:53:00+00:00,22.05,2150.78,Diesel,100498.9
V070,2026-09-14T10:58:00+00:00,17.42,1675.89,Diesel,154078.6
V057,2026-09-01T02:11:00+00:00,30.61,2856.59,Diesel,73731.9
V064,2026-09-01T10:57:00+00:00,6.82,651.88,Petrol,177922.0
V026,2026-09-18T10:35:00+00:00,28.42,2668.2,Petrol,179627.9
V028,2026-08-18T04:29:00+00:00,38.23,3793.48,Diesel,93393.1
V080,2026-09-10T11:08:00+00:00,11.06,1067.1,Diesel,10369.4
V013,2026-08-02T00:55:00+00:00,39.69,3722.4,Petrol,157784.7
V088,2026-09-24T18:13:00+00:00,44.19,4280.18,Petrol,8446.6
V055,2026-09-11T12:32:00+00:00,34.63,3550.08,Diesel,86087.7
V029,2026-08-27T10:26:00+00:00,22.38,2085.48,Diesel,107666.1
V090,2026-08-28T18:55:00+00:00,38.92,3899.95,Petrol,113351.9
V082,2026-08-04T16:35:00+00:00,40.79,3851.75,Diesel,19170.8
V056,2026-08-16T06:22:00+00:00,43.77,4194.28,Diesel,179391.1
V100,2026-08-16T20:10:00+00:00,12.94,1318.3,Diesel,54975.0
V064,2026-09-03T20:20:00+00:00,7.25,676.65,Petrol,170851.9
V067,2026-08-06T02:05:00+00:00,24.16,2359.85,Petrol,82739.5
V007,2026-08-23T19:43:00+00:00,40.82,4037.1,Petrol,158152.7
V095,2026-08-24T16:03:00+00:00,15.58,1482.92,Diesel,85576.3
V050,2026-08-22T03:49:00+00:00,32.29,3266.56,Diesel,99180.2
V008,2026-09-10T20:23:00+00:00,14.55,1401.16,Diesel,79040.2
V035,2026-08-11T16:14:00+00:00,29.58,2786.82,Petrol,147031.6
V091,2026-08-28T08:23:00+00:00,23.29,2227.56,Petrol,70602.7
V030,2026-08-31T11:04:00+00:00,33.99,3243.62,Diesel,67908.7
V070,2026-08-12T23:45:00+00:00,13.22,1348.64,Diesel,160811.9
V068,2026-09-09T09:25:00+00:00,11.38,1093.67,Diesel,179461.3
V022,2026-08-25T08:01:00+00:00,38.5,3833.69,Diesel,55400.9
V004,2026-08-09T20:35:00+00:00,20.19,1980.63,Diesel,49867.0
V093,2026-08-21T21:28:00+00:00,8.46,834.45,Diesel,131321.1
V058,2026-09-11T19:22:00+00:00,22.6,2203.66,Petrol,63307.2
V066,2026-09-02T03:37:00+00:00,41.91,3927.64,Diesel,50680.7
V064,2026-08-10T14:04:00+00:00,5.85,572.64,Petrol,22927.2
V053,2026-08-04T20:11:00+00:00,29.54,2931.71,Diesel,121148.4
V013,2026-09-03T21:13:00+00:00,35.32,3529.84,Petrol,141629.2
V048,2026-08-05T11:01:00+00:00,41.54,3835.29,Diesel,18231.5
V100,2026-08-26T11:53:00+00:00,33.11,3270.36,Diesel,63200.3
V012,2026-08-06T00:10:00+00:00,25.32,2468.29,Diesel,74938.1
V012,2026-09-06T23:00:00+00:00,14.81,1505.4,Diesel,163948.7
V007,2026-09-12T01:21:00+00:00,6.24,632.79,Petrol,137602.8
V020,2026-08-26T05:59:00+00:00,15.79,1462.58,Diesel,165794.6
V050,2026-09-11T17:09:00+00:00,30.21,2955.53,Diesel,173200.1
V036,2026-08-04T20:29:00+00:00,29.28,2771.84,Petrol,18670.7
V044,2026-09-05T23:51:00+00:00,38.81,3856.7,Petrol,12939.4
V086,2026-08-28T10:57:00+00:00,31.84,3116.96,Diesel,35144.5
V076,2026-09-20T22:54:00+00:00,33.44,3372.14,Diesel,120969.5
V095,2026-09-07T10:11:00+00:00,27.94,2694.62,Diesel,51903.7
V011,2026-08-27T18:58:00+00:00,6.54,602.11,Diesel,37530.4
V082,2026-09-21T08:01:00+00:00,9.81,952.3,Diesel,149819.8
V022,2026-09-02T16:57:00+00:00,8.52,804.74,Diesel,169322.0
V064,2026-09-15T17:57:00+00:00,37.6,3622.2,Petrol,48062.0
V063,2026-08-05T21:34:00+00:00,42.66,4281.52,Diesel,119008.5
V099,2026-08-13T18:06:00+00:00,29.4,2958.3,Diesel,68787.2
V049,2026-08-25T17:01:00+00:00,16.97,1728.26,Diesel,121824.8
V026,2026-08-16T08:20:00+00:00,40.12,3752.43,Petrol,57231.5
V065,2026-08-02T02:52:00+00:00,25.82,2581.38,Petrol,5952.0
V013,2026-08-17T21:43:00+00:00,11.31,1085.56,Petrol,132617.5
V100,2026-08-08T05:43:00+00:00,44.29,4473.18,Diesel,89272.3
V003,2026-08-25T06:09:00+00:00,6.33,637.56,Diesel,105138.2
V017,2026-09-22T00:12:00+00:00,18.93,1926.44,Diesel,142496.1
V029,2026-08-14T01:13:00+00:00,6.07,610.47,Diesel,28712.6
V075,2026-08-04T00:02:00+00:00,22.94,2188.96,Diesel,12433.8
V069,2026-08-23T10:01:00+00:00,26.66,2637.23,Petrol,174376.0
V020,2026-09-04T07:19:00+00:00,17.31,1623.37,Diesel,130976.1
V077,2026-08-12T02:45:00+00:00,42.07,4056.85,Diesel,32540.9
V038,2026-08-16T03:07:00+00:00,40.39,4046.88,Petrol,170506.4
V064,2026-08-03T11:14:00+00:00,12.04,1191.13,Petrol,140732.0
V013,2026-09-12T11:21:00+00:00,36.93,3604.58,Petrol,17820.9
V069,2026-08-15T20:03:00+00:00,20.42,1978.9,Petrol,12599.5
V045,2026-09-12T05:09:00+00:00,13.57,1284.49,Diesel,92050.7
V066,2026-08-11T17:13:00+00:00,29.81,2973.72,Diesel,124969.9
V075,2026-08-10T01:04:00+00:00,42.22,4278.82,Diesel,78019.2
V050,2026-09-01T09:05:00+00:00,28.19,2852.01,Diesel,103123.5
V031,2026-09-02T18:47:00+00:00,36.1,3669.03,Diesel,107525.2
V001,2026-08-30T13:09:00+00:00,42.19,4309.52,Petrol,95795.0
V066,2026-09-20T15:01:00+00:00,17.28,1712.36,Diesel,82251.5
V065,2026-08-21T10:03:00+00:00,39.91,3686.59,Petrol,103038.5
V029,2026-08-01T18:09:00+00:00,14.26,1464.25,Diesel,145539.8
V006,2026-09-08T18:52:00+00:00,20.02,2002.72,Diesel,42542.0
V087,2026-09-07T17:59:00+00:00,40.35,4108.74,Petrol,72982.0
V005,2026-08-03T02:26:00+00:00,38.81,3808.12,Diesel,131726.4
V057,2026-09-12T01:39:00+00:00,9.23,864.65,Diesel,59337.8
V011,2026-08-27T20:55:00+00:00,12.27,1234.25,Diesel,166108.8
V036,2026-08-19T07:18:00+00:00,40.04,3920.69,Petrol,156143.6
V041,2026-08-30T07:59:00+00:00,19.24,1850.87,Diesel,54580.0
V082,2026-08-08T14:27:00+00:00,23.62,2296.49,Diesel,85115.6
V086,2026-09-23T07:08:00+00:00,39.51,3811.5,Diesel,162863.7
V040,2026-09-13T13:19:00+00:00,8.46,822.82,Diesel,161881.1
V045,2026-09-03T15:37:00+00:00,41.48,3910.26,Diesel,116190.1
V085,2026-08-10T09:13:00+00:00,17.55,1725.87,Diesel,25064.9
V061,2026-09-15T11:16:00+00:00,40.26,4141.83,Petrol,174520.0
V020,2026-09-20T17:08:00+00:00,5.16,523.26,Diesel,138189.4
V079,2026-09-18T00:54:00+00:00,19.0,1828.36,Diesel,97383.1
V032,2026-08-24T20:00:00+00:00,43.13,4180.59,Petrol,70987.9
V019,2026-08-14T03:52:00+00:00,33.51,3387.04,Diesel,78850.8
V031,2026-08-27T16:51:00+00:00,43.38,4417.96,Diesel,47949.7
V097,2026-09-11T13:46:00+00:00,34.43,3190.66,Diesel,178586.8
V036,2026-09-13T23:20:00+00:00,27.39,2670.61,Petrol,152453.2
V038,2026-08-28T18:19:00+00:00,42.82,4174.22,Petrol,150290.8
V077,2026-09-10T11:28:00+00:00,24.42,2489.28,Diesel,38593.1
V075,2026-09-16T11:03:00+00:00,29.44,2746.95,Diesel,163064.1
V051,2026-08-21T10:27:00+00:00,25.56,2494.62,Diesel,118151.0
V060,2026-09-06T06:06:00+00:00,41.79,4261.05,Diesel,161669.8
V071,2026-08-17T13:29:00+00:00,22.49,2185.26,Diesel,124488.4
V049,2026-08-13T17:19:00+00:00,28.51,2782.44,Diesel,177869.8
V073,2026-08-03T05:09:00+00:00,14.81,1394.92,Petrol,87272.4
V003,2026-08-28T20:11:00+00:00,17.6,1811.39,Diesel,122849.2
V078,2026-09-05T20:07:00+00:00,38.51,3591.87,Diesel,101800.2
V002,2026-09-15T13:06:00+00:00,7.56,765.42,Petrol,147452.2
V073,2026-09-23T19:35:00+00:00,34.23,3253.82,Petrol,35414.8
V077,2026-09-13T06:45:00+00:00,28.01,2657.57,Diesel,170395.9
V023,2026-09-20T13:17:00+00:00,24.48,2387.71,Diesel,9883.8
V099,2026-09-18T14:16:00+00:00,42.03,4134.86,Diesel,96968.7
V068,2026-09-04T20:33:00+00:00,18.67,1897.1,Diesel,173971.1
V029,2026-09-16T17:51:00+00:00,26.53,2694.6,Diesel,99231.9
V055,2026-08-19T18:28:00+00:00,32.44,3238.43,Diesel,74248.3
V010,2026-09-06T18:54:00+00:00,44.47,4199.11,Diesel,120385.7
V087,2026-09-03T16:57:00+00:00,39.78,3728.2,Petrol,123106.5
V064,2026-09-23T23:15:00+00:00,25.47,2600.0,Petrol,10664.1
V093,2026-08-02T10:08:00+00:00,27.43,2597.44,Diesel,93740.8
V030,2026-08-04T08:47:00+00:00,33.22,3320.76,Diesel,69244.3
V002,2026-08-24T11:17:00+00:00,39.72,3829.39,Petrol,101840.1
V012,2026-09-01T12:47:00+00:00,41.75,3947.84,Diesel,57083.2
V094,2026-09-15T08:47:00+00:00,25.79,2632.8,Diesel,122112.0
V084,2026-08-12T05:18:00+00:00,25.09,2400.71,Petrol,98422.2
V066,2026-09-12T04:05:00+00:00,31.04,2900.8,Diesel,16635.9
V075,2026-09-15T00:44:00+00:00,28.53,2789.78,Diesel,58650.5
V034,2026-08-06T12:54:00+00:00,43.33,4253.44,Diesel,175028.6
V020,2026-08-03T06:30:00+00:00,5.34,525.28,Diesel,31181.1
V037,2026-08-06T14:33:00+00:00,41.21,3928.6,Diesel,105580.9
V087,2026-09-20T23:54:00+00:00,17.45,1655.53,Petrol,179292.2
V024,2026-09-20T05:01:00+00:00,30.95,2899.17,Diesel,39449.5
V017,2026-08-29T23:29:00+00:00,44.32,4130.46,Diesel,42020.2
V087,2026-09-07T13:58:00+00:00,20.81,2112.01,Petrol,125363.7
V006,2026-09-16T04:49:00+00:00,23.44,2379.93,Diesel,91725.7
V087,2026-08-31T14:05:00+00:00,39.87,3815.1,Petrol,128112.0
V056,2026-08-20T00:55:00+00:00,20.58,1988.0,Diesel,19626.3
V062,2026-08-21T22:51:00+00:00,9.05,850.67,Diesel,102250.5
V039,2026-08-22T00:10:00+00:00,32.31,3229.58,Diesel,6304.1
V073,2026-08-13T13:30:00+00:00,27.92,2625.95,Petrol,122986.0
V075,2026-09-21T15:26:00+00:00,23.86,2376.4,Diesel,178224.4
V079,2026-09-12T07:26:00+00:00,31.54,3004.37,Diesel,36702.9
V040,2026-09-24T13:34:00+00:00,43.71,4063.35,Diesel,101726.0
V004,2026-08-05T00:18:00+00:00,38.12,3568.02,Diesel,167472.1
V032,2026-08-20T19:28:00+00:00,28.87,2741.62,Petrol,118236.1
V017,2026-08-16T14:51:00+00:00,41.02,3816.66,Diesel,81365.9
V036,2026-09-04T15:37:00+00:00,10.79,1095.46,Petrol,89596.1
V055,2026-08-04T13:47:00+00:00,39.74,3894.92,Diesel,131668.2
V076,2026-09-24T04:50:00+00:00,15.3,1432.92,Diesel,62623.1
V065,2026-09-17T19:34:00+00:00,28.15,2889.76,Petrol,162768.9
V002,2026-09-17T06:15:00+00:00,9.04,908.26,Petrol,166232.4
V003,2026-09-22T20:22:00+00:00,39.34,3873.37,Diesel,124786.8
V036,2026-08-03T07:18:00+00:00,43.96,4363.06,Petrol,61447.9
V024,2026-08-01T22:15:00+00:00,5.64,569.3,Diesel,74127.6
V092,2026-09-10T07:44:00+00:00,13.99,1316.55,Diesel,153486.3
V025,2026-08-21T13:06:00+00:00,38.5,3702.78,Diesel,148635.1
V087,2026-09-24T21:42:00+00:00,9.4,960.76,Petrol,67992.9
V056,2026-08-22T07:36:00+00:00,28.1,2889.37,Diesel,115609.6
V099,2026-08-13T03:55:00+00:00,35.13,3433.1,Diesel,70472.0
V087,2026-08-23T14:02:00+00:00,42.06,4260.99,Petrol,79918.6
V094,2026-08-16T18:40:00+00:00,18.03,1813.2,Diesel,91827.0
V092,2026-09-14T11:07:00+00:00,37.83,3881.45,Diesel,12839.4
V051,2026-08-06T02:11:00+00:00,16.13,1557.4,Diesel,167528.9
V029,2026-08-13T09:12:00+00:00,21.13,2176.17,Diesel,21984.7
V064,2026-09-24T21:23:00+00:00,12.57,1260.62,Petrol,81934.6
V028,2026-09-11T17:30:00+00:00,27.87,2633.56,Diesel,62356.4
V001,2026-08-28T02:54:00+00:00,8.39,792.86,Petrol,130993.5
V099,2026-08-08T17:30:00+00:00,15.1,1536.75,Diesel,22326.9
V050,2026-08-19T00:02:00+00:00,38.17,3550.24,Diesel,28527.6
V094,2026-08-05T04:19:00+00:00,24.23,2471.16,Diesel,13641.3
V016,2026-08-02T06:43:00+00:00,12.97,1217.47,Diesel,98642.7
V061,2026-09-08T23:43:00+00:00,31.03,2932.04,Petrol,50067.0
V096,2026-09-23T13:30:00+00:00,9.32,917.5,Petrol,134240.8
V065,2026-09-06T17:27:00+00:00,44.4,4098.92,Petrol,15945.3
V095,2026-08-16T20:54:00+00:00,9.79,994.3,Diesel,51589.1
V004,2026-09-02T14:57:00+00:00,27.88,2759.12,Diesel,146697.4
V014,2026-08-23T15:06:00+00:00,39.53,4053.69,Diesel,163761.4
V019,2026-08-22T15:51:00+00:00,26.38,2521.69,Diesel,141641.8
V016,2026-08-02T01:06:00+00:00,23.65,2374.7,Diesel,25207.4
V012,2026-08-10T19:49:00+00:00,42.44,4139.25,Diesel,95982.3
V010,2026-09-01T08:41:00+00:00,11.95,1147.63,Diesel,29031.7
V039,2026-08-29T04:31:00+00:00,29.33,2795.96,Diesel,77584.8
V071,2026-09-16T14:05:00+00:00,30.03,2914.69,Diesel,102314.8
V100,2026-09-17T07:31:00+00:00,36.4,3526.32,Diesel,98190.2
V080,2026-09-17T14:17:00+00:00,22.77,2241.2,Diesel,152446.0
V051,2026-09-17T02:27:00+00:00,31.45,2929.37,Diesel,85044.9
V076,2026-08-06T14:53:00+00:00,11.22,1145.06,Diesel,67247.4
V052,2026-09-12T15:14:00+00:00,5.01,501.51,Petrol,68217.9
V081,2026-09-10T08:04:00+00:00,34.19,3479.74,Diesel,69605.4
V096,2026-09-21T13:57:00+00:00,13.87,1307.49,Petrol,45048.3
V071,2026-09-03T21:20:00+00:00,17.37,1670.27,Diesel,69124.4
V041,2026-08-15T07:06:00+00:00,31.76,2995.46,Diesel,45388.5
V053,2026-08-22T09:26:00+00:00,27.23,2625.75,Diesel,97747.3
V001,2026-09-12T12:20:00+00:00,22.53,2087.75,Petrol,50162.0
V060,2026-08-29T05:42:00+00:00,29.29,2747.24,Diesel,129422.0
V034,2026-08-08T00:20:00+00:00,15.18,1550.7,Diesel,32409.7
V089,2026-08-07T01:44:00+00:00,28.77,2822.41,Diesel,101056.6
V085,2026-08-02T18:35:00+00:00,15.67,1563.34,Diesel,72571.1
V062,2026-08-14T09:39:00+00:00,8.38,862.5,Diesel,141267.6
V014,2026-08-18T09:06:00+00:00,20.29,1888.27,Diesel,176415.8
V040,2026-08-23T20:22:00+00:00,14.72,1375.0,Diesel,22169.2
V021,2026-08-17T07:41:00+00:00,10.9,1033.28,Diesel,94331.0
V073,2026-08-09T12:21:00+00:00,32.73,3237.36,Petrol,156711.3
V085,2026-08-25T17:00:00+00:00,15.8,1594.36,Diesel,124588.4
V033,2026-09-18T09:18:00+00:00,7.23,723.02,Diesel,30962.5
V040,2026-08-02T07:58:00+00:00,33.04,3280.09,Diesel,100464.7
V068,2026-08-31T14:43:00+00:00,36.28,3716.61,Diesel,54040.3
V035,2026-08-30T04:48:00+00:00,43.8,4458.56,Petrol,65984.0
V088,2026-08-14T12:48:00+00:00,39.67,3945.28,Petrol,122572.4
V079,2026-09-20T05:18:00+00:00,13.85,1425.01,Diesel,65171.6
V058,2026-09-14T15:15:00+00:00,8.44,802.96,Petrol,142196.8
V030,2026-08-31T19:53:00+00:00,23.19,2161.49,Diesel,114784.2
V082,2026-09-06T13:02:00+00:00,33.08,3056.48,Diesel,150365.6
V096,2026-08-07T17:03:00+00:00,36.59,3691.74,Petrol,50150.4
V070,2026-08-02T23:59:00+00:00,18.52,1742.42,Diesel,104234.9
V033,2026-09-09T12:04:00+00:00,33.99,3397.39,Diesel,175520.4
V068,2026-09-19T10:32:00+00:00,21.38,2101.39,Diesel,87040.9
V054,2026-08-25T09:48:00+00:00,9.53,942.16,Diesel,152048.1
V009,2026-08-14T22:31:00+00:00,18.9,1797.79,Petrol,119068.3
V076,2026-09-10T12:50:00+00:00,14.95,1463.68,Diesel,77099.4
V006,2026-08-02T03:29:00+00:00,27.85,2785.03,Diesel,26628.8
V023,2026-08-14T16:01:00+00:00,9.77,985.1,Diesel,43570.8
V084,2026-09-09T21:33:00+00:00,32.01,3073.37,Petrol,137304.9
V052,2026-08-09T16:28:00+00:00,6.54,650.71,Petrol,47123.4
V059,2026-09-22T01:52:00+00:00,33.68,3205.23,Diesel,123679.5
V059,2026-08-21T00:12:00+00:00,7.05,674.28,Diesel,88650.7
V071,2026-09-21T04:38:00+00:00,21.15,2166.9,Diesel,165893.6
V044,2026-08-23T23:29:00+00:00,29.43,2768.38,Petrol,15434.4
V001,2026-08-16T15:59:00+00:00,6.53,654.2,Petrol,37967.7
V030,2026-09-06T16:50:00+00:00,29.22,2711.23,Diesel,56457.8
V006,2026-08-21T22:12:00+00:00,37.36,3780.94,Diesel,135937.5
V002,2026-08-28T00:28:00+00:00,19.9,1844.59,Petrol,17559.8
V050,2026-09-15T12:28:00+00:00,11.38,1155.4,Diesel,85453.6
V100,2026-09-17T21:45:00+00:00,43.42,4428.45,Diesel,155529.1
V070,2026-08-02T17:43:00+00:00,29.36,2721.32,Diesel,35649.3
V084,2026-08-08T19:12:00+00:00,22.01,2041.27,Petrol,20934.0
V076,2026-08-04T06:11:00+00:00,29.09,2884.25,Diesel,15700.5
V021,2026-09-14T22:07:00+00:00,17.98,1835.67,Diesel,129918.8
V038,2026-09-11T16:48:00+00:00,27.82,2576.39,Petrol,103442.2
V051,2026-08-01T01:10:00+00:00,44.48,4507.11,Diesel,150067.7
V036,2026-09-09T11:35:00+00:00,33.5,3399.28,Petrol,26043.3
V016,2026-08-22T10:08:00+00:00,34.55,3504.23,Diesel,142134.4
V042,2026-08-11T02:20:00+00:00,34.76,3480.28,Diesel,64061.8
V033,2026-08-02T14:08:00+00:00,38.87,3799.82,Diesel,177302.9
V072,2026-09-06T04:30:00+00:00,31.18,3142.0,Diesel,72702.0
V057,2026-09-10T07:07:00+00:00,17.21,1770.44,Diesel,169252.3
V021,2026-09-02T15:58:00+00:00,36.61,3378.33,Diesel,83049.5
V021,2026-08-15T08:41:00+00:00,35.04,3444.12,Diesel,29454.3
V036,2026-08-21T19:29:00+00:00,39.4,4057.12,Petrol,85064.4
V055,2026-09-02T09:56:00+00:00,8.3,774.2,Diesel,35775.8
V054,2026-08-10T14:01:00+00:00,11.02,1021.88,Diesel,22760.4
V024,2026-08-07T19:25:00+00:00,42.76,4366.85,Diesel,75789.2
V010,2026-09-17T03:46:00+00:00,35.52,3332.31,Diesel,29816.0
V087,2026-08-19T03:51:00+00:00,39.33,3943.52,Petrol,89082.7
V046,2026-09-23T21:55:00+00:00,24.7,2307.63,Diesel,179943.4
V063,2026-08-22T10:08:00+00:00,43.44,4125.22,Diesel,172346.5
V022,2026-08-27T09:09:00+00:00,5.3,487.84,Diesel,133738.6
V028,2026-08-05T22:26:00+00:00,38.03,3730.36,Diesel,137271.4
V003,2026-09-17T17:20:00+00:00,35.81,3361.11,Diesel,85127.1
V016,2026-09-11T06:14:00+00:00,12.76,1273.67,Diesel,25189.4
V073,2026-08-09T04:06:00+00:00,28.6,2860.91,Petrol,122174.3
V025,2026-09-02T16:04:00+00:00,24.96,2437.3,Diesel,35025.6
V031,2026-09-16T09:29:00+00:00,42.82,4087.53,Diesel,83571.2
V073,2026-08-23T20:34:00+00:00,22.29,2242.95,Petrol,46546.8
V035,2026-08-21T21:22:00+00:00,23.39,2379.65,Petrol,93459.6
V001,2026-08-11T17:26:00+00:00,43.74,4273.57,Petrol,81958.5
V095,2026-08-10T15:36:00+00:00,11.01,1119.25,Diesel,13870.9
V012,2026-08-30T07:31:00+00:00,16.0,1593.81,Diesel,35025.8
V088,2026-08-29T13:28:00+00:00,11.8,1124.61,Petrol,32578.1
V094,2026-08-31T14:03:00+00:00,42.91,4153.1,Diesel,165487.1
V076,2026-08-31T21:55:00+00:00,28.27,2847.13,Diesel,108823.7
V060,2026-08-19T21:11:00+00:00,10.35,983.94,Diesel,115149.6
V083,2026-08-06T14:33:00+00:00,10.49,1024.12,Petrol,69896.8
V099,2026-08-05T19:50:00+00:00,30.56,2866.52,Diesel,160083.1
V055,2026-08-21T19:48:00+00:00,44.54,4136.21,Diesel,88731.7
V076,2026-08-01T22:37:00+00:00,32.36,3219.83,Diesel,41162.0
V003,2026-08-03T21:33:00+00:00,36.32,3709.61,Diesel,89112.4
V092,2026-08-03T05:38:00+00:00,18.01,1741.55,Diesel,168213.8
V079,2026-08-31T23:19:00+00:00,38.67,3913.79,Diesel,25190.9
V071,2026-09-10T15:27:00+00:00,18.11,1695.78,Diesel,73899.2
V007,2026-09-20T01:50:00+00:00,31.07,3067.54,Petrol,149714.1
V086,2026-09-09T03:52:00+00:00,19.37,1893.55,Diesel,116777.8
V082,2026-09-19T11:19:00+00:00,28.25,2756.24,Diesel,94491.3
V051,2026-08-24T02:53:00+00:00,11.32,1119.62,Diesel,60447.3
V039,2026-09-10T23:52:00+00:00,41.23,3946.57,Diesel,122472.6
V053,2026-08-13T15:11:00+00:00,8.75,883.96,Diesel,125305.2
V013,2026-08-24T20:49:00+00:00,20.65,2048.61,Petrol,179607.8
V042,2026-08-30T10:33:00+00:00,36.33,3506.52,Diesel,139820.1
V076,2026-08-27T11:52:00+00:00,12.77,1218.43,Diesel,137859.6
V045,2026-09-02T01:34:00+00:00,18.53,1889.58,Diesel,56336.5
V001,2026-08-07T05:57:00+00:00,41.42,4091.72,Petrol,58401.1
V022,2026-09-18T19:59:00+00:00,41.03,3807.05,Diesel,25323.5
V027,2026-08-23T07:44:00+00:00,10.38,969.06,Diesel,28500.1
V012,2026-09-21T14:17:00+00:00,42.96,4312.59,Diesel,165479.3
V052,2026-09-24T06:56:00+00:00,27.94,2719.11,Petrol,153111.9
V034,2026-08-25T00:09:00+00:00,13.43,1338.65,Diesel,38316.8
V080,2026-08-21T11:25:00+00:00,39.63,3910.42,Diesel,27147.1
V013,2026-08-09T17:09:00+00:00,23.52,2296.9,Petrol,97085.4
V005,2026-08-19T01:21:00+00:00,22.08,2095.32,Diesel,173931.2
V017,2026-09-10T23:55:00+00:00,42.38,4050.74,Diesel,177322.1
V053,2026-08-31T02:30:00+00:00,28.7,2727.26,Diesel,94365.8
V070,2026-09-15T02:12:00+00:00,19.18,1767.77,Diesel,38794.4
V020,2026-09-01T16:40:00+00:00,23.41,2267.42,Diesel,126305.4
V053,2026-08-14T13:26:00+00:00,32.88,3092.63,Diesel,6525.0
V095,2026-08-05T11:24:00+00:00,6.34,628.62,Diesel,93313.1
V041,2026-09-12T03:22:00+00:00,19.14,1829.6,Diesel,174412.5
V088,2026-08-30T01:24:00+00:00,29.94,2833.42,Petrol,86697.4
V020,2026-08-29T22:24:00+00:00,13.31,1245.88,Diesel,106517.7
V045,2026-09-07T01:29:00+00:00,34.08,3392.11,Diesel,97868.2
V015,2026-08-01T11:27:00+00:00,19.02,1910.44,Diesel,5115.8
V067,2026-09-22T02:40:00+00:00,39.67,3789.0,Petrol,21452.0
V076,2026-08-13T04:45:00+00:00,24.73,2495.18,Diesel,16205.7
V071,2026-09-20T21:04:00+00:00,30.37,3071.98,Diesel,73778.1
V091,2026-09-04T11:07:00+00:00,16.71,1629.04,Petrol,122018.9
V036,2026-08-23T16:10:00+00:00,27.05,2661.89,Petrol,135990.3
V015,2026-08-22T07:19:00+00:00,10.24,1006.87,Diesel,60358.7
V013,2026-09-04T15:20:00+00:00,27.02,2494.47,Petrol,104546.8
V066,2026-08-08T14:03:00+00:00,27.29,2606.16,Diesel,24587.7
V082,2026-08-15T16:51:00+00:00,5.19,522.16,Diesel,19797.3
V090,2026-09-10T22:26:00+00:00,24.79,2411.48,Petrol,161175.2
V019,2026-08-23T17:55:00+00:00,31.12,2893.65,Diesel,162876.6
V052,2026-08-08T00:04:00+00:00,38.93,3665.71,Petrol,23327.2
V085,2026-08-18T08:49:00+00:00,38.17,3606.65,Diesel,26677.5
V068,2026-09-06T04:23:00+00:00,23.86,2360.83,Diesel,61426.8
V046,2026-08-09T00:25:00+00:00,10.43,972.51,Diesel,148011.0
V020,2026-08-29T20:23:00+00:00,21.29,2024.97,Diesel,34938.6
V098,2026-08-25T04:52:00+00:00,18.45,1846.15,Diesel,42596.5
V004,2026-09-03T17:04:00+00:00,13.24,1293.13,Diesel,6810.1
V081,2026-08-08T18:30:00+00:00,12.55,1225.07,Diesel,55167.4
V090,2026-09-14T11:18:00+00:00,23.84,2321.09,Petrol,121345.7
V097,2026-08-24T12:05:00+00:00,34.64,3510.64,Diesel,13345.8
V074,2026-08-29T09:35:00+00:00,35.43,3364.38,Diesel,67610.3
V072,2026-08-02T17:42:00+00:00,30.8,3108.04,Diesel,72283.2
V100,2026-08-13T11:24:00+00:00,16.41,1635.08,Diesel,102176.2
V049,2026-09-08T22:32:00+00:00,24.27,2389.87,Diesel,175722.1
V041,2026-09-09T11:48:00+00:00,11.39,1097.48,Diesel,99124.8
V090,2026-09-22T10:18:00+00:00,35.77,3421.87,Petrol,19784.9
V065,2026-08-16T00:02:00+00:00,28.24,2691.74,Petrol,15523.9
V083,2026-08-01T00:33:00+00:00,39.82,3847.19,Petrol,32554.8
V039,2026-09-09T05:40:00+00:00,35.78,3639.1,Diesel,84775.7
V014,2026-09-12T09:59:00+00:00,10.95,1071.05,Diesel,132650.5
V086,2026-08-17T16:38:00+00:00,8.45,865.48,Diesel,29160.8
V032,2026-09-02T22:08:00+00:00,7.52,758.92,Petrol,23062.9
V034,2026-09-20T16:23:00+00:00,25.15,2406.85,Diesel,77112.3
V014,2026-08-21T21:41:00+00:00,5.3,503.16,Diesel,108477.9
V019,2026-09-06T05:25:00+00:00,26.5,2611.27,Diesel,109713.6
V068,2026-09-03T21:18:00+00:00,31.24,3005.56,Diesel,55488.0
V024,2026-09-01T23:46:00+00:00,31.55,2922.33,Diesel,122972.2
V027,2026-08-30T18:52:00+00:00,19.51,1819.86,Diesel,160724.6
V045,2026-08-15T03:58:00+00:00,43.33,4190.57,Diesel,28637.3
V088,2026-09-17T00:59:00+00:00,14.17,1324.39,Petrol,105936.4
V061,2026-08-04T11:03:00+00:00,26.87,2510.35,Petrol,79591.9
V047,2026-09-15T14:17:00+00:00,22.83,2129.35,Petrol,11752.9
V034,2026-08-04T00:35:00+00:00,27.47,2649.58,Diesel,166598.8
V052,2026-08-29T04:04:00+00:00,31.2,3108.17,Petrol,53280.3
V036,2026-09-07T17:45:00+00:00,21.62,2063.94,Petrol,120534.6
V072,2026-08-17T11:02:00+00:00,15.03,1406.13,Diesel,149215.1
V069,2026-08-21T18:14:00+00:00,39.1,3734.46,Petrol,12835.4
V053,2026-08-06T01:10:00+00:00,23.33,2278.69,Diesel,134676.5
V011,2026-08-27T09:32:00+00:00,32.22,3301.26,Diesel,159242.4
V098,2026-08-26T16:30:00+00:00,22.17,2205.85,Diesel,155747.3
V013,2026-08-24T14:55:00+00:00,16.14,1566.37,Petrol,142672.1
V052,2026-08-21T12:27:00+00:00,40.6,3924.9,Petrol,58361.8
V099,2026-09-23T15:18:00+00:00,6.47,603.09,Diesel,23008.8
V041,2026-09-15T18:05:00+00:00,31.68,3222.56,Diesel,44463.6
V016,2026-08-07T21:07:00+00:00,20.75,2115.78,Diesel,52647.5
V058,2026-08-24T08:35:00+00:00,23.22,2218.25,Petrol,43459.7
V069,2026-09-11T00:36:00+00:00,35.81,3609.51,Petrol,26725.1
V040,2026-08-23T16:59:00+00:00,10.98,1018.31,Diesel,120478.7
V068,2026-08-05T20:49:00+00:00,12.75,1262.62,Diesel,89974.4
V096,2026-09-23T23:42:00+00:00,16.08,1500.2,Petrol,22767.5
V027,2026-09-16T05:52:00+00:00,13.25,1355.0,Diesel,82013.3
V088,2026-08-25T13:16:00+00:00,22.67,2288.87,Petrol,84697.4
V021,2026-09-09T04:07:00+00:00,36.37,3493.82,Diesel,42901.0
V063,2026-08-15T15:11:00+00:00,9.09,888.39,Diesel,94926.4
V046,2026-09-06T00:57:00+00:00,40.36,4019.93,Diesel,9990.3
V071,2026-08-02T04:14:00+00:00,41.76,4091.27,Diesel,118375.5
V012,2026-08-25T23:19:00+00:00,42.61,4023.56,Diesel,156515.3
V036,2026-09-21T14:53:00+00:00,18.03,1841.16,Petrol,69160.0
V021,2026-08-21T04:31:00+00:00,5.29,519.53,Diesel,178313.7
V082,2026-09-01T08:21:00+00:00,14.26,1460.36,Diesel,64478.0
V027,2026-08-17T09:37:00+00:00,13.21,1296.76,Diesel,174015.9
V081,2026-08-15T06:27:00+00:00,36.09,3665.49,Diesel,131506.3
V099,2026-08-15T10:56:00+00:00,16.63,1570.32,Diesel,42368.0
V088,2026-09-16T12:31:00+00:00,40.08,4095.68,Petrol,175794.5
V089,2026-08-21T15:19:00+00:00,33.75,3345.02,Diesel,136368.4
V080,2026-08-14T12:25:00+00:00,37.09,3478.51,Diesel,138456.3
V006,2026-09-06T03:45:00+00:00,15.07,1506.66,Diesel,105168.3
V062,2026-09-02T21:09:00+00:00,38.56,3970.83,Diesel,162242.5
V031,2026-09-17T07:06:00+00:00,41.05,3915.13,Diesel,114539.9
V008,2026-09-13T20:30:00+00:00,44.45,4257.12,Diesel,24224.0
V011,2026-08-13T09:44:00+00:00,23.08,2312.48,Diesel,124150.5
V087,2026-09-02T19:55:00+00:00,30.44,2963.82,Petrol,158256.6
V088,2026-08-08T02:10:00+00:00,12.75,1220.59,Petrol,115714.4
V048,2026-08-07T12:25:00+00:00,25.74,2503.69,Diesel,61230.8
V073,2026-08-09T16:12:00+00:00,21.01,1968.98,Petrol,21494.2
V024,2026-09-10T07:13:00+00:00,31.13,2987.53,Diesel,105889.7
V010,2026-09-24T01:56:00+00:00,28.03,2860.33,Diesel,91434.6
V001,2026-08-25T21:38:00+00:00,44.35,4384.99,Petrol,96635.7
V071,2026-08-12T14:04:00+00:00,25.01,2386.77,Diesel,179066.1
V025,2026-08-19T23:20:00+00:00,22.42,2177.49,Diesel,124824.8
V055,2026-09-05T03:34:00+00:00,28.79,2915.82,Diesel,166135.0
V040,2026-08-14T07:38:00+00:00,28.81,2699.41,Diesel,150399.0
V025,2026-08-01T23:58:00+00:00,7.14,704.87,Diesel,175218.6
V073,2026-08-15T06:16:00+00:00,31.26,2911.14,Petrol,42797.6
V035,2026-08-18T01:26:00+00:00,25.62,2562.39,Petrol,35266.4
V077,2026-08-10T18:38:00+00:00,30.8,2987.11,Diesel,154895.9
V007,2026-08-29T19:24:00+00:00,37.2,3620.11,Petrol,26638.2
V093,2026-08-03T18:51:00+00:00,21.58,2170.68,Diesel,5944.9
V018,2026-08-09T05:42:00+00:00,14.71,1398.57,Diesel,149109.3
V018,2026-09-04T00:35:00+00:00,27.83,2570.78,Diesel,43146.8
V024,2026-09-07T15:06:00+00:00,34.56,3497.79,Diesel,92156.0
V003,2026-08-20T06:32:00+00:00,22.06,2110.96,Diesel,114094.2
V065,2026-08-06T00:27:00+00:00,40.23,3762.55,Petrol,77102.0
V077,2026-08-25T16:58:00+00:00,17.17,1710.31,Diesel,147342.2
V092,2026-08-01T18:12:00+00:00,16.77,1615.78,Diesel,9091.0
V060,2026-08-11T12:25:00+00:00,19.6,1813.38,Diesel,61704.3
V036,2026-08-26T12:10:00+00:00,29.65,2837.63,Petrol,44092.3
V091,2026-09-17T15:05:00+00:00,5.7,586.09,Petrol,142341.4
V070,2026-08-03T21:34:00+00:00,42.36,4006.67,Diesel,81905.8
V007,2026-09-14T07:40:00+00:00,35.31,3398.91,Petrol,46050.8
V009,2026-09-19T00:06:00+00:00,25.09,2378.06,Petrol,15705.0
V045,2026-09-10T12:48:00+00:00,42.39,4256.75,Diesel,83239.1
V040,2026-09-14T16:38:00+00:00,32.56,3248.14,Diesel,152556.0
V072,2026-08-31T12:36:00+00:00,8.9,844.48,Diesel,55915.1
V094,2026-09-05T16:07:00+00:00,23.28,2233.19,Diesel,77793.1
V040,2026-08-27T23:47:00+00:00,21.97,2076.53,Diesel,102235.0
V033,2026-08-15T16:33:00+00:00,6.87,670.49,Diesel,24847.3
V075,2026-08-29T06:48:00+00:00,14.51,1423.15,Diesel,120687.7
V060,2026-08-04T21:30:00+00:00,34.31,3491.34,Diesel,138152.3
V063,2026-08-14T03:03:00+00:00,15.74,1485.86,Diesel,66679.4
V047,2026-08-27T07:11:00+00:00,20.39,1928.54,Petrol,80890.2
V062,2026-08-25T21:34:00+00:00,41.25,4053.31,Diesel,39680.3
V005,2026-09-07T21:22:00+00:00,29.18,2971.9,Diesel,103740.4
V012,2026-08-31T17:57:00+00:00,27.29,2691.57,Diesel,172956.9
V045,2026-08-21T10:26:00+00:00,36.08,3320.48,Diesel,106330.4
V084,2026-08-10T19:32:00+00:00,15.84,1578.34,Petrol,18597.8
V002,2026-08-25T07:39:00+00:00,13.83,1303.6,Petrol,115123.7
V078,2026-09-03T00:21:00+00:00,39.54,3888.27,Diesel,147789.6
V077,2026-09-21T01:11:00+00:00,8.15,786.11,Diesel,134643.9
V014,2026-08-24T08:27:00+00:00,17.03,1704.51,Diesel,165803.5
V037,2026-08-18T03:06:00+00:00,19.49,1860.38,Diesel,100564.2
V093,2026-09-10T10:58:00+00:00,11.19,1030.13,Diesel,37276.6
V018,2026-09-09T04:26:00+00:00,21.27,2015.69,Diesel,102836.3
V093,2026-08-03T14:31:00+00:00,35.69,3308.57,Diesel,173327.4
V003,2026-08-19T02:19:00+00:00,41.17,3929.86,Diesel,60745.2
V012,2026-09-16T00:07:00+00:00,11.96,1103.02,Diesel,127251.2
V070,2026-09-07T20:10:00+00:00,35.61,3497.38,Diesel,90001.9
V043,2026-08-08T18:36:00+00:00,9.35,860.67,Diesel,90999.7
V047,2026-08-30T07:31:00+00:00,30.36,2878.48,Petrol,121255.6
V043,2026-08-31T13:44:00+00:00,14.89,1475.93,Diesel,141355.6
V068,2026-09-18T12:46:00+00:00,8.94,881.31,Diesel,89015.9
V017,2026-08-04T19:39:00+00:00,13.37,1301.86,Diesel,90616.5
V044,2026-08-23T00:50:00+00:00,44.1,4300.18,Petrol,53291.9
V072,2026-08-05T03:06:00+00:00,37.28,3452.51,Diesel,89361.0
V041,2026-09-12T22:31:00+00:00,30.42,3079.37,Diesel,94407.8
V052,2026-08-30T17:53:00+00:00,18.04,1758.19,Petrol,30476.1
V083,2026-08-18T22:42:00+00:00,31.06,2863.78,Petrol,163301.0
V016,2026-08-02T01:25:00+00:00,24.57,2361.64,Diesel,98731.7
V060,2026-09-21T15:14:00+00:00,44.88,4521.93,Diesel,136989.1
V091,2026-09-11T00:01:00+00:00,31.15,2923.21,Petrol,56672.3
V026,2026-08-29T06:31:00+00:00,44.7,4273.93,Petrol,151916.5
V038,2026-08-29T15:18:00+00:00,28.34,2773.99,Petrol,74409.0
V047,2026-08-15T16:21:00+00:00,22.17,2157.11,Petrol,140032.2
V019,2026-09-02T07:00:00+00:00,12.15,1245.51,Diesel,39143.6
V050,2026-08-21T11:27:00+00:00,13.75,1314.07,Diesel,21989.0
V072,2026-09-10T10:11:00+00:00,40.17,3777.88,Diesel,6816.5
V048,2026-08-01T09:39:00+00:00,38.96,3636.13,Diesel,45113.5
V061,2026-08-02T05:22:00+00:00,19.62,1911.98,Petrol,127197.8
V045,2026-08-26T06:22:00+00:00,18.99,1773.27,Diesel,28076.2
V017,2026-08-16T15:57:00+00:00,7.65,716.81,Diesel,12194.4
V073,2026-09-19T14:16:00+00:00,21.84,2090.27,Petrol,17525.4
V053,2026-08-20T02:33:00+00:00,20.67,2124.51,Diesel,139023.0
V089,2026-08-24T08:51:00+00:00,23.32,2263.44,Diesel,172823.1
V015,2026-09-10T13:53:00+00:00,8.34,787.84,Diesel,84187.7
V070,2026-08-26T15:45:00+00:00,26.47,2658.85,Diesel,72667.2
V023,2026-09-08T23:30:00+00:00,38.8,3908.06,Diesel,156545.7
V033,2026-09-23T19:25:00+00:00,44.47,4145.21,Diesel,88359.9
V088,2026-08-26T21:43:00+00:00,25.04,2433.95,Petrol,64182.6
V085,2026-09-06T12:27:00+00:00,19.3,1918.35,Diesel,143801.9
V085,2026-08-11T18:09:00+00:00,11.45,1083.8,Diesel,60902.0
V051,2026-08-18T22:55:00+00:00,25.56,2594.99,Diesel,133221.8
V079,2026-08-12T01:40:00+00:00,22.53,2172.04,Diesel,71520.9
V039,2026-09-21T01:34:00+00:00,27.28,2744.2,Diesel,63351.9
V029,2026-09-17T12:24:00+00:00,38.72,3707.3,Diesel,166089.7
V088,2026-08-09T11:59:00+00:00,25.47,2390.93,Petrol,10330.9
V013,2026-09-11T12:23:00+00:00,18.47,1790.27,Petrol,22933.6
V042,2026-08-17T18:06:00+00:00,10.68,1004.51,Diesel,141864.0
V049,2026-08-14T03:54:00+00:00,35.66,3588.16,Diesel,72919.5
V045,2026-09-20T15:26:00+00:00,31.41,3116.28,Diesel,20556.2
V038,2026-08-10T11:08:00+00:00,40.33,3982.61,Petrol,68681.1
V003,2026-08-05T22:30:00+00:00,16.56,1661.09,Diesel,131233.9
V011,2026-09-17T22:39:00+00:00,5.42,546.44,Diesel,80737.1
V054,2026-08-11T00:16:00+00:00,13.1,1328.76,Diesel,167165.7
V025,2026-08-19T19:26:00+00:00,21.05,2002.3,Diesel,51107.2
V032,2026-08-24T15:14:00+00:00,8.01,809.02,Petrol,135791.4
V083,2026-08-18T22:50:00+00:00,44.76,4536.12,Petrol,30306.3
V091,2026-09-01T07:43:00+00:00,42.54,4058.79,Petrol,129087.0
V085,2026-09-15T01:18:00+00:00,10.45,1003.43,Diesel,62930.2
V049,2026-08-28T10:04:00+00:00,39.69,3739.53,Diesel,56498.3
V026,2026-08-03T18:00:00+00:00,12.92,1216.03,Petrol,173411.1
V024,2026-08-19T01:58:00+00:00,30.42,2856.95,Diesel,139189.3
V049,2026-09-06T22:01:00+00:00,31.42,3084.21,Diesel,41438.0
V031,2026-08-17T22:52:00+00:00,31.29,3153.97,Diesel,78347.6
V004,2026-09-10T17:20:00+00:00,19.02,1904.36,Diesel,50667.6
V007,2026-09-11T06:44:00+00:00,43.12,4040.56,Petrol,142336.8
V030,2026-08-31T03:28:00+00:00,8.6,871.97,Diesel,72237.1
V036,2026-09-21T08:47:00+00:00,16.15,1626.79,Petrol,74724.4
V054,2026-09-09T15:32:00+00:00,17.83,1714.42,Diesel,48714.3
V052,2026-09-06T09:18:00+00:00,27.19,2559.8,Petrol,117461.2
V097,2026-08-22T18:13:00+00:00,11.6,1076.33,Diesel,137804.1
V074,2026-08-10T19:40:00+00:00,11.63,1133.67,Diesel,30840.2
V075,2026-09-09T23:43:00+00:00,24.13,2313.77,Diesel,170654.1
V039,2026-09-24T23:38:00+00:00,22.12,2192.14,Diesel,36151.6
V077,2026-08-30T03:30:00+00:00,23.56,2365.37,Diesel,115785.5
V025,2026-09-20T19:10:00+00:00,41.33,4157.52,Diesel,27368.7
V054,2026-09-19T19:48:00+00:00,30.4,3084.45,Diesel,36769.5
V055,2026-08-03T04:22:00+00:00,34.31,3227.21,Diesel,108610.2
V066,2026-09-07T17:59:00+00:00,11.4,1061.53,Diesel,25910.9
V031,2026-09-06T07:21:00+00:00,37.72,3572.86,Diesel,39413.1
V004,2026-08-25T19:05:00+00:00,12.56,1203.56,Diesel,67586.7
V075,2026-08-28T05:57:00+00:00,18.54,1890.69,Diesel,38655.6
V019,2026-08-22T15:09:00+00:00,44.22,4109.01,Diesel,58261.9
V010,2026-08-03T18:49:00+00:00,28.25,2766.85,Diesel,54152.9
V053,2026-09-15T15:02:00+00:00,10.1,1016.4,Diesel,159193.9
V035,2026-09-03T13:20:00+00:00,41.61,4196.58,Petrol,20313.4
V081,2026-08-09T07:29:00+00:00,23.77,2432.55,Diesel,132197.3
V019,2026-08-31T16:56:00+00:00,15.57,1550.75,Diesel,11535.3
V004,2026-08-20T03:56:00+00:00,27.07,2754.61,Diesel,19041.5
V006,2026-08-23T09:50:00+00:00,30.43,2825.77,Diesel,132118.3
V091,2026-09-10T21:23:00+00:00,44.39,4233.3,Petrol,113591.7
V078,2026-08-28T20:34:00+00:00,20.67,1987.68,Diesel,119057.5
V029,2026-08-05T10:57:00+00:00,9.61,919.89,Diesel,89570.8
V048,2026-08-28T11:27:00+00:00,32.08,3011.95,Diesel,83001.8
V069,2026-08-15T07:05:00+00:00,35.14,3438.42,Petrol,127920.9
V052,2026-08-11T03:44:00+00:00,7.17,671.24,Petrol,93759.2
V022,2026-08-25T04:18:00+00:00,22.36,2282.53,Diesel,47554.2
V062,2026-08-12T06:55:00+00:00,32.95,3158.77,Diesel,56144.6
V013,2026-09-21T12:37:00+00:00,42.45,3989.23,Petrol,87518.9
V005,2026-09-11T17:29:00+00:00,31.78,3267.04,Diesel,24828.4
V001,2026-08-27T03:44:00+00:00,26.43,2708.24,Petrol,83189.8
V091,2026-09-01T07:36:00+00:00,8.22,828.29,Petrol,146531.1
V061,2026-09-06T18:27:00+00:00,38.8,3645.33,Petrol,62248.9
V042,2026-08-24T23:01:00+00:00,31.2,3111.78,Diesel,18008.8
V091,2026-08-17T14:50:00+00:00,15.83,1584.22,Petrol,145908.5
V039,2026-09-11T01:34:00+00:00,26.39,2454.79,Diesel,174730.3
V078,2026-09-14T20:43:00+00:00,29.29,3006.79,Diesel,63974.5
V082,2026-09-06T00:22:00+00:00,15.31,1415.33,Diesel,29221.1
V053,2026-09-09T13:06:00+00:00,25.15,2447.32,Diesel,106677.8
V093,2026-08-06T18:01:00+00:00,43.62,4466.27,Diesel,98123.8
V099,2026-08-27T22:06:00+00:00,28.85,2663.96,Diesel,114455.7
V089,2026-09-02T05:58:00+00:00,34.8,3361.65,Diesel,8771.0
V041,2026-08-29T00:15:00+00:00,29.58,2766.18,Diesel,157125.6
V092,2026-09-23T16:07:00+00:00,39.05,3906.34,Diesel,125358.8
V038,2026-09-10T03:09:00+00:00,43.96,4253.46,Petrol,82652.8
V097,2026-08-04T08:58:00+00:00,34.64,3380.51,Diesel,36023.5
V046,2026-08-23T05:46:00+00:00,15.12,1446.75,Diesel,79340.1
V063,2026-08-12T01:37:00+00:00,18.72,1726.15,Diesel,153301.2
V090,2026-09-12T18:34:00+00:00,43.76,4111.91,Petrol,123724.9
V056,2026-08-14T13:03:00+00:00,20.19,2038.84,Diesel,9898.0
V062,2026-09-03T20:31:00+00:00,18.4,1857.48,Diesel,57783.2
V005,2026-09-13T10:42:00+00:00,23.08,2317.83,Diesel,57627.5
V060,2026-09-18T04:01:00+00:00,17.0,1724.05,Diesel,60322.2
V098,2026-09-16T17:37:00+00:00,40.21,3985.14,Diesel,108596.2
V004,2026-08-03T15:59:00+00:00,40.64,4046.78,Diesel,55672.5
V088,2026-08-15T03:32:00+00:00,28.12,2847.92,Petrol,60491.7
V026,2026-09-23T00:43:00+00:00,6.69,664.52,Petrol,48244.8
V041,2026-09-12T08:25:00+00:00,28.76,2678.43,Diesel,55442.9
V054,2026-08-01T06:05:00+00:00,21.65,2209.73,Diesel,42758.6
V057,2026-09-23T00:11:00+00:00,33.1,3201.93,Diesel,40605.2
V013,2026-08-23T16:57:00+00:00,42.92,4327.25,Petrol,29555.9
V070,2026-08-05T11:51:00+00:00,31.76,3069.98,Diesel,48095.6
V048,2026-08-10T14:42:00+00:00,36.42,3351.47,Diesel,87957.0
V036,2026-09-06T18:20:00+00:00,17.0,1708.08,Petrol,73759.4
V075,2026-09-19T13:46:00+00:00,7.18,661.42,Diesel,144177.8
V004,2026-08-12T14:19:00+00:00,32.68,3049.15,Diesel,126159.4
V006,2026-09-08T16:36:00+00:00,22.95,2287.18,Diesel,36156.9
V022,2026-08-23T23:28:00+00:00,12.09,1154.13,Diesel,96566.3
V060,2026-09-24T10:46:00+00:00,44.02,4119.68,Diesel,138458.6
V033,2026-08-13T19:50:00+00:00,16.5,1607.63,Diesel,130575.1
V047,2026-08-06T16:42:00+00:00,24.79,2503.96,Petrol,108440.5
V059,2026-09-06T17:35:00+00:00,22.57,2311.51,Diesel,61751.3
V054,2026-09-21T19:11:00+00:00,17.54,1772.85,Diesel,72432.5
V074,2026-09-19T18:21:00+00:00,44.87,4611.22,Diesel,123897.9
V037,2026-08-28T01:04:00+00:00,33.81,3343.97,Diesel,44988.3
V085,2026-08-27T18:16:00+00:00,10.46,1025.83,Diesel,173891.3
V033,2026-09-08T15:32:00+00:00,38.4,3693.25,Diesel,142138.2
V083,2026-08-15T16:33:00+00:00,42.59,4190.36,Petrol,178619.4
V055,2026-09-23T23:41:00+00:00,21.71,2047.55,Diesel,176346.2
V014,2026-09-20T11:02:00+00:00,44.68,4323.49,Diesel,93508.0
V087,2026-08-11T21:04:00+00:00,39.62,3852.71,Petrol,162391.6
V023,2026-09-15T22:42:00+00:00,20.45,1943.87,Diesel,78135.5
V017,2026-08-21T08:00:00+00:00,35.58,3651.56,Diesel,119415.4
V012,2026-08-06T16:40:00+00:00,10.55,1062.4,Diesel,42955.4
V006,2026-09-02T16:54:00+00:00,12.01,1236.35,Diesel,54979.1
V085,2026-08-10T22:46:00+00:00,8.12,778.76,Diesel,95231.0
V069,2026-09-05T18:35:00+00:00,13.39,1351.51,Petrol,41925.6
V067,2026-08-30T21:48:00+00:00,32.51,3226.31,Petrol,57626.5
V049,2026-08-23T22:40:00+00:00,44.37,4569.28,Diesel,12307.0
V095,2026-08-17T16:40:00+00:00,9.8,990.12,Diesel,67395.7
V066,2026-09-04T13:18:00+00:00,32.15,3206.62,Diesel,159285.2
V099,2026-08-02T17:15:00+00:00,14.62,1433.75,Diesel,175080.0
V099,2026-08-02T06:45:00+00:00,16.9,1705.21,Diesel,7758.9
V024,2026-09-16T08:42:00+00:00,11.56,1168.12,Diesel,109279.6
V064,2026-09-01T01:28:00+00:00,23.76,2440.36,Petrol,43943.5
V015,2026-08-05T06:35:00+00:00,15.3,1451.52,Diesel,122333.3
V027,2026-08-06T11:44:00+00:00,35.01,3299.7,Diesel,50351.4
V020,2026-09-13T09:56:00+00:00,41.74,3906.37,Diesel,7129.2
V013,2026-09-22T01:56:00+00:00,31.66,3224.84,Petrol,143345.0
V010,2026-08-19T21:05:00+00:00,44.74,4277.34,Diesel,148901.0
V077,2026-09-10T10:24:00+00:00,27.38,2675.97,Diesel,98101.9
V037,2026-09-08T03:37:00+00:00,33.26,3318.83,Diesel,135408.6
V070,2026-08-22T14:25:00+00:00,17.61,1751.45,Diesel,18727.8
V077,2026-09-02T19:54:00+00:00,6.81,696.58,Diesel,110295.0
V050,2026-08-29T10:02:00+00:00,15.9,1465.12,Diesel,25826.6
V086,2026-09-23T18:05:00+00:00,16.56,1556.48,Diesel,68836.2
V010,2026-09-22T06:35:00+00:00,9.46,898.35,Diesel,139786.1
V002,2026-08-28T10:07:00+00:00,43.39,4135.82,Petrol,107057.5
V024,2026-09-03T22:34:00+00:00,22.95,2236.35,Diesel,68062.3
V005,2026-09-11T19:02:00+00:00,12.55,1285.08,Diesel,147000.3
V058,2026-08-28T02:54:00+00:00,40.75,4050.42,Petrol,40223.8
V034,2026-09-21T02:01:00+00:00,28.84,2800.1,Diesel,28910.5
V043,2026-09-02T15:24:00+00:00,19.05,1943.13,Diesel,141850.5
V033,2026-08-13T08:48:00+00:00,38.26,3819.3,Diesel,104399.6
V088,2026-08-12T14:40:00+00:00,11.04,1117.44,Petrol,147791.0
V090,2026-08-15T20:37:00+00:00,23.88,2450.43,Petrol,95876.0
V003,2026-09-08T11:29:00+00:00,36.97,3749.25,Diesel,70005.5
V099,2026-08-29T03:07:00+00:00,23.59,2337.53,Diesel,123471.9
V050,2026-08-02T06:16:00+00:00,35.45,3520.37,Diesel,155492.6
V084,2026-08-21T17:33:00+00:00,20.18,1864.0,Petrol,85002.2
V081,2026-09-12T17:29:00+00:00,27.43,2525.57,Diesel,114488.7
V030,2026-09-10T05:08:00+00:00,10.32,995.0,Diesel,126146.4
V009,2026-09-13T09:39:00+00:00,29.84,3043.69,Petrol,167467.2
V040,2026-08-14T00:51:00+00:00,21.2,1977.51,Diesel,119644.1
V043,2026-08-03T08:07:00+00:00,39.68,3975.26,Diesel,76059.0
V005,2026-08-31T10:47:00+00:00,33.2,3164.87,Diesel,111366.8
V011,2026-09-23T20:21:00+00:00,16.18,1558.32,Diesel,148068.6
V070,2026-08-04T05:47:00+00:00,11.14,1070.24,Diesel,104383.2
V008,2026-09-03T03:36:00+00:00,17.67,1707.07,Diesel,168996.7
V067,2026-09-18T13:53:00+00:00,15.66,1567.73,Petrol,40455.4
V027,2026-08-01T14:40:00+00:00,28.48,2681.26,Diesel,148936.1
V031,2026-08-18T18:16:00+00:00,28.51,2682.68,Diesel,30173.8
V073,2026-08-30T07:48:00+00:00,25.03,2446.86,Petrol,47821.6
V066,2026-08-15T03:15:00+00:00,43.54,4222.38,Diesel,134657.0
V068,2026-08-09T21:02:00+00:00,28.34,2855.04,Diesel,128776.6
V088,2026-08-08T07:10:00+00:00,19.59,1812.7,Petrol,151289.1
V049,2026-08-20T19:28:00+00:00,41.1,4210.34,Diesel,42046.9
V056,2026-08-24T09:20:00+00:00,17.79,1831.38,Diesel,167612.9
V092,2026-08-19T20:04:00+00:00,41.93,3884.0,Diesel,68539.8
V040,2026-09-23T18:09:00+00:00,12.73,1273.86,Diesel,105009.1
V018,2026-09-07T02:02:00+00:00,25.26,2408.84,Diesel,78727.7
V056,2026-08-09T13:08:00+00:00,42.9,4360.69,Diesel,116425.7
V069,2026-08-02T22:55:00+00:00,13.45,1297.83,Petrol,98997.3
V051,2026-09-17T12:23:00+00:00,33.13,3238.5,Diesel,42832.4
V065,2026-08-13T23:20:00+00:00,8.5,854.9,Petrol,53764.4
V051,2026-08-27T08:24:00+00:00,5.18,511.24,Diesel,95829.0
V032,2026-09-18T03:17:00+00:00,14.79,1483.47,Petrol,64592.4
V067,2026-08-25T02:17:00+00:00,42.52,4091.73,Petrol,148458.2
V025,2026-09-12T12:28:00+00:00,33.9,3336.34,Diesel,121050.9
V023,2026-09-07T03:13:00+00:00,9.02,887.12,Diesel,115610.3
V047,2026-09-12T08:14:00+00:00,42.47,4160.1,Petrol,124593.2
V067,2026-08-20T12:54:00+00:00,33.95,3281.15,Petrol,55801.6
V069,2026-09-06T01:36:00+00:00,31.86,3026.46,Petrol,74954.4
V094,2026-08-13T15:52:00+00:00,30.53,2895.37,Diesel,87442.5
V074,2026-08-11T14:27:00+00:00,34.89,3474.01,Diesel,125294.7
V037,2026-09-10T18:51:00+00:00,22.68,2283.43,Diesel,136034.7
V034,2026-08-08T23:46:00+00:00,40.72,4108.27,Diesel,175055.0
V071,2026-09-02T17:37:00+00:00,28.21,2792.39,Diesel,122848.5
V004,2026-09-11T04:30:00+00:00,22.2,2166.51,Diesel,136266.7
V060,2026-08-21T12:50:00+00:00,8.65,824.63,Diesel,11456.1
V085,2026-09-12T13:35:00+00:00,38.61,3877.56,Diesel,124280.8
V054,2026-09-03T23:02:00+00:00,18.88,1807.1,Diesel,138907.4
V093,2026-08-31T17:55:00+00:00,38.9,3658.76,Diesel,116615.2
V035,2026-08-13T16:12:00+00:00,7.44,743.85,Petrol,151640.2
V073,2026-09-03T00:15:00+00:00,6.69,685.6,Petrol,82780.1
V010,2026-09-16T08:44:00+00:00,15.75,1506.31,Diesel,147273.0
V080,2026-09-13T10:17:00+00:00,6.89,697.49,Diesel,113637.5
V051,2026-09-04T22:07:00+00:00,13.37,1359.68,Diesel,72673.8
V045,2026-08-14T11:44:00+00:00,35.09,3315.58,Diesel,95515.5
V031,2026-09-20T17:58:00+00:00,29.55,2791.08,Diesel,68138.6
V032,2026-09-18T06:50:00+00:00,15.37,1552.71,Petrol,68491.4
V039,2026-08-07T23:10:00+00:00,16.91,1573.62,Diesel,133046.4
V041,2026-09-15T06:00:00+00:00,23.78,2256.67,Diesel,163987.0
V038,2026-08-08T16:57:00+00:00,41.14,3991.39,Petrol,32006.9
V035,2026-08-02T11:26:00+00:00,20.13,1987.58,Petrol,92048.4
V076,2026-09-15T19:03:00+00:00,18.22,1827.15,Diesel,42011.8
V005,2026-08-17T04:15:00+00:00,32.1,3046.31,Diesel,54465.2
V029,2026-08-23T05:42:00+00:00,39.49,3766.45,Diesel,116790.4
V014,2026-08-16T01:05:00+00:00,21.04,2153.33,Diesel,15596.0
V024,2026-08-23T20:23:00+00:00,26.37,2606.55,Diesel,19249.4
V054,2026-08-23T14:00:00+00:00,30.87,2914.29,Diesel,123824.4
V076,2026-09-07T07:54:00+00:00,43.48,4336.1,Diesel,164148.2
V070,2026-08-27T13:44:00+00:00,11.85,1100.65,Diesel,143692.3
V030,2026-09-01T12:23:00+00:00,32.48,3169.31,Diesel,136429.9
V089,2026-09-13T03:52:00+00:00,22.91,2195.93,Diesel,147317.1
V088,2026-08-08T05:30:00+00:00,22.74,2235.53,Petrol,78220.5
V085,2026-09-11T05:48:00+00:00,21.76,2094.26,Diesel,76000.6
V045,2026-08-09T07:36:00+00:00,22.67,2281.55,Diesel,178451.2
V099,2026-08-10T02:32:00+00:00,17.22,1753.1,Diesel,96871.8
V080,2026-08-18T19:06:00+00:00,32.36,3262.44,Diesel,24740.1
V059,2026-08-30T20:41:00+00:00,10.66,1095.38,Diesel,58431.8
V031,2026-08-01T13:50:00+00:00,38.05,3686.36,Diesel,41869.8
V066,2026-09-18T16:37:00+00:00,35.23,3372.56,Diesel,116540.7
V014,2026-08-11T22:18:00+00:00,23.16,2367.55,Diesel,27005.0
V040,2026-08-22T02:18:00+00:00,22.11,2174.14,Diesel,130370.9
V018,2026-09-10T06:20:00+00:00,27.87,2780.97,Diesel,82892.2
V021,2026-08-10T01:40:00+00:00,5.74,576.89,Diesel,10900.3
V016,2026-08-23T13:09:00+00:00,13.19,1276.57,Diesel,62022.3
V012,2026-09-07T16:17:00+00:00,34.27,3216.57,Diesel,168908.5
V016,2026-08-15T14:50:00+00:00,40.73,3796.34,Diesel,162111.3
V036,2026-09-01T19:34:00+00:00,26.84,2724.13,Petrol,47250.0
V079,2026-09-19T08:58:00+00:00,29.25,2715.79,Diesel,10125.9
V040,2026-09-06T20:55:00+00:00,33.1,3123.66,Diesel,166784.4
V040,2026-08-26T04:31:00+00:00,10.2,961.96,Diesel,100712.4
V047,2026-09-13T13:28:00+00:00,29.66,2735.3,Petrol,86991.4
V060,2026-08-24T21:15:00+00:00,9.44,909.8,Diesel,85251.0
V057,2026-09-11T17:28:00+00:00,34.89,3209.98,Diesel,38638.9
V100,2026-08-18T20:16:00+00:00,22.23,2228.33,Diesel,164237.2
V014,2026-08-10T10:18:00+00:00,10.26,1026.32,Diesel,60282.7
V057,2026-09-03T02:13:00+00:00,13.37,1358.49,Diesel,8439.1
V072,2026-09-19T12:20:00+00:00,40.42,3815.85,Diesel,126147.7
V032,2026-09-19T14:53:00+00:00,9.56,902.74,Petrol,150009.1
V074,2026-09-01T17:37:00+00:00,21.79,2235.76,Diesel,155006.6
V064,2026-09-03T02:02:00+00:00,38.55,3903.05,Petrol,147514.0
V016,2026-08-28T20:31:00+00:00,28.5,2782.52,Diesel,136289.2
V093,2026-08-15T22:02:00+00:00,18.21,1723.26,Diesel,49188.3
V054,2026-08-02T02:06:00+00:00,41.49,3983.24,Diesel,152886.8
V026,2026-08-18T21:22:00+00:00,30.38,3060.9,Petrol,135613.0
V073,2026-09-18T14:10:00+00:00,9.66,916.8,Petrol,124883.3
V064,2026-09-14T02:35:00+00:00,41.03,3991.99,Petrol,32433.2
V069,2026-09-15T00:37:00+00:00,34.44,3227.41,Petrol,88057.0
V087,2026-08-16T06:03:00+00:00,14.03,1362.12,Petrol,138101.6
V049,2026-09-14T07:25:00+00:00,11.55,1181.38,Diesel,62560.5
V082,2026-09-23T05:28:00+00:00,8.06,813.11,Diesel,160636.0
V012,2026-08-17T07:39:00+00:00,26.23,2549.83,Diesel,148577.6
V086,2026-09-24T06:16:00+00:00,38.67,3706.71,Diesel,135979.0
V093,2026-08-19T15:06:00+00:00,40.85,3785.57,Diesel,130100.9
V035,2026-09-02T09:40:00+00:00,7.09,661.72,Petrol,148682.7
V023,2026-08-17T03:02:00+00:00,9.88,1000.17,Diesel,159652.2
V088,2026-08-23T23:05:00+00:00,17.22,1612.15,Petrol,151988.7
V027,2026-08-25T05:20:00+00:00,10.73,1049.4,Diesel,27499.1
V045,2026-08-07T06:22:00+00:00,41.92,4275.39,Diesel,34067.4
V047,2026-08-11T11:19:00+00:00,8.54,856.65,Petrol,179195.6
V080,2026-08-06T10:58:00+00:00,31.71,3068.17,Diesel,38511.8
V037,2026-08-04T05:58:00+00:00,27.65,2669.88,Diesel,24091.2
V072,2026-08-14T10:11:00+00:00,11.99,1213.44,Diesel,18365.9
V011,2026-09-20T04:06:00+00:00,30.76,2891.57,Diesel,13207.5
V052,2026-08-22T22:12:00+00:00,29.02,2860.55,Petrol,11551.1
V041,2026-08-06T21:50:00+00:00,37.71,3713.84,Diesel,146078.1
V009,2026-08-29T22:38:00+00:00,21.85,2224.37,Petrol,116569.5
V078,2026-08-23T20:29:00+00:00,13.07,1294.91,Diesel,115604.5
V025,2026-08-27T21:47:00+00:00,15.03,1439.14,Diesel,41086.9
V082,2026-08-14T05:13:00+00:00,13.29,1310.91,Diesel,44534.6
V050,2026-08-08T01:14:00+00:00,30.78,3012.29,Diesel,119279.4
V008,2026-08-02T04:32:00+00:00,35.2,3432.38,Diesel,139786.2
V100,2026-09-01T00:06:00+00:00,38.01,3513.32,Diesel,70861.8
V087,2026-08-09T18:24:00+00:00,35.09,3428.97,Petrol,165618.5
V092,2026-09-06T15:29:00+00:00,10.61,1056.99,Diesel,26653.6
V075,2026-09-12T22:17:00+00:00,9.72,972.31,Diesel,75244.8
V025,2026-09-22T20:55:00+00:00,27.43,2553.24,Diesel,46007.7
V094,2026-08-21T09:52:00+00:00,36.1,3669.77,Diesel,40256.6
V028,2026-09-12T01:00:00+00:00,38.41,3764.9,Diesel,99363.1
V095,2026-08-13T23:00:00+00:00,25.51,2402.21,Diesel,164921.3
V078,2026-09-14T02:44:00+00:00,40.43,4050.59,Diesel,87385.7
V030,2026-08-18T18:10:00+00:00,13.22,1258.45,Diesel,123750.1
V095,2026-08-18T01:41:00+00:00,19.52,1838.41,Diesel,117847.5
V041,2026-08-05T13:03:00+00:00,37.12,3724.03,Diesel,175954.8
V031,2026-09-09T11:59:00+00:00,36.1,3368.32,Diesel,97182.2
V100,2026-08-05T02:45:00+00:00,18.06,1682.81,Diesel,113304.1
V035,2026-08-29T00:49:00+00:00,20.68,1963.18,Petrol,78776.6
V059,2026-08-09T06:52:00+00:00,33.89,3449.66,Diesel,155247.6
V058,2026-08-07T21:35:00+00:00,40.05,3819.5,Petrol,64801.6
V061,2026-08-22T00:38:00+00:00,12.23,1151.65,Petrol,81925.7
V033,2026-08-08T08:47:00+00:00,11.77,1140.87,Diesel,71763.2
V066,2026-09-02T12:14:00+00:00,7.42,743.79,Diesel,51598.4
V032,2026-08-17T11:52:00+00:00,30.77,3092.47,Petrol,61916.2
V030,2026-09-10T23:02:00+00:00,7.2,740.39,Diesel,163371.4
V076,2026-09-08T00:28:00+00:00,15.39,1557.62,Diesel,50531.1
V061,2026-09-19T05:46:00+00:00,34.31,3448.13,Petrol,146328.1
V040,2026-09-06T23:02:00+00:00,42.26,4027.15,Diesel,126668.7
V068,2026-08-02T02:55:00+00:00,17.82,1772.13,Diesel,40420.7
V095,2026-08-25T04:50:00+00:00,31.3,3192.09,Diesel,50993.4
V083,2026-09-23T18:43:00+00:00,43.62,4266.26,Petrol,35850.7
V099,2026-09-18T16:41:00+00:00,15.21,1550.79,Diesel,174480.9
V082,2026-08-28T00:08:00+00:00,10.53,997.75,Diesel,64633.0
V075,2026-08-11T10:52:00+00:00,16.56,1601.59,Diesel,36381.0
V040,2026-08-07T15:47:00+00:00,31.11,3077.23,Diesel,154186.2
V051,2026-08-20T22:56:00+00:00,26.78,2468.73,Diesel,97535.4
V066,2026-08-11T00:14:00+00:00,16.03,1649.65,Diesel,137548.8
V065,2026-08-02T22:45:00+00:00,29.22,2837.62,Petrol,13733.3
V084,2026-08-13T13:08:00+00:00,34.72,3243.88,Petrol,86631.2
V048,2026-08-23T07:14:00+00:00,17.8,1826.09,Diesel,18133.7
V035,2026-09-03T08:50:00+00:00,22.15,2262.01,Petrol,76341.6
V086,2026-08-12T06:57:00+00:00,10.99,1050.67,Diesel,17014.7
V020,2026-08-25T23:25:00+00:00,38.85,3806.84,Diesel,170507.5
V005,2026-09-20T15:35:00+00:00,37.11,3594.12,Diesel,169680.8
V040,2026-08-06T04:40:00+00:00,18.94,1853.0,Diesel,61280.4
V073,2026-09-04T13:34:00+00:00,35.07,3440.9,Petrol,11171.3
V060,2026-08-31T06:03:00+00:00,13.48,1332.77,Diesel,13388.9
V054,2026-08-28T15:52:00+00:00,16.31,1601.3,Diesel,165674.6
V014,2026-08-09T02:32:00+00:00,6.74,636.94,Diesel,94894.7
V074,2026-09-19T09:38:00+00:00,20.09,1881.29,Diesel,14205.8
V070,2026-09-20T12:55:00+00:00,44.01,4238.25,Diesel,14609.8
V099,2026-09-08T05:15:00+00:00,36.21,3478.07,Diesel,30296.2
V090,2026-08-06T07:34:00+00:00,26.04,2466.51,Petrol,170418.5
V043,2026-08-08T08:37:00+00:00,5.59,525.21,Diesel,129922.7
V099,2026-09-10T15:18:00+00:00,16.93,1644.06,Diesel,92116.3
V064,2026-08-07T21:14:00+00:00,25.68,2490.92,Petrol,45922.0
V055,2026-08-04T04:59:00+00:00,26.46,2646.56,Diesel,42538.5
V068,2026-09-18T04:05:00+00:00,15.22,1558.86,Diesel,114569.8
V028,2026-09-06T12:56:00+00:00,34.62,3486.11,Diesel,121913.1
V027,2026-09-10T15:38:00+00:00,9.62,978.33,Diesel,37105.3
V044,2026-08-05T15:44:00+00:00,7.99,743.93,Petrol,73972.3
V033,2026-09-23T04:09:00+00:00,16.83,1702.56,Diesel,46627.2
V078,2026-08-17T07:48:00+00:00,6.59,614.5,Diesel,93700.0
V067,2026-08-11T13:34:00+00:00,31.7,3117.4,Petrol,20820.4
V098,2026-09-16T17:42:00+00:00,36.73,3768.27,Diesel,77553.0
V014,2026-09-22T01:57:00+00:00,29.67,2773.06,Diesel,117034.6
V017,2026-09-14T00:14:00+00:00,32.28,3310.02,Diesel,134552.3
V032,2026-09-15T21:04:00+00:00,16.11,1511.56,Petrol,122299.2
V052,2026-08-11T14:30:00+00:00,14.29,1344.92,Petrol,6084.5
V005,2026-08-12T10:57:00+00:00,14.38,1417.7,Diesel,157067.6
V064,2026-08-04T07:24:00+00:00,42.11,4116.05,Petrol,15860.8
V007,2026-09-14T04:57:00+00:00,27.06,2678.67,Petrol,169184.2
V098,2026-09-02T01:53:00+00:00,21.71,2075.93,Diesel,165134.0
V066,2026-09-01T00:02:00+00:00,12.16,1157.88,Diesel,166532.4
V029,2026-09-20T14:16:00+00:00,15.34,1548.44,Diesel,161253.1
V027,2026-09-02T15:40:00+00:00,13.85,1377.17,Diesel,121919.5
V052,2026-08-10T13:48:00+00:00,22.46,2292.65,Petrol,19891.7
V051,2026-08-05T05:52:00+00:00,24.86,2460.4,Diesel,89806.8
V098,2026-08-12T20:28:00+00:00,18.22,1720.35,Diesel,138965.9
V068,2026-09-15T12:01:00+00:00,18.76,1832.63,Diesel,28985.7
V069,2026-08-21T18:32:00+00:00,31.49,3052.62,Petrol,29536.1
V035,2026-08-28T10:35:00+00:00,40.61,3738.2,Petrol,121242.3
V095,2026-09-17T02:45:00+00:00,26.64,2452.09,Diesel,91837.0
V015,2026-09-05T09:55:00+00:00,12.85,1215.43,Diesel,36773.8
V089,2026-09-12T00:24:00+00:00,8.64,835.27,Diesel,105884.2
V056,2026-09-04T23:34:00+00:00,20.61,2060.59,Diesel,141108.4
V054,2026-08-28T06:49:00+00:00,35.59,3510.26,Diesel,153175.5
V048,2026-08-20T10:05:00+00:00,37.09,3616.39,Diesel,168380.7
V053,2026-08-05T07:54:00+00:00,40.02,4000.21,Diesel,26309.2
V005,2026-08-22T11:52:00+00:00,23.94,2231.1,Diesel,79979.6
V076,2026-09-22T09:57:00+00:00,12.54,1257.29,Diesel,108161.7
V092,2026-08-18T19:40:00+00:00,43.74,4117.81,Diesel,95144.2
V065,2026-08-24T15:17:00+00:00,41.42,4122.76,Petrol,147656.0
V043,2026-08-27T23:54:00+00:00,5.37,518.91,Diesel,73167.8
V051,2026-09-11T13:26:00+00:00,16.64,1566.27,Diesel,20693.1
V094,2026-08-21T08:46:00+00:00,13.25,1266.64,Diesel,77551.2
V044,2026-08-18T05:46:00+00:00,12.81,1179.96,Petrol,20961.7
V009,2026-09-19T10:25:00+00:00,16.35,1672.15,Petrol,116913.0
V077,2026-09-01T01:39:00+00:00,11.77,1113.27,Diesel,164267.7
V027,2026-08-02T10:03:00+00:00,6.79,680.7,Diesel,111330.9
V082,2026-08-09T12:46:00+00:00,40.38,4123.12,Diesel,112867.8
V058,2026-08-28T12:04:00+00:00,5.19,489.33,Petrol,127218.7
V051,2026-08-16T14:15:00+00:00,23.87,2417.47,Diesel,30500.2
V046,2026-08-16T12:06:00+00:00,13.1,1207.78,Diesel,17560.3
V074,2026-08-09T16:52:00+00:00,36.99,3619.89,Diesel,141554.0
V059,2026-09-18T14:33:00+00:00,18.15,1757.37,Diesel,117439.3
V090,2026-08-10T17:04:00+00:00,15.84,1616.82,Petrol,52212.0
V085,2026-09-15T12:39:00+00:00,13.88,1383.48,Diesel,157194.7
V007,2026-09-02T04:30:00+00:00,38.52,3750.11,Petrol,7429.8
V017,2026-09-12T14:02:00+00:00,32.48,3108.36,Diesel,14462.8
V058,2026-09-08T01:06:00+00:00,41.74,4226.1,Petrol,81524.4
V024,2026-09-03T04:47:00+00:00,39.25,3854.56,Diesel,122783.6
V075,2026-09-03T14:27:00+00:00,44.04,4355.12,Diesel,115173.8
V018,2026-09-03T02:45:00+00:00,13.51,1391.23,Diesel,149288.2
V017,2026-09-06T11:52:00+00:00,20.62,2041.15,Diesel,128946.9
V010,2026-09-20T09:20:00+00:00,24.72,2276.1,Diesel,145322.0
V046,2026-08-09T00:11:00+00:00,15.91,1633.34,Diesel,14460.4
V009,2026-09-12T00:27:00+00:00,34.89,3464.82,Petrol,6327.9
V008,2026-09-19T08:13:00+00:00,25.11,2421.03,Diesel,14269.4
V015,2026-08-14T12:08:00+00:00,11.69,1121.62,Diesel,8317.7
V080,2026-08-06T21:15:00+00:00,31.8,3169.78,Diesel,94020.4
V089,2026-08-15T00:23:00+00:00,27.16,2605.09,Diesel,143633.7
V049,2026-08-03T21:53:00+00:00,33.92,3172.02,Diesel,12490.2
V082,2026-08-07T15:10:00+00:00,6.01,572.25,Diesel,71063.8
V079,2026-09-15T12:31:00+00:00,11.19,1030.03,Diesel,89458.7
V040,2026-09-20T05:33:00+00:00,43.74,4190.96,Diesel,47071.7
V092,2026-08-19T15:29:00+00:00,44.0,4247.96,Diesel,29041.1
V092,2026-09-02T17:42:00+00:00,32.2,3053.12,Diesel,87490.8
V044,2026-08-22T07:43:00+00:00,5.05,494.45,Petrol,48700.9
V011,2026-08-10T08:38:00+00:00,35.9,3521.49,Diesel,125980.3
V074,2026-08-30T00:56:00+00:00,40.85,4137.5,Diesel,177609.1
V044,2026-08-02T10:20:00+00:00,42.05,4049.89,Petrol,81827.4
V069,2026-09-04T17:53:00+00:00,38.49,3847.02,Petrol,56977.3
V002,2026-08-03T00:34:00+00:00,13.25,1361.81,Petrol,7021.5
V022,2026-08-07T07:36:00+00:00,31.81,3223.95,Diesel,83120.3
V012,2026-09-10T05:38:00+00:00,19.62,1973.93,Diesel,12520.5
V084,2026-08-28T20:34:00+00:00,18.96,1752.96,Petrol,84844.6
V095,2026-09-02T23:53:00+00:00,7.96,815.47,Diesel,123422.6
V096,2026-08-16T05:51:00+00:00,44.22,4511.72,Petrol,63244.7
V089,2026-08-18T21:39:00+00:00,40.46,3992.62,Diesel,174917.0
V028,2026-08-12T13:29:00+00:00,9.19,926.97,Diesel,57277.9
V088,2026-08-29T07:51:00+00:00,8.51,799.63,Petrol,119384.5
V077,2026-08-31T13:59:00+00:00,37.4,3744.99,Diesel,29520.7
V088,2026-09-20T09:35:00+00:00,12.55,1213.2,Petrol,110298.8
V059,2026-09-19T16:49:00+00:00,5.66,582.0,Diesel,160657.1
V069,2026-09-23T22:28:00+00:00,39.87,3759.66,Petrol,14226.9
V007,2026-09-05T13:55:00+00:00,44.29,4196.78,Petrol,135781.7
V019,2026-09-04T00:17:00+00:00,24.2,2371.79,Diesel,41363.4
V050,2026-09-12T05:09:00+00:00,31.2,2911.33,Diesel,44471.8
V098,2026-08-26T02:32:00+00:00,11.8,1159.29,Diesel,7657.9
V063,2026-08-02T04:31:00+00:00,11.13,1070.64,Diesel,133550.6
V096,2026-08-21T15:09:00+00:00,29.69,2735.26,Petrol,94294.0
V034,2026-09-18T07:19:00+00:00,29.21,2777.65,Diesel,52325.3
V092,2026-08-21T14:49:00+00:00,44.49,4368.78,Diesel,111648.4
V024,2026-09-08T07:15:00+00:00,10.92,1069.53,Diesel,94141.5
V020,2026-08-12T13:00:00+00:00,43.95,4405.23,Diesel,56790.4
V093,2026-08-01T08:02:00+00:00,6.39,610.12,Diesel,144998.0
V048,2026-08-01T18:30:00+00:00,39.57,3766.21,Diesel,166060.2
V004,2026-08-13T19:01:00+00:00,21.38,2080.8,Diesel,97965.7
V012,2026-08-25T12:41:00+00:00,15.55,1529.53,Diesel,132196.7
V050,2026-08-26T18:35:00+00:00,43.87,4391.21,Diesel,102871.7
V077,2026-08-24T04:00:00+00:00,37.92,3601.79,Diesel,45858.9
V008,2026-08-17T02:28:00+00:00,35.31,3618.04,Diesel,79209.6
V085,2026-09-09T01:49:00+00:00,8.58,866.23,Diesel,167804.3
V029,2026-09-05T03:27:00+00:00,26.2,2668.86,Diesel,95465.0
V029,2026-08-03T18:54:00+00:00,23.82,2418.04,Diesel,46444.6
V064,2026-08-12T05:01:00+00:00,27.92,2664.74,Petrol,148676.6
V095,2026-08-20T20:10:00+00:00,14.4,1403.98,Diesel,58263.6
V088,2026-09-21T14:53:00+00:00,25.15,2436.47,Petrol,122315.3
V041,2026-09-14T09:10:00+00:00,39.38,3905.39,Diesel,54798.8
V032,2026-08-29T01:06:00+00:00,31.58,3111.45,Petrol,146991.3
V055,2026-09-18T07:02:00+00:00,12.75,1187.28,Diesel,27994.6
V093,2026-08-09T18:14:00+00:00,44.99,4324.61,Diesel,147884.9
V079,2026-08-25T19:29:00+00:00,33.07,3065.28,Diesel,151246.8
V072,2026-09-11T05:49:00+00:00,43.44,4232.35,Diesel,72412.7
V061,2026-08-09T05:00:00+00:00,15.41,1518.97,Petrol,57143.3
V043,2026-09-14T18:16:00+00:00,19.33,1966.61,Diesel,167625.5
V015,2026-09-16T01:54:00+00:00,44.2,4399.17,Diesel,11700.8
V054,2026-08-21T19:23:00+00:00,8.17,769.39,Diesel,64542.5
V082,2026-08-02T01:54:00+00:00,28.56,2749.56,Diesel,50300.1
V086,2026-08-28T04:38:00+00:00,10.34,953.67,Diesel,72219.0
V090,2026-08-09T15:12:00+00:00,7.19,684.76,Petrol,144284.9
V001,2026-08-03T13:05:00+00:00,31.15,3078.01,Petrol,37549.7
V068,2026-08-12T11:29:00+00:00,36.69,3428.23,Diesel,22438.0
V089,2026-09-20T05:55:00+00:00,7.96,780.86,Diesel,108734.8
V042,2026-08-04T17:11:00+00:00,13.46,1355.43,Diesel,69482.4
V006,2026-08-19T02:20:00+00:00,26.24,2584.41,Diesel,140175.5
V020,2026-09-13T11:00:00+00:00,6.43,618.26,Diesel,172571.8
V097,2026-09-04T07:10:00+00:00,40.49,3923.43,Diesel,53612.1
V087,2026-09-05T07:44:00+00:00,27.38,2654.33,Petrol,23172.4
V049,2026-08-12T10:00:00+00:00,5.81,597.05,Diesel,147276.2
V085,2026-09-04T08:55:00+00:00,12.26,1248.99,Diesel,124822.1
V090,2026-09-04T13:12:00+00:00,6.84,690.57,Petrol,50395.4
V075,2026-08-24T11:34:00+00:00,10.34,1000.36,Diesel,97070.1
V080,2026-09-01T16:41:00+00:00,37.71,3548.19,Diesel,137638.7
V050,2026-08-27T11:31:00+00:00,13.69,1401.84,Diesel,77468.5
V067,2026-09-08T03:54:00+00:00,36.4,3745.1,Petrol,168038.6
V073,2026-09-23T16:27:00+00:00,20.38,1888.16,Petrol,121806.5
V100,2026-08-14T12:31:00+00:00,43.02,4279.85,Diesel,48116.2
V077,2026-08-13T19:17:00+00:00,21.35,2090.05,Diesel,176972.1
V093,2026-08-16T05:42:00+00:00,36.17,3524.43,Diesel,173986.3
V038,2026-08-24T22:49:00+00:00,25.3,2584.3,Petrol,85894.9
V041,2026-09-11T04:13:00+00:00,11.47,1079.16,Diesel,17436.0
V090,2026-08-18T20:21:00+00:00,24.77,2386.64,Petrol,85869.0
V015,2026-08-08T05:00:00+00:00,37.42,3715.94,Diesel,40508.8
V065,2026-08-08T06:09:00+00:00,40.45,3796.12,Petrol,106905.3
V071,2026-09-19T04:56:00+00:00,29.83,2983.78,Diesel,131645.9
V003,2026-09-14T04:04:00+00:00,9.99,929.54,Diesel,112583.5
V031,2026-09-17T00:59:00+00:00,22.27,2050.18,Diesel,17375.2
V067,2026-09-02T23:00:00+00:00,27.98,2814.97,Petrol,173287.5
V098,2026-09-08T09:49:00+00:00,26.2,2656.63,Diesel,125770.3
V024,2026-08-01T13:44:00+00:00,19.21,1923.38,Diesel,146607.5
V037,2026-09-08T15:35:00+00:00,38.19,3685.14,Diesel,63609.0
V071,2026-09-24T20:14:00+00:00,27.69,2692.81,Diesel,123790.4
V048,2026-08-22T04:01:00+00:00,22.75,2303.29,Diesel,88828.9
V074,2026-08-21T18:17:00+00:00,5.62,563.32,Diesel,76571.2
V043,2026-09-12T01:15:00+00:00,43.3,4228.99,Diesel,25734.9
V056,2026-09-24T05:50:00+00:00,43.4,4294.67,Diesel,111683.0
V043,2026-08-11T00:14:00+00:00,32.17,3275.46,Diesel,141601.5
V073,2026-08-27T16:26:00+00:00,29.87,2907.87,Petrol,145348.1
V022,2026-08-29T20:32:00+00:00,30.31,2826.72,Diesel,127084.9
V015,2026-09-09T03:50:00+00:00,6.58,642.49,Diesel,23707.3
V088,2026-08-23T00:16:00+00:00,9.56,885.57,Petrol,97778.5
V020,2026-08-14T15:29:00+00:00,34.77,3362.77,Diesel,122220.3
V035,2026-08-16T02:15:00+00:00,44.19,4444.97,Petrol,142386.1
V027,2026-09-14T21:14:00+00:00,25.9,2598.59,Diesel,27996.4
V012,2026-09-11T08:48:00+00:00,31.07,3054.36,Diesel,49976.4
V087,2026-09-24T17:54:00+00:00,29.51,2739.93,Petrol,128544.2
V011,2026-08-28T00:28:00+00:00,41.12,4007.1,Diesel,27462.1
V067,2026-08-15T23:29:00+00:00,14.48,1342.2,Petrol,145715.8
V100,2026-09-19T03:49:00+00:00,15.29,1446.42,Diesel,98328.1
V082,2026-09-16T05:50:00+00:00,20.76,1980.18,Diesel,55905.5
V016,2026-08-02T16:27:00+00:00,10.64,1080.07,Diesel,82021.5
V009,2026-09-04T08:37:00+00:00,31.11,3064.67,Petrol,166305.2
V079,2026-09-13T14:48:00+00:00,31.71,3094.18,Diesel,170326.1
V077,2026-08-15T23:52:00+00:00,14.77,1440.13,Diesel,13204.6
V065,2026-08-21T10:46:00+00:00,15.71,1489.31,Petrol,73171.2
V080,2026-08-20T21:18:00+00:00,27.1,2626.55,Diesel,11850.2
V075,2026-09-18T18:36:00+00:00,38.16,3829.12,Diesel,81472.2
V037,2026-08-18T13:33:00+00:00,18.41,1853.08,Diesel,39926.6
V048,2026-08-07T16:21:00+00:00,20.85,2117.8,Diesel,72344.8
V083,2026-08-16T09:10:00+00:00,43.07,3994.89,Petrol,9303.6
V064,2026-08-29T03:19:00+00:00,33.3,3345.54,Petrol,167624.7
V069,2026-08-03T06:40:00+00:00,23.72,2252.61,Petrol,29649.7
V051,2026-09-12T03:39:00+00:00,13.44,1246.06,Diesel,8913.0
V071,2026-09-02T08:45:00+00:00,20.65,1963.05,Diesel,160112.6
V029,2026-08-22T15:44:00+00:00,34.53,3192.21,Diesel,110417.8
V029,2026-08-19T07:25:00+00:00,32.16,3185.46,Diesel,148516.2
V095,2026-08-16T14:02:00+00:00,30.82,2909.53,Diesel,6484.7
V032,2026-09-22T00:10:00+00:00,29.22,2841.55,Petrol,45502.2
V094,2026-08-14T18:19:00+00:00,31.35,3029.99,Diesel,29871.8
V054,2026-08-05T03:01:00+00:00,29.9,2895.2,Diesel,162722.7
V068,2026-08-19T23:22:00+00:00,20.62,1998.44,Diesel,134355.5
V048,2026-09-23T21:34:00+00:00,32.04,3117.99,Diesel,143621.6
V090,2026-09-01T21:54:00+00:00,34.67,3201.0,Petrol,86444.2
V021,2026-08-12T15:39:00+00:00,8.45,792.6,Diesel,60885.9
V044,2026-09-05T20:34:00+00:00,32.2,3031.15,Petrol,103327.7
V082,2026-09-22T23:26:00+00:00,23.08,2317.61,Diesel,152011.9
V092,2026-08-06T06:41:00+00:00,10.78,1026.45,Diesel,151968.0
V008,2026-08-22T09:06:00+00:00,42.28,4140.65,Diesel,104606.1
V040,2026-09-11T00:32:00+00:00,21.74,2144.91,Diesel,11849.0
V028,2026-09-11T09:04:00+00:00,26.99,2586.26,Diesel,73370.8
V006,2026-08-10T17:28:00+00:00,43.07,4169.39,Diesel,130159.0
V091,2026-08-08T21:16:00+00:00,11.09,1059.26,Petrol,145202.9
V097,2026-09-10T02:01:00+00:00,43.84,4310.17,Diesel,79463.2
V091,2026-08-27T05:10:00+00:00,41.33,4099.73,Petrol,99842.0
V091,2026-08-18T05:39:00+00:00,38.53,3881.61,Petrol,53173.8
V065,2026-08-05T07:55:00+00:00,26.2,2463.58,Petrol,90899.1
V053,2026-09-14T23:22:00+00:00,21.69,2134.31,Diesel,27274.5
V090,2026-09-04T05:10:00+00:00,6.47,595.54,Petrol,75385.4
V023,2026-09-04T15:35:00+00:00,35.53,3615.48,Diesel,65697.7
V097,2026-08-30T07:00:00+00:00,21.58,2015.61,Diesel,60985.3
V052,2026-08-15T11:09:00+00:00,22.64,2137.29,Petrol,89643.9
V079,2026-09-17T15:45:00+00:00,17.2,1643.31,Diesel,130751.1
V047,2026-08-26T15:42:00+00:00,6.18,584.37,Petrol,161289.5
V084,2026-08-29T08:58:00+00:00,43.25,4423.05,Petrol,126245.8
V079,2026-08-19T16:33:00+00:00,31.74,3006.26,Diesel,94128.0
V024,2026-08-09T15:50:00+00:00,41.07,4206.11,Diesel,90668.2
V059,2026-08-03T20:23:00+00:00,15.67,1484.33,Diesel,12165.6
V069,2026-09-21T03:40:00+00:00,24.59,2266.22,Petrol,110220.3
V053,2026-08-27T02:30:00+00:00,31.23,3108.63,Diesel,69653.0
V089,2026-08-15T21:46:00+00:00,37.9,3802.44,Diesel,44657.2
V059,2026-08-16T18:53:00+00:00,9.22,942.7,Diesel,95872.4
V020,2026-09-11T15:14:00+00:00,32.62,3266.01,Diesel,141437.6
V057,2026-09-08T10:17:00+00:00,7.74,766.43,Diesel,64674.4
V081,2026-09-10T13:27:00+00:00,5.3,521.31,Diesel,9921.2
V010,2026-09-14T19:54:00+00:00,37.04,3704.53,Diesel,91512.0
V061,2026-09-14T14:46:00+00:00,15.57,1565.48,Petrol,80911.8
V012,2026-09-14T04:29:00+00:00,44.62,4451.16,Diesel,120848.1
V097,2026-09-07T01:09:00+00:00,12.59,1158.46,Diesel,24802.0
V029,2026-08-24T20:51:00+00:00,34.19,3460.31,Diesel,11273.2
V068,2026-08-24T04:40:00+00:00,20.46,1930.1,Diesel,167174.5
V079,2026-08-16T01:51:00+00:00,6.38,654.16,Diesel,171209.0
V094,2026-08-06T23:55:00+00:00,32.06,3102.32,Diesel,95036.7
V030,2026-08-19T17:37:00+00:00,25.36,2479.19,Diesel,24554.7
V048,2026-08-27T07:31:00+00:00,31.25,3183.42,Diesel,132708.5
V002,2026-09-11T06:58:00+00:00,40.24,3997.9,Petrol,152905.2
V033,2026-08-22T06:47:00+00:00,24.53,2404.93,Diesel,36592.8
V031,2026-08-04T22:20:00+00:00,6.21,611.08,Diesel,167299.8
V035,2026-08-17T04:08:00+00:00,19.15,1782.9,Petrol,64627.7
V061,2026-09-13T00:01:00+00:00,17.51,1715.57,Petrol,34604.5
V058,2026-09-22T04:50:00+00:00,31.6,3155.02,Petrol,178797.9
V058,2026-09-23T07:31:00+00:00,14.41,1454.89,Petrol,59582.2
V086,2026-09-19T20:24:00+00:00,39.59,3884.78,Diesel,10754.8
V099,2026-08-01T11:19:00+00:00,23.6,2342.33,Diesel,158289.3
V094,2026-08-01T17:48:00+00:00,44.58,4370.55,Diesel,66491.0
V089,2026-08-20T19:33:00+00:00,16.85,1600.26,Diesel,86559.0
V091,2026-08-21T16:31:00+00:00,34.48,3252.18,Petrol,42007.1
V001,2026-09-01T16:31:00+00:00,43.05,4119.28,Petrol,57271.4
V008,2026-08-18T23:22:00+00:00,21.75,2033.84,Diesel,84232.6
V007,2026-08-27T15:26:00+00:00,7.66,756.65,Petrol,49701.0
V027,2026-09-06T00:10:00+00:00,36.28,3461.55,Diesel,43563.4
V023,2026-09-15T05:50:00+00:00,43.16,4321.57,Diesel,69915.9
V047,2026-09-19T01:07:00+00:00,25.84,2578.69,Petrol,137437.0
V068,2026-09-02T00:26:00+00:00,38.0,3889.41,Diesel,172738.7
V089,2026-09-20T07:10:00+00:00,16.49,1606.34,Diesel,133392.3
V051,2026-08-20T00:08:00+00:00,19.7,2002.98,Diesel,154725.3
V050,2026-09-04T19:08:00+00:00,9.18,939.61,Diesel,63435.9
V093,2026-08-21T11:00:00+00:00,44.03,4133.43,Diesel,30190.1
V005,2026-09-07T18:26:00+00:00,29.26,2751.92,Diesel,117774.6
V048,2026-09-19T07:55:00+00:00,43.84,4346.7,Diesel,30874.0
V100,2026-09-23T01:56:00+00:00,23.88,2434.72,Diesel,132323.6
V052,2026-09-18T23:07:00+00:00,13.21,1325.28,Petrol,165738.1
V010,2026-09-17T18:37:00+00:00,44.65,4598.26,Diesel,103688.2
V009,2026-09-10T22:11:00+00:00,11.42,1155.98,Petrol,88727.4
V035,2026-08-09T11:45:00+00:00,13.76,1267.27,Petrol,89605.2
V076,2026-09-20T02:10:00+00:00,40.15,3968.67,Diesel,97596.7
V091,2026-08-23T04:36:00+00:00,12.26,1216.86,Petrol,153587.6
V083,2026-08-13T12:54:00+00:00,25.54,2388.46,Petrol,140237.7
V031,2026-09-12T12:53:00+00:00,44.28,4440.52,Diesel,28946.1
V037,2026-09-03T07:30:00+00:00,10.0,979.84,Diesel,61080.1
V077,2026-08-22T23:42:00+00:00,23.98,2292.27,Diesel,158069.0
V082,2026-09-21T16:06:00+00:00,31.85,3159.09,Diesel,41860.3
V007,2026-09-10T09:41:00+00:00,36.73,3761.81,Petrol,171233.1
V009,2026-09-11T08:37:00+00:00,38.08,3537.7,Petrol,155463.8
V097,2026-09-17T09:37:00+00:00,37.6,3706.77,Diesel,22484.8
V081,2026-09-05T08:06:00+00:00,35.1,3396.6,Diesel,128442.0
V019,2026-09-18T04:00:00+00:00,8.85,826.18,Diesel,42828.9
V042,2026-08-13T12:20:00+00:00,31.81,3151.44,Diesel,70299.9
V082,2026-08-09T08:11:00+00:00,14.33,1357.3,Diesel,8203.9
V064,2026-08-30T19:53:00+00:00,5.86,602.67,Petrol,143657.4
V009,2026-08-30T10:33:00+00:00,27.93,2696.85,Petrol,26980.6
V016,2026-08-17T23:34:00+00:00,44.65,4528.83,Diesel,156785.7
V022,2026-08-08T13:52:00+00:00,38.26,3927.35,Diesel,103512.4
V081,2026-08-03T19:41:00+00:00,16.04,1500.31,Diesel,62586.1
V033,2026-08-23T08:35:00+00:00,34.63,3452.99,Diesel,175842.5
V034,2026-09-06T21:19:00+00:00,10.17,1013.0,Diesel,122650.2
V077,2026-08-12T19:26:00+00:00,31.98,3088.48,Diesel,71030.0
V079,2026-09-18T06:04:00+00:00,35.24,3394.36,Diesel,126336.8
V087,2026-09-09T16:06:00+00:00,40.82,4081.95,Petrol,27636.3
V043,2026-09-09T13:48:00+00:00,9.96,954.53,Diesel,134547.3
V043,2026-09-16T22:12:00+00:00,21.45,2053.61,Diesel,25537.2
V081,2026-09-18T19:53:00+00:00,22.91,2116.24,Diesel,178659.6
V006,2026-08-02T02:42:00+00:00,24.01,2355.75,Diesel,19332.1
V046,2026-09-17T07:12:00+00:00,14.53,1490.67,Diesel,15388.1
V069,2026-08-18T10:01:00+00:00,18.89,1885.54,Petrol,155993.8
V050,2026-08-20T04:00:00+00:00,26.92,2606.67,Diesel,178532.6
V082,2026-08-09T20:51:00+00:00,43.66,4403.31,Diesel,68079.2
V015,2026-08-14T22:27:00+00:00,39.89,4035.26,Diesel,27928.4
V018,2026-08-12T18:25:00+00:00,7.44,765.44,Diesel,64548.2
V002,2026-08-29T06:01:00+00:00,20.54,1969.26,Petrol,123258.8
V054,2026-09-07T04:34:00+00:00,26.07,2559.65,Diesel,59684.2
V001,2026-08-01T00:40:00+00:00,21.4,2034.75,Petrol,10509.5
V035,2026-08-19T13:14:00+00:00,12.79,1314.19,Petrol,63782.9
V031,2026-09-11T11:29:00+00:00,10.31,1054.78,Diesel,123812.8
V046,2026-09-09T07:56:00+00:00,34.6,3291.45,Diesel,171480.0
V030,2026-08-02T16:44:00+00:00,29.18,2921.8,Diesel,98662.8
V066,2026-08-25T22:46:00+00:00,40.25,3876.76,Diesel,114856.4
V012,2026-09-05T09:20:00+00:00,20.63,2060.46,Diesel,144741.3
V038,2026-08-14T19:32:00+00:00,19.81,1894.28,Petrol,165912.1
V002,2026-08-18T20:49:00+00:00,41.34,3911.09,Petrol,16131.1
V079,2026-08-01T15:56:00+00:00,38.8,3709.77,Diesel,75949.5
V038,2026-09-13T04:50:00+00:00,8.69,809.64,Petrol,128925.3
V098,2026-08-29T00:35:00+00:00,31.18,2874.87,Diesel,128567.2
V021,2026-08-28T05:33:00+00:00,33.74,3331.88,Diesel,150023.4
V041,2026-09-24T15:25:00+00:00,38.08,3663.78,Diesel,84946.6
V089,2026-08-11T06:55:00+00:00,39.44,4047.64,Diesel,61314.9
V048,2026-09-08T02:05:00+00:00,7.39,707.26,Diesel,165531.9
V009,2026-09-19T17:09:00+00:00,7.35,712.26,Petrol,172990.9
V015,2026-08-27T15:55:00+00:00,25.72,2463.19,Diesel,142372.0
V086,2026-08-17T00:14:00+00:00,17.8,1699.26,Diesel,169541.3
V022,2026-09-04T01:59:00+00:00,30.49,2862.39,Diesel,48740.4
V080,2026-08-18T15:16:00+00:00,17.93,1805.42,Diesel,84453.5
V084,2026-08-08T23:42:00+00:00,6.39,656.72,Petrol,78783.0
V027,2026-09-23T16:13:00+00:00,18.59,1864.15,Diesel,22383.8
V022,2026-08-23T20:01:00+00:00,35.11,3600.52,Diesel,121978.6
V029,2026-09-13T15:59:00+00:00,19.51,1839.5,Diesel,12737.9
V092,2026-09-15T15:17:00+00:00,9.79,932.55,Diesel,71150.5
V053,2026-08-22T01:28:00+00:00,25.17,2403.06,Diesel,91453.7
V024,2026-09-06T17:57:00+00:00,21.4,2138.88,Diesel,46966.6
V017,2026-08-23T00:24:00+00:00,23.29,2167.23,Diesel,71327.7
V014,2026-08-24T10:47:00+00:00,28.84,2917.13,Diesel,66453.7
V013,2026-08-14T00:40:00+00:00,17.1,1737.14,Petrol,45808.1
V015,2026-08-11T06:04:00+00:00,20.49,1920.58,Diesel,159710.5
V042,2026-08-30T03:31:00+00:00,8.26,808.76,Diesel,96467.6
V040,2026-09-11T14:01:00+00:00,21.5,2195.35,Diesel,143936.1
V027,2026-08-18T07:51:00+00:00,16.11,1657.57,Diesel,46971.8
V080,2026-09-23T04:10:00+00:00,9.35,943.57,Diesel,88241.8
V030,2026-09-12T02:59:00+00:00,39.51,3823.53,Diesel,48394.4
V009,2026-08-03T10:57:00+00:00,19.23,1919.58,Petrol,80605.3
V055,2026-09-22T05:58:00+00:00,8.34,781.81,Diesel,30727.0
V040,2026-08-30T23:41:00+00:00,19.3,1982.44,Diesel,89428.8
V089,2026-08-11T05:29:00+00:00,39.01,3744.5,Diesel,13920.8
V087,2026-09-08T11:37:00+00:00,37.36,3478.24,Petrol,143477.2
V057,2026-08-30T01:58:00+00:00,41.4,4061.15,Diesel,19983.8
V064,2026-08-25T14:19:00+00:00,36.92,3515.48,Petrol,129344.7
V099,2026-08-12T03:39:00+00:00,40.18,3846.57,Diesel,130577.0
V087,2026-09-23T07:03:00+00:00,23.86,2322.4,Petrol,13549.7
V022,2026-08-05T00:08:00+00:00,43.23,4093.83,Diesel,33938.6
V070,2026-08-15T14:51:00+00:00,18.24,1725.59,Diesel,39506.8
V090,2026-08-07T16:07:00+00:00,25.11,2513.49,Petrol,175790.1
V016,2026-09-11T09:42:00+00:00,8.56,811.89,Diesel,65441.5
V010,2026-08-31T19:44:00+00:00,41.2,3883.65,Diesel,153296.1
V002,2026-09-24T19:44:00+00:00,17.73,1760.96,Petrol,31501.1
V099,2026-08-23T10:32:00+00:00,39.57,3749.42,Diesel,40933.3
V016,2026-08-22T16:03:00+00:00,28.85,2865.01,Diesel,85767.2
V028,2026-09-06T05:52:00+00:00,44.96,4312.23,Diesel,127859.3
V010,2026-09-06T13:46:00+00:00,39.87,4051.71,Diesel,98692.8
V058,2026-08-27T04:05:00+00:00,30.15,3041.44,Petrol,16928.7
V003,2026-09-03T01:44:00+00:00,28.05,2728.21,Diesel,25178.9
V061,2026-08-11T02:23:00+00:00,15.11,1499.95,Petrol,27255.3
V049,2026-08-09T09:05:00+00:00,34.71,3273.48,Diesel,165096.0
V034,2026-08-15T05:34:00+00:00,22.3,2190.41,Diesel,103136.0
V022,2026-09-15T04:49:00+00:00,25.72,2557.91,Diesel,96467.9
V066,2026-09-23T15:33:00+00:00,29.98,3008.23,Diesel,98357.3
V003,2026-09-03T19:03:00+00:00,38.05,3638.44,Diesel,83903.0
V005,2026-09-22T17:44:00+00:00,27.32,2540.38,Diesel,25585.6
V075,2026-08-18T21:53:00+00:00,34.43,3501.75,Diesel,67516.2
V094,2026-09-06T11:41:00+00:00,5.12,525.88,Diesel,106246.5
V003,2026-08-12T01:16:00+00:00,40.2,3881.45,Diesel,133701.7
V053,2026-09-11T00:52:00+00:00,41.83,3960.07,Diesel,174433.4
V040,2026-08-20T05:49:00+00:00,21.66,2048.21,Diesel,23361.3
V087,2026-08-13T08:21:00+00:00,12.76,1223.78,Petrol,82506.6
V061,2026-08-10T00:41:00+00:00,25.71,2536.72,Petrol,19146.9
V022,2026-09-17T06:46:00+00:00,42.61,4072.22,Diesel,57878.6
V082,2026-09-19T08:42:00+00:00,5.47,506.26,Diesel,75420.9
V090,2026-09-04T02:50:00+00:00,28.18,2774.31,Petrol,86905.5
V096,2026-09-09T00:15:00+00:00,12.39,1273.82,Petrol,114953.9
V030,2026-08-27T21:57:00+00:00,14.98,1422.5,Diesel,14437.7
V048,2026-08-08T03:22:00+00:00,44.41,4163.12,Diesel,86656.4
V041,2026-08-22T16:16:00+00:00,18.05,1762.46,Diesel,68883.8
V009,2026-08-11T07:16:00+00:00,29.39,2843.91,Petrol,41839.9
V009,2026-08-08T02:32:00+00:00,21.17,2162.24,Petrol,79518.6
V025,2026-08-23T19:35:00+00:00,13.6,1372.86,Diesel,153195.8
V036,2026-09-12T03:31:00+00:00,8.53,810.9,Petrol,43788.8
V020,2026-08-22T11:09:00+00:00,13.35,1309.1,Diesel,148986.3
V047,2026-08-23T18:24:00+00:00,23.46,2363.99,Petrol,158713.6
V012,2026-08-06T14:05:00+00:00,43.63,4129.98,Diesel,176400.8
V057,2026-08-08T19:53:00+00:00,21.9,2217.96,Diesel,76314.4
V099,2026-09-02T12:39:00+00:00,43.96,4104.82,Diesel,170592.0
V036,2026-09-05T03:11:00+00:00,30.82,3089.0,Petrol,161321.4
V093,2026-08-06T02:12:00+00:00,40.3,4082.22,Diesel,21341.7
V074,2026-08-15T12:32:00+00:00,10.85,1019.1,Diesel,82567.0
V077,2026-08-30T19:48:00+00:00,24.96,2377.58,Diesel,79127.3
V072,2026-09-22T19:52:00+00:00,20.66,2020.71,Diesel,15979.4
V054,2026-09-09T18:10:00+00:00,16.46,1693.89,Diesel,10664.2
V017,2026-08-18T06:48:00+00:00,20.82,1977.94,Diesel,153246.8
V024,2026-09-01T01:38:00+00:00,35.61,3458.11,Diesel,8653.1
V092,2026-09-11T20:42:00+00:00,16.41,1583.35,Diesel,50680.0
V039,2026-08-24T01:54:00+00:00,33.8,3144.01,Diesel,71602.5
V094,2026-08-12T23:16:00+00:00,32.19,3143.97,Diesel,76824.4
V059,2026-09-08T23:11:00+00:00,8.66,865.24,Diesel,153939.9
V080,2026-08-22T02:51:00+00:00,11.64,1116.92,Diesel,132770.2
V071,2026-08-03T11:37:00+00:00,11.46,1099.46,Diesel,74150.5
V059,2026-09-05T07:07:00+00:00,31.78,2987.16,Diesel,175918.2
V006,2026-08-06T05:27:00+00:00,44.25,4545.97,Diesel,74622.5
V087,2026-08-27T21:51:00+00:00,20.93,2135.67,Petrol,38882.4
V042,2026-09-05T15:29:00+00:00,22.58,2203.29,Diesel,61469.5
V074,2026-08-09T07:47:00+00:00,31.29,3029.16,Diesel,142070.8
V078,2026-08-30T07:58:00+00:00,7.92,804.91,Diesel,163609.1
V018,2026-09-16T08:39:00+00:00,13.18,1346.1,Diesel,90404.8
V051,2026-08-04T22:50:00+00:00,18.85,1908.73,Diesel,45689.3
V040,2026-08-03T02:20:00+00:00,6.77,660.18,Diesel,85819.7
V057,2026-08-08T03:55:00+00:00,8.89,864.77,Diesel,78125.3
V082,2026-09-16T12:34:00+00:00,16.4,1595.39,Diesel,63247.8
V084,2026-09-07T03:52:00+00:00,38.43,3892.54,Petrol,177153.6
V048,2026-09-11T22:57:00+00:00,23.14,2347.22,Diesel,136417.5
V063,2026-08-19T06:32:00+00:00,16.72,1661.72,Diesel,151618.9
V050,2026-08-16T08:35:00+00:00,30.73,2940.91,Diesel,27375.7
V061,2026-09-05T12:33:00+00:00,36.04,3438.17,Petrol,72419.9
V053,2026-09-05T14:50:00+00:00,29.51,2810.94,Diesel,40954.1
V017,2026-08-25T15:50:00+00:00,26.16,2587.51,Diesel,153636.1
V055,2026-08-31T09:33:00+00:00,38.23,3804.3,Diesel,176364.4
V088,2026-08-02T11:56:00+00:00,39.02,3936.26,Petrol,69862.7
V006,2026-09-16T19:37:00+00:00,29.7,2843.16,Diesel,130728.3
V098,2026-08-17T22:43:00+00:00,14.99,1523.74,Diesel,25555.7
V088,2026-08-20T08:04:00+00:00,8.16,835.19,Petrol,98259.7
V055,2026-09-08T19:42:00+00:00,7.28,711.05,Diesel,141700.0
V002,2026-08-09T17:18:00+00:00,36.85,3508.33,Petrol,80766.6
V059,2026-08-11T08:46:00+00:00,28.8,2964.78,Diesel,75798.5
V038,2026-09-15T11:43:00+00:00,36.38,3363.88,Petrol,71330.6
V014,2026-08-04T08:43:00+00:00,13.28,1316.21,Diesel,46049.0
V081,2026-09-11T05:37:00+00:00,37.34,3702.63,Diesel,151353.2
V074,2026-08-24T03:45:00+00:00,41.23,3934.6,Diesel,90398.5
V088,2026-08-28T23:04:00+00:00,30.82,2906.07,Petrol,167198.2
V089,2026-08-11T04:57:00+00:00,14.73,1419.89,Diesel,103386.5
V081,2026-09-15T02:07:00+00:00,9.41,890.99,Diesel,147220.5
V005,2026-09-02T22:33:00+00:00,28.5,2882.37,Diesel,117427.6
V061,2026-09-15T07:07:00+00:00,11.81,1091.03,Petrol,152073.5
V066,2026-08-16T17:24:00+00:00,20.44,1911.6,Diesel,49582.7
V017,2026-08-20T04:18:00+00:00,10.38,1041.78,Diesel,120375.9
V076,2026-08-03T09:31:00+00:00,42.09,3911.48,Diesel,140493.5
V084,2026-09-15T14:44:00+00:00,36.42,3550.14,Petrol,134710.0
V033,2026-08-21T00:16:00+00:00,11.02,1075.34,Diesel,20410.6
V021,2026-09-11T07:45:00+00:00,32.58,3132.81,Diesel,25084.4
V052,2026-08-14T18:28:00+00:00,7.4,721.58,Petrol,122698.7
V036,2026-08-08T08:42:00+00:00,14.16,1412.95,Petrol,109385.2
V066,2026-08-17T20:26:00+00:00,26.12,2630.65,Diesel,144115.4
V036,2026-08-07T05:06:00+00:00,22.22,2265.38,Petrol,73839.4
V050,2026-08-30T05:57:00+00:00,29.44,3014.23,Diesel,113372.9
V096,2026-09-14T12:58:00+00:00,15.91,1487.99,Petrol,53895.1
V094,2026-09-22T21:11:00+00:00,24.4,2422.21,Diesel,10576.5
V052,2026-08-20T09:53:00+00:00,13.72,1401.66,Petrol,135358.6
V059,2026-08-26T16:16:00+00:00,38.91,3821.91,Diesel,170868.9
V011,2026-08-19T01:17:00+00:00,31.84,3265.57,Diesel,115648.3
V084,2026-08-29T07:23:00+00:00,5.87,601.41,Petrol,155406.5
V029,2026-08-05T04:15:00+00:00,26.0,2509.29,Diesel,155527.6
V072,2026-09-11T13:12:00+00:00,18.4,1722.67,Diesel,99433.0
V092,2026-08-30T07:00:00+00:00,5.15,522.23,Diesel,89892.3
V038,2026-08-06T21:53:00+00:00,11.16,1116.4,Petrol,79453.8
V047,2026-08-20T04:06:00+00:00,6.82,645.61,Petrol,139434.0
V077,2026-08-13T03:18:00+00:00,18.42,1825.98,Diesel,77555.8
V032,2026-08-11T12:12:00+00:00,42.64,4300.02,Petrol,86777.4
V056,2026-08-05T10:06:00+00:00,16.92,1701.01,Diesel,94264.5
V043,2026-08-18T15:12:00+00:00,8.72,833.71,Diesel,31582.3
V073,2026-08-02T02:53:00+00:00,25.87,2613.96,Petrol,139366.2
V035,2026-09-16T07:59:00+00:00,10.41,970.47,Petrol,103587.1
V084,2026-09-19T21:28:00+00:00,31.25,2937.42,Petrol,92719.7
V015,2026-08-10T22:03:00+00:00,27.06,2716.12,Diesel,177980.9
V091,2026-09-18T00:13:00+00:00,31.86,2986.98,Petrol,82984.2
V004,2026-08-17T13:11:00+00:00,19.26,1791.04,Diesel,148384.0
V065,2026-08-30T07:23:00+00:00,14.07,1321.37,Petrol,138536.2
V005,2026-08-14T02:37:00+00:00,7.69,765.78,Diesel,101243.9
V006,2026-08-16T21:29:00+00:00,13.53,1365.78,Diesel,38323.4
V066,2026-09-12T20:12:00+00:00,25.69,2581.89,Diesel,137017.8
V038,2026-08-22T20:07:00+00:00,41.41,4035.72,Petrol,78096.2
V002,2026-09-09T05:28:00+00:00,32.02,3149.05,Petrol,118603.6
V005,2026-08-05T06:53:00+00:00,31.77,3173.38,Diesel,113884.8
V066,2026-08-14T12:01:00+00:00,17.24,1773.04,Diesel,115772.9
V084,2026-09-14T02:26:00+00:00,35.34,3544.28,Petrol,17389.4
V053,2026-08-05T12:05:00+00:00,32.88,3257.08,Diesel,52088.2
V068,2026-09-04T04:50:00+00:00,13.33,1332.68,Diesel,99177.7
V043,2026-08-15T16:44:00+00:00,41.68,4064.29,Diesel,66268.0
V078,2026-08-16T20:15:00+00:00,12.48,1241.86,Diesel,22584.2
V011,2026-08-01T05:13:00+00:00,37.46,3729.72,Diesel,123708.1
V083,2026-08-25T11:16:00+00:00,36.96,3526.52,Petrol,147959.8
V080,2026-08-05T22:31:00+00:00,26.07,2504.74,Diesel,93588.2
V072,2026-09-16T16:21:00+00:00,44.44,4375.9,Diesel,73095.0
V017,2026-09-11T13:08:00+00:00,37.06,3721.47,Diesel,37384.1
V077,2026-09-20T19:05:00+00:00,37.43,3751.26,Diesel,15478.5
V076,2026-08-22T02:02:00+00:00,43.51,4472.53,Diesel,58973.3
V024,2026-09-22T17:01:00+00:00,36.04,3684.79,Diesel,28850.4
V061,2026-08-13T13:22:00+00:00,7.19,722.97,Petrol,156857.2
V046,2026-08-18T17:11:00+00:00,34.9,3335.86,Diesel,72684.9
V013,2026-08-08T20:23:00+00:00,24.4,2482.34,Petrol,152527.0
V003,2026-09-19T19:07:00+00:00,39.37,3913.39,Diesel,53671.5
V019,2026-08-26T03:40:00+00:00,16.51,1639.76,Diesel,18415.9
V078,2026-08-15T22:12:00+00:00,7.04,699.17,Diesel,137818.3
V045,2026-09-23T17:18:00+00:00,14.93,1492.45,Diesel,89818.9
V047,2026-09-13T15:47:00+00:00,14.15,1408.8,Petrol,107086.9
V089,2026-09-07T16:49:00+00:00,43.85,4171.88,Diesel,27680.8
V014,2026-08-05T19:51:00+00:00,19.94,2003.23,Diesel,55726.8
V056,2026-09-06T05:45:00+00:00,6.44,652.14,Diesel,142514.5
V099,2026-09-06T20:20:00+00:00,16.5,1688.14,Diesel,171698.3
V099,2026-09-18T19:00:00+00:00,43.08,4308.17,Diesel,29610.0
V009,2026-09-06T19:31:00+00:00,31.17,3015.49,Petrol,166587.1
V088,2026-09-13T13:14:00+00:00,29.61,2857.1,Petrol,68321.8
V019,2026-09-03T19:16:00+00:00,12.35,1225.81,Diesel,14121.8
V013,2026-08-02T17:59:00+00:00,14.65,1399.69,Petrol,167355.3
V006,2026-08-18T21:39:00+00:00,26.23,2639.5,Diesel,165336.1
V053,2026-09-09T12:50:00+00:00,40.19,4053.63,Diesel,73544.5
V078,2026-09-09T16:49:00+00:00,43.33,4307.02,Diesel,177848.8
V025,2026-08-02T09:26:00+00:00,38.35,3628.08,Diesel,118368.9
V054,2026-09-14T06:00:00+00:00,34.8,3388.91,Diesel,7966.5
V075,2026-09-11T07:46:00+00:00,40.17,3996.37,Diesel,157311.7
V031,2026-08-02T00:01:00+00:00,11.99,1164.64,Diesel,98914.7
V045,2026-09-22T14:35:00+00:00,29.4,2923.74,Diesel,32493.8
V065,2026-08-20T16:49:00+00:00,18.37,1877.73,Petrol,90083.4
V081,2026-08-12T10:54:00+00:00,39.38,3669.29,Diesel,172856.3
V031,2026-09-19T13:41:00+00:00,42.39,4039.36,Diesel,168493.8
V095,2026-08-01T11:33:00+00:00,24.7,2474.38,Diesel,130671.6
V091,2026-08-31T20:59:00+00:00,42.5,3999.96,Petrol,67539.7
V051,2026-09-17T17:40:00+00:00,25.03,2477.88,Diesel,66878.1
V086,2026-09-16T19:00:00+00:00,34.53,3531.16,Diesel,102806.0
V031,2026-08-27T17:34:00+00:00,19.29,1849.97,Diesel,123113.7
V064,2026-09-22T18:45:00+00:00,27.21,2584.16,Petrol,143728.1
V081,2026-08-12T13:56:00+00:00,33.65,3269.59,Diesel,56470.0
V070,2026-08-17T06:26:00+00:00,9.17,887.67,Diesel,70757.0
V094,2026-08-04T16:27:00+00:00,33.11,3288.15,Diesel,78447.9
V046,2026-08-15T21:05:00+00:00,8.48,802.31,Diesel,108472.3
V092,2026-08-28T16:14:00+00:00,11.2,1041.36,Diesel,179153.7
V099,2026-09-15T12:53:00+00:00,32.83,3097.41,Diesel,16852.4
V100,2026-09-17T02:37:00+00:00,18.14,1847.25,Diesel,68081.2
V073,2026-08-31T01:56:00+00:00,28.43,2854.45,Petrol,137207.5
V063,2026-09-14T11:51:00+00:00,11.85,1097.99,Diesel,40487.8
V100,2026-08-02T06:02:00+00:00,24.87,2297.72,Diesel,170517.9
V070,2026-08-02T15:16:00+00:00,16.16,1508.73,Diesel,90220.0
V005,2026-08-17T09:24:00+00:00,20.01,1894.94,Diesel,152922.8
V052,2026-08-11T06:59:00+00:00,36.97,3753.95,Petrol,25477.8
V024,2026-09-16T18:32:00+00:00,26.37,2708.35,Diesel,139580.7
V073,2026-09-18T04:59:00+00:00,9.38,928.67,Petrol,88995.7
V072,2026-08-22T04:18:00+00:00,26.63,2466.52,Diesel,109060.7
V018,2026-08-27T06:11:00+00:00,42.76,4080.88,Diesel,162632.4
V006,2026-08-19T02:53:00+00:00,8.87,817.2,Diesel,142126.4
V085,2026-09-04T05:02:00+00:00,7.11,661.77,Diesel,48325.7
V046,2026-09-23T03:52:00+00:00,18.53,1743.4,Diesel,19766.0
V051,2026-08-31T23:01:00+00:00,16.12,1631.3,Diesel,23958.0
V031,2026-09-23T03:52:00+00:00,33.96,3256.22,Diesel,160677.0
V040,2026-09-09T03:23:00+00:00,23.26,2260.45,Diesel,50058.1
V078,2026-08-17T05:52:00+00:00,34.39,3340.66,Diesel,60383.4
V086,2026-08-26T23:37:00+00:00,31.8,3127.8,Diesel,30951.5
V089,2026-09-08T23:23:00+00:00,20.73,2054.22,Diesel,157565.4
V053,2026-09-21T15:36:00+00:00,33.37,3155.48,Diesel,86760.6
V079,2026-08-30T19:09:00+00:00,6.66,620.92,Diesel,77413.6
V030,2026-08-09T08:26:00+00:00,19.52,1925.93,Diesel,15768.6
V020,2026-08-06T20:32:00+00:00,31.01,2873.16,Diesel,72933.0
V086,2026-09-02T09:08:00+00:00,5.76,535.9,Diesel,157544.7
V045,2026-08-09T18:23:00+00:00,24.03,2388.41,Diesel,64806.3
V010,2026-08-04T08:59:00+00:00,30.42,3080.76,Diesel,88236.6
V014,2026-09-22T09:40:00+00:00,17.7,1771.09,Diesel,40792.2
V084,2026-08-01T16:23:00+00:00,17.07,1607.64,Petrol,80466.6
V072,2026-09-15T01:23:00+00:00,38.16,3583.86,Diesel,74069.8
V094,2026-08-11T08:14:00+00:00,7.69,763.95,Diesel,166630.3
V075,2026-08-11T19:43:00+00:00,14.32,1329.09,Diesel,92604.1
V071,2026-09-05T21:02:00+00:00,11.11,1076.91,Diesel,8835.3
V094,2026-09-04T09:27:00+00:00,5.07,499.42,Diesel,59644.1
V024,2026-08-13T07:50:00+00:00,27.8,2628.82,Diesel,78706.6
V017,2026-08-17T18:30:00+00:00,10.44,1064.44,Diesel,164222.9
V066,2026-08-23T05:26:00+00:00,16.1,1515.9,Diesel,18722.0
V087,2026-08-29T09:11:00+00:00,31.7,3051.98,Petrol,169039.6
V009,2026-08-30T16:27:00+00:00,5.4,524.7,Petrol,137759.6
V092,2026-08-16T13:24:00+00:00,33.07,3154.9,Diesel,58577.6
V060,2026-09-12T01:52:00+00:00,17.76,1730.74,Diesel,21577.1
V014,2026-08-08T03:52:00+00:00,22.63,2113.2,Diesel,128199.6
V059,2026-09-02T09:03:00+00:00,19.21,1960.95,Diesel,82400.1
V075,2026-09-14T04:27:00+00:00,38.69,3726.85,Diesel,17323.3
V061,2026-09-21T03:46:00+00:00,10.28,995.2,Petrol,131266.9
V098,2026-08-19T07:04:00+00:00,32.96,3258.38,Diesel,60744.8
V058,2026-09-15T10:12:00+00:00,10.85,1034.77,Petrol,141532.3
V069,2026-08-13T18:55:00+00:00,15.24,1456.24,Petrol,78885.3
V093,2026-09-18T11:12:00+00:00,28.57,2677.15,Diesel,113280.2
V059,2026-09-07T04:38:00+00:00,41.9,4153.85,Diesel,19419.4
V052,2026-09-22T18:13:00+00:00,21.8,2157.08,Petrol,121365.3
V072,2026-08-11T12:56:00+00:00,12.56,1252.76,Diesel,100180.8
V007,2026-08-25T16:32:00+00:00,35.39,3503.94,Petrol,83763.3
V004,2026-08-22T08:49:00+00:00,37.79,3568.45,Diesel,5526.6
V031,2026-08-26T09:24:00+00:00,5.85,592.13,Diesel,54183.6
V029,2026-09-21T07:28:00+00:00,41.41,3854.6,Diesel,94027.5
V063,2026-08-09T12:11:00+00:00,24.28,2335.94,Diesel,58049.6
V054,2026-09-04T08:53:00+00:00,26.92,2662.57,Diesel,126042.0
V088,2026-08-30T14:29:00+00:00,44.02,4287.28,Petrol,34244.8
V021,2026-08-22T08:44:00+00:00,13.99,1315.6,Diesel,76087.6
V033,2026-09-07T15:40:00+00:00,34.24,3365.42,Diesel,110083.2
V050,2026-08-03T11:23:00+00:00,39.64,3675.3,Diesel,107994.6
V037,2026-09-20T12:03:00+00:00,6.89,661.27,Diesel,134022.6
V034,2026-08-29T06:41:00+00:00,38.65,3624.63,Diesel,173629.3
V082,2026-08-21T16:01:00+00:00,39.34,3851.52,Diesel,133289.2
V064,2026-08-11T17:01:00+00:00,20.99,2008.81,Petrol,74720.1
V035,2026-09-12T16:04:00+00:00,22.33,2097.79,Petrol,95593.3
V098,2026-08-19T23:46:00+00:00,35.16,3274.87,Diesel,132728.0
V002,2026-08-20T16:49:00+00:00,17.17,1582.46,Petrol,122121.0
V082,2026-08-29T13:52:00+00:00,28.51,2715.92,Diesel,131011.0
V021,2026-08-26T17:16:00+00:00,20.06,2008.71,Diesel,77363.6
V043,2026-09-15T23:02:00+00:00,41.55,4101.4,Diesel,70535.4
V019,2026-08-24T20:16:00+00:00,13.04,1215.6,Diesel,112931.2
V063,2026-08-08T02:50:00+00:00,34.99,3290.61,Diesel,147302.1
V059,2026-08-24T13:47:00+00:00,21.81,2007.68,Diesel,111090.3
V028,2026-08-13T22:07:00+00:00,21.17,2056.85,Diesel,159010.0
V051,2026-09-06T03:06:00+00:00,27.3,2649.64,Diesel,13356.8
V099,2026-08-04T09:27:00+00:00,5.05,465.43,Diesel,104123.4
V029,2026-08-08T14:11:00+00:00,39.66,3721.41,Diesel,102449.6
V053,2026-09-05T02:11:00+00:00,18.01,1684.23,Diesel,158271.5
V037,2026-08-28T21:00:00+00:00,12.99,1299.83,Diesel,123141.2
V002,2026-08-20T10:59:00+00:00,39.82,3911.87,Petrol,83143.3
V095,2026-08-18T02:39:00+00:00,37.29,3602.34,Diesel,64259.1
V100,2026-08-14T21:10:00+00:00,43.77,4066.8,Diesel,114242.5
V057,2026-09-08T00:22:00+00:00,32.94,3147.65,Diesel,97305.0
V020,2026-08-30T12:12:00+00:00,18.05,1736.22,Diesel,155019.7
V062,2026-08-21T11:03:00+00:00,14.97,1522.81,Diesel,73596.9
V041,2026-08-28T01:14:00+00:00,15.7,1566.91,Diesel,99554.2
V006,2026-09-12T19:56:00+00:00,22.63,2268.07,Diesel,178226.0
V069,2026-09-18T06:15:00+00:00,28.16,2703.5,Petrol,104193.4
V063,2026-08-26T14:05:00+00:00,8.23,760.94,Diesel,87985.4
V040,2026-08-07T01:45:00+00:00,17.93,1760.13,Diesel,121303.1
V017,2026-09-05T22:36:00+00:00,21.96,2111.06,Diesel,126541.2
V053,2026-08-27T02:58:00+00:00,6.52,652.54,Diesel,144425.2
V087,2026-09-07T22:33:00+00:00,30.89,2926.68,Petrol,153078.1
V059,2026-08-13T18:18:00+00:00,28.65,2689.83,Diesel,25679.1
V098,2026-08-13T20:03:00+00:00,44.74,4516.21,Diesel,15254.5
V093,2026-08-01T09:57:00+00:00,33.18,3295.14,Diesel,160856.1
V042,2026-08-19T00:26:00+00:00,42.2,3910.65,Diesel,12735.9
V048,2026-09-10T07:40:00+00:00,11.66,1103.21,Diesel,91726.0
V079,2026-08-20T02:03:00+00:00,29.31,2740.29,Diesel,88002.2
V090,2026-08-29T04:40:00+00:00,27.72,2617.48,Petrol,147704.6
V072,2026-08-15T19:56:00+00:00,7.48,768.87,Diesel,58421.4
V006,2026-09-12T10:33:00+00:00,34.76,3342.33,Diesel,144838.7
V066,2026-09-22T20:02:00+00:00,23.52,2285.38,Diesel,107959.5
V029,2026-09-08T23:53:00+00:00,35.51,3317.07,Diesel,14503.7
V077,2026-08-25T20:13:00+00:00,35.97,3525.99,Diesel,17296.2
V034,2026-09-04T17:00:00+00:00,27.13,2734.93,Diesel,128894.7
V088,2026-08-20T04:38:00+00:00,44.96,4238.79,Petrol,151426.0
V006,2026-09-23T02:13:00+00:00,34.25,3417.43,Diesel,78113.8
V028,2026-08-08T16:51:00+00:00,43.28,4060.36,Diesel,179865.0
V037,2026-09-05T00:15:00+00:00,13.85,1310.74,Diesel,65840.8
V010,2026-08-14T14:25:00+00:00,40.91,3869.0,Diesel,123578.4
V035,2026-09-14T21:26:00+00:00,8.64,825.62,Petrol,39157.6
V035,2026-08-26T16:00:00+00:00,42.13,4065.05,Petrol,26582.1
V081,2026-09-23T04:27:00+00:00,9.45,909.45,Diesel,167606.6
V071,2026-09-02T10:48:00+00:00,25.46,2473.59,Diesel,90815.4
V007,2026-08-23T11:55:00+00:00,33.25,3106.87,Petrol,155562.0
V008,2026-09-14T22:34:00+00:00,19.65,1919.89,Diesel,13691.7
V014,2026-08-18T03:22:00+00:00,6.93,643.02,Diesel,114108.7
V100,2026-09-23T06:47:00+00:00,35.44,3528.38,Diesel,131892.2
V013,2026-09-04T22:35:00+00:00,43.5,4477.8,Petrol,88288.9
V004,2026-08-21T13:37:00+00:00,36.17,3343.28,Diesel,32213.2
V026,2026-08-16T03:53:00+00:00,25.98,2635.16,Petrol,118442.4
V026,2026-08-23T19:14:00+00:00,43.54,4224.71,Petrol,28044.0
V020,2026-08-15T18:18:00+00:00,15.27,1468.53,Diesel,61871.3
V097,2026-08-07T10:31:00+00:00,41.2,4068.05,Diesel,70983.9
V047,2026-08-04T06:46:00+00:00,30.46,3103.26,Petrol,107559.4
V041,2026-08-18T00:30:00+00:00,22.22,2238.94,Diesel,11152.1
V098,2026-08-09T14:12:00+00:00,20.06,1945.92,Diesel,163614.1
V080,2026-08-11T12:28:00+00:00,19.01,1950.36,Diesel,86439.5
V074,2026-08-28T13:57:00+00:00,42.58,4053.64,Diesel,33756.3
V077,2026-09-05T21:01:00+00:00,30.7,3108.07,Diesel,108108.8
V082,2026-09-12T21:23:00+00:00,13.64,1370.08,Diesel,101706.6
V040,2026-08-03T11:45:00+00:00,40.49,3839.51,Diesel,100702.2
V029,2026-09-10T12:35:00+00:00,30.99,2952.32,Diesel,31859.1
V100,2026-09-24T15:31:00+00:00,11.09,1111.71,Diesel,133878.7
V052,2026-09-02T00:18:00+00:00,5.56,564.26,Petrol,106606.6
V073,2026-09-01T01:50:00+00:00,36.16,3535.29,Petrol,88803.1
V015,2026-09-16T10:37:00+00:00,18.78,1749.33,Diesel,9374.1
V057,2026-09-02T16:50:00+00:00,16.76,1635.15,Diesel,99978.8
V040,2026-09-24T13:26:00+00:00,23.79,2328.56,Diesel,106424.7
V006,2026-09-24T01:28:00+00:00,27.33,2556.88,Diesel,101783.5
V009,2026-08-28T01:00:00+00:00,16.61,1536.56,Petrol,67671.8
V079,2026-08-03T22:47:00+00:00,29.22,2696.89,Diesel,171812.1
V073,2026-08-24T04:19:00+00:00,36.77,3450.88,Petrol,132307.6
V080,2026-08-14T05:33:00+00:00,20.85,2017.85,Diesel,17566.9
V025,2026-08-11T06:33:00+00:00,35.51,3650.04,Diesel,156105.8
V024,2026-08-16T18:53:00+00:00,40.23,4018.69,Diesel,143163.7
V048,2026-08-19T09:34:00+00:00,9.55,948.82,Diesel,96347.5
V073,2026-09-20T22:25:00+00:00,37.45,3820.4,Petrol,129771.3
V018,2026-08-26T01:50:00+00:00,43.59,4179.29,Diesel,148826.2
V011,2026-08-28T22:12:00+00:00,22.43,2234.43,Diesel,9580.9
V041,2026-08-18T13:06:00+00:00,41.38,3901.64,Diesel,48717.6
V098,2026-09-13T13:07:00+00:00,44.88,4242.66,Diesel,160863.1
V079,2026-08-31T09:05:00+00:00,13.64,1291.53,Diesel,20462.0
V033,2026-09-20T02:59:00+00:00,18.1,1798.07,Diesel,60613.9
V068,2026-09-03T08:07:00+00:00,32.29,3269.21,Diesel,41569.5
V010,2026-08-26T03:37:00+00:00,23.77,2240.31,Diesel,147549.9
V047,2026-09-20T05:24:00+00:00,32.85,3360.4,Petrol,134444.2
V060,2026-08-31T21:11:00+00:00,33.41,3338.28,Diesel,5429.7
V045,2026-09-24T22:39:00+00:00,11.84,1139.82,Diesel,152988.1
V093,2026-09-12T10:11:00+00:00,6.96,687.26,Diesel,132622.5
V046,2026-08-13T08:56:00+00:00,42.35,4182.35,Diesel,26811.0
V060,2026-08-10T14:16:00+00:00,22.8,2206.23,Diesel,121089.8
V007,2026-09-20T19:49:00+00:00,32.02,3060.28,Petrol,18569.0
V063,2026-08-18T01:45:00+00:00,32.62,3317.99,Diesel,82186.0
V089,2026-09-22T02:59:00+00:00,28.2,2829.71,Diesel,17133.9
V063,2026-08-28T12:45:00+00:00,30.88,3137.67,Diesel,26257.3
V045,2026-08-19T05:38:00+00:00,34.52,3452.37,Diesel,72513.2
V064,2026-09-09T20:07:00+00:00,34.4,3212.02,Petrol,130264.4
V013,2026-09-11T03:09:00+00:00,40.92,3980.85,Petrol,127236.7
V046,2026-08-02T04:27:00+00:00,8.34,846.77,Diesel,72685.3
V089,2026-08-23T10:12:00+00:00,36.9,3763.4,Diesel,108531.2
V058,2026-08-09T12:36:00+00:00,10.89,1046.38,Petrol,72697.6
V083,2026-08-30T22:05:00+00:00,13.15,1280.37,Petrol,143750.3
V059,2026-09-15T03:39:00+00:00,17.65,1631.34,Diesel,100836.2
V092,2026-09-17T07:36:00+00:00,5.85,559.83,Diesel,8470.1
V015,2026-08-17T02:09:00+00:00,24.67,2493.84,Diesel,32438.6
V052,2026-08-03T04:17:00+00:00,10.32,955.23,Petrol,111931.1
V017,2026-09-14T18:26:00+00:00,38.57,3654.44,Diesel,7384.5
V071,2026-09-08T06:59:00+00:00,42.34,3999.86,Diesel,37893.6
V058,2026-09-02T00:32:00+00:00,42.06,3944.86,Petrol,11003.9
V029,2026-08-18T14:06:00+00:00,9.3,883.29,Diesel,161629.0
V032,2026-08-18T13:40:00+00:00,21.82,2193.06,Petrol,91296.2
V011,2026-08-05T01:28:00+00:00,31.95,3129.32,Diesel,35491.5
V083,2026-09-23T15:07:00+00:00,15.94,1523.18,Petrol,35577.9
V100,2026-08-14T11:10:00+00:00,6.65,632.73,Diesel,23674.1
V028,2026-09-14T06:25:00+00:00,38.36,3715.62,Diesel,106239.9
V051,2026-09-14T11:48:00+00:00,31.3,3158.88,Diesel,46420.2
V085,2026-09-02T19:53:00+00:00,40.66,3889.73,Diesel,126988.1
V058,2026-09-01T16:03:00+00:00,35.74,3611.23,Petrol,140794.0
V045,2026-08-19T08:29:00+00:00,21.4,2189.71,Diesel,153116.5
V032,2026-09-06T22:34:00+00:00,41.98,3901.62,Petrol,142527.9
V032,2026-08-19T01:46:00+00:00,23.74,2366.15,Petrol,116224.5
V096,2026-08-26T22:34:00+00:00,11.93,1124.32,Petrol,49923.0
V090,2026-09-19T18:43:00+00:00,18.69,1846.45,Petrol,107862.9
V081,2026-09-21T19:05:00+00:00,36.61,3686.87,Diesel,108608.6
V037,2026-08-29T18:49:00+00:00,21.72,2007.24,Diesel,35270.3
V012,2026-08-10T19:30:00+00:00,28.72,2841.36,Diesel,20037.2
V067,2026-09-05T21:46:00+00:00,32.22,3083.0,Petrol,99882.2
V061,2026-09-12T18:08:00+00:00,24.44,2515.22,Petrol,112579.7
V013,2026-09-06T00:43:00+00:00,37.91,3707.78,Petrol,23420.5
V044,2026-08-26T00:16:00+00:00,29.39,2937.26,Petrol,144098.3
V053,2026-08-22T07:22:00+00:00,34.52,3280.12,Diesel,101395.5
V083,2026-09-10T19:29:00+00:00,8.55,839.41,Petrol,139052.0
V031,2026-09-01T16:27:00+00:00,27.43,2554.19,Diesel,36176.4
V092,2026-09-06T20:33:00+00:00,18.38,1716.84,Diesel,61054.8
V063,2026-09-01T03:04:00+00:00,16.23,1540.79,Diesel,140870.8
V100,2026-08-01T02:30:00+00:00,22.89,2281.76,Diesel,174342.0
V035,2026-08-28T11:54:00+00:00,6.49,633.31,Petrol,176097.9
V035,2026-08-05T05:01:00+00:00,32.78,3277.42,Petrol,177682.0
V065,2026-08-15T14:24:00+00:00,18.17,1689.27,Petrol,65953.1
V071,2026-08-23T06:13:00+00:00,29.02,2711.75,Diesel,30674.3
V079,2026-08-31T20:58:00+00:00,8.1,762.44,Diesel,111870.3
V049,2026-09-17T23:10:00+00:00,5.44,533.47,Diesel,105296.9
V038,2026-08-15T14:42:00+00:00,18.21,1800.65,Petrol,111701.0
V005,2026-08-21T21:44:00+00:00,16.92,1607.94,Diesel,7456.1
V088,2026-08-30T22:20:00+00:00,24.48,2424.9,Petrol,174910.2
V082,2026-09-23T21:14:00+00:00,17.78,1751.8,Diesel,50601.7
V045,2026-09-10T15:42:00+00:00,23.97,2458.56,Diesel,163482.9
V067,2026-09-01T07:21:00+00:00,24.24,2391.56,Petrol,137873.6
V043,2026-08-26T09:40:00+00:00,33.04,3095.09,Diesel,126423.6
V096,2026-09-19T09:47:00+00:00,38.2,3641.23,Petrol,57208.6
V010,2026-09-12T04:04:00+00:00,35.99,3706.13,Diesel,125820.9
V073,2026-08-24T05:56:00+00:00,25.98,2435.83,Petrol,99900.4
V014,2026-08-24T06:38:00+00:00,9.26,871.0,Diesel,89687.8
V015,2026-09-17T13:55:00+00:00,33.63,3293.5,Diesel,45801.9
V032,2026-08-28T22:32:00+00:00,39.14,3952.81,Petrol,6557.5
V017,2026-08-28T13:43:00+00:00,9.52,942.38,Diesel,93423.4
V030,2026-09-08T18:57:00+00:00,29.71,2863.25,Diesel,20692.6
V041,2026-08-18T17:07:00+00:00,5.67,561.96,Diesel,145299.1
V003,2026-08-05T20:44:00+00:00,26.77,2547.53,Diesel,67479.3
V007,2026-08-31T23:12:00+00:00,14.04,1408.19,Petrol,103104.8
V080,2026-08-05T20:53:00+00:00,8.25,818.63,Diesel,177410.8
V008,2026-08-07T19:36:00+00:00,6.18,635.32,Diesel,57823.8
V076,2026-08-31T05:32:00+00:00,27.22,2803.35,Diesel,55667.1
V088,2026-08-23T13:24:00+00:00,16.61,1685.8,Petrol,24923.8
V082,2026-08-25T08:21:00+00:00,36.57,3623.42,Diesel,17622.0
V095,2026-08-25T19:22:00+00:00,28.6,2777.55,Diesel,148036.9
V038,2026-09-10T21:08:00+00:00,32.89,3272.43,Petrol,178183.2
V014,2026-08-13T03:30:00+00:00,22.82,2170.7,Diesel,156014.4
V014,2026-08-20T20:32:00+00:00,10.56,1010.44,Diesel,49175.6
V083,2026-08-14T10:19:00+00:00,16.64,1539.08,Petrol,129347.9
V064,2026-08-15T11:57:00+00:00,5.61,569.72,Petrol,177759.1
V079,2026-08-14T14:09:00+00:00,28.99,2946.31,Diesel,113385.7
V045,2026-08-03T20:49:00+00:00,34.27,3376.61,Diesel,32286.2
V100,2026-08-18T04:48:00+00:00,20.33,1892.51,Diesel,41045.3
V036,2026-08-06T15:01:00+00:00,13.66,1406.46,Petrol,126479.2
V069,2026-08-12T22:03:00+00:00,39.69,4058.08,Petrol,108286.2
V038,2026-09-22T21:45:00+00:00,13.81,1305.1,Petrol,167550.7
V016,2026-08-15T03:13:00+00:00,37.23,3444.98,Diesel,30709.8
V010,2026-08-27T00:39:00+00:00,44.11,4274.34,Diesel,96730.7
V051,2026-08-25T04:20:00+00:00,27.67,2680.98,Diesel,63557.8
V045,2026-08-14T20:39:00+00:00,15.24,1423.08,Diesel,103415.6
V098,2026-08-04T07:33:00+00:00,20.1,1903.47,Diesel,15730.7
V034,2026-08-21T01:57:00+00:00,41.51,4197.28,Diesel,161289.8
V028,2026-09-08T03:21:00+00:00,30.59,2942.66,Diesel,100723.9
V087,2026-09-13T18:17:00+00:00,10.6,997.41,Petrol,97638.2
V032,2026-08-25T19:41:00+00:00,21.19,2105.32,Petrol,143211.1
V097,2026-09-01T04:26:00+00:00,11.54,1098.36,Diesel,97617.0
V090,2026-08-21T06:14:00+00:00,25.85,2654.66,Petrol,93996.4
V038,2026-08-06T06:30:00+00:00,29.23,2798.9,Petrol,123416.3
V051,2026-08-08T16:25:00+00:00,9.74,927.65,Diesel,135534.0
V003,2026-09-18T08:20:00+00:00,17.96,1812.26,Diesel,150609.6
V015,2026-09-12T14:50:00+00:00,17.36,1746.45,Diesel,26518.7
V043,2026-08-29T16:54:00+00:00,5.36,539.23,Diesel,50428.6
V081,2026-08-30T17:15:00+00:00,28.01,2874.9,Diesel,152295.5
V067,2026-08-16T16:36:00+00:00,13.92,1392.28,Petrol,171051.7
V058,2026-09-22T22:46:00+00:00,36.11,3483.57,Petrol,90312.3
V075,2026-08-21T16:52:00+00:00,41.26,3850.91,Diesel,63953.3
V017,2026-08-31T00:45:00+00:00,18.14,1709.16,Diesel,153912.4
V054,2026-08-03T01:48:00+00:00,29.07,2792.19,Diesel,75946.8
V066,2026-08-11T16:42:00+00:00,8.12,762.32,Diesel,41980.7
V057,2026-08-09T01:24:00+00:00,9.83,995.81,Diesel,94649.7
V076,2026-09-23T18:24:00+00:00,20.33,1986.53,Diesel,83894.8
V066,2026-08-22T03:22:00+00:00,11.3,1134.14,Diesel,83304.4
V049,2026-08-29T14:12:00+00:00,19.04,1788.48,Diesel,15296.9
V066,2026-09-13T15:28:00+00:00,41.21,4059.98,Diesel,141391.8
V024,2026-08-13T11:03:00+00:00,17.7,1643.43,Diesel,9369.7
V081,2026-09-02T22:52:00+00:00,20.63,1998.4,Diesel,93907.2
V051,2026-09-12T09:50:00+00:00,22.44,2187.68,Diesel,33552.3
V045,2026-08-07T20:02:00+00:00,33.21,3208.61,Diesel,70904.9
V062,2026-09-06T03:45:00+00:00,11.49,1127.9,Diesel,75447.5
V083,2026-08-26T07:51:00+00:00,16.73,1711.39,Petrol,51417.2
V065,2026-08-30T18:26:00+00:00,7.02,682.45,Petrol,43839.1
V039,2026-08-17T23:34:00+00:00,18.02,1759.25,Diesel,56484.7
V071,2026-09-17T00:35:00+00:00,8.68,843.72,Diesel,83127.1
V010,2026-09-13T00:21:00+00:00,33.68,3238.75,Diesel,80471.0
V020,2026-09-24T23:30:00+00:00,44.23,4413.03,Diesel,159701.7
V036,2026-08-06T19:22:00+00:00,25.11,2570.59,Petrol,21096.8
V049,2026-09-18T00:58:00+00:00,29.58,2955.68,Diesel,90512.0
V082,2026-09-23T21:50:00+00:00,24.4,2341.69,Diesel,57739.3
V098,2026-08-08T20:22:00+00:00,10.96,1087.71,Diesel,131530.3
V048,2026-08-15T07:14:00+00:00,17.57,1674.37,Diesel,102909.0
V052,2026-08-13T12:51:00+00:00,36.49,3670.44,Petrol,112239.1
V076,2026-08-31T02:48:00+00:00,6.27,602.04,Diesel,111127.6
V061,2026-09-05T06:09:00+00:00,29.42,3002.4,Petrol,179264.3
V097,2026-08-11T14:45:00+00:00,8.59,869.59,Diesel,83417.5
V071,2026-09-15T18:27:00+00:00,40.93,4003.77,Diesel,88060.9
V040,2026-08-23T23:12:00+00:00,29.79,2818.13,Diesel,58306.2
V069,2026-09-16T14:31:00+00:00,9.93,915.25,Petrol,69298.5
V081,2026-08-27T12:36:00+00:00,20.1,1952.64,Diesel,137885.9
V097,2026-09-21T07:39:00+00:00,9.42,911.05,Diesel,41223.8
V075,2026-08-07T18:34:00+00:00,39.1,3848.14,Diesel,12355.6
V065,2026-09-22T03:49:00+00:00,22.18,2282.71,Petrol,124625.5
V087,2026-08-26T00:16:00+00:00,41.5,4021.65,Petrol,128229.6
V051,2026-08-31T00:01:00+00:00,23.56,2277.23,Diesel,27600.3
V010,2026-08-07T02:11:00+00:00,43.28,4365.56,Diesel,137902.0
V062,2026-08-10T05:16:00+00:00,24.46,2338.74,Diesel,29131.3
V091,2026-08-19T09:08:00+00:00,35.18,3408.87,Petrol,175595.6
V049,2026-08-23T11:50:00+00:00,38.27,3659.4,Diesel,30784.4
V053,2026-09-15T20:48:00+00:00,8.46,802.25,Diesel,160930.8
V017,2026-09-15T01:39:00+00:00,27.76,2686.48,Diesel,61924.7
V010,2026-08-08T02:11:00+00:00,12.85,1194.98,Diesel,123064.7
V047,2026-09-13T06:28:00+00:00,18.93,1796.32,Petrol,58523.8
V025,2026-09-24T22:35:00+00:00,28.32,2772.14,Diesel,130440.0
V015,2026-08-13T16:13:00+00:00,26.19,2602.16,Diesel,156138.4
V075,2026-08-08T13:06:00+00:00,15.34,1435.94,Diesel,58244.1
V040,2026-09-17T22:33:00+00:00,26.09,2617.07,Diesel,33714.3
V065,2026-09-10T00:08:00+00:00,43.06,3969.94,Petrol,127481.2
V025,2026-09-20T08:12:00+00:00,24.52,2513.79,Diesel,38641.4
V066,2026-09-22T18:10:00+00:00,36.14,3688.87,Diesel,63611.8
V065,2026-08-01T09:13:00+00:00,5.4,554.63,Petrol,62391.6
V080,2026-08-14T21:59:00+00:00,36.69,3496.25,Diesel,18328.1
V034,2026-08-21T09:30:00+00:00,20.31,2043.08,Diesel,6881.4
V093,2026-09-12T22:07:00+00:00,23.14,2329.96,Diesel,162785.6
V002,2026-09-13T00:59:00+00:00,9.82,904.65,Petrol,20043.2
V036,2026-08-09T15:09:00+00:00,39.15,4011.62,Petrol,78636.7
V034,2026-08-27T12:23:00+00:00,22.87,2292.55,Diesel,62150.9
V080,2026-09-07T14:52:00+00:00,44.95,4371.73,Diesel,128114.7
V076,2026-09-02T08:55:00+00:00,32.63,3206.18,Diesel,125651.2
V089,2026-09-23T10:51:00+00:00,42.89,4410.78,Diesel,97078.3
V028,2026-09-19T05:44:00+00:00,11.49,1088.06,Diesel,51814.0
V037,2026-09-22T14:27:00+00:00,28.32,2752.81,Diesel,131683.3
V045,2026-08-21T03:20:00+00:00,30.66,3110.23,Diesel,82119.4
V082,2026-09-06T21:31:00+00:00,8.64,797.68,Diesel,6366.7
V053,2026-09-04T10:07:00+00:00,29.75,2936.12,Diesel,98907.6
V031,2026-08-27T09:53:00+00:00,42.75,4128.26,Diesel,143404.3
V032,2026-08-29T21:24:00+00:00,31.25,3059.58,Petrol,106739.3
V084,2026-09-22T11:44:00+00:00,9.34,910.93,Petrol,21891.3
V030,2026-09-11T08:29:00+00:00,35.09,3446.76,Diesel,178976.9
V065,2026-08-27T09:20:00+00:00,9.17,900.91,Petrol,7415.4
V017,2026-08-23T00:35:00+00:00,7.67,782.81,Diesel,55229.3
V038,2026-09-13T22:53:00+00:00,39.64,3709.79,Petrol,111194.7
V054,2026-09-19T17:18:00+00:00,42.63,4047.5,Diesel,71397.1
V095,2026-08-18T21:07:00+00:00,36.72,3638.95,Diesel,43104.9
V055,2026-08-23T21:07:00+00:00,32.17,3162.16,Diesel,31992.1
V015,2026-08-04T07:55:00+00:00,23.36,2213.06,Diesel,27791.0
V011,2026-08-27T20:44:00+00:00,35.34,3284.14,Diesel,12721.8
V074,2026-09-20T17:53:00+00:00,28.27,2887.89,Diesel,161106.9
V059,2026-08-29T10:29:00+00:00,21.09,2130.38,Diesel,156915.7
V012,2026-09-18T05:14:00+00:00,13.55,1350.82,Diesel,117355.4
V027,2026-09-23T07:32:00+00:00,38.48,3640.61,Diesel,115847.1
V008,2026-08-13T15:26:00+00:00,34.93,3441.09,Diesel,118858.7
V056,2026-09-02T03:12:00+00:00,44.92,4184.56,Diesel,59913.3
V030,2026-08-21T15:28:00+00:00,26.12,2443.49,Diesel,112547.0
V036,2026-08-27T00:23:00+00:00,19.28,1905.93,Petrol,45593.4
V050,2026-08-29T23:39:00+00:00,25.07,2367.37,Diesel,25725.6
V053,2026-08-02T05:40:00+00:00,42.16,4294.14,Diesel,71415.2
V099,2026-09-23T08:07:00+00:00,25.27,2351.76,Diesel,74537.0
V043,2026-09-06T11:46:00+00:00,22.66,2118.33,Diesel,47433.7
V063,2026-08-01T02:31:00+00:00,8.52,796.88,Diesel,39480.2
V078,2026-08-11T18:57:00+00:00,22.91,2273.94,Diesel,78657.5
V042,2026-09-22T16:27:00+00:00,34.3,3166.08,Diesel,66551.2
V059,2026-08-27T06:56:00+00:00,35.47,3406.62,Diesel,129506.7
V025,2026-08-27T09:31:00+00:00,12.75,1303.67,Diesel,128419.0
V043,2026-09-11T18:17:00+00:00,12.61,1280.18,Diesel,120735.8
V073,2026-08-12T08:17:00+00:00,19.49,1889.41,Petrol,172183.5
V099,2026-08-01T20:37:00+00:00,33.4,3264.99,Diesel,164089.4
V047,2026-08-16T03:20:00+00:00,26.5,2502.33,Petrol,174992.1
V020,2026-08-23T20:55:00+00:00,19.9,1988.19,Diesel,170776.1
V061,2026-08-18T17:12:00+00:00,27.98,2834.48,Petrol,151938.0
V090,2026-08-09T20:25:00+00:00,29.42,3015.97,Petrol,73044.7
V089,2026-08-13T01:08:00+00:00,20.52,1936.54,Diesel,18767.2
V025,2026-08-22T06:18:00+00:00,35.52,3313.59,Diesel,157430.2
V001,2026-08-29T21:24:00+00:00,40.08,3788.99,Petrol,39216.7
V038,2026-08-28T22:05:00+00:00,22.36,2273.6,Petrol,84448.7
V010,2026-08-28T04:21:00+00:00,14.63,1505.35,Diesel,51193.5
V042,2026-09-12T12:13:00+00:00,21.12,2145.68,Diesel,138091.2
V006,2026-09-17T14:45:00+00:00,23.7,2314.28,Diesel,76337.7
V096,2026-09-22T02:23:00+00:00,16.25,1560.2,Petrol,121002.6
V068,2026-08-10T06:25:00+00:00,11.77,1122.86,Diesel,50787.5
V012,2026-09-14T16:08:00+00:00,42.01,3896.23,Diesel,165660.0
V083,2026-09-01T01:46:00+00:00,9.43,871.81,Petrol,177431.6
V023,2026-09-21T15:39:00+00:00,20.94,2083.1,Diesel,49177.2
V062,2026-08-24T04:05:00+00:00,38.69,3836.22,Diesel,71514.1
V012,2026-08-14T00:00:00+00:00,44.58,4412.47,Diesel,6563.5
V081,2026-09-17T11:48:00+00:00,17.91,1749.63,Diesel,132769.2
V035,2026-08-15T03:48:00+00:00,13.72,1334.99,Petrol,128594.6
V044,2026-08-18T19:25:00+00:00,7.42,686.49,Petrol,150703.5
V073,2026-08-15T15:28:00+00:00,24.07,2303.74,Petrol,56929.4
V085,2026-08-11T01:22:00+00:00,9.07,902.19,Diesel,108076.2
V013,2026-08-04T00:02:00+00:00,23.01,2348.72,Petrol,156277.3
V072,2026-08-23T12:47:00+00:00,38.74,3824.52,Diesel,67537.9
V090,2026-09-07T02:51:00+00:00,32.78,3092.65,Petrol,166510.1
V021,2026-08-02T14:08:00+00:00,41.48,4257.38,Diesel,88755.6
V010,2026-09-08T04:29:00+00:00,39.02,4006.68,Diesel,119660.1
V004,2026-09-08T02:26:00+00:00,11.19,1149.32,Diesel,137069.1
V020,2026-08-10T10:33:00+00:00,17.91,1816.82,Diesel,102319.5
V028,2026-08-18T20:40:00+00:00,41.78,4238.43,Diesel,35948.9
V048,2026-08-31T10:37:00+00:00,15.31,1567.77,Diesel,135806.7
V041,2026-08-01T16:17:00+00:00,32.13,3061.69,Diesel,106984.1
V059,2026-08-04T20:11:00+00:00,36.82,3532.1,Diesel,7614.3
V051,2026-08-06T21:33:00+00:00,10.71,1086.11,Diesel,33053.1
V019,2026-08-22T22:53:00+00:00,13.2,1288.73,Diesel,113388.2
V014,2026-09-13T07:54:00+00:00,44.42,4422.74,Diesel,120814.7
V084,2026-08-26T13:28:00+00:00,35.98,3463.46,Petrol,77866.8
V087,2026-08-14T17:31:00+00:00,35.02,3235.28,Petrol,176798.4
V077,2026-09-07T12:44:00+00:00,44.12,4397.81,Diesel,135168.3
V045,2026-09-23T21:41:00+00:00,8.78,833.37,Diesel,119970.0
V030,2026-08-31T06:18:00+00:00,42.27,4229.84,Diesel,137803.5
V085,2026-08-13T01:10:00+00:00,24.43,2489.1,Diesel,173922.5
V012,2026-09-24T00:00:00+00:00,42.87,4264.73,Diesel,107182.5
V081,2026-08-08T18:25:00+00:00,20.11,2059.25,Diesel,19890.8
V068,2026-08-05T19:40:00+00:00,32.97,3290.28,Diesel,150812.0
V071,2026-08-18T17:46:00+00:00,34.72,3360.51,Diesel,102871.1
V018,2026-09-14T20:32:00+00:00,22.93,2285.0,Diesel,116747.3
V078,2026-08-31T03:57:00+00:00,37.03,3437.22,Diesel,113492.8
V089,2026-09-11T03:45:00+00:00,32.78,3315.92,Diesel,128178.3
V083,2026-08-28T05:52:00+00:00,24.77,2311.71,Petrol,29995.0
V085,2026-09-07T04:57:00+00:00,26.32,2525.36,Diesel,67502.7
V014,2026-09-19T21:44:00+00:00,22.48,2223.82,Diesel,110338.3
V008,2026-08-15T00:09:00+00:00,21.92,2249.12,Diesel,152801.5
V036,2026-09-06T03:42:00+00:00,34.43,3487.23,Petrol,19300.2
V038,2026-08-22T12:55:00+00:00,8.04,762.79,Petrol,111234.9
V056,2026-08-01T03:09:00+00:00,28.04,2854.79,Diesel,174452.9
V032,2026-08-21T22:49:00+00:00,21.79,2241.92,Petrol,136602.5
V003,2026-08-07T08:51:00+00:00,8.75,884.25,Diesel,6965.8
V001,2026-09-21T20:13:00+00:00,9.0,912.97,Petrol,105490.2
V068,2026-08-05T02:16:00+00:00,25.89,2490.73,Diesel,168682.9
V041,2026-08-25T15:25:00+00:00,24.88,2439.86,Diesel,123919.2
V040,2026-09-16T07:27:00+00:00,13.05,1210.88,Diesel,80594.6
V012,2026-08-15T05:37:00+00:00,25.05,2558.41,Diesel,94928.3
V014,2026-09-04T07:23:00+00:00,27.81,2795.49,Diesel,17886.3
V070,2026-08-17T16:31:00+00:00,16.44,1599.91,Diesel,155058.0
V011,2026-08-29T06:12:00+00:00,40.7,3862.83,Diesel,92346.2
V083,2026-08-03T17:34:00+00:00,5.35,545.84,Petrol,48535.2
V080,2026-08-15T01:05:00+00:00,20.81,2132.66,Diesel,55954.1
V020,2026-09-05T08:23:00+00:00,6.31,590.42,Diesel,144141.1
V077,2026-08-26T13:45:00+00:00,18.86,1747.03,Diesel,114262.6
V099,2026-08-22T16:00:00+00:00,14.04,1366.82,Diesel,159543.6
V081,2026-08-15T03:39:00+00:00,23.59,2211.89,Diesel,109041.2
V100,2026-09-19T11:38:00+00:00,38.64,3594.07,Diesel,107015.5
V066,2026-08-16T20:46:00+00:00,43.77,4216.62,Diesel,124143.2
V007,2026-08-16T22:47:00+00:00,29.3,2870.56,Petrol,10994.5
V076,2026-09-15T06:21:00+00:00,18.18,1831.08,Diesel,161867.1
V057,2026-08-12T07:50:00+00:00,33.83,3443.78,Diesel,102062.2
V079,2026-09-13T03:46:00+00:00,11.35,1121.68,Diesel,107200.6
V027,2026-08-30T00:16:00+00:00,7.21,670.37,Diesel,105133.1
V093,2026-09-06T17:47:00+00:00,23.82,2351.32,Diesel,80822.4
V090,2026-08-04T04:38:00+00:00,44.84,4477.99,Petrol,132237.6
V068,2026-08-15T01:29:00+00:00,44.33,4139.63,Diesel,149701.0
V054,2026-08-15T20:42:00+00:00,16.69,1552.28,Diesel,6427.9
V018,2026-08-12T06:22:00+00:00,21.2,2043.36,Diesel,105492.3
V058,2026-09-05T03:06:00+00:00,21.21,2161.94,Petrol,37892.2
V029,2026-08-18T21:30:00+00:00,35.56,3476.36,Diesel,178378.2
V080,2026-09-19T01:35:00+00:00,40.69,3785.02,Diesel,62251.6
V063,2026-08-06T08:43:00+00:00,27.07,2665.15,Diesel,141603.2
V010,2026-08-20T20:16:00+00:00,11.79,1132.89,Diesel,121445.6
V062,2026-09-14T11:22:00+00:00,13.19,1303.79,Diesel,16726.2
V090,2026-08-17T17:16:00+00:00,7.57,754.61,Petrol,115392.2
V071,2026-09-16T07:31:00+00:00,42.26,3937.68,Diesel,106639.8
V060,2026-09-03T03:41:00+00:00,40.61,3744.61,Diesel,50839.4
V081,2026-09-19T02:19:00+00:00,17.75,1636.0,Diesel,22042.6
V098,2026-08-19T06:16:00+00:00,6.27,645.18,Diesel,116115.0
V007,2026-09-07T11:47:00+00:00,29.42,2842.97,Petrol,35143.2
V086,2026-09-01T13:33:00+00:00,22.3,2136.41,Diesel,18762.9
V091,2026-09-15T00:47:00+00:00,35.9,3391.15,Petrol,76056.3
V065,2026-09-12T05:24:00+00:00,17.35,1662.38,Petrol,108083.7
V040,2026-09-02T06:25:00+00:00,6.6,661.57,Diesel,142416.0
V078,2026-08-14T18:00:00+00:00,34.13,3513.54,Diesel,6367.9
V011,2026-09-03T20:38:00+00:00,39.26,3624.92,Diesel,175475.6
V043,2026-09-14T19:43:00+00:00,30.12,2812.59,Diesel,30119.9
V098,2026-09-04T01:45:00+00:00,23.09,2296.07,Diesel,76511.8
V006,2026-08-02T00:02:00+00:00,6.81,634.86,Diesel,16854.0
V022,2026-09-14T01:29:00+00:00,21.23,2178.06,Diesel,168097.0
V040,2026-09-04T01:58:00+00:00,12.18,1248.15,Diesel,22711.1
V081,2026-08-23T15:51:00+00:00,16.82,1574.0,Diesel,89729.7
V066,2026-08-30T22:41:00+00:00,20.92,2014.62,Diesel,105422.0
V075,2026-09-20T08:19:00+00:00,40.0,4006.94,Diesel,70182.0
V031,2026-08-27T17:36:00+00:00,18.89,1798.52,Diesel,36694.0
V077,2026-09-19T19:41:00+00:00,42.14,4143.84,Diesel,145323.1
V043,2026-08-21T02:17:00+00:00,26.36,2515.43,Diesel,91275.1
V070,2026-09-23T20:48:00+00:00,24.45,2465.78,Diesel,24823.5
V037,2026-08-07T11:08:00+00:00,21.59,2166.47,Diesel,34218.4
V004,2026-08-13T19:07:00+00:00,29.16,2795.81,Diesel,83176.2
V069,2026-08-13T00:45:00+00:00,25.04,2382.07,Petrol,136151.5
V001,2026-08-05T10:15:00+00:00,40.71,3840.34,Petrol,149091.4
V037,2026-08-22T17:09:00+00:00,28.83,2750.87,Diesel,100491.7
V066,2026-08-22T15:22:00+00:00,35.42,3356.37,Diesel,71275.0
V033,2026-08-20T15:06:00+00:00,7.63,776.72,Diesel,145057.3
V012,2026-09-18T11:22:00+00:00,20.77,2068.07,Diesel,30792.4
V048,2026-09-07T10:19:00+00:00,15.82,1598.06,Diesel,138681.3
V091,2026-08-09T21:00:00+00:00,14.59,1394.93,Petrol,23860.9
V003,2026-09-03T15:22:00+00:00,34.21,3317.8,Diesel,156787.2
V001,2026-08-15T09:19:00+00:00,15.49,1574.11,Petrol,105126.1
V026,2026-09-02T16:24:00+00:00,36.06,3628.75,Petrol,91748.6
V009,2026-09-03T14:12:00+00:00,15.38,1427.98,Petrol,66835.0
V055,2026-08-08T06:41:00+00:00,24.89,2300.5,Diesel,141006.5
V042,2026-08-24T17:42:00+00:00,33.6,3355.75,Diesel,100348.5
V037,2026-09-06T11:34:00+00:00,7.93,774.31,Diesel,133301.3
V074,2026-08-24T21:29:00+00:00,32.79,3074.66,Diesel,92155.5
V076,2026-08-15T20:46:00+00:00,33.07,3314.0,Diesel,106967.7
V081,2026-09-02T13:41:00+00:00,29.36,2727.14,Diesel,107336.9
V002,2026-08-09T13:08:00+00:00,35.18,3262.73,Petrol,24203.9
V094,2026-08-19T08:13:00+00:00,9.43,916.36,Diesel,157757.2
V088,2026-08-23T20:03:00+00:00,35.4,3497.89,Petrol,52947.6
V010,2026-09-05T16:43:00+00:00,31.26,3016.12,Diesel,111804.0
V079,2026-08-08T18:00:00+00:00,17.92,1804.72,Diesel,173131.5
V082,2026-09-08T02:31:00+00:00,25.44,2397.19,Diesel,93882.6
V094,2026-08-14T00:18:00+00:00,13.72,1386.7,Diesel,20288.5
V034,2026-08-07T18:40:00+00:00,12.71,1182.36,Diesel,14547.4
V093,2026-09-10T12:20:00+00:00,19.42,1990.38,Diesel,166038.4
V081,2026-08-29T20:27:00+00:00,30.69,2882.87,Diesel,116293.8
V089,2026-09-01T17:27:00+00:00,34.92,3412.06,Diesel,47115.2
V007,2026-08-30T15:39:00+00:00,16.07,1489.5,Petrol,34952.8
V009,2026-08-11T14:08:00+00:00,14.63,1363.89,Petrol,64940.9
V090,2026-08-29T16:55:00+00:00,41.73,4135.19,Petrol,132628.9
V056,2026-08-12T14:07:00+00:00,21.58,2015.17,Diesel,122726.4
V023,2026-08-28T18:52:00+00:00,18.01,1718.27,Diesel,141541.3
V049,2026-09-24T11:41:00+00:00,18.69,1760.73,Diesel,167112.5
V035,2026-08-16T23:36:00+00:00,13.19,1322.01,Petrol,77263.0
V067,2026-08-10T02:22:00+00:00,37.97,3592.0,Petrol,177823.5
V056,2026-08-25T10:34:00+00:00,10.99,1047.04,Diesel,127705.9
V031,2026-08-25T07:04:00+00:00,6.18,626.48,Diesel,90133.7
V078,2026-08-29T00:50:00+00:00,39.81,3989.25,Diesel,58499.6
V072,2026-08-16T03:25:00+00:00,14.93,1391.43,Diesel,109473.6
V039,2026-08-28T16:27:00+00:00,6.81,629.62,Diesel,133600.3
V025,2026-08-24T06:27:00+00:00,36.49,3555.89,Diesel,62374.4
V039,2026-08-20T04:48:00+00:00,39.22,3922.24,Diesel,148036.6
V038,2026-09-06T05:28:00+00:00,33.85,3468.44,Petrol,162077.4
V055,2026-09-03T13:41:00+00:00,8.1,799.25,Diesel,104711.1
V046,2026-09-21T09:15:00+00:00,23.33,2328.67,Diesel,105856.1
V032,2026-08-17T03:43:00+00:00,35.87,3434.57,Petrol,53385.5
V049,2026-08-06T20:58:00+00:00,41.35,4007.53,Diesel,25358.0
V099,2026-08-28T04:59:00+00:00,13.44,1240.62,Diesel,29624.2
V013,2026-09-09T01:15:00+00:00,33.57,3156.02,Petrol,73179.2
V071,2026-09-08T06:43:00+00:00,32.24,3109.4,Diesel,174438.1
V037,2026-08-27T04:05:00+00:00,39.73,3661.64,Diesel,24342.5
V086,2026-08-11T08:17:00+00:00,39.05,3777.01,Diesel,177888.4
V075,2026-08-18T21:27:00+00:00,6.92,710.63,Diesel,108152.3
V096,2026-09-18T03:54:00+00:00,16.79,1633.6,Petrol,174986.9
V010,2026-08-19T05:22:00+00:00,28.24,2777.28,Diesel,127765.7
V017,2026-09-24T01:41:00+00:00,24.78,2486.98,Diesel,26794.7
V077,2026-09-17T12:33:00+00:00,40.8,4155.4,Diesel,86427.7
V082,2026-08-20T01:53:00+00:00,14.17,1454.72,Diesel,149104.5
V011,2026-09-14T22:29:00+00:00,6.08,605.24,Diesel,93449.0
V027,2026-09-08T12:36:00+00:00,22.91,2157.29,Diesel,12456.2
V095,2026-08-04T11:11:00+00:00,34.41,3275.59,Diesel,29719.4
V038,2026-08-07T22:46:00+00:00,20.88,2069.97,Petrol,159296.3
V047,2026-08-22T02:43:00+00:00,43.72,4133.1,Petrol,23095.4
V078,2026-09-08T23:14:00+00:00,25.03,2516.77,Diesel,163164.9
V036,2026-08-22T04:55:00+00:00,24.44,2308.91,Petrol,82857.0
V089,2026-08-13T23:37:00+00:00,33.47,3288.37,Diesel,64011.3
V076,2026-08-21T06:57:00+00:00,21.37,2039.97,Diesel,31164.2
V051,2026-09-13T12:14:00+00:00,10.96,1034.2,Diesel,135693.5
V045,2026-09-17T17:23:00+00:00,16.35,1630.76,Diesel,57533.7
V027,2026-09-19T04:40:00+00:00,29.61,2986.62,Diesel,179727.5
V096,2026-08-09T21:44:00+00:00,9.05,930.3,Petrol,35454.9
V095,2026-08-24T00:53:00+00:00,9.94,927.37,Diesel,37686.4
V086,2026-09-16T16:31:00+00:00,35.98,3448.96,Diesel,122072.9
V058,2026-08-20T10:28:00+00:00,40.07,3836.2,Petrol,144570.1
V044,2026-08-21T00:43:00+00:00,28.69,2916.09,Petrol,16424.8
V076,2026-08-29T19:48:00+00:00,7.72,769.34,Diesel,96044.3
V034,2026-08-17T08:39:00+00:00,19.57,1914.75,Diesel,141450.6
V085,2026-08-30T10:17:00+00:00,10.52,1055.55,Diesel,14994.2
V026,2026-08-23T22:04:00+00:00,28.43,2620.58,Petrol,122525.8
V062,2026-09-16T11:27:00+00:00,41.28,3910.73,Diesel,72908.0
V071,2026-09-21T03:15:00+00:00,17.75,1640.79,Diesel,23377.6
V044,2026-08-06T08:40:00+00:00,13.84,1280.57,Petrol,50689.7
V052,2026-08-24T21:08:00+00:00,25.16,2553.91,Petrol,158239.0
V061,2026-08-03T15:01:00+00:00,22.3,2177.92,Petrol,100740.1
V073,2026-09-21T12:26:00+00:00,20.92,1987.09,Petrol,108871.5
V022,2026-08-31T13:14:00+00:00,31.29,3124.56,Diesel,34956.8
V033,2026-09-03T18:33:00+00:00,34.7,3502.19,Diesel,9351.5
V096,2026-08-18T09:24:00+00:00,30.55,3008.94,Petrol,27831.3
V031,2026-09-13T01:39:00+00:00,6.92,640.45,Diesel,45768.5
V085,2026-08-05T03:11:00+00:00,41.02,3957.35,Diesel,75539.4
V009,2026-08-06T21:48:00+00:00,31.35,3159.66,Petrol,15045.5
V091,2026-08-13T11:21:00+00:00,19.1,1866.29,Petrol,101549.5
V047,2026-08-27T20:38:00+00:00,27.61,2651.02,Petrol,91522.4
V094,2026-09-22T04:56:00+00:00,19.32,1795.84,Diesel,169413.4
V008,2026-08-07T15:17:00+00:00,30.16,2899.89,Diesel,136822.2
V032,2026-09-21T15:33:00+00:00,20.7,1972.55,Petrol,122222.6
V006,2026-09-23T14:41:00+00:00,26.19,2480.85,Diesel,85076.9
V032,2026-08-05T06:30:00+00:00,8.09,744.7,Petrol,126903.8
V049,2026-09-16T09:27:00+00:00,6.17,618.79,Diesel,5019.4
V067,2026-08-27T01:37:00+00:00,14.64,1436.49,Petrol,162477.8
V038,2026-09-08T20:07:00+00:00,44.07,4078.83,Petrol,130164.7
V017,2026-08-30T06:33:00+00:00,38.58,3814.45,Diesel,169230.8
V061,2026-08-15T05:16:00+00:00,15.03,1459.38,Petrol,159021.7
V094,2026-09-01T13:54:00+00:00,15.05,1444.1,Diesel,166833.5
V012,2026-09-19T03:16:00+00:00,37.93,3780.67,Diesel,170236.4
V070,2026-08-08T09:30:00+00:00,40.05,3909.9,Diesel,9864.8
V075,2026-08-09T00:02:00+00:00,16.09,1617.93,Diesel,73625.1
V073,2026-08-27T07:32:00+00:00,28.7,2831.5,Petrol,47695.6
V048,2026-09-15T03:18:00+00:00,27.11,2721.13,Diesel,60547.9
V085,2026-09-14T09:14:00+00:00,34.09,3428.72,Diesel,73171.9
V016,2026-08-01T14:45:00+00:00,26.34,2456.82,Diesel,178271.9
V039,2026-08-30T20:54:00+00:00,33.85,3461.35,Diesel,94078.5
V072,2026-08-04T20:44:00+00:00,30.25,3104.89,Diesel,103102.4
V040,2026-08-31T19:42:00+00:00,42.67,4179.39,Diesel,137703.6
V098,2026-09-24T07:07:00+00:00,44.41,4471.67,Diesel,46120.4
V068,2026-09-04T15:44:00+00:00,8.97,859.95,Diesel,119666.0
V024,2026-08-19T16:15:00+00:00,36.76,3761.31,Diesel,143671.7
V098,2026-08-20T15:36:00+00:00,14.84,1365.55,Diesel,147619.5
V023,2026-08-10T21:20:00+00:00,33.16,3180.31,Diesel,125741.1
V093,2026-09-21T05:33:00+00:00,9.59,955.69,Diesel,35556.3
V029,2026-08-21T04:31:00+00:00,30.87,3132.01,Diesel,18612.6
V100,2026-08-08T22:18:00+00:00,30.63,3072.81,Diesel,139588.8
V033,2026-08-20T07:37:00+00:00,26.05,2471.53,Diesel,50968.5
V074,2026-09-04T11:25:00+00:00,28.07,2813.67,Diesel,147714.7
V063,2026-08-14T10:06:00+00:00,13.48,1332.04,Diesel,149105.4
V054,2026-08-03T15:38:00+00:00,30.07,2825.98,Diesel,118771.5
V005,2026-08-14T13:16:00+00:00,10.12,994.54,Diesel,69000.8
V053,2026-08-12T03:51:00+00:00,16.11,1490.05,Diesel,60151.3
V088,2026-08-27T16:50:00+00:00,17.38,1763.05,Petrol,84375.0
V008,2026-09-08T22:46:00+00:00,18.37,1871.84,Diesel,172627.0
V100,2026-09-16T18:39:00+00:00,17.32,1732.38,Diesel,97611.2
V034,2026-09-15T06:43:00+00:00,15.17,1459.97,Diesel,68644.3
V010,2026-08-19T00:39:00+00:00,31.19,3070.61,Diesel,117235.8
V060,2026-08-29T19:35:00+00:00,39.94,3736.45,Diesel,52232.8
V059,2026-09-02T19:22:00+00:00,44.64,4463.09,Diesel,13523.3
V060,2026-08-10T06:31:00+00:00,16.59,1542.5,Diesel,127128.1
V021,2026-08-12T04:53:00+00:00,43.07,4419.39,Diesel,37045.8
V017,2026-08-22T22:39:00+00:00,18.6,1845.63,Diesel,23586.9
V032,2026-09-19T16:51:00+00:00,26.74,2556.48,Petrol,93276.1
V080,2026-08-08T23:50:00+00:00,12.17,1149.51,Diesel,69730.5
V087,2026-09-08T22:41:00+00:00,39.49,3796.1,Petrol,68666.4
V005,2026-09-23T00:38:00+00:00,12.56,1244.69,Diesel,44685.7
V053,2026-08-08T10:32:00+00:00,40.03,3797.22,Diesel,121756.5
V066,2026-09-10T00:43:00+00:00,15.7,1568.97,Diesel,13910.0
V053,2026-08-27T21:50:00+00:00,16.83,1653.24,Diesel,124104.8
V017,2026-08-22T15:30:00+00:00,17.66,1713.16,Diesel,177187.4
V053,2026-08-31T02:49:00+00:00,19.0,1751.17,Diesel,72384.1
V091,2026-08-26T17:19:00+00:00,34.99,3417.26,Petrol,146770.3
V027,2026-08-04T05:55:00+00:00,38.05,3709.92,Diesel,132596.6
V066,2026-08-02T02:28:00+00:00,20.33,2001.58,Diesel,10988.0
V089,2026-09-13T08:35:00+00:00,42.48,4223.77,Diesel,142803.3
V013,2026-08-13T04:25:00+00:00,20.85,2065.08,Petrol,122789.7
V027,2026-08-23T11:12:00+00:00,40.31,4066.91,Diesel,54105.8
V019,2026-08-08T02:52:00+00:00,40.41,3798.72,Diesel,34258.6
V020,2026-09-08T16:32:00+00:00,33.84,3412.42,Diesel,111562.7
V096,2026-09-20T12:11:00+00:00,13.8,1309.1,Petrol,82926.5
V008,2026-09-19T05:03:00+00:00,37.83,3788.38,Diesel,98076.8
V064,2026-08-25T14:44:00+00:00,27.55,2753.0,Petrol,112046.7
V038,2026-08-23T05:18:00+00:00,20.3,2006.54,Petrol,130670.3
V030,2026-08-25T01:52:00+00:00,5.08,506.91,Diesel,152133.3
V080,2026-08-02T20:08:00+00:00,13.88,1326.64,Diesel,43349.6
V090,2026-09-20T12:50:00+00:00,10.02,935.5,Petrol,163505.4
V057,2026-08-23T07:48:00+00:00,30.77,3069.23,Diesel,94489.5
V009,2026-08-18T07:10:00+00:00,38.33,3586.23,Petrol,45058.8
V011,2026-09-09T17:22:00+00:00,33.08,3224.26,Diesel,20734.7
V044,2026-09-11T14:05:00+00:00,20.41,1970.94,Petrol,46499.0
V028,2026-09-20T05:09:00+00:00,13.18,1215.05,Diesel,166256.7
V099,2026-09-09T05:20:00+00:00,11.14,1093.94,Diesel,50549.0
V058,2026-08-27T17:46:00+00:00,19.41,1874.65,Petrol,5453.5
V084,2026-09-23T10:35:00+00:00,29.16,2753.08,Petrol,108379.3
V053,2026-09-06T03:39:00+00:00,10.57,981.56,Diesel,141958.8
V089,2026-09-01T05:00:00+00:00,31.27,3036.77,Diesel,50595.2
V078,2026-08-21T22:37:00+00:00,22.07,2184.2,Diesel,124466.0
V058,2026-08-21T22:12:00+00:00,42.44,4279.98,Petrol,46748.5
V095,2026-08-08T17:42:00+00:00,23.84,2244.43,Diesel,160427.2
V006,2026-08-12T20:00:00+00:00,37.34,3776.99,Diesel,136490.3
V046,2026-08-19T04:22:00+00:00,43.34,4284.51,Diesel,138727.5
V093,2026-09-21T23:35:00+00:00,40.84,3994.04,Diesel,149971.1
V049,2026-08-05T10:10:00+00:00,31.78,2938.25,Diesel,89602.1
V009,2026-08-23T04:54:00+00:00,12.76,1262.01,Petrol,88214.5
V042,2026-08-24T00:03:00+00:00,36.64,3475.54,Diesel,79759.3
V093,2026-09-01T16:53:00+00:00,27.59,2830.01,Diesel,131091.8
V050,2026-08-13T22:42:00+00:00,10.63,1012.46,Diesel,47732.9
V027,2026-09-14T11:14:00+00:00,18.8,1777.8,Diesel,48892.0
V049,2026-08-10T01:54:00+00:00,26.97,2759.16,Diesel,21220.1
V052,2026-08-15T03:06:00+00:00,18.61,1879.41,Petrol,41685.1
V073,2026-08-24T06:37:00+00:00,33.51,3345.38,Petrol,80339.1
V028,2026-09-08T11:16:00+00:00,25.85,2547.79,Diesel,127407.3
V050,2026-08-25T01:11:00+00:00,36.1,3369.53,Diesel,25368.7
V085,2026-08-02T18:47:00+00:00,17.9,1782.0,Diesel,49096.4
V006,2026-09-24T16:22:00+00:00,32.68,3145.53,Diesel,143523.2
V034,2026-09-22T14:46:00+00:00,34.02,3303.2,Diesel,117602.8
V078,2026-08-29T15:45:00+00:00,34.4,3186.8,Diesel,52906.4
V060,2026-09-12T01:12:00+00:00,17.15,1676.92,Diesel,62986.1
V021,2026-09-09T17:29:00+00:00,40.11,3760.63,Diesel,158529.4
V027,2026-09-24T19:16:00+00:00,34.8,3390.84,Diesel,125313.1
V064,2026-09-21T04:14:00+00:00,27.12,2788.3,Petrol,127991.7
V088,2026-09-22T23:28:00+00:00,40.56,4028.2,Petrol,14409.1
V071,2026-08-19T21:42:00+00:00,18.58,1790.17,Diesel,7326.2
V022,2026-08-15T00:08:00+00:00,41.72,4070.65,Diesel,114315.6
V057,2026-09-04T22:49:00+00:00,36.95,3474.53,Diesel,70902.0
V093,2026-08-14T12:40:00+00:00,42.22,3941.73,Diesel,154280.6
V035,2026-09-06T15:18:00+00:00,22.93,2199.85,Petrol,120290.9
V039,2026-09-08T04:39:00+00:00,37.62,3503.06,Diesel,174888.9
V065,2026-09-24T13:39:00+00:00,5.43,550.51,Petrol,104775.9
V019,2026-08-13T21:44:00+00:00,40.24,4077.66,Diesel,94061.7
V080,2026-08-21T12:03:00+00:00,38.02,3738.07,Diesel,33626.0
V031,2026-09-14T11:37:00+00:00,28.33,2820.22,Diesel,19051.8
V055,2026-08-07T11:24:00+00:00,22.53,2134.84,Diesel,98741.4
V082,2026-08-04T14:17:00+00:00,41.13,4179.7,Diesel,125867.3
V024,2026-09-20T04:33:00+00:00,42.82,4015.57,Diesel,74255.8
V015,2026-08-18T01:59:00+00:00,34.14,3441.48,Diesel,136367.2
V050,2026-09-09T12:22:00+00:00,30.15,3018.28,Diesel,10270.6
V034,2026-09-03T22:37:00+00:00,38.21,3692.0,Diesel,66446.8
V001,2026-08-29T11:34:00+00:00,5.42,545.9,Petrol,41306.3
V025,2026-09-09T22:43:00+00:00,16.29,1618.53,Diesel,24476.0
V075,2026-08-05T20:14:00+00:00,25.64,2465.68,Diesel,42257.5
V027,2026-08-13T13:09:00+00:00,9.99,949.23,Diesel,63427.7
V055,2026-09-14T21:56:00+00:00,41.65,4261.49,Diesel,97816.7
V082,2026-08-01T14:44:00+00:00,29.66,2979.06,Diesel,76843.9
V022,2026-08-21T08:55:00+00:00,18.45,1761.31,Diesel,43244.0
V093,2026-08-25T12:20:00+00:00,40.02,4023.44,Diesel,71613.2
V009,2026-09-08T01:39:00+00:00,41.23,3893.53,Petrol,153872.4
V046,2026-08-08T13:35:00+00:00,41.68,4291.46,Diesel,109399.9
V099,2026-08-15T04:40:00+00:00,19.62,2008.67,Diesel,159012.7
V095,2026-09-01T13:51:00+00:00,37.33,3799.52,Diesel,83683.2
V086,2026-08-14T06:01:00+00:00,8.53,832.31,Diesel,82248.4
V088,2026-08-01T06:06:00+00:00,44.94,4562.56,Petrol,81678.6
V079,2026-08-01T16:30:00+00:00,8.5,862.42,Diesel,77401.3
V091,2026-08-26T03:42:00+00:00,7.8,738.47,Petrol,80787.7
V095,2026-09-04T16:25:00+00:00,28.28,2859.87,Diesel,62841.7
V083,2026-08-28T02:56:00+00:00,37.6,3600.78,Petrol,55902.8
V084,2026-09-06T18:44:00+00:00,8.13,810.6,Petrol,58231.5
V022,2026-08-15T00:58:00+00:00,32.41,3293.68,Diesel,79301.2
V009,2026-08-15T10:28:00+00:00,5.76,565.28,Petrol,151807.4
V036,2026-09-24T18:54:00+00:00,26.58,2463.36,Petrol,92335.9
V011,2026-09-24T08:21:00+00:00,16.09,1610.89,Diesel,145300.2
V090,2026-08-06T11:47:00+00:00,18.9,1933.96,Petrol,44952.1
V029,2026-08-22T10:11:00+00:00,16.02,1606.45,Diesel,140513.6
V031,2026-08-12T16:53:00+00:00,20.69,2067.07,Diesel,65108.2
V042,2026-08-18T18:18:00+00:00,36.33,3477.11,Diesel,52159.7
V052,2026-08-01T17:31:00+00:00,37.16,3672.84,Petrol,26615.5
V018,2026-09-06T16:05:00+00:00,35.69,3325.3,Diesel,118593.1
V094,2026-09-16T15:45:00+00:00,12.03,1149.15,Diesel,178464.3
V018,2026-09-08T11:46:00+00:00,31.85,2960.98,Diesel,99056.2
V009,2026-08-28T20:03:00+00:00,19.54,1996.97,Petrol,5113.9
V080,2026-08-03T20:31:00+00:00,18.39,1790.19,Diesel,16221.5
V076,2026-08-20T03:23:00+00:00,43.43,4262.51,Diesel,131005.4
V100,2026-08-17T11:47:00+00:00,32.04,3113.34,Diesel,70657.1
V090,2026-08-08T18:49:00+00:00,18.21,1804.49,Petrol,32762.0
V029,2026-09-18T04:21:00+00:00,32.48,3320.12,Diesel,171480.5
V084,2026-08-21T04:33:00+00:00,11.87,1098.2,Petrol,121953.1
V086,2026-09-18T04:51:00+00:00,32.89,3190.19,Diesel,67120.7
V006,2026-08-14T11:34:00+00:00,37.48,3736.3,Diesel,151830.8
V034,2026-08-04T18:09:00+00:00,6.31,595.77,Diesel,125598.0
V076,2026-09-11T05:36:00+00:00,39.63,3648.65,Diesel,72196.3
V062,2026-08-21T04:58:00+00:00,6.48,663.31,Diesel,61200.4
V055,2026-08-17T10:05:00+00:00,27.71,2605.35,Diesel,126432.0
V079,2026-08-06T21:30:00+00:00,15.26,1420.6,Diesel,57911.5
V083,2026-08-28T17:37:00+00:00,21.81,2077.13,Petrol,62289.6
V099,2026-09-08T16:54:00+00:00,16.18,1585.82,Diesel,94839.1
V053,2026-08-15T07:26:00+00:00,17.81,1707.27,Diesel,101810.2
V026,2026-09-20T10:14:00+00:00,35.21,3274.33,Petrol,19856.2
V066,2026-08-23T07:43:00+00:00,24.63,2444.16,Diesel,66393.6
V034,2026-08-09T04:49:00+00:00,6.68,619.08,Diesel,172418.9
V082,2026-08-31T11:54:00+00:00,15.98,1502.94,Diesel,67160.2
V084,2026-09-24T16:44:00+00:00,16.29,1576.53,Petrol,86944.5
V006,2026-09-09T04:34:00+00:00,21.99,2173.17,Diesel,154309.1
V083,2026-08-14T05:45:00+00:00,34.87,3583.27,Petrol,34515.2
V080,2026-09-13T15:37:00+00:00,26.29,2597.85,Diesel,158349.0
V008,2026-08-31T07:23:00+00:00,15.58,1503.0,Diesel,104810.0
V053,2026-08-18T15:17:00+00:00,8.25,784.83,Diesel,62139.1
V048,2026-08-01T13:36:00+00:00,6.01,571.64,Diesel,110283.3
V012,2026-08-26T13:10:00+00:00,42.46,4258.6,Diesel,109637.5
V065,2026-08-10T01:36:00+00:00,17.07,1730.12,Petrol,61516.9
V032,2026-08-31T18:56:00+00:00,15.78,1461.98,Petrol,141733.1
V002,2026-08-12T02:10:00+00:00,35.46,3379.01,Petrol,142245.1
V058,2026-08-22T10:49:00+00:00,31.78,3039.94,Petrol,102065.9
V006,2026-09-10T02:08:00+00:00,23.65,2298.75,Diesel,159087.2
V053,2026-09-02T20:31:00+00:00,13.29,1310.47,Diesel,16548.8
V060,2026-09-24T01:36:00+00:00,10.04,995.8,Diesel,62459.1
V075,2026-09-04T12:48:00+00:00,28.5,2755.67,Diesel,167790.2
V035,2026-08-30T19:22:00+00:00,25.79,2553.04,Petrol,62918.6
V065,2026-08-24T09:53:00+00:00,9.38,901.56,Petrol,49360.2
V054,2026-09-20T09:47:00+00:00,36.08,3329.91,Diesel,68943.0
V031,2026-08-19T18:02:00+00:00,27.61,2716.48,Diesel,83978.2
V079,2026-08-01T06:31:00+00:00,38.13,3525.22,Diesel,17789.4
V032,2026-09-03T17:44:00+00:00,20.88,2082.55,Petrol,122470.3
V063,2026-08-16T09:58:00+00:00,34.71,3391.28,Diesel,81054.3
V072,2026-08-18T05:34:00+00:00,33.33,3235.96,Diesel,96683.9
V029,2026-08-06T02:56:00+00:00,7.8,758.72,Diesel,26459.8
V015,2026-08-29T05:24:00+00:00,13.7,1382.55,Diesel,64497.7
V079,2026-08-29T19:56:00+00:00,24.04,2289.17,Diesel,90000.5
V084,2026-09-17T19:45:00+00:00,31.55,2906.58,Petrol,103891.6
V006,2026-08-30T18:40:00+00:00,32.65,3022.0,Diesel,61932.2
V026,2026-09-11T23:11:00+00:00,35.84,3304.51,Petrol,141356.8
V093,2026-09-14T22:06:00+00:00,15.0,1470.71,Diesel,65564.5
V061,2026-09-12T01:07:00+00:00,10.69,989.08,Petrol,120438.2
V034,2026-08-02T22:26:00+00:00,33.86,3301.93,Diesel,59445.6
V023,2026-08-10T19:14:00+00:00,28.19,2653.79,Diesel,176408.2
V093,2026-09-04T22:30:00+00:00,24.19,2303.46,Diesel,68539.7
V077,2026-09-21T20:11:00+00:00,36.18,3630.72,Diesel,41915.9
V065,2026-08-17T04:47:00+00:00,6.29,616.49,Petrol,106515.5
V054,2026-09-21T22:08:00+00:00,30.6,2980.12,Diesel,157323.2
V077,2026-09-18T21:52:00+00:00,17.75,1762.71,Diesel,130716.9
V074,2026-08-26T10:55:00+00:00,37.29,3553.87,Diesel,83475.8
V087,2026-09-24T07:33:00+00:00,38.97,3862.38,Petrol,167727.2
V092,2026-09-03T19:08:00+00:00,16.57,1631.92,Diesel,165656.0
V069,2026-09-02T05:22:00+00:00,18.24,1814.19,Petrol,160569.4
V095,2026-09-04T10:11:00+00:00,40.57,4087.97,Diesel,81159.6
V063,2026-09-19T21:51:00+00:00,44.24,4512.94,Diesel,61379.4
V090,2026-08-13T21:13:00+00:00,44.76,4569.64,Petrol,81474.5
V081,2026-08-03T18:34:00+00:00,11.95,1213.02,Diesel,33777.4
V087,2026-09-07T02:58:00+00:00,39.32,3681.82,Petrol,172370.3
V007,2026-08-18T16:55:00+00:00,17.93,1831.29,Petrol,145301.7
V081,2026-08-06T08:26:00+00:00,33.66,3301.12,Diesel,172450.8
V072,2026-09-15T06:54:00+00:00,24.7,2487.41,Diesel,137620.4
V090,2026-08-05T09:05:00+00:00,28.14,2759.36,Petrol,126167.3
V037,2026-08-09T20:04:00+00:00,21.16,2107.35,Diesel,43314.6
V098,2026-09-14T19:00:00+00:00,27.99,2809.62,Diesel,104919.0
V048,2026-08-26T23:35:00+00:00,22.2,2279.29,Diesel,19927.4
V029,2026-08-01T20:18:00+00:00,16.91,1666.83,Diesel,36902.3
V036,2026-08-16T20:18:00+00:00,28.91,2837.51,Petrol,104745.9
V053,2026-09-05T12:24:00+00:00,9.35,923.26,Diesel,108199.6
V039,2026-09-01T07:31:00+00:00,9.09,866.45,Diesel,134181.7
V091,2026-08-02T08:55:00+00:00,41.75,3916.62,Petrol,179990.1
V075,2026-08-24T10:47:00+00:00,19.57,1925.78,Diesel,91379.4
V014,2026-09-04T12:57:00+00:00,8.57,805.88,Diesel,135751.5
V015,2026-08-15T16:51:00+00:00,12.17,1194.3,Diesel,113121.2
V072,2026-08-18T01:19:00+00:00,9.32,921.8,Diesel,74025.6
V025,2026-09-20T02:10:00+00:00,31.53,3181.61,Diesel,122247.8
V022,2026-08-20T10:57:00+00:00,38.53,3611.66,Diesel,156790.8
V086,2026-08-23T18:32:00+00:00,37.02,3666.25,Diesel,104813.5
V090,2026-09-17T13:39:00+00:00,38.48,3917.52,Petrol,172626.2
V079,2026-08-09T05:43:00+00:00,21.92,2215.13,Diesel,171892.7
V069,2026-08-31T20:01:00+00:00,40.1,3971.65,Petrol,126275.9
V038,2026-09-23T17:45:00+00:00,13.59,1362.22,Petrol,113536.8
V020,2026-09-24T12:44:00+00:00,30.15,2890.26,Diesel,92125.6
V091,2026-08-29T04:29:00+00:00,28.26,2713.07,Petrol,155507.6
V045,2026-08-07T12:33:00+00:00,39.99,3691.04,Diesel,162776.6
V032,2026-09-14T18:24:00+00:00,7.71,739.14,Petrol,127654.3
V049,2026-08-07T09:57:00+00:00,38.83,3752.41,Diesel,42620.3
V063,2026-09-09T18:22:00+00:00,21.74,2128.93,Diesel,124236.0
V076,2026-09-23T08:09:00+00:00,43.79,4147.46,Diesel,138755.3
V100,2026-08-11T10:33:00+00:00,20.94,2138.53,Diesel,162222.7
V097,2026-08-01T04:36:00+00:00,12.78,1219.83,Diesel,42731.6
V098,2026-08-10T09:00:00+00:00,40.24,3974.93,Diesel,121624.0
V036,2026-08-17T11:53:00+00:00,14.56,1340.47,Petrol,179404.7
V081,2026-09-02T14:06:00+00:00,26.57,2671.3,Diesel,160460.1
V008,2026-09-14T13:18:00+00:00,26.74,2605.19,Diesel,7949.8
V086,2026-09-04T18:32:00+00:00,11.51,1110.39,Diesel,119268.7
V013,2026-08-11T11:56:00+00:00,43.94,4419.06,Petrol,148572.5
V086,2026-08-26T16:17:00+00:00,6.16,599.73,Diesel,150722.5
V048,2026-08-02T19:09:00+00:00,44.86,4318.58,Diesel,95909.3
V100,2026-08-24T03:04:00+00:00,5.57,527.75,Diesel,62224.8
V075,2026-08-30T04:00:00+00:00,29.0,2877.47,Diesel,10999.0
V012,2026-08-06T22:52:00+00:00,10.43,1069.32,Diesel,89620.5
V100,2026-08-13T05:10:00+00:00,35.66,3280.99,Diesel,148389.9
V038,2026-09-13T08:51:00+00:00,40.27,4010.54,Petrol,8677.6
V066,2026-08-28T23:19:00+00:00,41.88,3951.12,Diesel,27928.0
V030,2026-08-24T21:27:00+00:00,26.44,2530.78,Diesel,35367.6
V050,2026-09-12T09:54:00+00:00,40.7,3996.22,Diesel,51003.8
V034,2026-08-02T06:39:00+00:00,34.33,3240.04,Diesel,174351.7
V026,2026-08-27T02:07:00+00:00,36.84,3471.87,Petrol,65949.1
V060,2026-09-05T18:57:00+00:00,43.28,4182.44,Diesel,18216.6
V041,2026-08-27T10:16:00+00:00,26.2,2668.95,Diesel,107851.6
V030,2026-08-19T00:39:00+00:00,18.28,1829.65,Diesel,80761.7
V019,2026-08-13T01:35:00+00:00,38.16,3687.28,Diesel,91988.7
V044,2026-08-25T15:55:00+00:00,33.47,3326.02,Petrol,67079.6
V036,2026-08-07T22:17:00+00:00,35.7,3448.7,Petrol,90547.6
V050,2026-08-22T23:32:00+00:00,25.28,2369.57,Diesel,94378.0
V031,2026-09-07T15:23:00+00:00,8.97,867.99,Diesel,7331.7
V089,2026-09-04T12:32:00+00:00,10.18,1033.9,Diesel,93234.9
V023,2026-08-13T13:12:00+00:00,15.26,1482.09,Diesel,65695.6
V029,2026-09-14T02:36:00+00:00,41.33,4027.63,Diesel,130296.0
V078,2026-09-08T22:52:00+00:00,15.4,1570.66,Diesel,26793.8
V088,2026-09-02T21:34:00+00:00,18.67,1779.32,Petrol,79674.8
V094,2026-08-25T22:24:00+00:00,13.04,1247.04,Diesel,30143.1
V063,2026-08-25T18:08:00+00:00,21.13,1945.22,Diesel,168985.0
V045,2026-08-28T01:44:00+00:00,43.22,4060.68,Diesel,92232.3
V011,2026-08-05T10:10:00+00:00,32.07,3084.29,Diesel,142515.6
V033,2026-08-30T01:54:00+00:00,39.62,3738.5,Diesel,60663.1
V025,2026-08-07T23:12:00+00:00,16.11,1534.74,Diesel,117518.8
V010,2026-09-20T11:35:00+00:00,10.98,1104.9,Diesel,27209.4
V030,2026-08-16T15:37:00+00:00,33.28,3369.18,Diesel,22656.1
V071,2026-09-04T07:57:00+00:00,12.98,1284.68,Diesel,125104.3
V017,2026-09-14T14:12:00+00:00,8.98,854.36,Diesel,26324.8
V007,2026-09-11T17:53:00+00:00,26.36,2538.89,Petrol,109925.7
V011,2026-09-22T18:45:00+00:00,37.49,3465.09,Diesel,66078.8
V023,2026-09-12T02:30:00+00:00,7.09,668.67,Diesel,90095.9
V035,2026-09-13T23:17:00+00:00,5.97,573.4,Petrol,11383.7
V057,2026-08-02T09:19:00+00:00,11.82,1183.42,Diesel,167064.6
V032,2026-08-22T04:21:00+00:00,30.78,3123.25,Petrol,106019.5
V096,2026-08-26T06:30:00+00:00,33.67,3227.5,Petrol,131612.5
V013,2026-08-02T07:44:00+00:00,8.95,879.98,Petrol,172783.6
V021,2026-08-06T05:03:00+00:00,26.46,2595.78,Diesel,131340.0
V049,2026-08-17T12:16:00+00:00,24.34,2495.75,Diesel,166213.9
V032,2026-08-11T11:57:00+00:00,17.85,1677.15,Petrol,61140.4
V076,2026-08-16T10:59:00+00:00,7.22,710.29,Diesel,17874.1
V063,2026-08-03T03:14:00+00:00,38.37,3548.54,Diesel,106176.1
V033,2026-09-11T04:52:00+00:00,23.41,2223.25,Diesel,113133.6
V014,2026-09-18T13:17:00+00:00,42.17,4209.94,Diesel,172478.9
V100,2026-09-13T16:58:00+00:00,43.04,4223.81,Diesel,5313.6
V067,2026-08-01T05:22:00+00:00,10.91,1031.57,Petrol,172102.9
V039,2026-08-24T13:14:00+00:00,8.17,774.71,Diesel,137796.0
V006,2026-09-18T11:16:00+00:00,19.63,1832.64,Diesel,6012.3
V036,2026-09-12T18:43:00+00:00,6.66,615.82,Petrol,69415.1
V090,2026-09-09T21:05:00+00:00,22.57,2195.13,Petrol,170902.9
V041,2026-09-11T10:40:00+00:00,34.6,3394.47,Diesel,106832.2
V087,2026-08-06T14:18:00+00:00,9.82,929.9,Petrol,81527.2
V002,2026-09-21T06:53:00+00:00,8.16,790.53,Petrol,39410.5
V006,2026-09-22T18:41:00+00:00,8.79,903.53,Diesel,15283.8
V095,2026-08-27T13:00:00+00:00,37.9,3598.39,Diesel,14493.5
V097,2026-08-12T05:17:00+00:00,7.72,720.73,Diesel,46327.4
V090,2026-08-03T22:31:00+00:00,16.26,1667.02,Petrol,175815.7
V096,2026-09-16T09:08:00+00:00,30.49,2975.33,Petrol,67313.9
V003,2026-08-11T16:58:00+00:00,21.89,2110.2,Diesel,114137.4
V061,2026-08-28T01:28:00+00:00,10.34,963.09,Petrol,139666.6
V022,2026-08-26T14:35:00+00:00,35.45,3579.47,Diesel,57651.6
V040,2026-08-18T10:03:00+00:00,14.19,1436.36,Diesel,54135.4
V089,2026-08-14T11:22:00+00:00,5.45,523.31,Diesel,50289.3
V036,2026-08-13T12:36:00+00:00,44.27,4165.49,Petrol,157583.7
V082,2026-08-15T12:26:00+00:00,11.39,1130.85,Diesel,169190.2
V099,2026-08-04T23:41:00+00:00,32.41,3039.17,Diesel,72956.2
V005,2026-09-19T06:44:00+00:00,19.82,1991.86,Diesel,40305.9
V066,2026-09-20T02:36:00+00:00,10.32,985.93,Diesel,127352.8
V060,2026-08-14T11:55:00+00:00,6.08,585.26,Diesel,158965.1
V094,2026-08-22T00:51:00+00:00,16.63,1660.5,Diesel,104570.9
V035,2026-09-01T00:21:00+00:00,37.03,3592.77,Petrol,11694.1
V025,2026-09-24T06:15:00+00:00,19.59,1988.16,Diesel,52296.0
V074,2026-08-14T01:18:00+00:00,15.47,1506.68,Diesel,7760.0
V073,2026-09-05T16:37:00+00:00,41.12,4094.3,Petrol,24396.1
V016,2026-09-04T07:14:00+00:00,9.4,923.83,Diesel,63801.4
V012,2026-08-18T18:31:00+00:00,11.9,1105.81,Diesel,30532.4
V063,2026-08-11T17:39:00+00:00,22.35,2173.98,Diesel,9493.1
V066,2026-08-20T15:06:00+00:00,17.34,1646.58,Diesel,107077.6
V003,2026-08-04T20:39:00+00:00,22.84,2130.85,Diesel,158869.9
V070,2026-08-17T00:42:00+00:00,29.7,2817.07,Diesel,11364.3
V041,2026-09-18T03:20:00+00:00,38.23,3858.64,Diesel,24317.8
V028,2026-08-08T11:26:00+00:00,5.32,507.23,Diesel,163654.5
V017,2026-08-02T09:51:00+00:00,30.9,2923.27,Diesel,103421.3
V049,2026-08-04T16:14:00+00:00,20.9,2108.29,Diesel,140105.8
V100,2026-09-22T22:13:00+00:00,10.74,1038.31,Diesel,18550.3
V081,2026-09-11T22:42:00+00:00,40.78,3950.21,Diesel,6512.4
V093,2026-08-27T05:32:00+00:00,43.02,4299.25,Diesel,87596.4
V083,2026-09-04T08:01:00+00:00,19.47,1839.6,Petrol,5917.3
V029,2026-08-14T06:23:00+00:00,37.38,3619.3,Diesel,114622.5
V047,2026-08-22T16:06:00+00:00,19.39,1937.01,Petrol,63942.2
V002,2026-08-23T02:46:00+00:00,38.61,3618.24,Petrol,110078.3
V089,2026-08-05T19:36:00+00:00,13.95,1284.42,Diesel,49128.3
V069,2026-08-11T02:39:00+00:00,42.9,4233.45,Petrol,51434.3
V065,2026-09-08T02:31:00+00:00,26.66,2568.75,Petrol,60899.9
V092,2026-08-27T22:32:00+00:00,43.08,4035.07,Diesel,64633.9
V014,2026-09-24T07:10:00+00:00,37.41,3731.98,Diesel,139554.0
V045,2026-08-27T22:41:00+00:00,25.34,2601.72,Diesel,128558.1
V027,2026-08-12T13:30:00+00:00,28.56,2732.1,Diesel,143295.8
V081,2026-08-22T12:03:00+00:00,12.6,1212.34,Diesel,84924.9
V001,2026-08-02T00:20:00+00:00,37.3,3475.27,Petrol,158662.1
V091,2026-09-01T05:02:00+00:00,40.31,3720.56,Petrol,37860.6
V008,2026-09-17T22:03:00+00:00,8.2,821.31,Diesel,91346.3
V017,2026-08-28T14:41:00+00:00,32.97,3319.44,Diesel,78354.0
V098,2026-08-07T09:20:00+00:00,28.17,2768.56,Diesel,157065.3
V068,2026-08-20T08:55:00+00:00,18.79,1894.43,Diesel,124575.5
V081,2026-09-18T08:31:00+00:00,35.78,3535.44,Diesel,9842.4
V064,2026-09-17T18:18:00+00:00,8.51,798.61,Petrol,126974.8
V036,2026-08-11T08:25:00+00:00,24.74,2319.48,Petrol,72884.2
V071,2026-09-09T21:43:00+00:00,37.53,3574.84,Diesel,112595.2
V063,2026-09-18T12:37:00+00:00,23.12,2312.27,Diesel,105147.6
V056,2026-09-22T13:44:00+00:00,28.25,2822.94,Diesel,78703.1
V039,2026-09-13T13:06:00+00:00,34.02,3352.47,Diesel,38732.6
V015,2026-08-29T18:16:00+00:00,24.87,2355.76,Diesel,175506.8
V053,2026-08-18T02:41:00+00:00,23.13,2204.89,Diesel,42560.1
V057,2026-08-27T09:02:00+00:00,35.62,3574.91,Diesel,44734.4
V075,2026-09-16T01:35:00+00:00,8.14,809.2,Diesel,122243.9
V026,2026-09-19T09:16:00+00:00,33.14,3199.75,Petrol,66442.5
V056,2026-09-20T19:12:00+00:00,25.8,2377.63,Diesel,93672.8
V028,2026-08-25T07:04:00+00:00,31.21,2944.83,Diesel,139445.6
V053,2026-08-10T21:17:00+00:00,10.76,1080.71,Diesel,177107.7
V064,2026-08-25T16:45:00+00:00,38.63,3660.97,Petrol,147985.4
V030,2026-08-06T15:57:00+00:00,32.32,3132.05,Diesel,13119.4
V073,2026-09-03T16:46:00+00:00,40.95,4069.09,Petrol,131024.1
V054,2026-08-19T05:51:00+00:00,41.66,3870.11,Diesel,151817.7
V088,2026-09-06T15:18:00+00:00,39.09,3829.96,Petrol,56317.3
V048,2026-09-07T11:58:00+00:00,34.95,3580.57,Diesel,87880.3
V061,2026-08-31T17:27:00+00:00,21.08,1973.4,Petrol,120397.9
V010,2026-08-29T02:28:00+00:00,27.34,2678.94,Diesel,133783.0
V030,2026-09-18T04:40:00+00:00,41.88,3915.65,Diesel,168999.4
V018,2026-09-21T07:47:00+00:00,42.4,3928.51,Diesel,109175.0
V020,2026-09-21T02:00:00+00:00,13.29,1308.44,Diesel,75575.0
V005,2026-08-25T15:40:00+00:00,13.31,1320.27,Diesel,81164.1
V093,2026-09-18T22:13:00+00:00,26.74,2671.34,Diesel,147446.9
V038,2026-09-09T11:35:00+00:00,14.49,1444.71,Petrol,138311.9
V020,2026-09-13T07:00:00+00:00,23.12,2127.08,Diesel,134496.0
V085,2026-08-22T09:31:00+00:00,43.39,4123.51,Diesel,143635.3
V042,2026-09-09T02:51:00+00:00,25.27,2337.87,Diesel,118276.0
V012,2026-08-04T11:38:00+00:00,33.41,3409.51,Diesel,23244.3
V083,2026-09-17T11:21:00+00:00,29.74,2755.65,Petrol,56251.9
V060,2026-08-05T06:47:00+00:00,6.22,581.81,Diesel,94158.2
V003,2026-09-01T13:51:00+00:00,35.59,3479.16,Diesel,117069.3
V001,2026-09-23T07:07:00+00:00,19.56,1860.12,Petrol,94929.4
V092,2026-08-03T17:41:00+00:00,37.61,3871.21,Diesel,173142.4
V067,2026-08-19T07:46:00+00:00,35.24,3602.77,Petrol,62552.1
V081,2026-09-23T07:23:00+00:00,39.29,3848.77,Diesel,69664.2
V083,2026-09-20T21:25:00+00:00,6.72,637.09,Petrol,140130.3
V070,2026-08-27T23:10:00+00:00,7.46,720.23,Diesel,120003.7
V080,2026-09-22T13:37:00+00:00,25.88,2590.45,Diesel,6884.7
V023,2026-09-12T02:55:00+00:00,23.38,2201.08,Diesel,99723.5
V035,2026-08-13T00:11:00+00:00,13.49,1359.8,Petrol,63163.1
V003,2026-09-02T12:08:00+00:00,14.52,1388.57,Diesel,37258.7
V072,2026-08-31T14:15:00+00:00,8.88,887.17,Diesel,13355.5
V095,2026-08-26T02:55:00+00:00,16.36,1523.36,Diesel,162999.3
V045,2026-09-04T22:27:00+00:00,6.78,685.11,Diesel,58757.5
V040,2026-09-05T01:38:00+00:00,16.56,1590.02,Diesel,178432.6
V068,2026-08-02T22:52:00+00:00,8.48,823.07,Diesel,158860.8
V066,2026-08-09T06:47:00+00:00,14.56,1434.8,Diesel,177042.3
V096,2026-08-25T14:33:00+00:00,27.43,2650.75,Petrol,169017.0
V016,2026-08-17T14:34:00+00:00,44.64,4265.01,Diesel,161739.6
V054,2026-08-05T17:23:00+00:00,35.89,3559.0,Diesel,6538.2
V018,2026-08-25T16:15:00+00:00,9.74,982.43,Diesel,20952.9
V050,2026-08-12T17:31:00+00:00,24.52,2493.69,Diesel,7465.4
V018,2026-09-12T04:01:00+00:00,8.72,847.92,Diesel,86958.0
V011,2026-08-03T22:41:00+00:00,10.81,1017.87,Diesel,166792.6
V071,2026-08-15T08:30:00+00:00,14.37,1460.12,Diesel,28564.2
V045,2026-08-27T04:14:00+00:00,38.32,3709.64,Diesel,109280.9
V089,2026-09-11T21:10:00+00:00,29.18,2913.9,Diesel,90172.1
V089,2026-08-11T11:17:00+00:00,7.56,705.0,Diesel,51632.9
V021,2026-09-10T14:55:00+00:00,16.95,1697.67,Diesel,100027.2
V052,2026-08-26T08:51:00+00:00,9.19,930.55,Petrol,80302.6
V026,2026-09-19T16:05:00+00:00,44.07,4457.36,Petrol,83033.0
V090,2026-08-30T08:58:00+00:00,25.01,2344.97,Petrol,54112.3
V057,2026-09-18T11:17:00+00:00,42.67,3965.37,Diesel,43367.6
V074,2026-09-19T09:19:00+00:00,16.57,1635.13,Diesel,95118.5
V010,2026-08-25T00:48:00+00:00,24.75,2491.16,Diesel,48805.8
V071,2026-08-02T17:59:00+00:00,15.42,1491.62,Diesel,12080.0
V088,2026-09-20T06:21:00+00:00,12.69,1170.76,Petrol,129166.3
V009,2026-08-12T18:29:00+00:00,25.44,2521.27,Petrol,140106.5
V084,2026-09-04T11:24:00+00:00,32.34,3248.94,Petrol,164170.4
V060,2026-08-05T08:34:00+00:00,37.79,3804.06,Diesel,62004.6
V069,2026-09-12T12:37:00+00:00,30.97,2960.48,Petrol,37421.8
V041,2026-08-18T09:54:00+00:00,27.21,2521.7,Diesel,144386.9
V098,2026-08-18T06:46:00+00:00,23.56,2195.33,Diesel,28533.3
V084,2026-09-09T01:57:00+00:00,27.86,2724.81,Petrol,156714.9
V087,2026-09-18T05:20:00+00:00,5.17,479.96,Petrol,52626.1
V074,2026-09-15T18:46:00+00:00,32.83,3366.0,Diesel,154159.6
V043,2026-08-24T07:15:00+00:00,31.26,3174.06,Diesel,8852.2
V013,2026-09-05T14:06:00+00:00,7.83,806.09,Petrol,65252.7
V081,2026-08-16T18:05:00+00:00,10.56,1076.38,Diesel,124745.5
V046,2026-08-12T19:12:00+00:00,31.7,2995.37,Diesel,121297.0
V047,2026-09-11T03:50:00+00:00,37.89,3796.41,Petrol,155113.0
V027,2026-09-04T16:04:00+00:00,10.78,1032.34,Diesel,18016.9
V060,2026-08-24T06:05:00+00:00,42.05,4236.26,Diesel,33309.0
V025,2026-09-01T17:35:00+00:00,32.1,3099.57,Diesel,152114.1
V088,2026-08-31T14:15:00+00:00,18.83,1785.36,Petrol,128996.6
V054,2026-09-15T07:58:00+00:00,15.61,1526.4,Diesel,49309.2
V021,2026-08-29T10:00:00+00:00,32.34,3173.17,Diesel,51332.6
V024,2026-08-23T09:36:00+00:00,18.78,1847.59,Diesel,157856.3
V052,2026-08-01T17:30:00+00:00,44.66,4368.35,Petrol,131388.3
V086,2026-08-14T22:01:00+00:00,8.06,798.76,Diesel,145850.9
V074,2026-09-13T01:29:00+00:00,22.11,2044.44,Diesel,47192.7
V098,2026-09-12T19:11:00+00:00,32.93,3383.79,Diesel,22034.3
V045,2026-09-01T11:16:00+00:00,8.19,796.19,Diesel,79579.2
V076,2026-08-23T05:31:00+00:00,36.63,3612.18,Diesel,61186.7
V088,2026-08-19T13:12:00+00:00,6.2,608.65,Petrol,45392.0
V052,2026-08-26T13:23:00+00:00,17.93,1709.67,Petrol,111369.3
V002,2026-08-12T16:34:00+00:00,22.38,2296.55,Petrol,11815.9
V028,2026-08-17T16:15:00+00:00,17.06,1645.15,Diesel,145926.5
V043,2026-09-10T13:01:00+00:00,33.89,3119.93,Diesel,76879.1
V059,2026-08-01T10:58:00+00:00,31.82,3098.56,Diesel,62992.3
V068,2026-08-28T01:27:00+00:00,42.6,4051.58,Diesel,11814.9
V062,2026-08-19T14:06:00+00:00,36.99,3452.94,Diesel,49232.8
V040,2026-08-06T05:02:00+00:00,16.2,1555.73,Diesel,138865.5
V033,2026-08-25T10:23:00+00:00,18.21,1749.01,Diesel,152797.1
V013,2026-09-24T11:24:00+00:00,22.98,2189.86,Petrol,73920.1
V054,2026-09-13T23:07:00+00:00,14.44,1419.1,Diesel,115106.3
V046,2026-08-26T02:09:00+00:00,25.87,2388.14,Diesel,99142.3
V034,2026-09-09T06:29:00+00:00,8.77,894.43,Diesel,45539.4
V023,2026-08-07T11:37:00+00:00,8.54,794.12,Diesel,15698.9
V014,2026-09-16T07:51:00+00:00,27.96,2706.07,Diesel,51328.0
V060,2026-08-05T03:28:00+00:00,38.71,3937.68,Diesel,158998.6
V077,2026-08-25T03:13:00+00:00,19.05,1942.42,Diesel,145277.6
V011,2026-08-03T17:22:00+00:00,8.3,820.31,Diesel,75238.1
V069,2026-08-25T18:35:00+00:00,36.02,3477.61,Petrol,105182.8
V093,2026-08-21T12:28:00+00:00,17.97,1658.88,Diesel,14577.3
V046,2026-09-18T08:04:00+00:00,12.34,1230.55,Diesel,44105.1
V077,2026-09-10T08:59:00+00:00,41.65,4228.22,Diesel,61466.4
V053,2026-08-24T01:44:00+00:00,32.23,3173.78,Diesel,98434.8
V060,2026-08-03T05:34:00+00:00,17.35,1738.63,Diesel,125611.9
V011,2026-08-15T09:49:00+00:00,6.63,643.57,Diesel,128567.3
V017,2026-08-21T21:41:00+00:00,10.32,969.51,Diesel,18752.6
V090,2026-09-07T13:20:00+00:00,31.82,3004.98,Petrol,23893.8
V085,2026-08-14T18:53:00+00:00,9.31,905.33,Diesel,89380.0
V092,2026-09-21T15:39:00+00:00,42.02,4165.64,Diesel,33418.8
V060,2026-08-01T09:16:00+00:00,21.79,2199.05,Diesel,144809.9
V078,2026-09-04T12:23:00+00:00,42.51,4333.31,Diesel,134934.3
V068,2026-08-18T03:34:00+00:00,30.6,3064.88,Diesel,58654.9
V026,2026-09-19T06:42:00+00:00,30.24,3080.0,Petrol,29901.2
V036,2026-08-30T20:15:00+00:00,33.87,3168.13,Petrol,94801.5
V024,2026-09-10T18:49:00+00:00,38.0,3569.6,Diesel,122475.7
V074,2026-08-23T17:03:00+00:00,41.5,4185.85,Diesel,169764.8
V032,2026-08-16T12:37:00+00:00,9.4,967.95,Petrol,21436.5
V039,2026-09-07T05:53:00+00:00,26.31,2474.7,Diesel,73064.3
V100,2026-08-13T22:18:00+00:00,26.2,2454.03,Diesel,103500.3
V046,2026-08-18T15:43:00+00:00,15.11,1391.93,Diesel,173400.3
V059,2026-09-16T04:59:00+00:00,41.18,3946.86,Diesel,94892.3
V073,2026-08-01T16:45:00+00:00,38.32,3657.67,Petrol,110924.3
V066,2026-08-01T18:28:00+00:00,26.47,2721.06,Diesel,27516.3
V045,2026-09-22T23:10:00+00:00,40.88,4066.18,Diesel,172747.2
V033,2026-09-15T17:09:00+00:00,16.3,1530.47,Diesel,90790.5
V069,2026-08-15T07:24:00+00:00,11.24,1083.18,Petrol,45015.3
V057,2026-08-24T13:12:00+00:00,30.01,2874.4,Diesel,177217.0
V073,2026-08-07T15:54:00+00:00,5.03,515.47,Petrol,154099.4
V090,2026-08-17T18:46:00+00:00,19.52,1820.97,Petrol,15641.3
V014,2026-09-13T00:08:00+00:00,26.86,2659.92,Diesel,147238.2
V072,2026-08-10T08:00:00+00:00,28.5,2918.62,Diesel,163560.4
V025,2026-08-11T07:45:00+00:00,7.2,728.18,Diesel,86221.7
V085,2026-08-20T18:49:00+00:00,35.34,3466.15,Diesel,132980.3
V004,2026-08-23T10:51:00+00:00,5.64,570.44,Diesel,117633.9
V056,2026-08-15T13:29:00+00:00,35.7,3458.69,Diesel,41068.1
V001,2026-08-11T06:58:00+00:00,15.35,1419.92,Petrol,10174.6
V084,2026-08-14T01:28:00+00:00,11.58,1187.22,Petrol,90657.9
V040,2026-08-16T21:48:00+00:00,24.04,2285.8,Diesel,97101.3
V014,2026-08-01T02:55:00+00:00,11.01,1036.74,Diesel,44538.4
V072,2026-09-16T11:45:00+00:00,21.43,2103.7,Diesel,43214.7
V087,2026-08-13T13:04:00+00:00,14.08,1302.74,Petrol,54670.8
V067,2026-08-02T13:18:00+00:00,32.75,3329.64,Petrol,20487.4
V035,2026-08-07T17:41:00+00:00,25.62,2566.89,Petrol,76787.1
V097,2026-08-14T11:58:00+00:00,28.24,2704.39,Diesel,150880.8
V051,2026-09-12T08:16:00+00:00,19.74,2013.04,Diesel,93602.4
V070,2026-08-04T15:38:00+00:00,29.34,2802.15,Diesel,19835.0
V051,2026-08-14T11:11:00+00:00,7.58,780.54,Diesel,27307.5
V039,2026-08-09T17:26:00+00:00,40.53,4043.83,Diesel,31741.0
V048,2026-08-25T01:24:00+00:00,38.94,3888.25,Diesel,38708.3
V086,2026-08-07T17:51:00+00:00,18.1,1829.52,Diesel,152457.7
V097,2026-08-03T05:08:00+00:00,31.29,3221.67,Diesel,91526.3
V018,2026-09-13T01:46:00+00:00,36.2,3717.02,Diesel,55383.2
V019,2026-08-11T21:39:00+00:00,30.91,2998.6,Diesel,97536.4
V058,2026-09-10T17:06:00+00:00,34.88,3287.2,Petrol,146348.3
V009,2026-08-11T20:06:00+00:00,6.12,571.22,Petrol,31769.2
V040,2026-08-05T17:18:00+00:00,14.61,1349.13,Diesel,57940.3
V044,2026-08-26T10:08:00+00:00,24.86,2482.79,Petrol,72047.0
V064,2026-08-31T17:23:00+00:00,17.39,1708.08,Petrol,17818.7
V082,2026-08-27T01:06:00+00:00,36.86,3426.9,Diesel,160742.4
V039,2026-08-12T12:37:00+00:00,28.4,2876.78,Diesel,87779.3
V091,2026-08-10T18:30:00+00:00,32.56,3050.01,Petrol,126267.1
V092,2026-08-13T05:26:00+00:00,6.81,649.05,Diesel,125220.5
V063,2026-09-06T05:39:00+00:00,37.88,3808.24,Diesel,89906.1
V017,2026-08-03T13:26:00+00:00,17.5,1715.88,Diesel,144697.7
V071,2026-09-11T13:46:00+00:00,43.28,3989.71,Diesel,12301.8
V082,2026-08-27T02:51:00+00:00,6.45,664.25,Diesel,150363.1
V022,2026-08-12T00:26:00+00:00,19.63,1838.02,Diesel,130734.9
V045,2026-08-06T06:03:00+00:00,15.69,1604.76,Diesel,142764.1
V084,2026-09-18T02:48:00+00:00,6.85,689.73,Petrol,176800.9
V070,2026-08-06T16:48:00+00:00,40.51,3945.11,Diesel,40636.6
V010,2026-09-07T19:24:00+00:00,12.2,1170.13,Diesel,19174.6
V041,2026-08-06T11:39:00+00:00,32.31,3001.85,Diesel,63899.3
V038,2026-08-13T03:08:00+00:00,30.1,3080.1,Petrol,85770.8
V022,2026-09-07T07:12:00+00:00,39.17,3723.86,Diesel,122059.2
V093,2026-08-13T07:33:00+00:00,27.8,2662.86,Diesel,133574.4
V062,2026-08-08T01:26:00+00:00,44.35,4361.44,Diesel,129806.7
V010,2026-08-21T01:39:00+00:00,38.42,3694.38,Diesel,99676.6
V028,2026-08-17T15:10:00+00:00,40.06,4091.33,Diesel,60904.0
V082,2026-09-11T21:31:00+00:00,12.44,1273.26,Diesel,108374.8
V005,2026-09-02T06:22:00+00:00,29.77,3031.08,Diesel,139628.8
V050,2026-08-05T04:09:00+00:00,18.91,1774.3,Diesel,125812.0
V052,2026-09-07T08:09:00+00:00,42.43,4102.11,Petrol,64446.0
V058,2026-08-24T18:16:00+00:00,30.63,3082.93,Petrol,61786.9
V014,2026-09-16T01:30:00+00:00,5.81,553.09,Diesel,159221.3
V013,2026-08-23T14:35:00+00:00,25.68,2641.64,Petrol,162253.1
V001,2026-08-26T07:56:00+00:00,14.02,1438.38,Petrol,116736.0
V037,2026-08-26T01:36:00+00:00,5.69,569.28,Diesel,142675.5
V065,2026-08-23T15:53:00+00:00,5.23,507.46,Petrol,85878.6
V044,2026-09-09T14:50:00+00:00,34.31,3434.34,Petrol,76264.7
V041,2026-08-25T09:14:00+00:00,32.04,3104.44,Diesel,15219.0
V063,2026-08-26T18:34:00+00:00,22.49,2303.57,Diesel,37100.7
V072,2026-08-15T23:27:00+00:00,38.17,3671.56,Diesel,179380.9
V038,2026-08-19T09:12:00+00:00,20.18,1935.83,Petrol,12877.4
V006,2026-08-03T04:57:00+00:00,29.59,2829.82,Diesel,127913.0
V098,2026-09-24T00:49:00+00:00,35.84,3458.77,Diesel,47601.8
V024,2026-09-08T14:57:00+00:00,32.14,3197.92,Diesel,65571.4
V041,2026-08-31T12:43:00+00:00,31.17,2927.96,Diesel,83969.0
V007,2026-08-02T20:00:00+00:00,44.68,4170.33,Petrol,104058.9
V016,2026-08-09T01:31:00+00:00,20.95,2068.86,Diesel,74361.3
V096,2026-08-10T11:44:00+00:00,18.4,1758.33,Petrol,113049.9
V057,2026-08-03T02:08:00+00:00,36.52,3501.17,Diesel,79078.4
V074,2026-08-08T01:10:00+00:00,25.77,2468.28,Diesel,48386.8
V091,2026-08-20T15:54:00+00:00,16.3,1596.95,Petrol,79344.8
V085,2026-09-11T18:04:00+00:00,5.57,516.97,Diesel,73925.1
V074,2026-08-13T17:19:00+00:00,23.22,2262.2,Diesel,136325.6
V024,2026-08-27T23:03:00+00:00,44.7,4233.8,Diesel,35587.1
V005,2026-09-21T16:32:00+00:00,12.0,1224.71,Diesel,74489.1
V087,2026-08-10T13:46:00+00:00,27.44,2621.73,Petrol,78984.8
V061,2026-08-03T08:42:00+00:00,20.23,1862.42,Petrol,155439.4
V015,2026-09-19T02:20:00+00:00,44.98,4173.9,Diesel,7772.2
V009,2026-09-02T08:05:00+00:00,17.4,1770.65,Petrol,82792.7
V012,2026-09-12T23:55:00+00:00,42.16,4196.86,Diesel,63755.1
V023,2026-09-14T18:00:00+00:00,31.54,3132.19,Diesel,85500.1
V025,2026-08-03T08:23:00+00:00,11.14,1045.59,Diesel,81301.6
V040,2026-08-18T23:50:00+00:00,32.4,3210.58,Diesel,78098.2
V054,2026-09-04T14:54:00+00:00,23.93,2357.63,Diesel,122019.0
V096,2026-09-06T16:47:00+00:00,13.58,1252.19,Petrol,20356.9
V027,2026-08-26T18:47:00+00:00,17.13,1725.37,Diesel,49935.9
V027,2026-08-21T06:02:00+00:00,20.95,2013.87,Diesel,112327.3
V100,2026-09-18T07:01:00+00:00,19.89,2007.1,Diesel,150912.4
V033,2026-08-02T07:43:00+00:00,41.73,4256.6,Diesel,176838.2
V076,2026-08-21T13:49:00+00:00,15.37,1428.91,Diesel,141274.6
V069,2026-09-13T18:20:00+00:00,37.05,3666.66,Petrol,89937.6
V042,2026-09-02T01:29:00+00:00,16.58,1695.1,Diesel,69167.1
V095,2026-09-03T00:08:00+00:00,23.81,2357.17,Diesel,67875.4
V012,2026-08-26T00:46:00+00:00,20.02,2017.89,Diesel,55092.6
V073,2026-08-19T10:18:00+00:00,27.22,2635.9,Petrol,20656.9
V097,2026-09-15T21:28:00+00:00,32.91,3057.28,Diesel,118760.6
V067,2026-09-10T08:50:00+00:00,5.23,536.65,Petrol,63423.5
V058,2026-08-20T14:09:00+00:00,37.64,3538.07,Petrol,84505.0
V087,2026-08-28T03:17:00+00:00,16.94,1740.0,Petrol,145316.2
V047,2026-09-14T14:21:00+00:00,13.72,1291.26,Petrol,139339.3
V021,2026-09-17T10:19:00+00:00,35.84,3618.79,Diesel,134750.8
V090,2026-08-21T14:28:00+00:00,22.37,2069.01,Petrol,61573.3
V018,2026-08-24T22:22:00+00:00,44.21,4421.71,Diesel,55388.7
V097,2026-09-20T12:30:00+00:00,33.11,3155.69,Diesel,95582.4
V099,2026-08-09T12:00:00+00:00,29.74,2888.68,Diesel,61987.3
V053,2026-08-13T06:46:00+00:00,37.51,3569.11,Diesel,172773.8
V034,2026-09-01T17:05:00+00:00,9.23,885.35,Diesel,72328.0
V034,2026-09-14T15:53:00+00:00,28.29,2773.46,Diesel,141955.7
V091,2026-08-08T12:03:00+00:00,10.99,1092.55,Petrol,126035.1
V082,2026-08-19T04:21:00+00:00,38.77,3875.28,Diesel,122209.2
V038,2026-08-24T04:57:00+00:00,28.15,2668.92,Petrol,150551.6
V023,2026-09-20T14:06:00+00:00,20.2,2070.67,Diesel,91819.6
V076,2026-09-14T16:59:00+00:00,41.26,3815.37,Diesel,166663.3
V020,2026-08-12T13:44:00+00:00,7.6,729.12,Diesel,79515.7
V089,2026-08-28T21:08:00+00:00,22.71,2263.23,Diesel,43433.8
V022,2026-09-10T00:23:00+00:00,6.66,682.45,Diesel,162346.3
V007,2026-09-22T08:40:00+00:00,20.23,1965.26,Petrol,36593.5
V082,2026-08-23T18:58:00+00:00,30.58,2999.94,Diesel,156216.9
V049,2026-08-14T06:13:00+00:00,7.81,795.92,Diesel,63270.8
V099,2026-08-29T08:38:00+00:00,43.83,4492.18,Diesel,27865.5
V062,2026-09-07T16:43:00+00:00,17.39,1770.79,Diesel,29327.8
V100,2026-09-14T08:46:00+00:00,23.73,2368.51,Diesel,78965.9
V016,2026-08-01T03:30:00+00:00,40.05,3945.35,Diesel,156076.0
V062,2026-08-06T10:32:00+00:00,32.38,3109.71,Diesel,132746.8
V060,2026-08-26T21:22:00+00:00,12.39,1222.31,Diesel,138149.0
V062,2026-08-03T22:20:00+00:00,7.28,721.26,Diesel,17464.8
V064,2026-09-04T12:58:00+00:00,16.49,1535.74,Petrol,109770.9
V033,2026-09-02T10:41:00+00:00,13.08,1326.76,Diesel,104189.9
V045,2026-08-09T22:58:00+00:00,22.78,2104.68,Diesel,11497.6
V070,2026-08-10T09:22:00+00:00,34.6,3541.01,Diesel,152464.7
V061,2026-09-01T09:07:00+00:00,43.95,4486.48,Petrol,141571.0
V065,2026-08-10T20:23:00+00:00,26.65,2581.17,Petrol,167077.9
V033,2026-09-03T02:43:00+00:00,29.74,2932.78,Diesel,36531.7
V034,2026-09-12T01:27:00+00:00,17.68,1732.76,Diesel,33780.2
V081,2026-08-23T10:05:00+00:00,29.08,2833.24,Diesel,75371.5
V006,2026-09-24T23:56:00+00:00,5.83,547.97,Diesel,11954.2
V066,2026-08-21T14:35:00+00:00,16.92,1618.04,Diesel,116589.3
V084,2026-09-08T05:49:00+00:00,32.9,3214.23,Petrol,68490.4
V032,2026-09-04T11:50:00+00:00,17.62,1734.21,Petrol,48840.9
V042,2026-08-31T05:48:00+00:00,6.8,696.01,Diesel,63263.7
V025,2026-09-19T10:31:00+00:00,20.94,2112.5,Diesel,11226.4
V007,2026-08-12T02:21:00+00:00,17.48,1617.42,Petrol,68482.7
V073,2026-09-07T06:06:00+00:00,9.44,883.1,Petrol,138114.2
V094,2026-08-01T01:06:00+00:00,13.76,1346.99,Diesel,169519.2
V068,2026-09-09T09:37:00+00:00,36.98,3558.66,Diesel,54054.1
V086,2026-08-31T11:14:00+00:00,21.89,2107.16,Diesel,30078.5
V058,2026-08-11T13:33:00+00:00,17.9,1780.76,Petrol,158163.2
V002,2026-08-27T15:59:00+00:00,22.59,2139.4,Petrol,11060.9
V071,2026-08-01T09:22:00+00:00,31.63,3208.93,Diesel,139983.5
V027,2026-09-03T05:51:00+00:00,8.59,883.48,Diesel,30770.5
V082,2026-09-02T05:15:00+00:00,23.39,2293.55,Diesel,172187.0
V011,2026-08-27T03:16:00+00:00,17.7,1633.4,Diesel,153152.8
V062,2026-08-10T06:52:00+00:00,11.97,1101.79,Diesel,169694.6
V023,2026-08-25T04:48:00+00:00,12.41,1240.07,Diesel,101081.2
V060,2026-08-01T18:58:00+00:00,24.28,2458.91,Diesel,41101.9
V086,2026-09-16T12:38:00+00:00,26.71,2471.04,Diesel,62312.7
V041,2026-09-24T20:59:00+00:00,19.33,1887.4,Diesel,120477.2
V017,2026-08-15T13:48:00+00:00,17.02,1743.16,Diesel,159240.5
V046,2026-08-17T14:39:00+00:00,13.82,1274.29,Diesel,37008.0
V001,2026-09-18T00:38:00+00:00,18.97,1754.28,Petrol,95574.2
V082,2026-08-17T16:31:00+00:00,41.42,3963.2,Diesel,37511.2
V019,2026-09-22T05:03:00+00:00,29.35,2737.81,Diesel,179122.4
V032,2026-08-31T08:44:00+00:00,18.87,1864.09,Petrol,111499.1
V005,2026-09-09T17:18:00+00:00,9.31,876.56,Diesel,25399.1
V017,2026-08-29T13:09:00+00:00,14.03,1431.42,Diesel,59436.9
V094,2026-08-04T04:43:00+00:00,16.2,1602.8,Diesel,60426.2
V046,2026-08-20T12:54:00+00:00,27.61,2791.21,Diesel,98038.1
V022,2026-08-09T23:31:00+00:00,36.22,3494.34,Diesel,160696.6
V084,2026-09-07T06:46:00+00:00,6.72,628.79,Petrol,78500.1
V070,2026-09-15T20:50:00+00:00,31.4,3015.48,Diesel,146121.5
V047,2026-08-20T18:53:00+00:00,16.88,1676.08,Petrol,152933.9
V060,2026-09-09T04:02:00+00:00,38.32,3599.71,Diesel,11814.3
V079,2026-09-21T21:00:00+00:00,37.61,3626.42,Diesel,117399.8
V017,2026-08-06T04:54:00+00:00,34.6,3204.26,Diesel,86027.9
V029,2026-08-31T19:55:00+00:00,8.47,787.98,Diesel,170440.4
V029,2026-09-20T16:51:00+00:00,36.64,3599.54,Diesel,13640.9
V018,2026-08-29T19:39:00+00:00,6.7,631.22,Diesel,64157.0
V020,2026-08-18T04:11:00+00:00,29.47,2943.13,Diesel,177965.7
V003,2026-09-07T10:07:00+00:00,30.19,2790.46,Diesel,7820.6
V070,2026-09-24T16:43:00+00:00,17.86,1741.06,Diesel,37081.8
V024,2026-08-27T12:04:00+00:00,5.7,554.11,Diesel,17642.2
V012,2026-08-08T05:28:00+00:00,26.62,2649.56,Diesel,146232.9
V057,2026-08-01T02:30:00+00:00,44.96,4547.54,Diesel,173919.3
V033,2026-08-26T20:55:00+00:00,12.57,1235.34,Diesel,102677.1
V008,2026-09-01T19:05:00+00:00,42.68,3984.33,Diesel,121770.3
V018,2026-08-18T19:58:00+00:00,29.12,2734.82,Diesel,111978.1
V050,2026-09-14T12:09:00+00:00,38.48,3583.57,Diesel,57324.0
V038,2026-08-26T02:30:00+00:00,29.47,2733.51,Petrol,26494.0
V066,2026-09-03T11:57:00+00:00,9.11,853.22,Diesel,72314.8
V095,2026-09-01T12:48:00+00:00,29.87,2850.88,Diesel,55951.5
V056,2026-08-17T01:29:00+00:00,20.07,1853.76,Diesel,48585.9
V010,2026-08-23T02:51:00+00:00,5.4,530.7,Diesel,91322.0
V076,2026-08-06T06:35:00+00:00,28.52,2799.06,Diesel,123160.7
V009,2026-08-23T19:14:00+00:00,44.91,4607.69,Petrol,155670.7
V054,2026-08-02T16:22:00+00:00,33.42,3412.04,Diesel,118287.2
V091,2026-09-17T12:25:00+00:00,43.04,4035.27,Petrol,48074.0
V096,2026-08-17T19:54:00+00:00,28.8,2680.98,Petrol,122903.4
V081,2026-09-14T10:19:00+00:00,12.46,1159.35,Diesel,73157.1
V013,2026-08-03T09:13:00+00:00,27.82,2769.93,Petrol,120403.1
V088,2026-08-26T14:00:00+00:00,29.95,2926.16,Petrol,51301.7
V004,2026-08-15T11:43:00+00:00,13.79,1269.48,Diesel,95941.7
V094,2026-08-19T10:49:00+00:00,43.54,4448.71,Diesel,26883.2
V071,2026-08-05T13:19:00+00:00,32.31,3022.86,Diesel,74337.2
V017,2026-09-01T03:22:00+00:00,43.08,4414.46,Diesel,102985.1
V024,2026-09-14T16:12:00+00:00,8.61,881.23,Diesel,78650.0
V080,2026-08-12T13:51:00+00:00,20.48,1962.7,Diesel,96349.9
V038,2026-08-03T08:25:00+00:00,9.22,892.22,Petrol,108259.5
V068,2026-08-01T00:34:00+00:00,20.43,2060.41,Diesel,129278.3
V009,2026-08-21T10:47:00+00:00,25.68,2506.31,Petrol,97471.0
V044,2026-08-27T13:41:00+00:00,18.03,1679.32,Petrol,165123.8
V008,2026-08-23T01:07:00+00:00,7.58,756.4,Diesel,116385.7
V065,2026-09-21T20:38:00+00:00,21.69,2158.26,Petrol,97936.6
V013,2026-08-08T09:22:00+00:00,40.51,4161.11,Petrol,63846.5
V076,2026-08-21T19:22:00+00:00,11.22,1048.71,Diesel,126863.3
V015,2026-08-30T12:29:00+00:00,39.58,3954.79,Diesel,148801.6
V061,2026-08-17T17:37:00+00:00,9.94,965.7,Petrol,73049.4
V084,2026-08-08T14:22:00+00:00,31.41,2928.14,Petrol,135649.2
V082,2026-08-10T21:40:00+00:00,30.81,2868.05,Diesel,104040.4
V065,2026-09-06T18:21:00+00:00,44.46,4567.26,Petrol,62539.9
V070,2026-08-26T17:59:00+00:00,19.06,1858.37,Diesel,99006.8
V033,2026-08-16T13:14:00+00:00,23.01,2181.05,Diesel,67133.9
V065,2026-08-06T18:56:00+00:00,43.6,4426.16,Petrol,113137.9
V036,2026-08-08T08:20:00+00:00,34.69,3503.52,Petrol,35906.5
V031,2026-08-18T23:31:00+00:00,17.54,1734.23,Diesel,167235.4
V003,2026-08-03T02:08:00+00:00,43.65,4324.38,Diesel,143275.5
V035,2026-09-12T14:06:00+00:00,34.65,3566.75,Petrol,125408.3
V064,2026-08-08T19:46:00+00:00,16.7,1595.4,Petrol,148670.3
V068,2026-09-21T08:22:00+00:00,33.48,3319.38,Diesel,23375.0
V084,2026-08-27T03:05:00+00:00,33.96,3165.74,Petrol,42608.8
V020,2026-09-07T10:46:00+00:00,7.14,715.47,Diesel,135458.3
V021,2026-09-04T07:12:00+00:00,31.61,3011.88,Diesel,26427.5
V080,2026-08-15T08:18:00+00:00,17.84,1775.74,Diesel,49175.8
V019,2026-09-07T02:51:00+00:00,36.21,3469.53,Diesel,7897.3
V058,2026-08-07T20:08:00+00:00,32.72,3218.95,Petrol,20335.7
V014,2026-09-05T08:23:00+00:00,6.5,650.47,Diesel,72354.2
V094,2026-08-03T20:01:00+00:00,29.5,3004.19,Diesel,130734.1
V098,2026-08-09T13:23:00+00:00,17.67,1736.83,Diesel,54777.2
V044,2026-09-23T20:19:00+00:00,17.47,1748.25,Petrol,47793.0
V047,2026-08-07T05:03:00+00:00,9.84,954.57,Petrol,88734.3
V065,2026-08-15T23:16:00+00:00,34.77,3554.17,Petrol,103895.7
V030,2026-09-01T01:44:00+00:00,41.0,4011.3,Diesel,179087.2
V084,2026-09-09T05:17:00+00:00,24.69,2419.92,Petrol,50000.9
V028,2026-08-31T01:38:00+00:00,34.3,3360.46,Diesel,25913.1
V085,2026-08-24T02:50:00+00:00,18.63,1763.22,Diesel,135679.1
V063,2026-09-02T19:17:00+00:00,14.75,1481.17,Diesel,71994.9
V017,2026-08-30T04:49:00+00:00,9.15,849.92,Diesel,156672.1
V031,2026-09-18T06:39:00+00:00,12.6,1161.69,Diesel,130396.4
V087,2026-09-01T04:04:00+00:00,26.12,2609.92,Petrol,46309.5
V005,2026-09-09T22:15:00+00:00,23.19,2378.97,Diesel,75664.1
V014,2026-08-19T12:36:00+00:00,10.43,985.45,Diesel,82720.3
V016,2026-09-12T09:42:00+00:00,32.95,3114.23,Diesel,172052.7
V085,2026-09-04T04:59:00+00:00,37.48,3725.25,Diesel,145160.5
V044,2026-09-05T06:54:00+00:00,41.27,3931.75,Petrol,21342.2
V097,2026-08-29T21:21:00+00:00,25.84,2539.38,Diesel,52456.9
V090,2026-08-28T10:07:00+00:00,20.81,1931.34,Petrol,56152.3
V085,2026-09-04T23:04:00+00:00,44.76,4320.29,Diesel,170511.5
V009,2026-08-21T19:54:00+00:00,10.43,1008.37,Petrol,41213.0
V064,2026-08-14T06:10:00+00:00,33.76,3124.26,Petrol,31162.0
V001,2026-09-08T19:46:00+00:00,10.66,1032.64,Petrol,28362.7
V007,2026-09-24T00:06:00+00:00,19.76,2028.6,Petrol,58754.9
V087,2026-08-22T01:04:00+00:00,18.59,1906.73,Petrol,28971.6
V006,2026-09-16T16:47:00+00:00,31.0,2853.58,Diesel,128850.0
V085,2026-09-01T12:27:00+00:00,44.21,4301.86,Diesel,130987.7
V044,2026-08-24T07:05:00+00:00,6.36,647.01,Petrol,125600.9
V036,2026-08-25T16:35:00+00:00,10.94,1039.9,Petrol,173172.7
V024,2026-08-24T11:34:00+00:00,40.6,4129.1,Diesel,52920.9
V086,2026-08-17T20:30:00+00:00,32.64,3345.98,Diesel,154200.5
V042,2026-08-24T23:15:00+00:00,31.39,3227.78,Diesel,88726.2
V033,2026-09-02T12:51:00+00:00,27.06,2515.02,Diesel,172178.5
V036,2026-09-20T11:24:00+00:00,15.37,1416.69,Petrol,178633.3
V060,2026-08-03T01:35:00+00:00,33.75,3471.96,Diesel,156947.0
V051,2026-08-15T23:19:00+00:00,41.44,4136.53,Diesel,76143.5
V058,2026-09-18T05:17:00+00:00,11.33,1126.83,Petrol,29590.9
V041,2026-09-12T09:42:00+00:00,26.08,2579.78,Diesel,82723.4
V089,2026-09-23T18:59:00+00:00,38.18,3860.36,Diesel,76362.1
V035,2026-09-11T10:27:00+00:00,30.88,3125.81,Petrol,81154.3
V023,2026-09-18T23:22:00+00:00,38.65,3570.4,Diesel,83642.2
V031,2026-08-16T17:23:00+00:00,35.97,3675.61,Diesel,61930.0
V052,2026-09-05T07:27:00+00:00,22.64,2255.54,Petrol,108650.1
V090,2026-08-14T08:49:00+00:00,9.23,901.68,Petrol,34849.0
V009,2026-09-02T11:42:00+00:00,32.56,3116.78,Petrol,158719.3
V099,2026-08-20T22:39:00+00:00,38.61,3554.36,Diesel,65579.1
V097,2026-09-10T00:39:00+00:00,44.65,4223.07,Diesel,59959.1
V060,2026-09-08T22:15:00+00:00,29.21,2734.41,Diesel,16971.5
V057,2026-09-20T13:42:00+00:00,17.54,1798.45,Diesel,157047.8
V014,2026-08-11T13:35:00+00:00,18.58,1817.92,Diesel,50158.7
V061,2026-08-11T05:23:00+00:00,34.2,3505.63,Petrol,18454.4
V014,2026-08-14T09:59:00+00:00,10.64,1010.25,Diesel,146361.1
V071,2026-08-11T07:00:00+00:00,16.04,1478.36,Diesel,179316.4
V066,2026-08-02T13:28:00+00:00,34.33,3496.41,Diesel,57534.4
V067,2026-08-19T05:42:00+00:00,11.37,1159.77,Petrol,156965.7
V005,2026-08-17T02:18:00+00:00,32.14,3293.67,Diesel,55946.9
V052,2026-08-28T19:37:00+00:00,39.73,3805.0,Petrol,168046.9
V071,2026-09-19T16:56:00+00:00,41.82,4259.34,Diesel,124878.9
V045,2026-09-12T02:52:00+00:00,20.11,1922.55,Diesel,130868.3
V001,2026-08-10T05:17:00+00:00,40.74,4108.43,Petrol,173596.1
V097,2026-08-19T02:24:00+00:00,16.64,1631.72,Diesel,177854.6
V085,2026-08-19T05:38:00+00:00,7.54,752.83,Diesel,104799.3
V068,2026-09-09T21:21:00+00:00,12.72,1228.81,Diesel,46008.9
V083,2026-08-04T05:46:00+00:00,35.62,3535.01,Petrol,19955.8
V035,2026-08-10T17:03:00+00:00,5.56,525.55,Petrol,20406.8
V090,2026-09-06T23:07:00+00:00,31.55,3063.37,Petrol,19370.3
V069,2026-08-03T15:44:00+00:00,18.82,1822.41,Petrol,135008.5
V062,2026-08-26T09:30:00+00:00,5.05,492.46,Diesel,59078.6
V053,2026-08-30T05:33:00+00:00,13.06,1294.95,Diesel,47344.0
V046,2026-09-03T16:24:00+00:00,11.35,1105.76,Diesel,135995.8
V006,2026-08-13T04:31:00+00:00,9.34,929.01,Diesel,167806.1
V058,2026-08-06T01:01:00+00:00,44.92,4293.14,Petrol,57504.9
V079,2026-09-02T08:03:00+00:00,12.68,1200.68,Diesel,174421.6
V010,2026-09-04T18:42:00+00:00,25.29,2589.44,Diesel,11792.0
V083,2026-09-08T17:48:00+00:00,31.76,3124.11,Petrol,29394.5
V064,2026-08-03T19:12:00+00:00,14.12,1431.33,Petrol,137154.5
V055,2026-08-19T01:58:00+00:00,26.58,2526.2,Diesel,108720.9
V002,2026-08-02T02:28:00+00:00,37.79,3851.26,Petrol,158259.4
V014,2026-09-20T07:05:00+00:00,5.07,493.5,Diesel,134354.6
V079,2026-08-06T11:19:00+00:00,18.18,1866.71,Diesel,155536.6
V085,2026-09-08T06:42:00+00:00,14.04,1297.21,Diesel,26155.2
V043,2026-09-11T14:25:00+00:00,30.07,2833.12,Diesel,59052.3
V098,2026-08-06T04:37:00+00:00,30.0,2785.03,Diesel,63482.0
V046,2026-09-04T20:36:00+00:00,7.46,703.22,Diesel,35184.8
V092,2026-09-12T06:40:00+00:00,18.35,1708.9,Diesel,74158.7
V017,2026-09-23T19:27:00+00:00,26.01,2468.27,Diesel,114582.9
V086,2026-09-06T02:46:00+00:00,24.3,2285.11,Diesel,82231.5
V092,2026-08-03T18:09:00+00:00,10.33,977.9,Diesel,157272.1
V029,2026-09-18T08:13:00+00:00,18.94,1863.56,Diesel,141635.6
V008,2026-08-13T00:41:00+00:00,28.1,2837.29,Diesel,98922.7
V020,2026-09-21T06:35:00+00:00,28.74,2781.54,Diesel,87887.3
V052,2026-08-15T22:31:00+00:00,44.83,4274.15,Petrol,90729.1
V076,2026-08-05T06:20:00+00:00,27.13,2757.21,Diesel,6826.5
V086,2026-08-04T23:14:00+00:00,5.2,524.04,Diesel,100775.2
V017,2026-08-06T08:47:00+00:00,9.9,958.67,Diesel,71293.5
V059,2026-08-23T00:41:00+00:00,8.17,767.98,Diesel,10614.2
V001,2026-08-22T13:34:00+00:00,7.83,772.01,Petrol,161877.7
V091,2026-08-20T06:21:00+00:00,6.92,650.47,Petrol,140547.3
V094,2026-08-29T22:27:00+00:00,6.34,584.03,Diesel,147439.7
V017,2026-09-02T13:38:00+00:00,13.23,1259.66,Diesel,139146.3
V085,2026-08-19T20:03:00+00:00,19.53,1903.27,Diesel,171085.0
V058,2026-09-19T16:42:00+00:00,5.67,572.23,Petrol,83283.8
V007,2026-08-19T02:23:00+00:00,26.34,2570.61,Petrol,65613.0
V012,2026-09-17T11:51:00+00:00,38.22,3714.26,Diesel,13432.0
V094,2026-08-09T05:18:00+00:00,22.16,2216.66,Diesel,121084.8
V079,2026-09-06T14:26:00+00:00,37.02,3575.18,Diesel,166536.8
V046,2026-09-04T22:06:00+00:00,24.86,2475.23,Diesel,53548.9
V034,2026-08-25T13:52:00+00:00,18.0,1775.06,Diesel,148093.4
V060,2026-09-09T19:08:00+00:00,41.69,3966.41,Diesel,162976.9
V038,2026-08-18T18:00:00+00:00,27.6,2616.51,Petrol,52857.0
V009,2026-08-25T00:26:00+00:00,9.53,885.34,Petrol,104385.7
V028,2026-09-12T20:31:00+00:00,31.52,3214.46,Diesel,71416.6
V012,2026-09-03T13:39:00+00:00,7.85,744.34,Diesel,124730.2
V049,2026-09-09T06:50:00+00:00,40.41,3763.41,Diesel,166717.6
V033,2026-08-17T10:14:00+00:00,15.15,1511.97,Diesel,152211.3
V056,2026-09-14T20:01:00+00:00,30.54,2887.85,Diesel,156348.2
V093,2026-09-11T15:27:00+00:00,24.98,2400.57,Diesel,169230.6
V014,2026-09-02T16:43:00+00:00,22.74,2308.14,Diesel,129428.5
V100,2026-08-02T09:59:00+00:00,40.39,3872.69,Diesel,16892.8
V027,2026-09-20T14:02:00+00:00,6.56,672.88,Diesel,58643.5
V041,2026-09-11T22:05:00+00:00,8.49,812.9,Diesel,164577.1
V040,2026-09-11T03:22:00+00:00,37.95,3823.95,Diesel,8630.2
V045,2026-08-28T20:44:00+00:00,19.32,1932.15,Diesel,154685.3
V037,2026-09-05T04:46:00+00:00,8.3,788.65,Diesel,163639.5
V003,2026-08-14T22:53:00+00:00,32.64,3146.81,Diesel,55058.2
V043,2026-08-11T22:00:00+00:00,38.8,3693.23,Diesel,111927.8
V083,2026-09-20T07:48:00+00:00,44.05,4173.09,Petrol,84836.0
V047,2026-08-12T06:36:00+00:00,40.38,3816.08,Petrol,147338.1
V078,2026-08-15T04:28:00+00:00,21.3,1971.97,Diesel,88651.7
V038,2026-08-14T01:53:00+00:00,34.85,3480.78,Petrol,5858.1
V005,2026-08-28T15:33:00+00:00,7.44,713.63,Diesel,94404.9
V034,2026-09-21T09:21:00+00:00,23.73,2384.84,Diesel,98514.6
V010,2026-08-09T14:58:00+00:00,12.91,1309.96,Diesel,76392.4
V016,2026-09-21T17:02:00+00:00,43.13,4085.31,Diesel,96524.2
V090,2026-09-10T17:44:00+00:00,20.41,1982.2,Petrol,141214.9
V076,2026-08-12T09:29:00+00:00,41.23,3851.14,Diesel,97914.3
V091,2026-09-19T08:18:00+00:00,8.06,789.02,Petrol,131576.0
V072,2026-08-01T13:59:00+00:00,31.96,3223.61,Diesel,178496.5
V061,2026-08-17T20:49:00+00:00,17.63,1644.58,Petrol,147889.6
V005,2026-08-11T19:49:00+00:00,23.67,2416.89,Diesel,174084.4
V035,2026-08-26T10:19:00+00:00,5.11,514.29,Petrol,106649.5
V079,2026-08-12T08:18:00+00:00,13.97,1379.45,Diesel,99189.8
V033,2026-08-16T05:28:00+00:00,40.22,3814.6,Diesel,11570.3
V041,2026-09-10T13:09:00+00:00,5.97,564.75,Diesel,26987.1
V060,2026-08-24T05:25:00+00:00,6.76,692.62,Diesel,18259.5
V061,2026-08-29T04:46:00+00:00,29.15,2786.53,Petrol,178674.2
V093,2026-08-12T04:58:00+00:00,41.76,4272.84,Diesel,178433.0
V057,2026-08-17T11:22:00+00:00,18.39,1766.83,Diesel,179128.6
V081,2026-08-11T07:23:00+00:00,32.2,3142.12,Diesel,111721.8
V046,2026-08-15T15:56:00+00:00,9.12,922.65,Diesel,10366.5
V086,2026-09-16T02:26:00+00:00,14.99,1445.37,Diesel,107338.8
V074,2026-09-09T20:38:00+00:00,29.17,2748.31,Diesel,27189.8
V040,2026-08-22T23:21:00+00:00,35.62,3514.57,Diesel,84956.9
V020,2026-09-11T18:37:00+00:00,16.77,1678.73,Diesel,127891.0
V013,2026-09-18T17:14:00+00:00,28.35,2908.25,Petrol,27625.8
V067,2026-08-13T22:39:00+00:00,25.65,2494.86,Petrol,173154.4
V088,2026-09-02T06:53:00+00:00,31.33,3010.11,Petrol,16723.6
V027,2026-08-28T08:46:00+00:00,30.51,2981.39,Diesel,158799.4
V076,2026-08-29T20:31:00+00:00,38.95,3851.36,Diesel,91651.8
V001,2026-08-04T01:07:00+00:00,19.01,1809.01,Petrol,100652.7
V016,2026-09-20T01:24:00+00:00,5.21,490.91,Diesel,11915.4
V081,2026-08-01T20:50:00+00:00,9.18,902.78,Diesel,40700.5
V062,2026-09-22T18:36:00+00:00,5.69,577.98,Diesel,34707.2
V065,2026-08-25T19:35:00+00:00,7.59,776.44,Petrol,103255.4
V064,2026-09-17T08:29:00+00:00,33.35,3084.76,Petrol,38603.4
V084,2026-08-08T09:51:00+00:00,41.27,4181.4,Petrol,100999.4
V046,2026-09-15T17:55:00+00:00,15.25,1454.5,Diesel,111764.2
V054,2026-08-06T04:49:00+00:00,13.3,1355.03,Diesel,19512.9
V093,2026-09-04T10:15:00+00:00,9.13,934.38,Diesel,13597.1
V090,2026-09-08T05:45:00+00:00,5.14,497.76,Petrol,42861.4
V010,2026-08-30T00:59:00+00:00,42.81,4223.53,Diesel,13635.2
V020,2026-08-02T15:12:00+00:00,16.6,1610.71,Diesel,178019.9
V032,2026-09-20T17:02:00+00:00,24.37,2400.02,Petrol,177195.4
V013,2026-08-19T19:09:00+00:00,36.36,3520.86,Petrol,131912.0
V004,2026-08-17T11:24:00+00:00,26.22,2586.69,Diesel,166151.1
V033,2026-08-31T14:53:00+00:00,13.5,1362.57,Diesel,153078.3
V043,2026-09-24T05:11:00+00:00,32.76,3349.53,Diesel,161377.4
V097,2026-08-29T05:03:00+00:00,24.95,2342.17,Diesel,152910.4
V049,2026-09-24T09:55:00+00:00,27.82,2643.44,Diesel,49210.2
V094,2026-08-22T09:10:00+00:00,36.62,3513.58,Diesel,22286.4
V065,2026-09-20T21:47:00+00:00,10.61,1047.9,Petrol,62268.6
V065,2026-08-06T14:23:00+00:00,36.63,3427.76,Petrol,104381.2
V007,2026-08-21T16:59:00+00:00,11.9,1129.18,Petrol,18293.6
V035,2026-08-22T11:23:00+00:00,14.37,1357.96,Petrol,13136.8
V079,2026-09-20T22:44:00+00:00,8.54,819.2,Diesel,175893.6
V068,2026-08-26T08:17:00+00:00,23.7,2282.15,Diesel,41672.9
V084,2026-08-05T09:05:00+00:00,16.64,1569.97,Petrol,113820.5
V092,2026-08-11T02:15:00+00:00,40.94,4063.39,Diesel,98532.0
V048,2026-08-17T04:28:00+00:00,18.13,1685.88,Diesel,106498.4
V068,2026-09-24T19:16:00+00:00,12.57,1237.01,Diesel,146869.2
V078,2026-08-05T09:24:00+00:00,44.2,4312.92,Diesel,171857.6
V028,2026-08-09T21:19:00+00:00,43.94,4147.01,Diesel,147544.8
V088,2026-08-07T20:17:00+00:00,20.95,2075.68,Petrol,134820.5
V057,2026-08-29T20:13:00+00:00,13.12,1278.7,Diesel,128192.5
V022,2026-08-18T21:30:00+00:00,12.34,1174.34,Diesel,124406.9
V089,2026-08-26T19:23:00+00:00,33.45,3423.2,Diesel,33476.8
V070,2026-08-18T07:37:00+00:00,11.12,1040.22,Diesel,84264.4
V073,2026-09-14T15:37:00+00:00,39.21,3771.88,Petrol,31842.7
V059,2026-09-06T14:24:00+00:00,5.06,475.39,Diesel,91876.5
V089,2026-08-17T17:21:00+00:00,32.95,3077.23,Diesel,62840.9
V065,2026-09-18T05:04:00+00:00,17.91,1686.25,Petrol,16065.8
V071,2026-08-08T01:32:00+00:00,22.75,2294.78,Diesel,133564.6
V058,2026-09-20T22:34:00+00:00,42.49,4162.64,Petrol,51410.8
V008,2026-08-07T05:46:00+00:00,19.76,2019.46,Diesel,175882.2
V011,2026-08-15T15:04:00+00:00,35.74,3554.48,Diesel,71795.3
V013,2026-08-31T16:59:00+00:00,6.52,649.7,Petrol,34553.3
V088,2026-08-09T21:20:00+00:00,9.25,952.19,Petrol,27709.0
V076,2026-08-27T21:29:00+00:00,36.89,3707.61,Diesel,92986.1
V096,2026-08-16T22:35:00+00:00,19.38,1935.32,Petrol,41844.5
V089,2026-09-09T02:08:00+00:00,20.3,1947.52,Diesel,80304.5
V022,2026-09-13T06:21:00+00:00,40.03,3729.81,Diesel,49653.6
V072,2026-08-08T17:30:00+00:00,24.28,2345.79,Diesel,26120.2
V084,2026-09-03T00:17:00+00:00,7.24,674.71,Petrol,37432.7
V004,2026-08-23T00:25:00+00:00,44.92,4517.85,Diesel,143936.2
V091,2026-08-24T16:00:00+00:00,44.81,4224.02,Petrol,164071.7
V021,2026-09-07T07:20:00+00:00,8.32,840.46,Diesel,36617.1
V053,2026-08-25T19:49:00+00:00,23.83,2366.47,Diesel,43431.0
V055,2026-08-09T23:06:00+00:00,29.11,2714.4,Diesel,131794.0
V048,2026-09-08T11:32:00+00:00,39.69,3862.58,Diesel,116388.5
V087,2026-08-09T15:19:00+00:00,42.56,4383.49,Petrol,154763.4
V033,2026-08-10T10:47:00+00:00,14.13,1395.78,Diesel,69900.2
V075,2026-08-13T14:51:00+00:00,36.3,3341.05,Diesel,46716.6
V090,2026-08-21T14:59:00+00:00,30.18,2957.47,Petrol,31937.3
V070,2026-08-06T10:35:00+00:00,21.86,2158.26,Diesel,11504.7
V056,2026-08-07T17:13:00+00:00,34.28,3234.98,Diesel,76536.1
V001,2026-08-06T23:18:00+00:00,24.98,2394.96,Petrol,108863.1
V044,2026-08-05T08:40:00+00:00,29.66,2806.73,Petrol,115112.3
V100,2026-08-18T12:26:00+00:00,27.25,2735.48,Diesel,60181.1
V047,2026-08-11T10:42:00+00:00,19.89,1949.0,Petrol,135652.1
V091,2026-08-03T14:25:00+00:00,39.26,3742.01,Petrol,45452.2
V079,2026-09-18T23:51:00+00:00,17.06,1642.17,Diesel,136359.6
V059,2026-09-01T17:31:00+00:00,29.65,3050.39,Diesel,17659.9
V009,2026-09-15T16:48:00+00:00,38.23,3572.07,Petrol,51665.2
V005,2026-08-31T11:59:00+00:00,31.71,3238.42,Diesel,89729.7
V033,2026-09-02T23:09:00+00:00,41.4,3984.23,Diesel,95327.9
V015,2026-09-05T13:17:00+00:00,8.12,800.62,Diesel,155766.1
V001,2026-09-09T07:48:00+00:00,24.06,2364.17,Petrol,39418.1
V042,2026-08-13T02:05:00+00:00,16.44,1573.45,Diesel,155838.4
V100,2026-09-22T22:26:00+00:00,5.61,565.65,Diesel,175428.7
V030,2026-08-27T13:49:00+00:00,11.0,1127.3,Diesel,18473.9
V075,2026-09-12T04:45:00+00:00,20.71,1990.97,Diesel,57830.8
V071,2026-09-07T01:04:00+00:00,6.07,580.45,Diesel,41263.9
V050,2026-08-17T23:56:00+00:00,30.3,2910.35,Diesel,34614.0
V087,2026-09-05T21:53:00+00:00,8.44,816.28,Petrol,94580.3
V049,2026-08-24T06:30:00+00:00,37.68,3735.14,Diesel,140120.0
V100,2026-08-04T06:23:00+00:00,12.31,1258.47,Diesel,149277.7
V066,2026-09-11T20:30:00+00:00,43.31,4170.5,Diesel,37381.6
V027,2026-08-10T09:05:00+00:00,6.69,639.16,Diesel,118358.3
V074,2026-09-22T02:16:00+00:00,13.81,1309.92,Diesel,63950.3
V085,2026-09-18T15:13:00+00:00,16.33,1627.09,Diesel,78532.1
V048,2026-09-07T14:00:00+00:00,39.23,3814.12,Diesel,135916.7
V097,2026-08-27T01:35:00+00:00,25.22,2418.84,Diesel,78947.3
V022,2026-09-23T03:33:00+00:00,17.31,1642.48,Diesel,42398.7
V041,2026-08-03T15:46:00+00:00,34.84,3505.24,Diesel,25537.0
V028,2026-08-23T07:54:00+00:00,36.03,3433.55,Diesel,30324.2
V056,2026-08-31T05:39:00+00:00,23.97,2354.45,Diesel,171220.1
V031,2026-09-03T06:16:00+00:00,36.39,3613.65,Diesel,173580.6
V042,2026-09-17T22:34:00+00:00,22.6,2174.89,Diesel,63286.7
V085,2026-09-03T06:19:00+00:00,30.67,3136.03,Diesel,175328.8
V002,2026-08-23T12:10:00+00:00,22.99,2232.55,Petrol,150065.9
V020,2026-08-02T06:52:00+00:00,19.31,1837.36,Diesel,84219.8
V012,2026-09-17T00:38:00+00:00,28.99,2771.32,Diesel,134460.9
V024,2026-08-25T20:53:00+00:00,37.88,3500.46,Diesel,154558.6
V084,2026-09-19T07:22:00+00:00,35.24,3522.35,Petrol,175877.4
V064,2026-08-01T10:36:00+00:00,21.89,2219.31,Petrol,167637.1
V096,2026-09-17T20:23:00+00:00,9.4,911.97,Petrol,152642.3
V013,2026-08-09T21:54:00+00:00,33.4,3149.41,Petrol,92694.3
V041,2026-08-10T09:09:00+00:00,30.07,3088.97,Diesel,131237.1
V068,2026-09-24T12:03:00+00:00,24.37,2362.51,Diesel,119885.5
V035,2026-09-02T17:06:00+00:00,39.57,3937.79,Petrol,52714.3
V095,2026-09-14T00:49:00+00:00,7.34,729.89,Diesel,58157.0
V032,2026-08-09T21:40:00+00:00,7.16,695.66,Petrol,114519.9
V018,2026-08-05T03:24:00+00:00,5.36,502.99,Diesel,118092.7
V064,2026-09-15T15:50:00+00:00,30.95,3024.88,Petrol,41804.9
V090,2026-09-20T04:48:00+00:00,6.11,586.53,Petrol,7057.4
V023,2026-08-03T21:26:00+00:00,35.86,3529.21,Diesel,164041.2
V058,2026-09-07T19:50:00+00:00,11.09,1126.48,Petrol,50770.7
V048,2026-09-09T09:27:00+00:00,37.7,3881.04,Diesel,150735.5
V019,2026-09-01T20:28:00+00:00,30.74,2956.08,Diesel,137503.1
V021,2026-08-22T02:07:00+00:00,19.9,2023.09,Diesel,160278.5
V062,2026-08-16T11:00:00+00:00,18.75,1728.37,Diesel,82724.0
V006,2026-09-02T06:13:00+00:00,19.49,1822.8,Diesel,67163.5
V048,2026-09-16T23:52:00+00:00,27.28,2809.01,Diesel,138257.9
V075,2026-08-07T03:59:00+00:00,36.12,3358.71,Diesel,165563.6
V052,2026-08-30T05:12:00+00:00,44.36,4251.71,Petrol,168695.9
V008,2026-08-22T17:45:00+00:00,12.73,1298.37,Diesel,131649.4
V035,2026-08-20T13:05:00+00:00,8.62,827.92,Petrol,46840.3
V068,2026-09-21T12:49:00+00:00,24.44,2302.58,Diesel,39584.0
V087,2026-09-01T06:09:00+00:00,11.45,1162.76,Petrol,79786.6
V010,2026-08-23T07:47:00+00:00,15.06,1386.75,Diesel,143869.0
V035,2026-08-05T21:32:00+00:00,38.3,3781.37,Petrol,42037.4
V041,2026-08-11T16:50:00+00:00,12.61,1172.03,Diesel,44922.5
V036,2026-08-13T16:57:00+00:00,23.83,2452.34,Petrol,98774.4
V052,2026-09-06T15:20:00+00:00,19.56,1907.52,Petrol,61650.7
V091,2026-09-11T20:41:00+00:00,29.3,2818.25,Petrol,108841.9
V034,2026-08-14T01:10:00+00:00,42.9,4363.82,Diesel,17699.4
V056,2026-08-03T10:29:00+00:00,16.68,1699.62,Diesel,57487.2
V057,2026-09-11T13:29:00+00:00,9.58,947.06,Diesel,81977.7
V022,2026-08-27T04:25:00+00:00,25.86,2385.05,Diesel,40697.9
V051,2026-09-23T13:13:00+00:00,7.56,725.63,Diesel,34267.0
V044,2026-09-17T11:23:00+00:00,9.24,937.52,Petrol,124718.1
V048,2026-08-28T01:17:00+00:00,42.81,4123.4,Diesel,136406.7
V030,2026-08-22T08:45:00+00:00,10.87,1031.69,Diesel,139547.6
V097,2026-08-12T04:07:00+00:00,25.54,2508.54,Diesel,139266.4
V047,2026-09-23T15:31:00+00:00,7.48,726.92,Petrol,75060.2
V080,2026-08-14T14:39:00+00:00,33.29,3397.71,Diesel,151833.7
V077,2026-08-21T21:27:00+00:00,10.47,978.62,Diesel,71248.1
V003,2026-09-03T06:11:00+00:00,26.68,2719.1,Diesel,178928.5
V081,2026-08-07T20:25:00+00:00,15.36,1475.04,Diesel,177856.1
V081,2026-08-11T18:54:00+00:00,13.22,1313.58,Diesel,124565.6
V045,2026-09-14T03:02:00+00:00,10.45,980.25,Diesel,155529.1
V048,2026-09-06T09:36:00+00:00,24.02,2274.84,Diesel,107708.4
V021,2026-09-21T01:53:00+00:00,22.43,2164.62,Diesel,38530.8
V085,2026-08-21T15:31:00+00:00,7.5,702.56,Diesel,75288.4
V029,2026-09-20T06:00:00+00:00,27.77,2645.83,Diesel,158550.0
V082,2026-09-01T02:07:00+00:00,20.0,1903.89,Diesel,121494.8
V016,2026-08-02T05:09:00+00:00,39.23,3930.19,Diesel,57464.2
V090,2026-09-08T01:42:00+00:00,34.69,3309.68,Petrol,175412.7
V028,2026-08-08T04:40:00+00:00,22.19,2181.6,Diesel,36190.7
V075,2026-09-19T16:20:00+00:00,37.75,3841.45,Diesel,72318.1
V079,2026-09-08T08:55:00+00:00,10.17,969.67,Diesel,119889.6
V032,2026-08-29T01:58:00+00:00,6.79,689.13,Petrol,111744.0
V067,2026-08-10T12:05:00+00:00,30.98,2901.84,Petrol,8300.1
V033,2026-08-31T01:23:00+00:00,10.62,1063.91,Diesel,13527.1
V036,2026-08-23T21:52:00+00:00,40.27,4086.78,Petrol,54714.7
V038,2026-09-03T09:52:00+00:00,39.65,3742.21,Petrol,99605.6
V066,2026-08-28T09:11:00+00:00,10.15,993.73,Diesel,150999.2
V046,2026-08-20T10:30:00+00:00,44.12,4512.03,Diesel,141643.9
V010,2026-08-26T15:33:00+00:00,29.99,2994.99,Diesel,45167.3
V033,2026-08-23T19:18:00+00:00,35.64,3504.17,Diesel,143148.5
V069,2026-08-16T15:14:00+00:00,37.96,3550.85,Petrol,136814.0
V061,2026-09-06T05:10:00+00:00,26.13,2630.8,Petrol,103689.0
V037,2026-09-18T01:40:00+00:00,8.75,807.28,Diesel,34379.8
V045,2026-09-10T04:29:00+00:00,31.31,3186.46,Diesel,60412.9
V083,2026-08-11T04:50:00+00:00,14.89,1459.83,Petrol,33647.3
V063,2026-09-13T10:29:00+00:00,34.87,3359.21,Diesel,89661.8
V049,2026-08-16T03:15:00+00:00,12.56,1240.36,Diesel,173610.5
V086,2026-08-30T19:50:00+00:00,8.06,823.35,Diesel,83315.0
V057,2026-09-10T13:56:00+00:00,30.39,3012.37,Diesel,138829.0
V096,2026-08-12T09:15:00+00:00,37.33,3802.24,Petrol,95285.8
V086,2026-09-24T10:45:00+00:00,26.7,2599.86,Diesel,159206.1
V084,2026-08-18T17:05:00+00:00,15.67,1469.02,Petrol,148912.0
V059,2026-08-02T08:31:00+00:00,39.25,3894.54,Diesel,12860.2
V086,2026-08-29T13:55:00+00:00,11.96,1136.3,Diesel,35560.8
V022,2026-08-13T16:18:00+00:00,25.71,2475.59,Diesel,44760.1
V024,2026-09-07T08:38:00+00:00,32.23,3033.98,Diesel,125870.0
V011,2026-08-26T22:04:00+00:00,42.28,3931.35,Diesel,112217.8
V068,2026-08-05T21:47:00+00:00,17.1,1691.14,Diesel,127224.6
V080,2026-08-10T11:06:00+00:00,30.86,3091.43,Diesel,12082.3
V066,2026-08-04T18:24:00+00:00,16.74,1697.9,Diesel,49918.9
V004,2026-09-21T22:37:00+00:00,44.31,4146.08,Diesel,167241.7
V088,2026-08-10T02:17:00+00:00,42.08,4316.91,Petrol,173253.7
V082,2026-08-06T02:54:00+00:00,10.76,1105.38,Diesel,59219.9
V077,2026-08-16T03:01:00+00:00,35.07,3490.75,Diesel,96087.8
V078,2026-09-07T07:53:00+00:00,11.72,1128.24,Diesel,74478.0
V061,2026-09-02T00:13:00+00:00,33.67,3453.43,Petrol,131179.1
V016,2026-08-24T12:14:00+00:00,42.56,4324.45,Diesel,117158.6
V014,2026-08-21T09:59:00+00:00,14.39,1350.0,Diesel,63078.6
V067,2026-08-15T01:55:00+00:00,19.3,1880.96,Petrol,158758.2
V084,2026-09-13T06:42:00+00:00,27.73,2657.43,Petrol,140994.6
V093,2026-08-09T01:57:00+00:00,17.16,1702.4,Diesel,82468.3
V082,2026-09-14T09:51:00+00:00,42.01,3961.86,Diesel,81006.1
V034,2026-09-17T10:56:00+00:00,41.19,4137.12,Diesel,147365.2
V041,2026-08-06T18:18:00+00:00,32.08,3124.87,Diesel,158968.8
V046,2026-09-24T02:49:00+00:00,40.39,3842.29,Diesel,6647.5
V064,2026-09-10T11:53:00+00:00,19.12,1932.66,Petrol,55936.3
V076,2026-09-01T06:09:00+00:00,18.93,1907.45,Diesel,109569.4
V091,2026-09-14T16:25:00+00:00,12.25,1254.43,Petrol,133245.5
V035,2026-09-01T08:51:00+00:00,36.76,3565.77,Petrol,170987.9
V036,2026-08-18T22:20:00+00:00,41.38,3920.73,Petrol,69775.1
V062,2026-08-01T14:38:00+00:00,37.26,3703.98,Diesel,104670.3
V017,2026-08-24T06:46:00+00:00,32.07,3148.6,Diesel,46039.1
V049,2026-09-22T19:28:00+00:00,21.23,2032.34,Diesel,107059.9
V018,2026-09-23T04:22:00+00:00,19.31,1819.12,Diesel,70859.5
V094,2026-09-03T15:24:00+00:00,10.26,1009.37,Diesel,67654.1
V087,2026-09-17T08:58:00+00:00,40.93,3894.85,Petrol,17298.7
V052,2026-09-11T18:44:00+00:00,6.95,702.61,Petrol,108586.2
V092,2026-09-16T01:03:00+00:00,15.86,1517.33,Diesel,40241.3
V037,2026-08-10T12:00:00+00:00,31.61,3233.61,Diesel,60524.8
V031,2026-09-13T04:04:00+00:00,39.51,3843.45,Diesel,156531.4
V016,2026-08-05T06:29:00+00:00,42.55,4154.29,Diesel,78682.6
V088,2026-09-16T14:33:00+00:00,24.98,2356.03,Petrol,64545.5
V057,2026-09-16T19:44:00+00:00,23.91,2378.89,Diesel,147796.3
V022,2026-09-03T19:28:00+00:00,10.45,1054.18,Diesel,23750.7
V085,2026-08-25T11:11:00+00:00,28.56,2805.27,Diesel,109308.9
V095,2026-08-22T03:25:00+00:00,34.16,3419.95,Diesel,119172.5
V021,2026-09-06T23:52:00+00:00,13.37,1269.44,Diesel,23893.9
V032,2026-09-03T14:08:00+00:00,35.18,3563.51,Petrol,58898.4
V080,2026-08-19T22:38:00+00:00,44.75,4205.2,Diesel,157830.2
V095,2026-08-21T06:18:00+00:00,43.99,4415.91,Diesel,71128.8
V009,2026-08-29T22:26:00+00:00,17.44,1685.8,Petrol,22142.0
V027,2026-08-22T13:23:00+00:00,38.52,3802.36,Diesel,120102.2
V080,2026-08-07T08:30:00+00:00,32.64,3265.72,Diesel,85978.6
V025,2026-09-04T23:34:00+00:00,11.88,1124.65,Diesel,62010.9
V070,2026-09-24T01:12:00+00:00,39.4,3781.05,Diesel,89604.7
V052,2026-09-09T23:42:00+00:00,16.71,1631.7,Petrol,59143.4
V057,2026-08-13T03:03:00+00:00,16.47,1630.82,Diesel,76687.5
V073,2026-09-23T18:08:00+00:00,12.69,1306.08,Petrol,27123.1
V087,2026-09-18T00:32:00+00:00,33.53,3346.27,Petrol,166040.4
V065,2026-08-09T06:08:00+00:00,19.93,1955.76,Petrol,95136.9
V003,2026-09-15T07:31:00+00:00,39.92,3958.02,Diesel,5024.3
V038,2026-08-24T17:44:00+00:00,26.38,2714.91,Petrol,37130.1
V051,2026-08-26T00:07:00+00:00,42.18,4045.38,Diesel,121897.6
V055,2026-09-07T11:47:00+00:00,18.22,1733.3,Diesel,167369.8
V096,2026-09-15T19:12:00+00:00,22.97,2243.65,Petrol,144744.7
V023,2026-09-16T08:28:00+00:00,32.83,3278.9,Diesel,62708.5
V046,2026-09-18T19:01:00+00:00,6.17,590.56,Diesel,127664.8
V008,2026-08-04T00:10:00+00:00,23.91,2426.0,Diesel,136817.4
V060,2026-09-02T10:07:00+00:00,26.43,2467.97,Diesel,85619.6
V050,2026-09-22T09:05:00+00:00,36.58,3727.31,Diesel,148055.8
V087,2026-09-10T03:57:00+00:00,12.54,1179.24,Petrol,119250.8
V001,2026-08-07T10:07:00+00:00,16.1,1638.5,Petrol,42256.7
V096,2026-08-27T14:38:00+00:00,37.16,3759.64,Petrol,91637.3
V042,2026-08-20T20:33:00+00:00,22.91,2326.98,Diesel,161576.8
V032,2026-09-04T23:22:00+00:00,41.63,4198.07,Petrol,175701.4
V092,2026-08-07T18:58:00+00:00,38.78,3893.64,Diesel,62731.9
V068,2026-09-12T08:28:00+00:00,38.19,3807.17,Diesel,127037.1
V089,2026-08-20T22:23:00+00:00,39.34,3666.09,Diesel,173338.3
V015,2026-09-02T00:13:00+00:00,20.94,1934.43,Diesel,84926.2
V090,2026-08-27T18:09:00+00:00,21.47,2188.92,Petrol,20667.4
V055,2026-09-03T01:07:00+00:00,18.15,1778.09,Diesel,56892.8
V074,2026-09-21T09:00:00+00:00,17.37,1749.38,Diesel,165314.9
V077,2026-08-12T03:53:00+00:00,31.3,3038.88,Diesel,124477.9
V009,2026-08-16T16:11:00+00:00,36.77,3755.8,Petrol,137865.5
V061,2026-09-23T14:55:00+00:00,43.5,4387.8,Petrol,27796.1
V024,2026-09-14T00:55:00+00:00,37.08,3454.15,Diesel,99052.1
V092,2026-09-23T05:37:00+00:00,25.65,2510.07,Diesel,121035.8
V042,2026-09-01T12:48:00+00:00,29.97,3029.46,Diesel,45804.9
V073,2026-08-31T09:44:00+00:00,25.77,2557.48,Petrol,123209.6
V076,2026-09-22T01:59:00+00:00,17.17,1667.37,Diesel,130249.8
V095,2026-09-05T04:44:00+00:00,41.69,4164.38,Diesel,171606.9
V063,2026-08-27T10:32:00+00:00,34.63,3482.86,Diesel,26840.5
V035,2026-09-05T03:29:00+00:00,36.75,3775.44,Petrol,71548.5
V012,2026-08-26T14:25:00+00:00,14.16,1409.9,Diesel,174520.2
V055,2026-08-08T19:15:00+00:00,14.84,1489.05,Diesel,80857.0
V021,2026-08-25T18:40:00+00:00,9.61,976.79,Diesel,150568.8
V035,2026-09-16T11:47:00+00:00,10.25,985.22,Petrol,22565.3
V086,2026-08-22T03:59:00+00:00,40.06,4060.29,Diesel,137173.1
V019,2026-08-23T00:50:00+00:00,9.57,884.45,Diesel,29845.5
V051,2026-09-03T13:43:00+00:00,18.65,1734.41,Diesel,13628.2
V099,2026-08-16T11:13:00+00:00,24.06,2382.27,Diesel,25813.9
V046,2026-08-27T00:36:00+00:00,15.91,1520.71,Diesel,122130.1
V053,2026-09-15T13:11:00+00:00,8.44,855.4,Diesel,110033.6
V048,2026-08-27T09:50:00+00:00,42.74,4332.11,Diesel,157356.7
V053,2026-08-22T03:16:00+00:00,11.36,1129.44,Diesel,54787.0
V011,2026-09-19T22:10:00+00:00,16.37,1655.14,Diesel,125379.2
V012,2026-09-05T00:30:00+00:00,31.11,3093.31,Diesel,27009.0
V002,2026-09-20T22:59:00+00:00,30.67,3143.11,Petrol,136999.7
V002,2026-08-20T14:08:00+00:00,21.82,2115.87,Petrol,58989.9
V021,2026-08-17T19:56:00+00:00,21.02,2073.8,Diesel,15668.9
V072,2026-08-01T23:26:00+00:00,42.72,3986.39,Diesel,83479.5
V073,2026-09-16T04:34:00+00:00,43.71,4351.02,Petrol,125047.8
V063,2026-09-19T00:42:00+00:00,23.68,2350.58,Diesel,38450.5
V065,2026-09-22T01:56:00+00:00,25.04,2434.3,Petrol,57769.2
V058,2026-09-12T03:30:00+00:00,17.02,1645.18,Petrol,146826.7
V037,2026-09-22T12:25:00+00:00,17.71,1769.85,Diesel,9587.7
V078,2026-08-13T03:19:00+00:00,11.52,1142.71,Diesel,119998.7
V069,2026-09-15T14:19:00+00:00,34.74,3555.08,Petrol,141048.9
V003,2026-09-10T22:57:00+00:00,17.09,1681.25,Diesel,129004.7
V016,2026-09-18T07:36:00+00:00,25.75,2469.64,Diesel,34209.1
V075,2026-09-18T17:31:00+00:00,42.61,4310.82,Diesel,25000.7
V068,2026-09-03T19:42:00+00:00,19.2,1822.55,Diesel,156635.4
V059,2026-08-16T11:38:00+00:00,23.56,2372.3,Diesel,50242.3
V012,2026-09-08T11:49:00+00:00,5.73,538.78,Diesel,174645.2
V066,2026-09-24T04:57:00+00:00,34.66,3541.47,Diesel,142904.9
V048,2026-08-22T12:41:00+00:00,37.7,3741.66,Diesel,42055.9
V071,2026-08-23T02:39:00+00:00,42.18,3892.03,Diesel,112482.3
V075,2026-08-01T06:09:00+00:00,32.59,3218.75,Diesel,54050.5
V022,2026-08-05T16:35:00+00:00,13.43,1256.31,Diesel,146794.1
V038,2026-09-09T17:58:00+00:00,20.79,2060.27,Petrol,88815.4
V061,2026-09-08T14:16:00+00:00,25.07,2343.91,Petrol,135547.6
V005,2026-08-01T03:42:00+00:00,42.6,4267.05,Diesel,84968.6
V041,2026-09-01T06:28:00+00:00,7.8,774.89,Diesel,61080.4
V059,2026-08-12T06:51:00+00:00,41.9,4065.05,Diesel,83288.8
V026,2026-08-23T14:13:00+00:00,42.44,4002.71,Petrol,31058.2
V017,2026-09-23T01:37:00+00:00,18.15,1837.96,Diesel,35300.3
V096,2026-08-18T07:12:00+00:00,18.64,1789.97,Petrol,90120.4
V063,2026-08-05T12:26:00+00:00,14.52,1428.07,Diesel,77902.9
V051,2026-09-04T07:42:00+00:00,29.74,2819.88,Diesel,12224.9
V045,2026-09-12T06:16:00+00:00,31.58,3032.62,Diesel,55148.9
V075,2026-09-12T04:55:00+00:00,32.77,3121.18,Diesel,49523.8
V087,2026-08-14T13:38:00+00:00,30.12,2886.25,Petrol,174705.5
V052,2026-08-27T06:06:00+00:00,33.58,3274.5,Petrol,102533.3
V039,2026-08-08T02:36:00+00:00,12.53,1177.97,Diesel,109241.3
V019,2026-08-29T14:54:00+00:00,41.01,4171.69,Diesel,178984.4
V088,2026-09-14T21:38:00+00:00,43.86,4394.93,Petrol,154882.2
V005,2026-09-14T05:52:00+00:00,21.92,2253.98,Diesel,133284.8
V071,2026-08-24T09:36:00+00:00,20.31,2028.26,Diesel,178670.7
V015,2026-09-04T11:12:00+00:00,5.51,562.08,Diesel,20937.6
V048,2026-08-31T11:31:00+00:00,15.17,1451.53,Diesel,26643.4
V056,2026-08-24T10:00:00+00:00,28.52,2677.2,Diesel,14977.0
V095,2026-08-01T18:05:00+00:00,42.95,4398.61,Diesel,13100.6
V060,2026-09-19T07:04:00+00:00,33.2,3128.0,Diesel,161264.4
V050,2026-09-15T00:54:00+00:00,16.3,1654.56,Diesel,111626.3
V025,2026-09-03T23:10:00+00:00,42.6,3948.83,Diesel,47791.4
V091,2026-09-14T03:05:00+00:00,22.96,2191.5,Petrol,50828.1
V007,2026-08-13T02:08:00+00:00,43.72,4374.82,Petrol,57540.5
V061,2026-09-24T23:49:00+00:00,30.39,3091.43,Petrol,148899.3
V056,2026-09-15T21:17:00+00:00,38.89,3787.11,Diesel,71920.9
V026,2026-08-08T09:35:00+00:00,8.01,809.1,Petrol,98261.7
V086,2026-08-25T03:11:00+00:00,36.66,3715.86,Diesel,13887.1
V045,2026-09-20T01:58:00+00:00,15.55,1489.9,Diesel,70647.3
V022,2026-09-17T17:52:00+00:00,11.73,1101.19,Diesel,136474.8
V060,2026-09-14T19:24:00+00:00,16.26,1567.62,Diesel,137842.7
V073,2026-08-23T23:15:00+00:00,27.3,2682.78,Petrol,176362.0
V083,2026-08-26T02:21:00+00:00,18.33,1687.17,Petrol,11434.0
V025,2026-09-10T09:16:00+00:00,24.5,2420.07,Diesel,136411.5
V072,2026-08-25T02:02:00+00:00,23.64,2218.23,Diesel,85717.6
V046,2026-09-22T10:22:00+00:00,29.15,2833.62,Diesel,110437.3
V077,2026-08-20T10:30:00+00:00,35.33,3548.94,Diesel,12081.3
V026,2026-09-05T20:33:00+00:00,19.84,1867.57,Petrol,81767.4
V078,2026-09-06T03:06:00+00:00,43.05,4430.98,Diesel,131369.2
V009,2026-09-12T06:59:00+00:00,33.73,3327.34,Petrol,117230.8
V085,2026-09-13T07:15:00+00:00,27.24,2715.91,Diesel,24125.9
V056,2026-08-06T18:24:00+00:00,20.38,2059.79,Diesel,63506.2
V002,2026-09-05T06:18:00+00:00,30.78,3097.65,Petrol,169233.2
V050,2026-08-21T04:58:00+00:00,19.24,1941.49,Diesel,106766.5
V025,2026-09-21T08:41:00+00:00,36.92,3627.26,Diesel,177259.5
V060,2026-08-10T01:02:00+00:00,14.84,1417.12,Diesel,134169.7
V026,2026-08-19T04:53:00+00:00,44.77,4132.79,Petrol,22446.0
V002,2026-08-25T17:18:00+00:00,26.33,2464.91,Petrol,110231.2
V035,2026-08-14T14:31:00+00:00,30.58,2946.59,Petrol,154394.4
V029,2026-08-29T20:57:00+00:00,44.21,4406.38,Diesel,77053.7
V041,2026-08-11T01:38:00+00:00,38.32,3831.26,Diesel,8748.6
V068,2026-09-15T01:06:00+00:00,29.56,2915.54,Diesel,20298.0
V029,2026-08-31T16:36:00+00:00,42.71,4227.09,Diesel,35176.9
V082,2026-08-04T15:53:00+00:00,36.12,3495.9,Diesel,62690.7
V060,2026-09-08T05:22:00+00:00,27.1,2701.88,Diesel,16383.6
V041,2026-09-01T19:42:00+00:00,26.89,2527.55,Diesel,126677.7
V021,2026-09-14T04:34:00+00:00,30.71,3023.94,Diesel,23167.9
V017,2026-08-04T12:26:00+00:00,21.47,2098.7,Diesel,148737.8
V035,2026-09-17T01:28:00+00:00,5.61,558.5,Petrol,126150.9
V090,2026-09-22T01:47:00+00:00,13.2,1356.82,Petrol,155198.1
V018,2026-09-02T23:58:00+00:00,13.32,1261.87,Diesel,67310.0
V071,2026-09-20T07:00:00+00:00,12.5,1229.76,Diesel,43100.6
V016,2026-09-14T13:59:00+00:00,30.89,2903.12,Diesel,144392.6
V007,2026-08-27T19:15:00+00:00,9.46,889.29,Petrol,174091.7
V033,2026-09-17T17:41:00+00:00,23.71,2200.4,Diesel,8814.9
V034,2026-08-31T11:39:00+00:00,30.54,2886.63,Diesel,145832.7
V083,2026-08-05T21:54:00+00:00,27.93,2749.76,Petrol,16511.5
V042,2026-08-21T23:41:00+00:00,5.9,579.28,Diesel,144900.4
V045,2026-08-15T03:56:00+00:00,18.97,1871.64,Diesel,11966.5
V097,2026-09-14T13:57:00+00:00,44.67,4455.57,Diesel,77873.5
V018,2026-08-26T17:27:00+00:00,39.83,3858.35,Diesel,13717.7
V069,2026-08-07T21:11:00+00:00,39.34,3681.89,Petrol,171995.3
V069,2026-08-30T12:42:00+00:00,14.01,1312.28,Petrol,148807.7
V091,2026-09-02T08:32:00+00:00,8.75,837.21,Petrol,157809.5
V091,2026-08-18T23:39:00+00:00,37.53,3673.7,Petrol,8855.8
V018,2026-08-30T18:22:00+00:00,38.61,3948.37,Diesel,40873.5
V038,2026-08-20T07:41:00+00:00,12.07,1208.3,Petrol,60714.9
V075,2026-09-11T21:58:00+00:00,24.66,2463.56,Diesel,50298.2
V045,2026-08-29T02:10:00+00:00,22.52,2150.95,Diesel,117666.5
V047,2026-09-22T09:20:00+00:00,33.63,3369.92,Petrol,113084.2
V016,2026-08-17T10:42:00+00:00,25.13,2367.24,Diesel,112797.2
V035,2026-08-22T08:41:00+00:00,17.33,1757.89,Petrol,168638.8
V023,2026-08-23T21:31:00+00:00,14.64,1410.68,Diesel,164310.1
V095,2026-08-23T16:35:00+00:00,31.19,2954.89,Diesel,66296.7
V095,2026-09-13T08:50:00+00:00,29.0,2884.27,Diesel,57571.3
V014,2026-09-08T02:16:00+00:00,27.49,2757.22,Diesel,94315.1
V057,2026-09-17T16:46:00+00:00,28.25,2724.58,Diesel,20157.4
V049,2026-09-21T08:56:00+00:00,31.01,3136.11,Diesel,138608.0
V007,2026-08-03T07:28:00+00:00,14.34,1469.94,Petrol,123389.4
V067,2026-08-19T11:08:00+00:00,29.27,2772.03,Petrol,111266.5
V076,2026-09-06T19:15:00+00:00,12.44,1152.22,Diesel,119083.1
V037,2026-08-26T13:53:00+00:00,15.11,1551.86,Diesel,141757.1
V004,2026-08-28T02:40:00+00:00,15.42,1526.65,Diesel,73119.3
V010,2026-08-08T15:06:00+00:00,36.08,3407.35,Diesel,18206.5
V068,2026-09-20T03:49:00+00:00,19.34,1789.6,Diesel,61647.3
V075,2026-08-12T19:46:00+00:00,8.78,890.95,Diesel,45514.3
V092,2026-08-27T10:06:00+00:00,27.2,2643.08,Diesel,176998.7
V046,2026-09-05T11:31:00+00:00,32.57,3107.89,Diesel,133060.4
V067,2026-09-11T08:14:00+00:00,28.57,2867.54,Petrol,148286.9
V066,2026-08-23T21:17:00+00:00,35.69,3387.09,Diesel,126324.6
V019,2026-08-25T20:24:00+00:00,17.4,1732.86,Diesel,158462.5
V022,2026-08-01T07:24:00+00:00,5.52,553.63,Diesel,48207.4
V028,2026-08-19T11:52:00+00:00,6.85,646.54,Diesel,33021.4
V067,2026-09-22T20:37:00+00:00,37.53,3634.31,Petrol,31986.1
V085,2026-08-06T17:54:00+00:00,11.04,1070.91,Diesel,135548.4
V024,2026-09-13T23:39:00+00:00,23.44,2329.42,Diesel,79810.8
V072,2026-08-30T02:22:00+00:00,35.79,3535.9,Diesel,110883.3
V012,2026-08-24T01:01:00+00:00,30.66,2886.47,Diesel,52553.8
V100,2026-09-18T19:05:00+00:00,36.65,3579.95,Diesel,63068.0
V032,2026-09-23T16:25:00+00:00,10.78,1034.1,Petrol,103783.3
V093,2026-08-13T01:32:00+00:00,9.31,866.5,Diesel,173875.9
V025,2026-08-28T02:56:00+00:00,25.54,2351.84,Diesel,84151.5
V009,2026-08-26T05:35:00+00:00,30.27,3091.35,Petrol,76683.3
V087,2026-08-24T11:50:00+00:00,19.46,1938.06,Petrol,5331.1
V013,2026-09-01T05:47:00+00:00,29.52,2924.96,Petrol,55961.1
V026,2026-09-09T17:35:00+00:00,36.99,3482.32,Petrol,52650.7
V042,2026-09-15T04:43:00+00:00,43.04,4197.48,Diesel,42524.4
V003,2026-09-13T17:55:00+00:00,38.54,3953.81,Diesel,112557.2
V035,2026-09-05T00:53:00+00:00,15.99,1518.78,Petrol,51535.6
V065,2026-09-03T03:22:00+00:00,13.59,1259.77,Petrol,20239.6
V081,2026-08-10T19:26:00+00:00,30.51,3038.54,Diesel,141026.2
V008,2026-09-10T00:02:00+00:00,30.88,3105.68,Diesel,80286.0
V061,2026-08-19T17:46:00+00:00,43.86,4466.91,Petrol,171469.4
V037,2026-08-25T02:17:00+00:00,9.08,908.94,Diesel,165929.9
V009,2026-08-07T10:55:00+00:00,24.33,2494.95,Petrol,93049.3
V019,2026-09-17T12:20:00+00:00,41.65,4204.29,Diesel,99085.7
V093,2026-08-30T03:32:00+00:00,31.19,3095.3,Diesel,17525.3
V015,2026-08-05T05:28:00+00:00,44.92,4410.77,Diesel,99331.0
V045,2026-08-06T17:34:00+00:00,29.4,2920.48,Diesel,97078.5
V091,2026-09-03T23:39:00+00:00,20.08,1982.69,Petrol,90319.7
V016,2026-08-22T21:39:00+00:00,27.57,2738.08,Diesel,160435.3
V031,2026-09-12T21:57:00+00:00,37.61,3726.22,Diesel,137980.9
V060,2026-09-24T14:06:00+00:00,36.55,3717.05,Diesel,45265.7
V086,2026-08-26T19:07:00+00:00,17.09,1668.85,Diesel,177196.9
V067,2026-09-22T20:07:00+00:00,26.5,2496.66,Petrol,109443.1
V028,2026-09-18T03:31:00+00:00,35.8,3348.81,Diesel,85535.0
V036,2026-08-30T01:01:00+00:00,35.87,3619.9,Petrol,40623.9
V099,2026-09-12T14:43:00+00:00,40.62,4125.45,Diesel,152493.6
V036,2026-09-12T17:11:00+00:00,39.39,4051.85,Petrol,161978.0
V061,2026-08-20T00:58:00+00:00,29.05,2707.48,Petrol,148208.5
V005,2026-09-09T08:29:00+00:00,12.54,1191.63,Diesel,96506.5
V039,2026-09-17T07:04:00+00:00,10.42,984.9,Diesel,76815.8
V070,2026-08-31T08:52:00+00:00,39.4,3757.41,Diesel,59890.5
V032,2026-09-15T02:53:00+00:00,19.22,1877.01,Petrol,6013.7
V049,2026-09-22T15:35:00+00:00,19.65,1922.22,Diesel,21907.6
V079,2026-08-12T00:07:00+00:00,17.18,1626.73,Diesel,73638.1
V027,2026-08-03T09:51:00+00:00,21.14,2171.31,Diesel,97970.6
V074,2026-09-16T16:23:00+00:00,10.36,1066.28,Diesel,135490.7
V015,2026-09-06T09:21:00+00:00,8.56,842.95,Diesel,145086.4
V024,2026-08-06T02:03:00+00:00,17.47,1789.58,Diesel,70615.8
V011,2026-09-01T03:21:00+00:00,13.72,1286.97,Diesel,143918.6
V026,2026-08-15T01:52:00+00:00,38.15,3578.21,Petrol,96365.2
V003,2026-09-13T20:42:00+00:00,5.16,519.08,Diesel,87578.5
V024,2026-09-03T09:28:00+00:00,15.02,1420.08,Diesel,78675.4
V051,2026-08-11T07:59:00+00:00,37.93,3675.69,Diesel,49894.3
V087,2026-09-22T12:49:00+00:00,36.64,3375.77,Petrol,72595.3
V068,2026-09-03T17:32:00+00:00,32.71,3327.26,Diesel,177750.9
V084,2026-09-06T17:12:00+00:00,36.65,3535.04,Petrol,158098.7
V017,2026-09-03T16:33:00+00:00,32.55,3208.35,Diesel,20635.7
V053,2026-08-30T07:05:00+00:00,22.99,2131.53,Diesel,10202.9
V090,2026-09-07T11:49:00+00:00,17.29,1640.15,Petrol,179275.4
V024,2026-09-05T16:22:00+00:00,8.46,796.77,Diesel,35936.1
V093,2026-08-04T20:29:00+00:00,32.2,3041.51,Diesel,41365.3
V044,2026-08-06T02:14:00+00:00,25.86,2428.17,Petrol,83331.8
V076,2026-08-10T04:23:00+00:00,14.66,1473.79,Diesel,116746.6
V004,2026-08-23T04:44:00+00:00,32.1,3012.21,Diesel,97826.8
V096,2026-08-30T11:42:00+00:00,11.59,1098.9,Petrol,60393.1
V040,2026-08-03T13:00:00+00:00,37.84,3826.1,Diesel,20037.3
V087,2026-08-05T19:13:00+00:00,9.91,928.52,Petrol,141934.5
V056,2026-08-22T03:24:00+00:00,16.28,1540.14,Diesel,169201.2
V030,2026-08-22T02:10:00+00:00,44.69,4444.53,Diesel,165472.2
V091,2026-09-07T14:20:00+00:00,31.27,3101.69,Petrol,169409.4
V043,2026-08-31T06:47:00+00:00,28.7,2650.58,Diesel,96763.1
V040,2026-08-20T07:41:00+00:00,42.09,4322.46,Diesel,53844.0
V029,2026-08-17T15:17:00+00:00,34.39,3263.23,Diesel,70079.8
V062,2026-09-02T07:29:00+00:00,27.21,2605.96,Diesel,154237.0
V086,2026-09-23T04:27:00+00:00,30.12,2771.89,Diesel,7548.8
V070,2026-09-21T11:26:00+00:00,18.02,1834.22,Diesel,139691.6
V042,2026-08-22T18:04:00+00:00,9.5,969.41,Diesel,119161.0
V087,2026-08-13T00:56:00+00:00,33.37,3155.87,Petrol,143470.5
V005,2026-08-31T23:13:00+00:00,15.93,1528.73,Diesel,99134.5
V068,2026-08-31T08:11:00+00:00,12.59,1283.95,Diesel,134155.9
V080,2026-09-02T07:06:00+00:00,41.63,4165.16,Diesel,140644.4
V085,2026-08-03T23:34:00+00:00,34.23,3221.74,Diesel,127132.3
V090,2026-09-15T16:42:00+00:00,25.47,2548.44,Petrol,59108.8
V063,2026-08-30T09:56:00+00:00,25.2,2472.11,Diesel,17331.8
V100,2026-08-17T14:49:00+00:00,32.79,3143.81,Diesel,146826.5
V092,2026-09-16T23:28:00+00:00,22.05,2244.84,Diesel,59214.6
V021,2026-08-08T02:02:00+00:00,34.1,3406.14,Diesel,37725.4
V053,2026-08-12T07:30:00+00:00,29.36,2811.46,Diesel,174955.3
V060,2026-08-26T12:33:00+00:00,24.75,2362.19,Diesel,134147.2
V028,2026-09-21T17:41:00+00:00,20.67,2079.64,Diesel,118221.8
V045,2026-09-17T02:14:00+00:00,32.14,3047.2,Diesel,126251.3
V002,2026-09-22T01:58:00+00:00,18.37,1886.77,Petrol,149898.4
V048,2026-08-12T20:43:00+00:00,43.13,4402.44,Diesel,30141.5
V065,2026-08-13T09:16:00+00:00,14.84,1424.8,Petrol,140871.2
V083,2026-08-17T01:35:00+00:00,37.77,3804.62,Petrol,136264.2
V088,2026-08-26T09:23:00+00:00,27.39,2633.54,Petrol,64575.2
V014,2026-08-24T22:28:00+00:00,42.84,4125.53,Diesel,143291.2
V077,2026-09-24T19:03:00+00:00,28.91,2930.63,Diesel,171724.3
V089,2026-09-04T17:04:00+00:00,18.74,1733.99,Diesel,5593.5
V072,2026-08-04T23:16:00+00:00,6.64,663.45,Diesel,21749.3
V019,2026-08-03T20:25:00+00:00,11.67,1166.05,Diesel,14859.8
V064,2026-08-09T18:46:00+00:00,35.08,3235.03,Petrol,117712.2
V036,2026-08-02T23:30:00+00:00,40.71,3780.85,Petrol,124613.9
V030,2026-08-03T08:03:00+00:00,20.62,2032.64,Diesel,74413.4
V096,2026-08-27T06:51:00+00:00,30.17,2837.67,Petrol,72427.8
V041,2026-09-23T21:15:00+00:00,8.68,813.05,Diesel,10917.2
V082,2026-08-05T06:21:00+00:00,37.83,3681.66,Diesel,148617.7
V071,2026-08-18T07:14:00+00:00,14.43,1346.55,Diesel,108949.6
V086,2026-09-09T13:17:00+00:00,14.66,1494.62,Diesel,155441.0
V068,2026-08-05T20:49:00+00:00,38.64,3867.56,Diesel,149472.0
V085,2026-08-27T15:34:00+00:00,34.7,3204.76,Diesel,34166.3
V023,2026-09-09T17:56:00+00:00,21.59,2193.65,Diesel,173414.4
V033,2026-08-02T09:19:00+00:00,35.71,3565.44,Diesel,82625.5
V002,2026-08-15T02:40:00+00:00,34.07,3425.98,Petrol,48589.1
V050,2026-09-07T06:48:00+00:00,41.43,4092.03,Diesel,61129.2
V046,2026-08-31T19:01:00+00:00,36.49,3559.6,Diesel,152134.0
V092,2026-08-26T00:34:00+00:00,6.04,576.0,Diesel,129646.6
V076,2026-08-03T10:04:00+00:00,33.08,3087.39,Diesel,15843.3
V047,2026-08-05T07:56:00+00:00,25.32,2473.98,Petrol,126539.3
V030,2026-09-21T05:15:00+00:00,12.2,1191.83,Diesel,22158.0
V024,2026-08-22T16:05:00+00:00,9.06,854.45,Diesel,130071.3
V028,2026-08-03T23:08:00+00:00,33.44,3306.7,Diesel,125401.6
V033,2026-08-18T01:43:00+00:00,28.78,2784.17,Diesel,5217.4
V047,2026-08-06T09:43:00+00:00,10.26,1003.03,Petrol,94990.6
V021,2026-08-02T12:50:00+00:00,16.85,1658.13,Diesel,12083.1
V047,2026-08-06T22:29:00+00:00,25.46,2366.66,Petrol,20598.1
V090,2026-08-31T05:19:00+00:00,36.24,3588.32,Petrol,13387.3
V033,2026-08-25T15:40:00+00:00,44.4,4514.03,Diesel,50228.7
V027,2026-08-28T02:11:00+00:00,12.53,1242.66,Diesel,86554.5
V041,2026-09-11T01:49:00+00:00,17.68,1650.55,Diesel,61865.7
V056,2026-09-14T14:07:00+00:00,26.06,2406.95,Diesel,64312.1
V046,2026-09-06T23:42:00+00:00,8.9,910.11,Diesel,140286.7
V066,2026-08-05T04:14:00+00:00,32.74,3357.87,Diesel,95411.4
V034,2026-09-19T07:38:00+00:00,39.4,3899.32,Diesel,96781.3
V075,2026-09-16T11:45:00+00:00,16.4,1630.19,Diesel,89208.3
V058,2026-08-10T21:37:00+00:00,42.92,4373.68,Petrol,102190.0
V094,2026-09-06T12:02:00+00:00,35.14,3323.59,Diesel,55017.4
V035,2026-09-04T02:54:00+00:00,39.0,3912.92,Petrol,80719.2
V006,2026-09-10T10:01:00+00:00,43.31,4334.64,Diesel,89133.7
V039,2026-08-23T02:43:00+00:00,13.28,1222.07,Diesel,137164.7
V008,2026-09-13T02:57:00+00:00,8.46,803.36,Diesel,41325.2
V032,2026-08-13T08:02:00+00:00,10.3,1052.0,Petrol,123726.5
V013,2026-09-15T08:24:00+00:00,8.26,787.9,Petrol,174015.7
V001,2026-09-13T08:20:00+00:00,38.77,3954.56,Petrol,47256.8
V058,2026-08-30T09:18:00+00:00,18.63,1884.13,Petrol,126314.1
V026,2026-09-24T14:38:00+00:00,38.2,3703.76,Petrol,72077.6
V094,2026-08-07T20:49:00+00:00,28.9,2700.6,Diesel,31308.9
V074,2026-09-21T17:57:00+00:00,32.5,3163.55,Diesel,40094.1
V021,2026-08-10T17:00:00+00:00,19.01,1822.36,Diesel,152499.3
V100,2026-09-16T13:20:00+00:00,13.04,1263.81,Diesel,136799.9
V026,2026-08-06T12:21:00+00:00,34.64,3462.37,Petrol,97477.8
V093,2026-08-03T16:28:00+00:00,18.15,1832.19,Diesel,160541.1
V096,2026-08-26T05:29:00+00:00,16.76,1660.73,Petrol,167007.5
V053,2026-08-08T19:34:00+00:00,9.15,925.15,Diesel,111081.2
V100,2026-08-08T05:25:00+00:00,12.11,1242.64,Diesel,178625.8
V063,2026-09-02T23:30:00+00:00,35.64,3282.62,Diesel,81158.9
V021,2026-08-11T16:20:00+00:00,43.74,4029.04,Diesel,52610.3
V076,2026-09-10T09:17:00+00:00,7.9,730.83,Diesel,106123.1
V064,2026-09-19T09:54:00+00:00,30.77,2939.41,Petrol,82270.5
V086,2026-08-23T14:16:00+00:00,12.84,1256.64,Diesel,14686.7
V021,2026-09-17T18:58:00+00:00,9.71,934.92,Diesel,115285.0
V099,2026-09-04T03:33:00+00:00,18.01,1797.62,Diesel,177755.1
V064,2026-08-02T10:28:00+00:00,6.27,616.6,Petrol,124985.8
V065,2026-09-12T00:34:00+00:00,21.82,2220.71,Petrol,172108.2
V032,2026-09-02T19:07:00+00:00,12.12,1222.05,Petrol,117464.7
V087,2026-08-19T01:25:00+00:00,34.17,3228.13,Petrol,145660.5
V057,2026-09-23T10:09:00+00:00,35.97,3670.72,Diesel,27782.4
V078,2026-08-19T17:06:00+00:00,44.08,4334.48,Diesel,84754.4
V078,2026-08-02T16:51:00+00:00,34.89,3413.2,Diesel,67724.5
V064,2026-09-07T17:50:00+00:00,36.09,3644.05,Petrol,93787.6
V025,2026-09-09T09:27:00+00:00,20.74,2067.08,Diesel,34304.0
V032,2026-09-09T04:36:00+00:00,31.42,3007.46,Petrol,145113.5
V071,2026-08-17T15:42:00+00:00,44.96,4379.57,Diesel,45417.6
V086,2026-08-18T07:33:00+00:00,43.39,4076.56,Diesel,50358.8
V072,2026-08-10T07:10:00+00:00,19.86,1892.15,Diesel,12811.5
V093,2026-08-12T07:19:00+00:00,12.05,1145.57,Diesel,44428.5
V020,2026-08-25T10:15:00+00:00,28.0,2667.07,Diesel,64658.1
V021,2026-09-18T16:26:00+00:00,22.19,2042.09,Diesel,74378.4
V018,2026-09-16T03:31:00+00:00,8.47,847.59,Diesel,36108.9
V081,2026-09-04T22:14:00+00:00,28.25,2889.55,Diesel,50244.6
V079,2026-09-21T16:38:00+00:00,17.23,1637.03,Diesel,54558.8
V090,2026-08-08T13:10:00+00:00,13.57,1251.17,Petrol,175053.5
V068,2026-08-14T12:14:00+00:00,8.55,788.88,Diesel,107543.5
V088,2026-09-11T00:35:00+00:00,11.67,1074.87,Petrol,100411.0
V055,2026-09-24T05:44:00+00:00,37.02,3527.76,Diesel,71556.9
V057,2026-09-23T05:52:00+00:00,26.34,2581.42,Diesel,60837.0
V061,2026-09-15T05:55:00+00:00,41.16,4033.02,Petrol,108994.8
V019,2026-09-20T17:33:00+00:00,7.44,722.62,Diesel,91831.8
V022,2026-08-07T05:05:00+00:00,22.93,2260.8,Diesel,87725.9
V037,2026-08-07T19:03:00+00:00,25.24,2545.59,Diesel,108718.8
V073,2026-09-11T18:23:00+00:00,31.65,3010.01,Petrol,38080.1
V081,2026-08-19T06:37:00+00:00,25.62,2468.84,Diesel,161141.9
V098,2026-09-17T07:12:00+00:00,42.34,3947.7,Diesel,5633.7
V090,2026-09-11T06:28:00+00:00,19.68,1918.63,Petrol,141470.0
V064,2026-09-23T10:58:00+00:00,37.32,3732.96,Petrol,103957.9
V042,2026-08-28T20:20:00+00:00,19.03,1906.39,Diesel,89544.6
V029,2026-08-22T01:06:00+00:00,18.54,1752.56,Diesel,90330.3
V085,2026-09-04T20:28:00+00:00,27.31,2580.02,Diesel,7491.1
V079,2026-08-11T06:57:00+00:00,42.28,3987.94,Diesel,177144.5
V056,2026-08-10T07:30:00+00:00,10.67,1085.63,Diesel,166590.0
V030,2026-08-11T04:38:00+00:00,36.72,3726.36,Diesel,82887.1
V063,2026-08-19T13:08:00+00:00,30.0,2917.06,Diesel,114447.9
V077,2026-08-06T22:47:00+00:00,34.1,3191.96,Diesel,51851.8
V023,2026-09-07T12:37:00+00:00,23.36,2173.81,Diesel,27876.5
V027,2026-08-20T03:49:00+00:00,8.01,768.65,Diesel,21476.9
V028,2026-08-05T13:01:00+00:00,29.9,2923.03,Diesel,166598.4
V006,2026-08-06T21:32:00+00:00,30.25,2928.42,Diesel,124990.0
V091,2026-09-05T13:16:00+00:00,19.7,1910.93,Petrol,138845.3
V015,2026-09-07T23:45:00+00:00,28.91,2844.89,Diesel,47646.5
V081,2026-09-14T03:54:00+00:00,7.75,748.82,Diesel,26416.6
V056,2026-08-10T14:04:00+00:00,31.65,3160.51,Diesel,156652.4
V016,2026-09-15T23:01:00+00:00,14.21,1321.48,Diesel,33397.4
V043,2026-08-20T04:48:00+00:00,24.74,2431.23,Diesel,86890.7
V005,2026-08-19T13:02:00+00:00,31.04,3122.91,Diesel,43989.6
V080,2026-08-24T23:02:00+00:00,13.21,1307.92,Diesel,60158.7
V072,2026-09-18T09:10:00+00:00,18.58,1725.48,Diesel,79975.9
V092,2026-08-26T08:39:00+00:00,5.46,531.66,Diesel,153250.6
V078,2026-09-12T18:23:00+00:00,9.29,933.26,Diesel,104214.2
V023,2026-09-24T06:18:00+00:00,34.66,3358.41,Diesel,146997.2
V074,2026-08-29T00:42:00+00:00,34.8,3226.2,Diesel,39305.5
V065,2026-08-20T18:54:00+00:00,18.37,1882.22,Petrol,28160.4
V006,2026-08-27T21:39:00+00:00,19.62,1950.73,Diesel,128811.3
V003,2026-08-06T01:37:00+00:00,41.35,3927.62,Diesel,98111.8
V013,2026-08-16T09:32:00+00:00,36.03,3552.65,Petrol,114889.8
V066,2026-09-07T00:40:00+00:00,14.42,1394.02,Diesel,12903.0
V032,2026-09-21T19:16:00+00:00,24.19,2482.12,Petrol,142304.7
V031,2026-09-24T12:54:00+00:00,23.05,2242.13,Diesel,38167.1
V021,2026-08-20T03:52:00+00:00,7.1,720.29,Diesel,178145.2
V001,2026-08-03T21:33:00+00:00,36.77,3745.2,Petrol,8640.0
V045,2026-08-06T11:12:00+00:00,43.29,4110.46,Diesel,34954.8
V017,2026-08-14T00:30:00+00:00,19.79,1902.63,Diesel,161201.8
V088,2026-09-21T03:14:00+00:00,17.29,1696.44,Petrol,132908.1
V051,2026-09-23T02:41:00+00:00,17.13,1700.51,Diesel,5912.0
V010,2026-09-14T01:21:00+00:00,28.27,2699.53,Diesel,130864.1
V057,2026-09-05T20:38:00+00:00,19.15,1863.42,Diesel,68082.9
V016,2026-08-23T17:05:00+00:00,15.99,1487.41,Diesel,35303.7
V043,2026-08-06T23:54:00+00:00,27.18,2699.42,Diesel,103101.9
V069,2026-08-19T07:39:00+00:00,27.57,2730.27,Petrol,26458.0
V089,2026-08-13T13:40:00+00:00,43.29,4428.83,Diesel,19781.0
V042,2026-09-14T00:58:00+00:00,44.39,4105.58,Diesel,12695.5
V021,2026-08-28T10:10:00+00:00,42.94,4041.15,Diesel,90871.9
V074,2026-09-14T20:28:00+00:00,37.12,3738.84,Diesel,63768.1
V086,2026-09-02T02:00:00+00:00,13.11,1286.81,Diesel,162599.6
V085,2026-09-11T06:01:00+00:00,21.13,2133.14,Diesel,96671.0
V001,2026-09-23T03:53:00+00:00,28.11,2719.54,Petrol,144726.5
V087,2026-08-15T01:50:00+00:00,35.19,3448.43,Petrol,51883.8
V048,2026-08-23T03:42:00+00:00,13.23,1247.95,Diesel,71525.2
V010,2026-08-23T15:35:00+00:00,40.22,3896.72,Diesel,8147.4
V099,2026-08-05T22:43:00+00:00,38.77,3567.69,Diesel,87648.7
V032,2026-09-21T12:10:00+00:00,21.18,2150.71,Petrol,140558.6
V096,2026-08-01T17:25:00+00:00,12.13,1171.27,Petrol,51353.5
V022,2026-09-15T13:33:00+00:00,44.53,4199.05,Diesel,65496.0
V047,2026-09-11T12:26:00+00:00,5.45,518.03,Petrol,88858.9
V023,2026-08-11T11:28:00+00:00,36.9,3710.57,Diesel,24563.4
V003,2026-08-24T05:17:00+00:00,28.62,2858.15,Diesel,157516.7
V030,2026-08-05T17:44:00+00:00,26.5,2543.53,Diesel,58438.5
V057,2026-09-04T12:02:00+00:00,39.89,4010.88,Diesel,125101.4
V041,2026-08-15T12:05:00+00:00,33.79,3309.28,Diesel,44499.7
V066,2026-08-20T22:40:00+00:00,27.46,2718.7,Diesel,93281.4
V074,2026-08-18T19:09:00+00:00,44.27,4209.91,Diesel,43111.0
V023,2026-09-09T23:36:00+00:00,19.75,1896.92,Diesel,148655.4
V082,2026-09-10T20:05:00+00:00,29.36,2834.38,Diesel,73155.6
V048,2026-08-17T06:54:00+00:00,13.4,1356.13,Diesel,149857.7
V054,2026-08-03T11:56:00+00:00,40.62,4154.59,Diesel,54439.9
V052,2026-09-24T05:32:00+00:00,36.09,3426.8,Petrol,130894.2
V005,2026-08-23T09:45:00+00:00,13.0,1230.31,Diesel,112834.9
V082,2026-09-11T22:03:00+00:00,39.25,3685.56,Diesel,36105.3
V054,2026-09-01T06:31:00+00:00,29.99,2890.12,Diesel,135152.1
V092,2026-09-16T01:10:00+00:00,43.11,4267.62,Diesel,33678.6
V027,2026-08-04T04:57:00+00:00,27.62,2626.44,Diesel,39352.9
V046,2026-08-30T14:26:00+00:00,7.82,763.11,Diesel,133294.2
V029,2026-08-26T22:37:00+00:00,10.96,1082.97,Diesel,96874.9
V028,2026-09-18T18:19:00+00:00,14.02,1321.2,Diesel,51485.6
V040,2026-09-02T12:32:00+00:00,34.54,3217.28,Diesel,98811.9
V010,2026-09-08T10:42:00+00:00,12.22,1144.16,Diesel,60931.9
V040,2026-09-01T07:55:00+00:00,26.28,2540.77,Diesel,144752.7
V066,2026-08-24T07:54:00+00:00,23.03,2289.74,Diesel,58243.5
V056,2026-08-12T15:28:00+00:00,6.96,679.61,Diesel,93840.7
V078,2026-08-31T18:38:00+00:00,14.93,1496.52,Diesel,127509.4
V006,2026-08-07T05:16:00+00:00,36.16,3549.76,Diesel,144761.6
V077,2026-09-03T14:13:00+00:00,28.11,2650.56,Diesel,148378.9
V096,2026-09-16T16:00:00+00:00,44.38,4508.35,Petrol,49936.1
V087,2026-09-23T06:31:00+00:00,12.59,1176.82,Petrol,147601.4
V031,2026-09-21T00:50:00+00:00,21.19,1972.53,Diesel,51189.9
V082,2026-08-23T16:28:00+00:00,32.88,3160.14,Diesel,124124.6
V032,2026-09-09T07:06:00+00:00,11.37,1126.08,Petrol,28051.4
V040,2026-08-17T15:19:00+00:00,30.31,2899.57,Diesel,22392.8
V043,2026-09-13T11:52:00+00:00,9.78,917.31,Diesel,86458.8
V045,2026-08-17T17:45:00+00:00,27.57,2565.71,Diesel,47624.6
V097,2026-08-04T23:48:00+00:00,26.38,2434.26,Diesel,159456.6
V058,2026-08-19T06:10:00+00:00,38.02,3706.49,Petrol,114667.6
V084,2026-08-05T15:53:00+00:00,13.22,1361.57,Petrol,119792.8
V006,2026-08-14T03:23:00+00:00,11.7,1156.22,Diesel,97440.3
V073,2026-09-19T21:58:00+00:00,11.4,1166.33,Petrol,167219.2
V012,2026-09-16T12:56:00+00:00,27.04,2490.47,Diesel,120131.2
V065,2026-09-01T11:37:00+00:00,41.81,4084.8,Petrol,146729.0
V043,2026-09-05T07:48:00+00:00,22.22,2082.11,Diesel,12540.7
V029,2026-09-18T11:12:00+00:00,30.43,2886.38,Diesel,44119.8
V083,2026-08-28T22:16:00+00:00,22.8,2184.28,Petrol,48859.7
V063,2026-09-05T01:56:00+00:00,21.59,2221.17,Diesel,89769.3
V069,2026-08-18T14:33:00+00:00,40.22,3831.29,Petrol,135988.4
V003,2026-08-11T16:02:00+00:00,30.1,2909.93,Diesel,30347.1
V088,2026-09-11T12:13:00+00:00,43.51,4033.01,Petrol,76897.0
V085,2026-08-16T20:12:00+00:00,36.11,3442.26,Diesel,56461.9
V008,2026-08-03T21:48:00+00:00,43.05,4195.25,Diesel,106094.4
V032,2026-08-01T17:39:00+00:00,5.52,562.59,Petrol,97264.0
V062,2026-08-17T10:26:00+00:00,9.95,964.37,Diesel,170359.6
V070,2026-08-25T12:12:00+00:00,12.38,1189.76,Diesel,139324.0
V074,2026-08-06T16:03:00+00:00,29.93,2780.75,Diesel,156305.7
V076,2026-08-04T17:08:00+00:00,38.08,3652.88,Diesel,152928.6
V026,2026-09-24T05:29:00+00:00,36.54,3517.04,Petrol,97731.1
V009,2026-08-08T07:34:00+00:00,28.1,2585.42,Petrol,144191.1
V043,2026-08-30T06:34:00+00:00,21.36,2143.68,Diesel,12855.5
V066,2026-09-17T01:55:00+00:00,40.65,4166.81,Diesel,30679.2
V095,2026-09-07T23:32:00+00:00,11.24,1130.71,Diesel,91992.6
V027,2026-09-20T21:34:00+00:00,17.22,1707.53,Diesel,127827.6
V065,2026-08-24T13:32:00+00:00,22.71,2207.51,Petrol,145745.3
V029,2026-09-18T10:46:00+00:00,27.23,2582.56,Diesel,85882.0
V056,2026-09-17T06:41:00+00:00,15.62,1437.88,Diesel,100409.5
V054,2026-09-04T04:49:00+00:00,36.01,3662.08,Diesel,137845.0
V040,2026-08-07T19:05:00+00:00,42.83,4126.06,Diesel,168980.9
V083,2026-09-05T06:25:00+00:00,44.99,4528.62,Petrol,37777.2
V077,2026-08-25T00:45:00+00:00,8.4,802.45,Diesel,112093.2
V063,2026-08-08T00:13:00+00:00,30.37,2993.83,Diesel,70863.6
V044,2026-08-14T10:25:00+00:00,5.37,533.45,Petrol,45000.9
V084,2026-09-07T12:47:00+00:00,9.57,963.97,Petrol,120142.0
V038,2026-08-11T02:17:00+00:00,18.84,1870.8,Petrol,101146.1
V016,2026-08-29T02:57:00+00:00,40.25,3972.38,Diesel,158781.2
V010,2026-08-05T07:31:00+00:00,38.3,3629.79,Diesel,118650.9
V075,2026-09-11T10:41:00+00:00,29.32,2853.89,Diesel,163751.3
V034,2026-08-09T15:27:00+00:00,41.68,4018.54,Diesel,175408.0
V038,2026-09-24T08:44:00+00:00,22.12,2243.11,Petrol,79116.5
V029,2026-08-26T07:00:00+00:00,8.13,795.38,Diesel,19576.3
V067,2026-08-15T23:48:00+00:00,13.52,1301.94,Petrol,152916.1
V078,2026-09-08T16:57:00+00:00,22.17,2120.78,Diesel,55652.9
V079,2026-08-28T10:56:00+00:00,33.47,3331.91,Diesel,14129.8
V094,2026-08-24T21:04:00+00:00,19.94,1977.83,Diesel,150342.4
V084,2026-09-08T22:20:00+00:00,41.98,4031.4,Petrol,86909.7
V038,2026-08-20T05:27:00+00:00,36.05,3410.62,Petrol,156537.8
V036,2026-08-05T04:42:00+00:00,17.73,1750.21,Petrol,67949.7
V078,2026-08-13T21:10:00+00:00,19.16,1839.56,Diesel,166982.4
V002,2026-09-05T00:05:00+00:00,42.77,3973.88,Petrol,10503.2
V043,2026-08-06T10:18:00+00:00,44.73,4265.69,Diesel,77819.4
V046,2026-09-11T02:29:00+00:00,29.32,2854.39,Diesel,128420.0
V014,2026-09-16T03:05:00+00:00,28.89,2857.83,Diesel,121126.0
V046,2026-09-09T10:30:00+00:00,5.79,545.54,Diesel,103210.6
V089,2026-08-17T09:46:00+00:00,20.41,1940.47,Diesel,96535.2
V039,2026-09-23T04:36:00+00:00,19.37,1836.6,Diesel,155905.8
V091,2026-08-14T17:55:00+00:00,30.08,2859.64,Petrol,77772.0
V067,2026-09-05T10:46:00+00:00,17.05,1581.73,Petrol,63597.5
V016,2026-08-12T10:10:00+00:00,19.73,1851.54,Diesel,171000.8
V100,2026-09-24T14:18:00+00:00,36.14,3604.92,Diesel,67214.3
V025,2026-08-13T08:57:00+00:00,13.2,1252.58,Diesel,65974.3
V072,2026-09-02T20:10:00+00:00,7.88,786.16,Diesel,178518.3
V078,2026-08-13T08:02:00+00:00,26.7,2666.21,Diesel,31877.6
V073,2026-09-13T12:57:00+00:00,32.65,3123.83,Petrol,30262.9
V082,2026-08-21T15:14:00+00:00,10.4,1056.22,Diesel,137220.3
V004,2026-09-10T17:36:00+00:00,22.44,2223.55,Diesel,114865.4
V020,2026-08-09T15:43:00+00:00,12.5,1225.09,Diesel,176477.7
V004,2026-08-09T05:49:00+00:00,21.21,1970.11,Diesel,75218.8
V089,2026-08-05T21:00:00+00:00,29.34,2776.18,Diesel,76837.3
V071,2026-08-25T12:38:00+00:00,18.55,1783.48,Diesel,26624.9
V016,2026-09-13T01:50:00+00:00,7.49,716.66,Diesel,153700.5
V098,2026-08-27T16:42:00+00:00,33.44,3282.82,Diesel,167358.5
V067,2026-08-02T11:47:00+00:00,17.63,1784.9,Petrol,91551.0
V099,2026-08-05T01:45:00+00:00,32.94,3225.98,Diesel,139310.6
V010,2026-08-11T05:28:00+00:00,27.5,2675.26,Diesel,52394.5
V055,2026-08-05T08:44:00+00:00,27.08,2632.41,Diesel,39601.8
V086,2026-08-30T14:32:00+00:00,31.66,3180.41,Diesel,158938.8
V034,2026-08-05T06:09:00+00:00,15.12,1541.04,Diesel,135916.1
V081,2026-09-15T11:39:00+00:00,40.51,4109.88,Diesel,91807.8
V024,2026-09-19T07:15:00+00:00,16.72,1589.27,Diesel,143243.8
V045,2026-08-15T10:56:00+00:00,14.87,1462.6,Diesel,13290.4
V013,2026-09-04T10:06:00+00:00,34.67,3532.13,Petrol,32744.8
V083,2026-08-20T17:04:00+00:00,28.64,2774.36,Petrol,69683.9
V014,2026-08-30T02:10:00+00:00,27.18,2601.36,Diesel,85903.1
V001,2026-09-17T10:35:00+00:00,7.68,750.88,Petrol,24633.4
V066,2026-09-10T07:39:00+00:00,15.75,1481.61,Diesel,176717.4
V051,2026-08-27T16:46:00+00:00,5.63,552.83,Diesel,42272.1
V063,2026-08-22T16:12:00+00:00,20.72,1950.42,Diesel,131501.7
V092,2026-08-07T22:40:00+00:00,11.38,1124.91,Diesel,12477.3
V003,2026-08-06T11:39:00+00:00,6.23,605.15,Diesel,55034.5
V024,2026-08-16T11:22:00+00:00,8.36,857.95,Diesel,140977.0
V001,2026-09-01T14:01:00+00:00,20.54,2107.94,Petrol,70766.5
V019,2026-09-11T14:43:00+00:00,43.22,4213.99,Diesel,98755.0
V032,2026-08-12T16:48:00+00:00,5.82,564.43,Petrol,31318.4
V042,2026-08-31T14:15:00+00:00,38.54,3681.65,Diesel,55523.4
V079,2026-09-04T19:59:00+00:00,28.6,2664.84,Diesel,10763.2
V002,2026-08-13T02:02:00+00:00,10.24,953.72,Petrol,165336.4
V001,2026-09-18T11:14:00+00:00,39.78,4049.14,Petrol,135575.4
V041,2026-09-23T17:19:00+00:00,25.7,2392.6,Diesel,154531.8
V085,2026-08-27T20:23:00+00:00,36.9,3713.82,Diesel,22770.0
V077,2026-09-12T20:45:00+00:00,11.52,1184.51,Diesel,113271.6
V058,2026-09-12T14:46:00+00:00,39.52,3955.24,Petrol,119326.2
V036,2026-09-20T08:36:00+00:00,5.81,555.63,Petrol,171379.3
V055,2026-08-15T15:08:00+00:00,36.7,3432.79,Diesel,34273.8
V033,2026-09-24T21:10:00+00:00,33.32,3094.03,Diesel,29088.5
V034,2026-08-04T05:40:00+00:00,15.84,1602.96,Diesel,60821.1
V059,2026-08-03T07:53:00+00:00,13.62,1317.33,Diesel,134919.6
V038,2026-08-27T02:05:00+00:00,40.59,4059.84,Petrol,174779.2
V022,2026-09-21T12:05:00+00:00,42.96,4228.55,Diesel,126311.1
V059,2026-09-15T06:01:00+00:00,8.5,874.01,Diesel,16798.5
V074,2026-08-31T21:50:00+00:00,15.55,1481.66,Diesel,47329.3
V006,2026-08-19T05:04:00+00:00,25.4,2415.48,Diesel,38485.6
V091,2026-08-09T20:09:00+00:00,35.6,3647.59,Petrol,168538.2
V009,2026-08-21T04:01:00+00:00,33.76,3238.86,Petrol,108487.8
V076,2026-08-23T08:19:00+00:00,28.83,2878.41,Diesel,115804.0
V054,2026-08-05T17:13:00+00:00,17.9,1666.35,Diesel,68151.2
V081,2026-09-05T01:12:00+00:00,40.25,3946.55,Diesel,139446.3
V050,2026-08-13T04:20:00+00:00,26.37,2550.34,Diesel,82502.0
V062,2026-08-15T17:29:00+00:00,16.57,1582.14,Diesel,30104.7
V003,2026-08-31T23:29:00+00:00,21.2,2172.49,Diesel,172795.1
V044,2026-09-18T18:24:00+00:00,36.02,3451.76,Petrol,115535.8
V053,2026-08-02T20:15:00+00:00,11.71,1203.03,Diesel,82409.9
V009,2026-08-01T21:05:00+00:00,37.89,3489.38,Petrol,134471.9
V073,2026-09-08T10:32:00+00:00,18.43,1868.75,Petrol,124990.3
V002,2026-09-15T09:20:00+00:00,20.4,1877.32,Petrol,113896.3
V085,2026-08-18T16:43:00+00:00,17.35,1707.48,Diesel,31776.2
V100,2026-08-08T03:47:00+00:00,23.22,2328.22,Diesel,98839.3
V037,2026-08-06T22:38:00+00:00,42.55,4234.63,Diesel,6619.1
V085,2026-08-08T00:36:00+00:00,34.95,3317.62,Diesel,28210.6
V056,2026-09-10T08:17:00+00:00,23.26,2259.87,Diesel,147177.8
V069,2026-09-01T01:10:00+00:00,16.21,1550.01,Petrol,91140.7
V095,2026-09-16T22:23:00+00:00,27.88,2780.63,Diesel,17944.2
V006,2026-08-06T02:05:00+00:00,25.64,2498.37,Diesel,51082.5
V059,2026-09-03T03:59:00+00:00,16.73,1576.6,Diesel,26867.3
V026,2026-09-03T00:03:00+00:00,21.34,2194.97,Petrol,51813.8
V034,2026-08-28T23:30:00+00:00,27.56,2832.12,Diesel,165719.3
V065,2026-09-06T23:40:00+00:00,15.93,1581.23,Petrol,142556.4
V093,2026-09-12T09:47:00+00:00,7.09,681.67,Diesel,112468.5
V030,2026-08-01T10:15:00+00:00,16.49,1627.96,Diesel,140589.8
V011,2026-08-01T06:51:00+00:00,41.4,4164.53,Diesel,151041.0
V057,2026-08-20T03:18:00+00:00,19.64,1967.51,Diesel,170652.8
V055,2026-08-18T17:28:00+00:00,44.13,4458.72,Diesel,40940.1
V025,2026-09-08T17:54:00+00:00,26.87,2473.21,Diesel,178837.8
V052,2026-09-21T02:43:00+00:00,24.92,2338.02,Petrol,165254.4
V063,2026-09-11T19:40:00+00:00,39.92,3966.01,Diesel,42863.9
V026,2026-08-03T01:45:00+00:00,20.77,2089.53,Petrol,153649.8
V028,2026-09-01T02:52:00+00:00,23.75,2312.7,Diesel,107966.8
V026,2026-08-27T04:15:00+00:00,39.53,3703.26,Petrol,104588.7
V076,2026-08-07T04:07:00+00:00,40.39,4072.81,Diesel,118651.8
V070,2026-08-27T12:40:00+00:00,31.03,3133.98,Diesel,128829.9
V082,2026-09-18T02:39:00+00:00,41.63,4003.45,Diesel,170609.0
V098,2026-08-04T14:52:00+00:00,9.8,903.21,Diesel,173735.9
V056,2026-08-28T01:16:00+00:00,32.21,3187.64,Diesel,176280.0
V006,2026-08-11T13:00:00+00:00,10.64,1026.02,Diesel,47618.4
V084,2026-08-07T09:55:00+00:00,5.55,550.23,Petrol,178513.2
V057,2026-08-30T19:34:00+00:00,18.0,1758.74,Diesel,89623.2
V009,2026-08-22T09:44:00+00:00,20.24,1942.85,Petrol,127639.4
V063,2026-08-14T13:15:00+00:00,21.42,2082.64,Diesel,155124.4
V088,2026-09-11T11:17:00+00:00,36.67,3759.36,Petrol,138866.5
V033,2026-09-19T17:47:00+00:00,31.4,3006.82,Diesel,107563.8
V067,2026-08-15T07:27:00+00:00,10.7,1067.37,Petrol,103497.6
V093,2026-09-01T12:28:00+00:00,26.69,2571.27,Diesel,154881.4
V006,2026-09-18T16:27:00+00:00,5.17,504.84,Diesel,87531.0
V042,2026-08-17T06:50:00+00:00,25.26,2362.65,Diesel,177877.1
V023,2026-09-22T22:02:00+00:00,41.83,4173.57,Diesel,43301.0
V063,2026-09-19T13:38:00+00:00,23.05,2362.06,Diesel,73227.4
V076,2026-09-09T09:56:00+00:00,38.55,3666.9,Diesel,32670.0
V073,2026-08-03T16:28:00+00:00,16.3,1524.88,Petrol,122939.8
V020,2026-09-13T07:09:00+00:00,10.5,1019.3,Diesel,37340.7
V071,2026-09-07T04:34:00+00:00,14.03,1384.97,Diesel,174254.3
V023,2026-09-05T08:06:00+00:00,5.55,539.46,Diesel,117758.4
V016,2026-08-15T12:51:00+00:00,16.26,1513.27,Diesel,145329.7
V063,2026-08-04T01:04:00+00:00,32.67,3046.35,Diesel,90101.0
V086,2026-09-09T08:25:00+00:00,28.68,2827.79,Diesel,10223.1
V032,2026-09-22T18:55:00+00:00,42.65,3934.7,Petrol,37960.1
V031,2026-09-19T14:51:00+00:00,19.41,1969.88,Diesel,5979.8
V036,2026-09-21T15:11:00+00:00,35.19,3313.63,Petrol,154336.9
V066,2026-08-01T04:58:00+00:00,27.6,2682.94,Diesel,57630.4
V071,2026-08-17T22:32:00+00:00,30.42,3021.21,Diesel,173401.0
V001,2026-08-16T20:12:00+00:00,36.09,3432.11,Petrol,5179.6
V087,2026-08-05T02:17:00+00:00,22.13,2140.56,Petrol,20123.5
V080,2026-09-02T19:28:00+00:00,30.65,3050.22,Diesel,173817.9
V016,2026-08-19T18:48:00+00:00,34.22,3182.0,Diesel,19776.3
V029,2026-08-23T03:21:00+00:00,38.06,3701.68,Diesel,53714.4
V030,2026-08-30T22:02:00+00:00,44.61,4324.55,Diesel,72068.2
V020,2026-09-05T18:58:00+00:00,12.57,1234.26,Diesel,107096.0
V081,2026-08-23T17:42:00+00:00,35.12,3372.67,Diesel,103164.2
V040,2026-09-18T08:59:00+00:00,8.88,894.93,Diesel,17490.4
V002,2026-08-11T11:34:00+00:00,36.94,3619.33,Petrol,47728.2
V046,2026-08-22T12:00:00+00:00,36.83,3443.05,Diesel,18942.1
V024,2026-09-10T01:07:00+00:00,40.31,3950.02,Diesel,142547.1
V085,2026-08-15T14:08:00+00:00,42.02,4158.46,Diesel,112514.7
V039,2026-08-12T10:30:00+00:00,28.17,2853.75,Diesel,85780.2
V071,2026-08-25T15:28:00+00:00,38.07,3716.74,Diesel,134882.1
V052,2026-08-26T10:52:00+00:00,30.54,2809.81,Petrol,34417.0
V023,2026-08-12T07:41:00+00:00,6.69,665.38,Diesel,168570.0
V090,2026-08-20T17:10:00+00:00,24.73,2322.6,Petrol,122897.5
V019,2026-08-12T01:36:00+00:00,34.42,3325.95,Diesel,35193.9
V011,2026-08-27T11:48:00+00:00,27.7,2674.52,Diesel,67263.0
V020,2026-08-29T23:38:00+00:00,34.33,3358.79,Diesel,134156.5
V061,2026-09-10T15:08:00+00:00,10.94,1037.68,Petrol,49021.7
V097,2026-08-02T16:17:00+00:00,28.48,2709.65,Diesel,16771.9
V020,2026-08-20T18:53:00+00:00,44.77,4378.23,Diesel,11304.8
V003,2026-08-08T16:04:00+00:00,16.13,1617.1,Diesel,98509.2
V085,2026-09-23T19:42:00+00:00,24.09,2465.22,Diesel,63399.0
V065,2026-08-31T20:57:00+00:00,10.91,1096.87,Petrol,47043.7
V049,2026-09-01T13:51:00+00:00,20.26,1923.64,Diesel,12095.2
V019,2026-08-24T22:12:00+00:00,25.64,2608.27,Diesel,12090.0
V083,2026-09-07T01:03:00+00:00,7.14,734.75,Petrol,105523.8
V058,2026-08-08T17:34:00+00:00,40.51,3931.93,Petrol,125830.9
V062,2026-08-19T08:56:00+00:00,34.05,3282.14,Diesel,120658.4
V074,2026-08-18T03:04:00+00:00,37.79,3748.49,Diesel,122293.5
V093,2026-09-12T12:05:00+00:00,44.7,4122.61,Diesel,46916.8
V096,2026-08-07T12:20:00+00:00,33.91,3241.08,Petrol,9761.7
V017,2026-09-15T22:48:00+00:00,10.31,966.35,Diesel,32508.5
V016,2026-08-21T02:24:00+00:00,31.95,3232.42,Diesel,30198.9
V072,2026-08-13T10:47:00+00:00,13.89,1405.87,Diesel,168287.6
V029,2026-08-26T02:09:00+00:00,30.04,3092.26,Diesel,161018.4
V026,2026-08-10T23:22:00+00:00,20.4,2015.65,Petrol,111350.6
V025,2026-09-07T04:59:00+00:00,34.03,3300.17,Diesel,104825.9
V053,2026-08-24T16:22:00+00:00,8.11,787.22,Diesel,47771.9
V056,2026-08-14T07:25:00+00:00,36.46,3730.06,Diesel,42137.1
V078,2026-08-02T18:02:00+00:00,9.55,948.79,Diesel,52813.7
V009,2026-08-25T05:20:00+00:00,11.58,1094.95,Petrol,128634.7
V017,2026-08-12T14:39:00+00:00,23.32,2396.37,Diesel,10759.0
V059,2026-09-11T04:01:00+00:00,21.64,2029.48,Diesel,36809.4
V015,2026-08-11T18:47:00+00:00,24.77,2304.11,Diesel,43717.9
V023,2026-09-11T11:44:00+00:00,41.47,4214.32,Diesel,51180.7
V090,2026-08-11T03:44:00+00:00,17.03,1577.29,Petrol,66424.0
V051,2026-08-16T19:13:00+00:00,12.66,1257.57,Diesel,7693.0
V066,2026-09-12T09:35:00+00:00,44.94,4177.15,Diesel,143703.3
V010,2026-09-19T02:40:00+00:00,8.15,794.95,Diesel,63097.7
V032,2026-08-12T13:12:00+00:00,9.95,1000.71,Petrol,179011.6
V056,2026-09-12T14:56:00+00:00,13.76,1372.6,Diesel,126877.6
V029,2026-09-09T07:36:00+00:00,32.58,3344.72,Diesel,109685.6
V029,2026-08-01T03:57:00+00:00,39.38,3643.53,Diesel,107104.2
V081,2026-09-21T14:38:00+00:00,11.06,1027.31,Diesel,147928.9
V076,2026-08-17T12:25:00+00:00,35.47,3391.36,Diesel,115864.0
V040,2026-08-18T03:33:00+00:00,20.33,2053.91,Diesel,162056.5
V084,2026-08-18T01:45:00+00:00,44.69,4215.28,Petrol,145889.6
V090,2026-09-05T11:09:00+00:00,27.92,2622.99,Petrol,88395.1
V019,2026-08-02T04:15:00+00:00,6.7,629.52,Diesel,54379.3
V017,2026-08-02T05:14:00+00:00,15.73,1615.2,Diesel,69743.8
V016,2026-09-06T22:24:00+00:00,13.92,1379.84,Diesel,129012.0
V005,2026-08-13T13:20:00+00:00,10.62,978.92,Diesel,49697.9
V070,2026-09-16T21:53:00+00:00,40.77,3836.35,Diesel,121916.7
V095,2026-09-19T23:28:00+00:00,19.08,1771.91,Diesel,99544.6
V029,2026-09-13T06:59:00+00:00,12.06,1125.35,Diesel,36060.7
V018,2026-09-11T19:43:00+00:00,29.5,3031.28,Diesel,65627.5
V092,2026-08-14T14:23:00+00:00,23.88,2441.26,Diesel,12553.2
V066,2026-08-09T19:17:00+00:00,35.72,3655.17,Diesel,103817.4
V021,2026-09-20T17:14:00+00:00,29.1,2745.19,Diesel,70667.7
V087,2026-08-13T14:49:00+00:00,20.95,1998.88,Petrol,12863.9
V065,2026-09-09T07:06:00+00:00,33.25,3306.76,Petrol,140627.9
V070,2026-08-06T06:25:00+00:00,10.84,1071.1,Diesel,117721.8
V010,2026-08-30T23:52:00+00:00,23.64,2277.83,Diesel,12500.6
V034,2026-09-19T16:31:00+00:00,40.68,3895.43,Diesel,108487.7
V100,2026-08-01T07:35:00+00:00,13.17,1222.52,Diesel,49468.3
V011,2026-08-14T12:38:00+00:00,13.2,1273.36,Diesel,37733.4
V068,2026-09-05T11:46:00+00:00,17.96,1669.67,Diesel,173495.3
V059,2026-09-22T08:09:00+00:00,23.28,2215.86,Diesel,125640.0
V006,2026-08-07T05:37:00+00:00,18.7,1904.68,Diesel,46570.6
V089,2026-09-12T02:20:00+00:00,13.45,1364.26,Diesel,154095.6
V024,2026-09-15T20:19:00+00:00,9.48,903.37,Diesel,45847.7
V007,2026-09-19T21:11:00+00:00,16.38,1538.03,Petrol,14867.7
V083,2026-09-16T17:45:00+00:00,37.38,3800.98,Petrol,161510.5
V069,2026-08-21T02:22:00+00:00,9.29,950.43,Petrol,161676.4
V072,2026-08-26T12:31:00+00:00,33.07,3226.57,Diesel,128876.1
V032,2026-09-15T18:23:00+00:00,23.15,2275.8,Petrol,134735.7
V003,2026-09-11T16:49:00+00:00,20.85,1929.17,Diesel,145928.1
V038,2026-08-24T17:46:00+00:00,14.07,1440.53,Petrol,173551.2
V026,2026-09-11T00:25:00+00:00,38.04,3500.12,Petrol,89965.3
V071,2026-09-20T06:36:00+00:00,26.15,2549.14,Diesel,51125.1
V092,2026-08-13T14:32:00+00:00,12.89,1293.8,Diesel,149888.1
V048,2026-09-15T05:56:00+00:00,23.29,2160.39,Diesel,165213.9
V100,2026-08-21T09:25:00+00:00,41.21,3946.35,Diesel,149829.6
V066,2026-09-02T20:16:00+00:00,8.69,803.56,Diesel,17746.5
V071,2026-09-10T23:54:00+00:00,40.87,3969.84,Diesel,137259.6
V051,2026-09-14T05:02:00+00:00,44.99,4445.45,Diesel,38332.8
V068,2026-09-15T19:30:00+00:00,24.51,2272.15,Diesel,103775.4
V018,2026-08-23T01:54:00+00:00,23.32,2398.57,Diesel,171035.4
V087,2026-09-03T11:03:00+00:00,34.45,3198.65,Petrol,123054.6
V016,2026-09-11T12:33:00+00:00,23.51,2351.85,Diesel,88686.2
V057,2026-08-04T17:23:00+00:00,19.67,1898.21,Diesel,123072.6
V071,2026-08-09T18:32:00+00:00,34.12,3235.38,Diesel,93522.2
V078,2026-09-08T23:52:00+00:00,42.23,4322.36,Diesel,139577.7
V091,2026-08-07T14:43:00+00:00,28.74,2778.45,Petrol,7246.8
V048,2026-08-28T17:27:00+00:00,9.28,918.95,Diesel,5773.9
V075,2026-08-11T18:11:00+00:00,28.3,2736.43,Diesel,93572.3
V025,2026-08-05T06:45:00+00:00,13.2,1272.8,Diesel,133563.7
V052,2026-09-20T02:30:00+00:00,35.55,3432.7,Petrol,59763.6
V025,2026-09-02T04:42:00+00:00,24.48,2267.87,Diesel,80750.5
V056,2026-08-20T23:53:00+00:00,21.85,2129.13,Diesel,73951.5
V071,2026-08-28T23:30:00+00:00,16.79,1572.11,Diesel,73630.8
V076,2026-09-12T09:48:00+00:00,32.81,3047.83,Diesel,72230.6
V046,2026-08-04T01:16:00+00:00,21.73,2034.82,Diesel,11455.5
V014,2026-09-13T11:36:00+00:00,33.33,3380.55,Diesel,109202.0
V009,2026-09-08T05:19:00+00:00,9.74,944.01,Petrol,80141.8
V005,2026-08-04T17:22:00+00:00,24.55,2477.5,Diesel,105669.5
V055,2026-08-31T06:24:00+00:00,24.49,2403.82,Diesel,162009.5
V069,2026-08-12T03:22:00+00:00,30.71,2887.25,Petrol,131107.3
V077,2026-09-04T15:26:00+00:00,33.97,3135.73,Diesel,169667.9
V006,2026-09-19T06:22:00+00:00,20.47,2058.43,Diesel,57464.8
V049,2026-09-10T15:39:00+00:00,27.18,2690.46,Diesel,18408.2
V030,2026-08-03T14:30:00+00:00,11.67,1155.93,Diesel,165985.7
V043,2026-09-07T06:31:00+00:00,26.59,2570.38,Diesel,46093.6
V020,2026-08-27T07:10:00+00:00,18.4,1815.32,Diesel,26083.2
V017,2026-08-24T05:41:00+00:00,13.65,1347.56,Diesel,37637.3
V096,2026-08-24T19:33:00+00:00,6.45,617.27,Petrol,26803.2
V005,2026-09-19T16:25:00+00:00,35.52,3306.1,Diesel,49598.9
V047,2026-09-17T14:28:00+00:00,44.83,4186.14,Petrol,111601.0
V042,2026-08-27T23:55:00+00:00,31.93,3062.4,Diesel,6852.6
V031,2026-09-19T12:41:00+00:00,36.69,3592.32,Diesel,39824.2
V027,2026-08-07T20:07:00+00:00,27.06,2514.0,Diesel,21299.6
V008,2026-08-06T15:13:00+00:00,33.36,3104.13,Diesel,148512.5
V050,2026-08-11T22:36:00+00:00,24.34,2482.14,Diesel,145909.4
V026,2026-08-04T00:42:00+00:00,12.68,1269.73,Petrol,74834.2
V023,2026-08-13T04:52:00+00:00,23.86,2262.4,Diesel,138090.6
V010,2026-09-23T14:11:00+00:00,42.08,4190.72,Diesel,137590.7
V022,2026-08-26T14:16:00+00:00,20.38,1890.36,Diesel,104885.8
V087,2026-09-04T14:08:00+00:00,25.44,2468.0,Petrol,32105.4
V082,2026-09-18T11:49:00+00:00,25.97,2450.75,Diesel,69167.6
V021,2026-09-10T22:40:00+00:00,35.15,3495.54,Diesel,153154.4
V085,2026-08-09T19:12:00+00:00,42.82,4328.99,Diesel,157351.0
V058,2026-08-11T21:57:00+00:00,24.72,2409.99,Petrol,90995.8
V043,2026-08-06T17:50:00+00:00,20.58,2113.26,Diesel,28755.7
V096,2026-08-08T17:06:00+00:00,27.89,2862.25,Petrol,63386.5
V056,2026-08-28T12:40:00+00:00,32.63,3115.04,Diesel,36482.6
V039,2026-09-01T13:35:00+00:00,39.38,4042.72,Diesel,106718.2
V056,2026-08-18T11:08:00+00:00,36.7,3615.9,Diesel,54969.2
V086,2026-08-26T00:47:00+00:00,17.69,1757.01,Diesel,109677.7
V019,2026-09-23T08:44:00+00:00,42.24,3979.82,Diesel,81365.9
V030,2026-08-22T03:19:00+00:00,18.68,1720.94,Diesel,62227.9
V094,2026-09-12T08:17:00+00:00,11.26,1089.13,Diesel,173411.9
V035,2026-08-02T12:47:00+00:00,39.8,3663.31,Petrol,42738.2
V077,2026-08-16T01:10:00+00:00,27.76,2813.2,Diesel,176002.5
V057,2026-08-14T07:56:00+00:00,19.43,1864.02,Diesel,103948.1
V032,2026-08-27T16:25:00+00:00,32.55,3059.61,Petrol,141117.1
V044,2026-08-17T20:46:00+00:00,9.07,895.98,Petrol,59615.0
V030,2026-09-11T21:30:00+00:00,29.95,2889.8,Diesel,42225.1
V026,2026-08-04T05:28:00+00:00,39.56,3706.55,Petrol,110188.6
V096,2026-08-24T00:14:00+00:00,30.81,2903.12,Petrol,5508.7
V064,2026-08-01T14:39:00+00:00,29.84,2859.11,Petrol,163138.5
V033,2026-08-11T13:21:00+00:00,16.3,1556.63,Diesel,106941.4
V035,2026-09-03T09:46:00+00:00,29.72,2786.35,Petrol,34862.3
V058,2026-08-01T02:37:00+00:00,13.13,1288.34,Petrol,176413.6
V026,2026-08-28T06:27:00+00:00,21.28,2055.45,Petrol,105855.0
V014,2026-09-07T20:16:00+00:00,32.98,3145.47,Diesel,71853.2
V029,2026-09-02T10:44:00+00:00,35.3,3287.73,Diesel,21296.6
V029,2026-08-25T18:09:00+00:00,33.83,3462.52,Diesel,30448.8
V088,2026-08-02T23:16:00+00:00,41.59,4076.46,Petrol,73560.2
V073,2026-08-04T15:49:00+00:00,11.8,1164.04,Petrol,47068.5
V036,2026-08-24T08:31:00+00:00,5.38,535.78,Petrol,157933.0
V039,2026-08-23T03:25:00+00:00,31.83,3159.17,Diesel,160293.9
V053,2026-08-23T03:30:00+00:00,41.26,3972.73,Diesel,106225.1
V026,2026-09-24T11:53:00+00:00,21.8,2230.52,Petrol,39530.1
V009,2026-09-15T23:28:00+00:00,12.53,1287.26,Petrol,10623.4
V026,2026-08-16T10:12:00+00:00,26.05,2554.74,Petrol,126208.5
V034,2026-08-04T19:05:00+00:00,16.25,1573.5,Diesel,72606.7
V097,2026-08-20T20:38:00+00:00,12.04,1112.26,Diesel,177832.2
V022,2026-08-17T06:04:00+00:00,28.43,2842.34,Diesel,79538.6
V024,2026-08-17T18:44:00+00:00,41.31,4199.56,Diesel,154694.9
V029,2026-08-24T12:04:00+00:00,13.21,1284.97,Diesel,39707.6
V049,2026-08-25T14:34:00+00:00,40.14,4114.56,Diesel,45601.8
V030,2026-08-04T11:28:00+00:00,42.15,4181.3,Diesel,112811.6
V040,2026-08-23T14:46:00+00:00,6.29,581.38,Diesel,49296.4
V031,2026-08-04T13:20:00+00:00,43.82,4167.08,Diesel,138756.5
V054,2026-08-29T12:34:00+00:00,44.45,4223.31,Diesel,49481.4
V029,2026-09-09T21:02:00+00:00,43.84,4326.92,Diesel,123569.5
V084,2026-09-06T20:40:00+00:00,44.97,4459.15,Petrol,69432.1
V083,2026-08-21T20:29:00+00:00,20.14,1990.78,Petrol,46703.5
V048,2026-08-06T13:36:00+00:00,23.6,2203.32,Diesel,14029.2
V062,2026-08-30T16:53:00+00:00,25.86,2558.27,Diesel,62509.4
V073,2026-08-21T18:30:00+00:00,44.39,4282.64,Petrol,31317.0
V002,2026-08-07T17:58:00+00:00,38.49,3698.0,Petrol,178544.2
V042,2026-08-02T12:51:00+00:00,17.76,1823.46,Diesel,110522.1
V041,2026-09-18T20:19:00+00:00,12.01,1158.42,Diesel,120227.4
V096,2026-09-15T10:37:00+00:00,36.13,3332.88,Petrol,20404.5
V090,2026-08-29T11:19:00+00:00,5.57,519.88,Petrol,104760.2
V012,2026-09-12T01:55:00+00:00,30.58,3008.72,Diesel,95652.1
V039,2026-08-21T14:55:00+00:00,30.82,3171.26,Diesel,140586.4
V094,2026-09-22T06:00:00+00:00,12.24,1161.63,Diesel,101961.2
V099,2026-09-12T14:53:00+00:00,27.26,2590.46,Diesel,161633.9
V054,2026-08-28T08:50:00+00:00,5.4,531.18,Diesel,137741.6
V019,2026-08-08T20:13:00+00:00,15.78,1587.11,Diesel,59382.9
V020,2026-08-31T20:08:00+00:00,12.98,1211.92,Diesel,152284.4
V001,2026-08-05T04:21:00+00:00,8.41,798.84,Petrol,86097.7
V095,2026-09-18T04:19:00+00:00,43.22,4437.52,Diesel,13595.2
V026,2026-09-16T08:50:00+00:00,26.71,2725.17,Petrol,33789.4
V087,2026-09-05T15:44:00+00:00,10.82,1032.81,Petrol,88797.7
V039,2026-09-15T04:39:00+00:00,42.75,4216.18,Diesel,177571.7
V054,2026-08-11T05:48:00+00:00,29.34,2972.39,Diesel,91630.9
V086,2026-09-24T01:13:00+00:00,26.16,2652.03,Diesel,161370.1
V033,2026-09-12T11:56:00+00:00,12.28,1214.85,Diesel,24899.0
V073,2026-08-26T23:36:00+00:00,28.0,2585.69,Petrol,128208.9
V080,2026-09-10T13:44:00+00:00,20.36,1947.36,Diesel,74452.5
V001,2026-08-25T04:28:00+00:00,43.86,4496.57,Petrol,84040.9
V025,2026-08-21T16:32:00+00:00,43.8,4424.65,Diesel,144083.4
V023,2026-08-06T15:51:00+00:00,41.86,3943.4,Diesel,99702.3
V055,2026-08-28T20:25:00+00:00,14.39,1445.14,Diesel,119490.6
V057,2026-08-09T23:29:00+00:00,17.86,1827.23,Diesel,109707.0
V015,2026-09-14T01:49:00+00:00,6.52,610.78,Diesel,178071.3
V006,2026-08-18T01:55:00+00:00,33.16,3362.8,Diesel,173261.5
V068,2026-09-23T06:03:00+00:00,25.76,2639.92,Diesel,45008.5
V037,2026-08-15T23:54:00+00:00,18.65,1820.23,Diesel,128112.7
V004,2026-08-13T23:12:00+00:00,34.03,3333.36,Diesel,69801.7
V072,2026-08-19T07:22:00+00:00,35.31,3534.34,Diesel,179806.5
V015,2026-09-11T15:00:00+00:00,25.59,2470.57,Diesel,79861.3
V030,2026-08-03T22:18:00+00:00,15.58,1494.13,Diesel,58137.0
V086,2026-08-01T21:32:00+00:00,17.04,1699.6,Diesel,71417.6
V007,2026-09-22T03:23:00+00:00,19.12,1935.4,Petrol,9309.1
V012,2026-09-19T16:35:00+00:00,41.68,3939.75,Diesel,131917.2
V023,2026-08-03T04:34:00+00:00,41.91,4258.67,Diesel,127155.8
V030,2026-08-23T15:39:00+00:00,8.66,827.43,Diesel,163920.4
V057,2026-08-08T05:20:00+00:00,25.02,2321.84,Diesel,134360.6
V020,2026-08-17T09:28:00+00:00,34.35,3471.25,Diesel,112327.8
V049,2026-08-25T21:18:00+00:00,22.64,2110.71,Diesel,173831.1
V076,2026-09-23T03:42:00+00:00,39.23,3836.63,Diesel,46347.1
V063,2026-08-21T04:26:00+00:00,10.54,1013.33,Diesel,176236.8
V027,2026-08-27T15:07:00+00:00,23.23,2353.05,Diesel,133326.3
V043,2026-08-08T02:46:00+00:00,29.93,3080.23,Diesel,122064.7
V093,2026-08-08T01:12:00+00:00,11.5,1113.79,Diesel,91893.8
V009,2026-09-01T22:27:00+00:00,38.17,3920.44,Petrol,101873.8
V006,2026-08-17T22:46:00+00:00,42.49,4203.22,Diesel,159891.3
V090,2026-08-28T21:31:00+00:00,18.06,1743.85,Petrol,164957.4
V049,2026-08-21T02:13:00+00:00,13.38,1313.2,Diesel,40141.3
V089,2026-08-30T06:22:00+00:00,34.39,3200.14,Diesel,140602.9
V048,2026-09-13T11:07:00+00:00,34.16,3181.8,Diesel,164953.2
V042,2026-08-13T12:52:00+00:00,19.28,1796.51,Diesel,106151.2
V092,2026-09-07T20:51:00+00:00,12.29,1217.92,Diesel,104628.2
V055,2026-08-10T08:54:00+00:00,17.7,1648.35,Diesel,131155.9
V099,2026-08-18T09:29:00+00:00,15.63,1487.82,Diesel,21818.9
V082,2026-09-10T01:10:00+00:00,16.87,1693.55,Diesel,149823.0
V058,2026-08-19T00:02:00+00:00,17.77,1766.19,Petrol,104133.6
V092,2026-09-24T13:17:00+00:00,10.08,983.38,Diesel,9888.5
V049,2026-08-26T01:55:00+00:00,25.14,2378.02,Diesel,78336.9
V051,2026-08-31T06:48:00+00:00,31.68,3196.11,Diesel,103518.8
V007,2026-09-12T22:36:00+00:00,38.4,3566.26,Petrol,33929.6
V093,2026-08-03T05:54:00+00:00,36.21,3666.65,Diesel,69808.8
V093,2026-09-22T05:55:00+00:00,13.84,1334.55,Diesel,77833.1
V097,2026-08-16T22:08:00+00:00,17.13,1746.67,Diesel,67549.5
V006,2026-08-01T06:15:00+00:00,35.88,3383.48,Diesel,83922.2
V015,2026-09-12T21:23:00+00:00,40.31,3882.54,Diesel,43958.5
V059,2026-08-01T20:30:00+00:00,26.51,2618.29,Diesel,153217.2
V037,2026-08-12T05:13:00+00:00,44.7,4342.58,Diesel,54148.7
V072,2026-09-05T09:29:00+00:00,23.53,2209.84,Diesel,87763.1
V005,2026-08-22T06:46:00+00:00,28.28,2898.21,Diesel,75127.8
V079,2026-08-08T17:49:00+00:00,29.4,2865.28,Diesel,67085.9
V052,2026-09-23T19:01:00+00:00,21.85,2084.7,Petrol,46866.3
V097,2026-08-29T05:46:00+00:00,35.45,3384.39,Diesel,70372.3
V076,2026-08-29T14:48:00+00:00,29.75,2782.43,Diesel,171177.8
V040,2026-08-17T14:52:00+00:00,17.15,1672.8,Diesel,167785.3
V051,2026-09-08T22:34:00+00:00,11.44,1071.57,Diesel,145918.6
V044,2026-08-15T20:06:00+00:00,13.83,1420.96,Petrol,52420.3
V095,2026-08-16T01:44:00+00:00,32.26,3192.95,Diesel,87141.1
V008,2026-09-20T03:19:00+00:00,26.59,2481.15,Diesel,84226.1
V060,2026-08-13T05:50:00+00:00,29.05,2675.44,Diesel,56677.2
V025,2026-08-23T23:36:00+00:00,18.12,1844.48,Diesel,85241.7
V051,2026-08-17T08:17:00+00:00,15.07,1530.3,Diesel,148266.5
V067,2026-08-05T20:18:00+00:00,13.63,1296.37,Petrol,16851.1
V094,2026-08-09T02:09:00+00:00,32.03,3017.37,Diesel,163535.6
V086,2026-09-08T07:01:00+00:00,21.27,2017.1,Diesel,66411.7
V080,2026-08-11T11:09:00+00:00,42.29,3932.76,Diesel,125485.8
V088,2026-08-05T10:51:00+00:00,24.87,2319.2,Petrol,82879.0
V012,2026-08-31T16:02:00+00:00,23.86,2201.55,Diesel,178138.1
V017,2026-09-24T12:43:00+00:00,16.54,1602.71,Diesel,170431.4
V073,2026-08-06T12:45:00+00:00,43.29,4317.54,Petrol,96782.6
V081,2026-08-18T19:46:00+00:00,17.45,1724.11,Diesel,54604.9
V064,2026-08-06T22:30:00+00:00,35.78,3579.04,Petrol,144416.3
V041,2026-08-08T21:19:00+00:00,18.06,1750.32,Diesel,171019.0
V035,2026-08-18T00:35:00+00:00,35.22,3446.09,Petrol,61520.7
V016,2026-08-05T12:52:00+00:00,33.06,3054.68,Diesel,134809.6
V014,2026-08-26T12:55:00+00:00,7.77,748.66,Diesel,147363.3
V095,2026-08-15T05:40:00+00:00,14.99,1491.68,Diesel,111796.4
V095,2026-09-16T19:15:00+00:00,20.49,2079.77,Diesel,58760.7
V025,2026-09-18T15:19:00+00:00,18.49,1725.99,Diesel,83715.4
V096,2026-09-11T02:47:00+00:00,41.35,4151.65,Petrol,110167.6
V093,2026-08-23T19:12:00+00:00,24.76,2466.59,Diesel,84152.6
V065,2026-08-14T23:48:00+00:00,37.6,3769.04,Petrol,28478.8
V020,2026-08-29T22:29:00+00:00,28.67,2828.22,Diesel,165005.3
V088,2026-08-12T19:33:00+00:00,39.64,3836.6,Petrol,166333.2
V031,2026-09-21T03:51:00+00:00,11.57,1145.33,Diesel,16893.1
V006,2026-09-07T11:36:00+00:00,13.78,1379.25,Diesel,76134.0
V059,2026-08-31T22:54:00+00:00,11.68,1125.49,Diesel,155564.8
V037,2026-09-07T06:59:00+00:00,42.47,4283.92,Diesel,41776.4
V085,2026-08-31T06:08:00+00:00,31.32,2899.2,Diesel,45672.7
V090,2026-09-22T08:52:00+00:00,42.32,4036.58,Petrol,101844.2
V093,2026-09-05T08:12:00+00:00,37.55,3831.92,Diesel,27304.7
V079,2026-08-30T08:09:00+00:00,41.35,3855.04,Diesel,119441.4
V035,2026-08-26T20:30:00+00:00,6.48,626.36,Petrol,39272.0
V034,2026-08-11T15:53:00+00:00,8.42,814.72,Diesel,43567.4
V100,2026-09-12T07:35:00+00:00,21.61,2160.33,Diesel,128648.4
V045,2026-08-02T16:35:00+00:00,12.72,1245.8,Diesel,163335.4
V070,2026-08-19T19:22:00+00:00,17.01,1694.7,Diesel,21439.6
V003,2026-09-04T15:42:00+00:00,22.66,2306.99,Diesel,24308.0
V052,2026-09-11T14:15:00+00:00,41.45,4241.33,Petrol,150563.2
V043,2026-08-28T17:09:00+00:00,15.49,1432.58,Diesel,69247.5
V081,2026-09-03T14:33:00+00:00,40.89,3773.42,Diesel,147260.6
V068,2026-08-16T02:34:00+00:00,8.35,848.77,Diesel,111090.8
V044,2026-08-31T17:48:00+00:00,40.52,4009.33,Petrol,71436.6
V098,2026-08-24T21:30:00+00:00,8.08,802.1,Diesel,8686.6
V018,2026-08-05T04:06:00+00:00,6.76,658.59,Diesel,178773.7
V006,2026-08-31T01:26:00+00:00,19.72,1892.93,Diesel,26856.0
V078,2026-08-25T04:28:00+00:00,19.81,2033.48,Diesel,100006.5
V045,2026-08-30T22:13:00+00:00,10.65,1070.04,Diesel,36391.6
V086,2026-09-17T14:48:00+00:00,26.26,2481.49,Diesel,163009.1
V093,2026-09-23T14:37:00+00:00,26.69,2544.95,Diesel,177821.2
V033,2026-08-02T15:30:00+00:00,35.24,3300.49,Diesel,15151.2
V020,2026-09-10T02:48:00+00:00,9.3,891.7,Diesel,167413.0
V035,2026-09-09T05:09:00+00:00,11.21,1107.12,Petrol,100673.7
V003,2026-09-13T12:01:00+00:00,33.97,3193.71,Diesel,32415.3
V093,2026-09-19T21:37:00+00:00,37.88,3525.8,Diesel,49948.2
V007,2026-09-02T01:37:00+00:00,13.86,1299.49,Petrol,24450.8
V086,2026-08-25T18:26:00+00:00,14.69,1387.15,Diesel,12227.2
V002,2026-08-20T16:52:00+00:00,24.14,2283.3,Petrol,173389.0
V096,2026-08-25T17:52:00+00:00,28.62,2855.06,Petrol,113123.6
V006,2026-08-17T22:38:00+00:00,35.57,3648.39,Diesel,23444.5
V020,2026-09-11T13:59:00+00:00,20.62,2031.44,Diesel,154469.4
V046,2026-09-07T19:41:00+00:00,35.36,3358.71,Diesel,145539.1
V058,2026-08-10T00:17:00+00:00,34.52,3262.98,Petrol,110535.4
V094,2026-08-17T06:14:00+00:00,24.22,2326.47,Diesel,131411.7
V025,2026-08-09T20:11:00+00:00,27.53,2761.34,Diesel,73096.3
V036,2026-08-01T06:11:00+00:00,43.52,4060.74,Petrol,159890.9
V034,2026-08-11T23:46:00+00:00,43.46,4091.91,Diesel,124856.5
V027,2026-08-13T17:32:00+00:00,9.85,1013.21,Diesel,99093.7
V076,2026-08-18T09:40:00+00:00,35.97,3313.91,Diesel,24852.6
V084,2026-08-29T14:13:00+00:00,23.06,2345.59,Petrol,76612.5
V057,2026-08-09T20:29:00+00:00,11.74,1189.02,Diesel,142364.8
V033,2026-08-06T20:42:00+00:00,27.94,2636.09,Diesel,42706.8
V094,2026-08-22T16:10:00+00:00,22.2,2165.04,Diesel,160357.7
V037,2026-09-24T09:46:00+00:00,38.63,3705.72,Diesel,43738.8
V082,2026-08-26T06:17:00+00:00,39.84,3914.36,Diesel,58120.7
V088,2026-09-12T22:36:00+00:00,5.06,503.12,Petrol,119874.1
V059,2026-09-08T20:48:00+00:00,28.05,2717.5,Diesel,178936.3
V091,2026-09-14T13:24:00+00:00,16.32,1509.06,Petrol,73633.8
V059,2026-09-05T11:21:00+00:00,18.29,1687.97,Diesel,134394.4
V023,2026-09-15T18:54:00+00:00,15.56,1525.8,Diesel,98281.0
V070,2026-09-05T00:24:00+00:00,23.69,2337.4,Diesel,76006.3
V097,2026-08-18T04:04:00+00:00,36.98,3715.16,Diesel,174972.4
V093,2026-09-20T15:31:00+00:00,28.57,2704.82,Diesel,175207.0
V010,2026-09-04T15:51:00+00:00,23.16,2160.46,Diesel,71613.0
V013,2026-08-01T05:03:00+00:00,17.15,1698.48,Petrol,24151.4
V074,2026-09-08T04:03:00+00:00,25.48,2418.8,Diesel,76946.0
V073,2026-09-10T03:38:00+00:00,41.72,4122.14,Petrol,48419.5
V027,2026-08-27T07:35:00+00:00,7.47,767.73,Diesel,76142.0
V083,2026-09-21T22:52:00+00:00,15.53,1582.34,Petrol,29738.4
V044,2026-08-29T10:48:00+00:00,23.92,2450.99,Petrol,92721.3
V037,2026-09-04T04:53:00+00:00,17.76,1780.43,Diesel,84602.5
V011,2026-08-18T19:22:00+00:00,25.74,2622.85,Diesel,36402.3
V100,2026-09-10T18:18:00+00:00,10.74,1048.96,Diesel,105589.7
V039,2026-08-25T08:36:00+00:00,24.37,2269.39,Diesel,164647.2
V036,2026-09-17T00:06:00+00:00,18.17,1824.29,Petrol,172266.4
V038,2026-08-04T00:22:00+00:00,5.32,510.57,Petrol,79250.9
V062,2026-08-16T09:04:00+00:00,12.64,1181.46,Diesel,106615.8
V046,2026-09-21T10:25:00+00:00,21.87,2012.99,Diesel,150280.7
V032,2026-09-16T10:00:00+00:00,25.99,2482.5,Petrol,116237.2
V005,2026-08-05T19:13:00+00:00,19.64,1856.08,Diesel,97037.9
V013,2026-08-03T14:06:00+00:00,29.51,2759.14,Petrol,124118.0
V077,2026-08-22T19:15:00+00:00,11.04,1042.15,Diesel,14566.3
V054,2026-08-30T13:23:00+00:00,34.18,3435.56,Diesel,8957.7
V045,2026-08-10T07:49:00+00:00,21.01,2107.71,Diesel,86688.4
V040,2026-09-11T18:31:00+00:00,8.35,850.45,Diesel,178161.2
V076,2026-09-19T13:24:00+00:00,36.62,3489.24,Diesel,151738.4
V067,2026-09-10T12:30:00+00:00,24.01,2273.42,Petrol,163544.5
V020,2026-09-23T16:57:00+00:00,26.24,2570.92,Diesel,131588.0
V022,2026-09-10T03:27:00+00:00,34.23,3380.7,Diesel,79041.9
V059,2026-08-13T13:58:00+00:00,14.14,1439.38,Diesel,106278.3
V069,2026-08-03T15:31:00+00:00,5.66,567.18,Petrol,85300.9
V059,2026-09-21T09:30:00+00:00,27.08,2584.52,Diesel,125102.8
V060,2026-08-21T08:36:00+00:00,34.98,3563.65,Diesel,29091.7
V059,2026-09-06T07:54:00+00:00,30.22,2784.42,Diesel,150575.6
V035,2026-08-30T08:09:00+00:00,32.79,3366.28,Petrol,8678.7
V026,2026-08-01T18:47:00+00:00,38.93,3616.15,Petrol,83220.8
V029,2026-08-29T12:36:00+00:00,35.13,3249.65,Diesel,167876.7
V020,2026-08-29T17:59:00+00:00,29.71,2759.92,Diesel,107921.0
V052,2026-08-09T11:47:00+00:00,20.12,1914.5,Petrol,48456.2
V045,2026-09-04T16:15:00+00:00,34.2,3237.35,Diesel,102682.6
V088,2026-09-21T08:43:00+00:00,7.62,757.07,Petrol,112700.0
V034,2026-08-07T12:19:00+00:00,33.18,3226.95,Diesel,67349.7
V074,2026-09-13T08:51:00+00:00,30.42,2914.93,Diesel,52684.4
V090,2026-08-20T14:27:00+00:00,42.88,4309.95,Petrol,129089.7
V041,2026-08-27T12:41:00+00:00,22.46,2087.62,Diesel,42585.8
V075,2026-08-31T16:12:00+00:00,24.15,2478.27,Diesel,89328.6
V079,2026-08-10T09:03:00+00:00,13.37,1358.7,Diesel,162687.8
V055,2026-09-14T22:12:00+00:00,39.03,3996.12,Diesel,82666.2
V086,2026-09-02T04:58:00+00:00,26.03,2572.8,Diesel,94792.3
V082,2026-08-14T16:34:00+00:00,8.86,873.75,Diesel,72587.4
V086,2026-08-27T16:36:00+00:00,20.24,1864.39,Diesel,131256.3
V081,2026-08-04T10:25:00+00:00,35.94,3415.43,Diesel,140923.1
V019,2026-08-05T22:41:00+00:00,23.8,2254.71,Diesel,106974.1
V010,2026-09-05T19:42:00+00:00,30.65,2980.45,Diesel,156898.5
V040,2026-08-24T07:14:00+00:00,30.91,2884.92,Diesel,35770.5
V015,2026-09-08T19:53:00+00:00,37.58,3851.66,Diesel,38344.3
V010,2026-09-22T06:19:00+00:00,7.72,776.21,Diesel,123509.5
V058,2026-08-02T19:55:00+00:00,12.72,1234.07,Petrol,142838.8
V053,2026-09-20T16:03:00+00:00,25.94,2394.1,Diesel,75531.4
V079,2026-09-22T23:06:00+00:00,16.1,1513.74,Diesel,30962.3
V051,2026-08-29T09:58:00+00:00,20.07,1957.35,Diesel,165483.2
V071,2026-09-13T13:45:00+00:00,22.83,2295.96,Diesel,147423.6
V001,2026-08-17T13:00:00+00:00,22.69,2138.45,Petrol,127653.3
V093,2026-09-15T19:32:00+00:00,7.01,662.42,Diesel,90978.3
V081,2026-08-10T01:03:00+00:00,23.68,2412.83,Diesel,161136.8
V100,2026-08-16T16:46:00+00:00,18.33,1802.94,Diesel,150377.4
V030,2026-08-16T18:57:00+00:00,43.65,4224.14,Diesel,49992.6
V018,2026-08-09T08:05:00+00:00,10.9,1088.2,Diesel,82784.3
V030,2026-09-24T13:39:00+00:00,32.29,3136.21,Diesel,139374.7
V045,2026-09-01T06:48:00+00:00,44.38,4432.57,Diesel,67679.6
V006,2026-08-30T11:31:00+00:00,18.05,1857.65,Diesel,109065.0
V003,2026-09-10T12:03:00+00:00,37.84,3837.23,Diesel,59783.3
V094,2026-08-27T01:37:00+00:00,44.49,4514.24,Diesel,34989.2
V016,2026-09-17T04:11:00+00:00,39.83,3799.42,Diesel,142680.0
V100,2026-08-23T10:54:00+00:00,12.21,1125.68,Diesel,131539.0
V011,2026-08-07T20:05:00+00:00,41.91,3972.57,Diesel,141962.1
V019,2026-08-04T15:23:00+00:00,42.74,4331.02,Diesel,123895.8
V065,2026-09-08T23:24:00+00:00,35.95,3315.71,Petrol,66957.4
V088,2026-09-17T16:05:00+00:00,20.52,2028.92,Petrol,135160.6
V049,2026-08-18T15:10:00+00:00,24.45,2288.99,Diesel,72330.3
V064,2026-09-06T10:43:00+00:00,8.28,828.55,Petrol,163163.0
V094,2026-09-04T05:01:00+00:00,32.35,3277.52,Diesel,27838.0
V058,2026-08-07T07:36:00+00:00,16.85,1668.94,Petrol,140317.2
V070,2026-08-18T09:15:00+00:00,38.55,3710.93,Diesel,35965.0
V091,2026-09-18T06:23:00+00:00,10.44,1043.06,Petrol,102677.6
V045,2026-08-03T19:09:00+00:00,13.82,1364.47,Diesel,167527.1
V013,2026-08-14T18:29:00+00:00,11.44,1055.88,Petrol,91276.0
V018,2026-09-04T14:11:00+00:00,24.51,2375.3,Diesel,119364.8
V001,2026-08-08T21:47:00+00:00,21.43,2204.91,Petrol,154219.7
V030,2026-08-12T07:40:00+00:00,11.79,1173.78,Diesel,176738.0
V099,2026-08-03T04:37:00+00:00,17.97,1825.33,Diesel,87343.6
V010,2026-08-08T22:16:00+00:00,13.03,1327.71,Diesel,83948.7
V084,2026-08-08T23:42:00+00:00,24.11,2224.09,Petrol,129801.6
V035,2026-09-17T18:00:00+00:00,12.16,1237.5,Petrol,164625.4
V026,2026-09-04T23:41:00+00:00,6.24,606.1,Petrol,94170.8
V001,2026-08-31T14:58:00+00:00,14.72,1496.19,Petrol,9527.0
V029,2026-08-22T20:11:00+00:00,17.23,1622.16,Diesel,129234.5
V069,2026-08-29T22:23:00+00:00,15.98,1507.51,Petrol,37794.4
V073,2026-09-05T03:46:00+00:00,27.21,2737.13,Petrol,33631.4
V078,2026-08-10T23:38:00+00:00,18.67,1831.68,Diesel,86559.5
V081,2026-09-13T16:52:00+00:00,35.67,3436.56,Diesel,16345.1
V063,2026-09-16T16:35:00+00:00,5.02,487.34,Diesel,18318.2
V075,2026-09-23T19:45:00+00:00,5.92,589.62,Diesel,101792.9
V016,2026-08-02T11:53:00+00:00,19.0,1803.33,Diesel,37440.8
V097,2026-09-13T14:38:00+00:00,43.9,4267.46,Diesel,15631.2
V014,2026-08-01T20:20:00+00:00,16.15,1520.87,Diesel,140766.6
V038,2026-08-13T23:01:00+00:00,43.96,4479.51,Petrol,125153.1
V010,2026-08-20T04:10:00+00:00,42.92,4050.74,Diesel,62408.5
V090,2026-09-24T14:39:00+00:00,28.33,2845.56,Petrol,87709.4
V091,2026-08-02T22:08:00+00:00,22.75,2197.48,Petrol,68438.2
V033,2026-08-12T11:41:00+00:00,10.94,1078.36,Diesel,81539.4
V003,2026-08-19T20:45:00+00:00,31.94,3089.7,Diesel,122281.8
V021,2026-09-03T22:13:00+00:00,22.83,2307.36,Diesel,8830.0
V095,2026-08-23T03:41:00+00:00,23.02,2230.6,Diesel,47011.0
V030,2026-08-25T13:49:00+00:00,15.33,1465.53,Diesel,113005.2
V061,2026-08-31T16:57:00+00:00,5.57,535.08,Petrol,133996.5
V095,2026-09-04T19:33:00+00:00,13.03,1332.86,Diesel,74013.3
V007,2026-08-01T13:07:00+00:00,5.46,558.4,Petrol,147295.7
V080,2026-09-22T06:13:00+00:00,25.82,2644.91,Diesel,117919.2
V079,2026-08-03T19:48:00+00:00,28.02,2587.7,Diesel,141598.0
V080,2026-08-25T02:26:00+00:00,19.87,1829.6,Diesel,42728.8
V023,2026-09-19T17:40:00+00:00,38.3,3943.94,Diesel,62056.8
V076,2026-09-01T18:05:00+00:00,29.61,3022.56,Diesel,43044.8
V070,2026-09-15T13:09:00+00:00,43.21,4345.09,Diesel,32074.4
V014,2026-08-07T08:12:00+00:00,8.17,759.01,Diesel,28453.4
V059,2026-08-07T06:16:00+00:00,28.44,2925.03,Diesel,86808.8
V011,2026-08-06T11:57:00+00:00,20.6,2028.35,Diesel,103206.9
V018,2026-09-17T00:56:00+00:00,39.5,3700.41,Diesel,118474.8
V085,2026-09-04T17:33:00+00:00,11.92,1109.02,Diesel,130878.1
V052,2026-09-14T01:30:00+00:00,25.18,2532.14,Petrol,118297.8
V009,2026-08-01T00:53:00+00:00,28.58,2650.73,Petrol,140333.8
V092,2026-08-06T00:04:00+00:00,18.71,1879.26,Diesel,59795.5
V081,2026-08-15T01:49:00+00:00,6.88,698.18,Diesel,57128.9
V088,2026-08-18T07:37:00+00:00,14.11,1434.26,Petrol,42668.5
V074,2026-09-20T20:13:00+00:00,32.95,3370.47,Diesel,42117.4
V008,2026-09-12T07:36:00+00:00,22.77,2282.77,Diesel,78342.0
V063,2026-09-15T18:55:00+00:00,15.95,1578.62,Diesel,58142.3
V006,2026-08-17T17:21:00+00:00,41.67,4145.31,Diesel,45111.8
V068,2026-08-24T13:53:00+00:00,29.17,2826.95,Diesel,110056.3
V087,2026-08-04T00:56:00+00:00,39.15,3825.14,Petrol,173154.6
V001,2026-09-22T14:55:00+00:00,38.47,3704.67,Petrol,99296.6
V058,2026-08-09T01:26:00+00:00,42.08,4121.73,Petrol,45510.1
V025,2026-09-19T15:26:00+00:00,19.03,1896.27,Diesel,143002.6
V061,2026-08-23T07:28:00+00:00,16.72,1639.13,Petrol,25524.9
V039,2026-09-11T14:55:00+00:00,11.97,1207.38,Diesel,174320.6
V033,2026-09-23T22:03:00+00:00,39.24,3767.15,Diesel,24816.6
V042,2026-08-14T12:55:00+00:00,14.71,1407.96,Diesel,62713.5
V013,2026-09-10T17:17:00+00:00,44.41,4190.35,Petrol,123239.5
V099,2026-08-18T17:41:00+00:00,36.35,3530.6,Diesel,95859.6
V090,2026-09-17T00:58:00+00:00,20.1,1956.76,Petrol,96076.3
V018,2026-08-15T11:32:00+00:00,33.07,3233.46,Diesel,66820.3
V034,2026-09-23T00:44:00+00:00,41.39,4013.11,Diesel,174129.1
V038,2026-08-24T03:32:00+00:00,29.88,2834.49,Petrol,79598.6
V035,2026-08-25T15:21:00+00:00,14.15,1343.72,Petrol,90483.2
V024,2026-08-30T03:26:00+00:00,39.56,3851.51,Diesel,177767.7
V067,2026-09-15T11:39:00+00:00,32.75,3320.66,Petrol,97504.7
V029,2026-09-18T13:44:00+00:00,25.71,2602.1,Diesel,174742.3
V039,2026-08-18T14:24:00+00:00,11.84,1200.96,Diesel,110452.2
V032,2026-09-03T02:31:00+00:00,35.65,3437.59,Petrol,79567.7
V076,2026-09-23T22:57:00+00:00,12.27,1205.04,Diesel,148422.5
V032,2026-08-25T17:36:00+00:00,39.05,3856.41,Petrol,69424.2
V010,2026-09-13T22:14:00+00:00,8.69,826.63,Diesel,79395.9
V092,2026-08-06T08:59:00+00:00,12.69,1237.85,Diesel,85273.7
V036,2026-08-02T22:26:00+00:00,19.98,1877.82,Petrol,6801.0
V007,2026-08-29T03:55:00+00:00,36.95,3749.1,Petrol,90250.9
V088,2026-08-04T05:14:00+00:00,39.7,3926.34,Petrol,73507.3
V100,2026-08-27T11:53:00+00:00,13.18,1262.49,Diesel,128472.7
V052,2026-08-13T08:15:00+00:00,40.02,3960.15,Petrol,111151.6
V011,2026-08-09T14:30:00+00:00,26.62,2670.12,Diesel,137115.5
V089,2026-08-02T14:35:00+00:00,24.27,2483.4,Diesel,74114.0
V038,2026-08-09T06:38:00+00:00,8.13,766.54,Petrol,176713.8
V001,2026-08-04T00:57:00+00:00,26.97,2764.24,Petrol,157432.1
V052,2026-08-31T15:20:00+00:00,39.95,3759.02,Petrol,92354.2
V082,2026-09-15T17:58:00+00:00,25.45,2353.19,Diesel,79742.3
V097,2026-09-11T08:46:00+00:00,24.03,2400.42,Diesel,124826.2
V088,2026-09-06T23:15:00+00:00,29.04,2952.86,Petrol,11756.8
V012,2026-08-02T03:36:00+00:00,33.72,3296.02,Diesel,13672.2
V032,2026-09-24T05:54:00+00:00,36.92,3639.96,Petrol,86133.6
V080,2026-09-22T11:22:00+00:00,24.58,2402.48,Diesel,33802.1
V008,2026-08-11T03:34:00+00:00,19.04,1759.42,Diesel,166387.4
V093,2026-09-11T05:33:00+00:00,20.05,1870.94,Diesel,91847.4
V009,2026-09-05T21:49:00+00:00,25.92,2475.17,Petrol,105174.2
V062,2026-09-07T14:38:00+00:00,40.94,4103.16,Diesel,17238.3
V084,2026-08-22T10:50:00+00:00,29.58,2994.54,Petrol,177987.8
V076,2026-08-01T16:31:00+00:00,11.68,1184.81,Diesel,44110.5
V073,2026-08-27T00:59:00+00:00,7.02,678.34,Petrol,92183.8
V093,2026-09-07T13:22:00+00:00,28.78,2693.45,Diesel,12385.9
V092,2026-09-22T09:43:00+00:00,27.92,2576.48,Diesel,179130.6
V004,2026-08-12T07:18:00+00:00,38.61,3707.3,Diesel,165425.4
V063,2026-09-20T00:45:00+00:00,23.6,2252.65,Diesel,149163.2
V014,2026-08-04T14:30:00+00:00,32.68,3286.07,Diesel,49814.4
V053,2026-08-03T02:30:00+00:00,27.71,2628.72,Diesel,153943.9
V036,2026-09-15T13:55:00+00:00,31.22,3142.96,Petrol,73171.3
V018,2026-08-06T10:54:00+00:00,11.58,1068.89,Diesel,13247.1
V094,2026-08-30T08:56:00+00:00,17.2,1629.02,Diesel,37681.5
V076,2026-08-27T22:39:00+00:00,5.22,487.41,Diesel,45426.1
V027,2026-08-15T15:32:00+00:00,34.57,3308.56,Diesel,75662.6
V036,2026-08-24T18:47:00+00:00,13.66,1313.73,Petrol,142616.9
V046,2026-09-01T18:54:00+00:00,36.25,3370.89,Diesel,12482.3
V035,2026-08-25T07:32:00+00:00,20.75,1950.09,Petrol,70681.2
V099,2026-09-09T16:57:00+00:00,11.17,1149.16,Diesel,62759.2
V048,2026-08-02T19:32:00+00:00,19.56,1938.58,Diesel,153748.9
V075,2026-09-07T08:14:00+00:00,25.97,2596.36,Diesel,131595.1
V018,2026-08-13T19:20:00+00:00,29.25,2856.45,Diesel,90174.3
V019,2026-08-17T12:14:00+00:00,31.15,3050.0,Diesel,78964.9
V080,2026-09-17T17:31:00+00:00,5.59,546.37,Diesel,149892.0
V067,2026-08-14T11:04:00+00:00,6.64,636.42,Petrol,25174.3
V080,2026-08-17T08:56:00+00:00,10.73,990.22,Diesel,133244.9
V002,2026-09-24T01:31:00+00:00,7.5,715.51,Petrol,142128.1
V030,2026-08-11T00:39:00+00:00,26.9,2698.92,Diesel,90931.7
V011,2026-08-15T04:56:00+00:00,38.67,3604.91,Diesel,5857.4
V051,2026-08-14T21:45:00+00:00,18.79,1904.15,Diesel,162267.6
V067,2026-08-21T22:03:00+00:00,39.5,3876.88,Petrol,97257.2
V063,2026-08-04T18:39:00+00:00,19.08,1870.84,Diesel,14528.7
V086,2026-08-01T06:59:00+00:00,42.22,3991.76,Diesel,108727.3
V039,2026-08-16T12:55:00+00:00,8.82,819.67,Diesel,71881.4
V094,2026-08-08T05:29:00+00:00,31.4,3150.32,Diesel,67131.5
V040,2026-09-18T03:16:00+00:00,34.81,3215.4,Diesel,49866.0
V053,2026-08-11T07:58:00+00:00,40.92,3936.02,Diesel,169380.8
V080,2026-08-15T10:03:00+00:00,30.6,2841.18,Diesel,148714.0
V083,2026-08-06T05:50:00+00:00,19.57,1960.02,Petrol,139443.5
V001,2026-09-02T01:26:00+00:00,17.34,1678.17,Petrol,64617.4
V088,2026-08-25T19:30:00+00:00,11.72,1197.53,Petrol,157108.8
V058,2026-09-23T21:49:00+00:00,13.72,1299.66,Petrol,28376.3
V031,2026-09-20T21:20:00+00:00,26.31,2677.4,Diesel,57878.5
V090,2026-09-12T16:19:00+00:00,6.29,636.2,Petrol,165762.4
V084,2026-09-18T11:48:00+00:00,26.4,2502.45,Petrol,124885.0
V085,2026-09-16T20:01:00+00:00,10.16,952.27,Diesel,61244.6
V072,2026-08-13T05:28:00+00:00,43.1,4191.2,Diesel,126447.4
V051,2026-09-06T09:16:00+00:00,23.07,2138.94,Diesel,20317.2
V059,2026-08-12T02:10:00+00:00,21.36,2014.03,Diesel,18172.6
V004,2026-08-06T00:26:00+00:00,24.58,2371.09,Diesel,118337.5
V098,2026-08-31T14:26:00+00:00,20.31,2015.53,Diesel,76126.9
V087,2026-09-16T09:00:00+00:00,30.41,3037.0,Petrol,26881.3
V035,2026-08-09T09:01:00+00:00,17.88,1708.37,Petrol,77802.7
V025,2026-08-15T17:36:00+00:00,8.91,890.26,Diesel,120086.3
V091,2026-08-08T14:23:00+00:00,5.52,559.07,Petrol,29029.7
V045,2026-08-30T15:20:00+00:00,28.35,2899.13,Diesel,149159.0
V092,2026-08-04T08:30:00+00:00,25.21,2420.31,Diesel,95231.6
V047,2026-08-06T04:04:00+00:00,11.17,1110.4,Petrol,117709.9
V096,2026-09-13T05:48:00+00:00,15.93,1538.45,Petrol,155104.3
V042,2026-08-13T20:24:00+00:00,7.77,752.93,Diesel,150701.9
V003,2026-09-12T16:44:00+00:00,32.13,3191.43,Diesel,111506.7
V094,2026-08-05T18:48:00+00:00,5.51,555.71,Diesel,123701.1
V097,2026-08-24T21:11:00+00:00,6.93,675.81,Diesel,100270.1
V051,2026-09-10T15:42:00+00:00,14.41,1456.82,Diesel,77538.9
V014,2026-09-09T22:23:00+00:00,35.52,3493.35,Diesel,137338.6
V055,2026-09-19T05:09:00+00:00,26.73,2616.62,Diesel,5731.4
V028,2026-08-27T22:45:00+00:00,14.77,1504.13,Diesel,126462.5
V094,2026-09-15T13:15:00+00:00,14.94,1436.35,Diesel,85954.5
V063,2026-08-09T22:38:00+00:00,12.66,1205.8,Diesel,173842.1
V015,2026-09-12T15:27:00+00:00,41.67,4203.71,Diesel,67576.2
V081,2026-08-03T21:48:00+00:00,41.49,4222.07,Diesel,143618.4
V080,2026-09-18T07:49:00+00:00,7.7,751.95,Diesel,85567.6
V058,2026-08-23T18:30:00+00:00,31.93,3288.18,Petrol,122682.7
V100,2026-08-31T12:43:00+00:00,31.12,3000.63,Diesel,5325.3
V010,2026-08-23T15:13:00+00:00,36.23,3381.83,Diesel,41252.8
V061,2026-08-21T06:59:00+00:00,14.39,1415.81,Petrol,97322.0
V065,2026-08-24T21:12:00+00:00,30.6,3066.11,Petrol,90615.2
V060,2026-09-01T04:17:00+00:00,5.81,564.84,Diesel,49003.1
V058,2026-09-17T06:41:00+00:00,17.93,1824.86,Petrol,96541.8
V059,2026-08-21T22:29:00+00:00,20.32,1956.38,Diesel,124236.2
V008,2026-08-21T11:36:00+00:00,34.16,3387.43,Diesel,106144.9
V045,2026-09-15T00:49:00+00:00,26.54,2484.58,Diesel,5492.4
V092,2026-09-15T18:07:00+00:00,21.86,2095.99,Diesel,175548.3
V075,2026-08-03T12:16:00+00:00,28.11,2789.59,Diesel,98976.4
V099,2026-08-23T22:19:00+00:00,12.89,1293.3,Diesel,59709.8
V017,2026-09-08T21:33:00+00:00,15.84,1559.28,Diesel,131644.3
V002,2026-08-02T03:44:00+00:00,23.05,2236.39,Petrol,30291.2
V066,2026-09-16T20:35:00+00:00,33.92,3250.32,Diesel,72547.5
V028,2026-09-09T21:47:00+00:00,17.4,1721.54,Diesel,57355.0
V083,2026-08-10T03:53:00+00:00,41.41,3975.65,Petrol,146047.8
V028,2026-08-14T06:57:00+00:00,34.95,3465.63,Diesel,135164.3
V087,2026-09-07T04:39:00+00:00,17.7,1742.83,Petrol,60697.5
V044,2026-08-30T21:38:00+00:00,21.09,1999.71,Petrol,131045.0
V009,2026-08-31T08:51:00+00:00,28.39,2835.13,Petrol,112342.3
V042,2026-08-29T01:49:00+00:00,31.01,3010.48,Diesel,115848.7
V091,2026-09-11T03:27:00+00:00,10.08,1029.6,Petrol,120410.2
V075,2026-08-08T19:23:00+00:00,42.71,4307.15,Diesel,19082.9
V069,2026-09-14T20:53:00+00:00,10.39,977.72,Petrol,104741.9
V054,2026-08-18T23:34:00+00:00,13.94,1368.53,Diesel,50222.0
V088,2026-08-01T19:08:00+00:00,42.42,4360.85,Petrol,104445.6
V022,2026-08-09T21:31:00+00:00,33.07,3397.2,Diesel,138923.2
V063,2026-08-28T10:47:00+00:00,25.2,2485.43,Diesel,8688.5
V049,2026-09-11T21:56:00+00:00,21.73,2224.93,Diesel,68137.1
V083,2026-09-05T09:50:00+00:00,13.72,1385.78,Petrol,18615.7
V019,2026-08-07T04:29:00+00:00,35.0,3500.8,Diesel,168824.8
V064,2026-08-28T14:23:00+00:00,6.59,667.66,Petrol,37999.2
V040,2026-08-24T15:15:00+00:00,21.49,2094.53,Diesel,44960.1
V047,2026-08-15T11:49:00+00:00,30.45,3093.93,Petrol,96124.4
V033,2026-09-17T20:51:00+00:00,20.32,1985.45,Diesel,87876.3
V048,2026-09-15T11:52:00+00:00,42.1,4207.15,Diesel,76151.6
V030,2026-08-22T22:34:00+00:00,16.44,1579.95,Diesel,44115.5
V056,2026-09-05T07:29:00+00:00,43.56,4071.99,Diesel,87180.3
V081,2026-08-18T07:38:00+00:00,8.2,832.71,Diesel,28217.1
V058,2026-08-09T06:45:00+00:00,12.99,1325.47,Petrol,15435.7
V032,2026-09-13T10:02:00+00:00,8.55,828.47,Petrol,124955.8
V049,2026-08-23T01:44:00+00:00,7.32,719.12,Diesel,62551.7
V075,2026-08-22T07:08:00+00:00,26.55,2523.09,Diesel,11967.5
V080,2026-08-13T21:35:00+00:00,5.29,517.29,Diesel,149309.1
V022,2026-09-09T12:36:00+00:00,24.94,2304.42,Diesel,117405.9
V018,2026-09-01T01:07:00+00:00,5.53,548.27,Diesel,95118.0
V083,2026-09-20T19:36:00+00:00,40.29,3714.46,Petrol,155306.0
V087,2026-08-18T22:41:00+00:00,31.85,2974.31,Petrol,89297.1
V044,2026-08-09T08:30:00+00:00,44.41,4147.55,Petrol,152924.1
V016,2026-08-04T19:26:00+00:00,19.8,1889.34,Diesel,174599.0
V063,2026-08-13T13:47:00+00:00,33.49,3355.04,Diesel,141539.0
V031,2026-08-05T09:54:00+00:00,28.46,2842.65,Diesel,99426.1
V076,2026-09-01T16:48:00+00:00,35.01,3382.02,Diesel,119982.2
V048,2026-08-21T18:14:00+00:00,39.51,4056.75,Diesel,112232.9
V023,2026-08-06T20:42:00+00:00,43.16,4419.98,Diesel,169234.5
V043,2026-08-19T10:49:00+00:00,42.63,4255.75,Diesel,117121.1
V058,2026-08-11T05:13:00+00:00,30.87,3081.84,Petrol,91405.6
V087,2026-09-24T07:08:00+00:00,13.5,1364.01,Petrol,63666.0
V014,2026-09-03T23:05:00+00:00,15.82,1483.11,Diesel,19686.8
V011,2026-09-18T05:12:00+00:00,21.57,2119.13,Diesel,135965.1
V089,2026-09-23T10:32:00+00:00,37.71,3578.78,Diesel,143515.6
V088,2026-08-31T05:39:00+00:00,36.39,3591.93,Petrol,150280.5
V067,2026-08-15T17:33:00+00:00,19.8,1846.1,Petrol,47485.4
V039,2026-09-17T12:55:00+00:00,43.74,4253.18,Diesel,36946.7
V050,2026-09-18T02:09:00+00:00,20.16,1910.34,Diesel,169307.0
V065,2026-08-02T14:02:00+00:00,32.06,3109.88,Petrol,58109.2
V032,2026-09-06T06:04:00+00:00,39.39,3665.08,Petrol,177053.5
V098,2026-09-20T05:24:00+00:00,37.29,3629.79,Diesel,173642.2
V094,2026-09-22T04:51:00+00:00,29.68,2816.29,Diesel,129748.9
V056,2026-08-28T16:40:00+00:00,32.79,3199.67,Diesel,23574.9
V040,2026-08-05T06:51:00+00:00,32.18,3227.52,Diesel,107983.3
V077,2026-08-06T01:23:00+00:00,8.44,779.35,Diesel,157731.5
V015,2026-09-15T05:48:00+00:00,19.75,2007.79,Diesel,176893.3
V064,2026-08-10T21:42:00+00:00,39.7,3809.79,Petrol,39093.1
V043,2026-08-24T23:39:00+00:00,5.75,543.93,Diesel,46203.9
V100,2026-09-04T06:29:00+00:00,21.5,2073.77,Diesel,162133.1
V068,2026-08-29T04:20:00+00:00,9.78,971.18,Diesel,87715.3
V016,2026-08-17T01:28:00+00:00,40.38,3828.23,Diesel,73384.7
V057,2026-08-01T01:20:00+00:00,19.95,2023.56,Diesel,50660.3
V014,2026-08-31T18:53:00+00:00,18.1,1693.46,Diesel,55659.1
V062,2026-09-23T22:32:00+00:00,16.63,1650.31,Diesel,47274.0
V023,2026-08-08T15:24:00+00:00,44.15,4516.77,Diesel,41628.7
V026,2026-08-29T17:48:00+00:00,32.36,3132.62,Petrol,176708.3
V015,2026-08-15T11:10:00+00:00,29.07,2928.3,Diesel,116816.3
V093,2026-08-23T14:35:00+00:00,27.71,2648.92,Diesel,112019.6
V047,2026-09-09T10:50:00+00:00,23.2,2258.13,Petrol,176181.8
V016,2026-09-14T21:00:00+00:00,26.35,2671.41,Diesel,5777.0
V071,2026-08-04T14:42:00+00:00,16.46,1623.59,Diesel,49483.8
V061,2026-08-16T10:15:00+00:00,7.21,722.04,Petrol,146885.6
V058,2026-09-18T07:23:00+00:00,35.93,3616.52,Petrol,72532.5
V031,2026-09-04T21:20:00+00:00,42.36,4062.91,Diesel,5206.3
V072,2026-08-13T06:01:00+00:00,37.14,3652.19,Diesel,111923.0
V051,2026-08-25T07:27:00+00:00,30.88,3046.0,Diesel,128515.6
V007,2026-09-08T09:40:00+00:00,7.81,719.92,Petrol,33526.1
V039,2026-08-17T11:15:00+00:00,44.81,4224.01,Diesel,148382.7
V097,2026-09-12T12:12:00+00:00,19.27,1866.58,Diesel,123090.9
V002,2026-08-28T11:31:00+00:00,17.62,1728.86,Petrol,96601.9
V088,2026-08-17T19:26:00+00:00,15.67,1586.61,Petrol,36038.6
V072,2026-08-19T11:20:00+00:00,41.22,4086.11,Diesel,122038.0
V008,2026-09-11T13:44:00+00:00,33.91,3371.14,Diesel,154877.2
V025,2026-09-10T12:42:00+00:00,36.85,3535.78,Diesel,158781.6
V086,2026-09-07T04:16:00+00:00,38.9,3673.86,Diesel,6326.1
V069,2026-09-17T17:59:00+00:00,15.49,1464.93,Petrol,48988.7
V054,2026-08-19T14:48:00+00:00,11.36,1080.76,Diesel,128398.1
V068,2026-08-21T06:31:00+00:00,18.76,1873.16,Diesel,29939.5
V043,2026-09-14T16:08:00+00:00,19.6,1968.23,Diesel,107442.5
V094,2026-08-21T15:40:00+00:00,17.24,1610.08,Diesel,59677.7
V016,2026-08-03T23:48:00+00:00,44.77,4456.7,Diesel,91114.2
V071,2026-08-29T00:36:00+00:00,9.24,905.6,Diesel,166637.5
V069,2026-08-31T17:43:00+00:00,28.82,2873.34,Petrol,36952.9
V035,2026-09-02T12:04:00+00:00,18.61,1859.64,Petrol,161853.5
V051,2026-08-22T16:23:00+00:00,12.64,1243.41,Diesel,145117.5
V023,2026-09-17T11:45:00+00:00,27.28,2607.91,Diesel,146047.6
V016,2026-08-07T09:43:00+00:00,28.66,2839.6,Diesel,95995.7
V043,2026-08-25T13:23:00+00:00,8.37,829.99,Diesel,165482.8
V087,2026-09-06T08:32:00+00:00,10.69,1059.82,Petrol,129525.2
V012,2026-08-22T18:02:00+00:00,44.78,4221.87,Diesel,89352.3
V043,2026-09-18T00:37:00+00:00,29.06,2842.77,Diesel,134704.0
V024,2026-08-15T02:44:00+00:00,32.75,3298.64,Diesel,43549.0
V070,2026-09-14T00:42:00+00:00,10.76,1007.33,Diesel,160776.0
V076,2026-08-13T22:06:00+00:00,14.87,1450.15,Diesel,100809.0
V028,2026-08-07T13:33:00+00:00,19.64,1853.77,Diesel,151941.2
V073,2026-09-07T07:09:00+00:00,6.0,584.48,Petrol,139623.4
V043,2026-09-06T19:18:00+00:00,12.48,1237.28,Diesel,24875.0
V062,2026-09-14T08:10:00+00:00,36.61,3605.7,Diesel,166620.1
V077,2026-08-18T03:31:00+00:00,20.79,1990.93,Diesel,34298.7
V095,2026-09-21T16:09:00+00:00,25.27,2374.34,Diesel,97854.3
V048,2026-09-21T09:01:00+00:00,16.43,1570.05,Diesel,105909.3
V068,2026-09-07T18:54:00+00:00,14.79,1428.66,Diesel,40392.4
V060,2026-08-02T22:53:00+00:00,27.24,2522.42,Diesel,33300.9
V037,2026-09-03T11:11:00+00:00,14.14,1430.29,Diesel,150856.4
V015,2026-08-19T02:24:00+00:00,38.92,3631.88,Diesel,157446.4
V081,2026-09-23T20:43:00+00:00,12.4,1270.26,Diesel,93932.4
V009,2026-08-03T06:31:00+00:00,40.72,3765.95,Petrol,172608.8
V033,2026-09-23T03:50:00+00:00,23.73,2272.21,Diesel,82117.3
V050,2026-09-22T23:28:00+00:00,39.78,3982.03,Diesel,108776.4
V033,2026-09-13T15:44:00+00:00,29.55,2923.88,Diesel,25830.6
V013,2026-08-27T07:12:00+00:00,7.24,704.28,Petrol,166446.5
V059,2026-09-20T19:38:00+00:00,22.84,2320.81,Diesel,25056.0
V011,2026-08-03T01:23:00+00:00,12.92,1300.33,Diesel,55995.4
V044,2026-08-28T12:40:00+00:00,21.89,2246.8,Petrol,52262.5
V033,2026-09-10T12:15:00+00:00,22.09,2246.19,Diesel,73410.1
V072,2026-08-08T03:41:00+00:00,40.39,3946.54,Diesel,70399.8
V063,2026-09-18T02:06:00+00:00,6.43,606.55,Diesel,112952.4
V047,2026-08-23T06:30:00+00:00,6.34,590.37,Petrol,133898.2
V003,2026-09-04T03:23:00+00:00,39.66,3743.16,Diesel,52496.1
V073,2026-09-10T13:49:00+00:00,9.73,979.91,Petrol,94252.9
V069,2026-09-05T05:09:00+00:00,23.93,2345.03,Petrol,168522.7
V089,2026-09-08T04:48:00+00:00,38.75,3669.73,Diesel,32195.8
V049,2026-08-21T01:55:00+00:00,44.45,4498.11,Diesel,152679.0
V049,2026-08-02T06:55:00+00:00,30.7,3114.95,Diesel,117355.6
V071,2026-09-14T02:14:00+00:00,41.36,4255.94,Diesel,160108.7
V100,2026-09-24T17:07:00+00:00,41.0,4170.36,Diesel,113126.2
V052,2026-09-20T08:03:00+00:00,29.88,2838.44,Petrol,159222.4
V028,2026-09-10T12:48:00+00:00,17.63,1750.23,Diesel,153595.7
V031,2026-09-06T04:42:00+00:00,28.89,2728.91,Diesel,144949.8
V091,2026-08-12T01:13:00+00:00,27.1,2691.9,Petrol,137449.4
V098,2026-08-04T12:54:00+00:00,15.6,1470.28,Diesel,166591.2
V049,2026-09-09T07:36:00+00:00,31.19,2943.83,Diesel,122750.5
V097,2026-08-30T10:50:00+00:00,15.81,1502.33,Diesel,21219.6
V031,2026-09-23T12:41:00+00:00,15.72,1466.56,Diesel,14340.5
V079,2026-08-11T09:19:00+00:00,7.91,731.87,Diesel,106872.0
V084,2026-08-07T07:32:00+00:00,21.76,2239.9,Petrol,103726.4
V039,2026-08-28T06:16:00+00:00,41.11,3823.1,Diesel,122577.0
V067,2026-09-19T09:37:00+00:00,17.1,1671.93,Petrol,142886.3
V082,2026-09-22T17:14:00+00:00,9.76,1004.27,Diesel,151185.8
V085,2026-09-04T00:33:00+00:00,32.49,3199.52,Diesel,107531.5
V022,2026-09-07T12:59:00+00:00,21.26,2009.19,Diesel,109097.5
V002,2026-09-04T04:30:00+00:00,42.22,4336.91,Petrol,85506.0
V051,2026-09-16T08:01:00+00:00,39.46,3883.14,Diesel,77350.9
V063,2026-08-31T02:42:00+00:00,37.8,3686.92,Diesel,141019.2
V026,2026-09-22T14:17:00+00:00,29.52,2787.67,Petrol,93292.3
V027,2026-09-06T06:01:00+00:00,33.51,3182.34,Diesel,139535.0
V059,2026-09-19T03:07:00+00:00,17.78,1732.73,Diesel,142555.9
V004,2026-09-03T02:01:00+00:00,36.28,3509.67,Diesel,145434.4
V071,2026-09-19T04:01:00+00:00,29.07,2835.14,Diesel,172877.4
V007,2026-08-04T10:33:00+00:00,19.2,1917.72,Petrol,165372.4
V048,2026-09-02T13:16:00+00:00,34.74,3412.25,Diesel,147953.9
V032,2026-08-09T15:04:00+00:00,13.28,1332.84,Petrol,55856.8
V031,2026-08-22T22:03:00+00:00,38.98,3828.51,Diesel,98272.6
V087,2026-09-06T00:08:00+00:00,34.79,3499.24,Petrol,5574.2
V065,2026-08-16T07:07:00+00:00,43.7,4409.81,Petrol,146097.7
V007,2026-08-19T18:42:00+00:00,18.64,1802.92,Petrol,106170.2
V067,2026-08-30T13:41:00+00:00,8.16,767.41,Petrol,11064.4
V093,2026-09-12T02:03:00+00:00,17.47,1672.78,Diesel,81600.2
V036,2026-08-22T17:34:00+00:00,7.47,729.71,Petrol,61390.2
V012,2026-09-03T18:59:00+00:00,20.57,1948.18,Diesel,167605.2
V049,2026-08-26T11:18:00+00:00,17.86,1668.12,Diesel,21710.6
V012,2026-09-13T23:05:00+00:00,5.72,564.23,Diesel,149108.9
V048,2026-08-05T00:33:00+00:00,36.4,3412.85,Diesel,99672.1
V073,2026-08-31T22:03:00+00:00,27.9,2682.78,Petrol,150204.0
V067,2026-08-06T14:38:00+00:00,38.8,3833.43,Petrol,119362.7
V079,2026-09-17T11:43:00+00:00,22.16,2276.79,Diesel,174632.1
V083,2026-08-05T01:42:00+00:00,26.69,2616.59,Petrol,117211.5
V083,2026-09-01T05:00:00+00:00,30.04,2872.64,Petrol,152307.5
V066,2026-08-25T11:34:00+00:00,12.91,1191.83,Diesel,150044.4
V036,2026-08-02T10:47:00+00:00,31.56,3105.67,Petrol,177787.2
V075,2026-09-09T21:49:00+00:00,15.02,1390.51,Diesel,144680.0
V065,2026-08-26T00:59:00+00:00,40.89,3993.02,Petrol,35390.7
V042,2026-08-27T12:48:00+00:00,43.56,4396.23,Diesel,130052.0
V090,2026-08-18T22:07:00+00:00,27.38,2714.83,Petrol,172999.4
V051,2026-08-05T15:15:00+00:00,22.14,2065.11,Diesel,140434.6
V052,2026-08-06T01:15:00+00:00,25.42,2513.7,Petrol,70363.8
V037,2026-08-15T17:26:00+00:00,19.58,1938.84,Diesel,78517.4
V099,2026-08-30T06:58:00+00:00,22.68,2281.18,Diesel,42564.0
V074,2026-08-07T08:58:00+00:00,43.87,4173.9,Diesel,117823.7
V026,2026-09-22T15:03:00+00:00,35.34,3626.08,Petrol,121503.8
V035,2026-08-26T23:09:00+00:00,18.63,1861.19,Petrol,170342.6
V030,2026-08-04T07:04:00+00:00,39.8,3840.39,Diesel,138833.3
V086,2026-08-01T20:25:00+00:00,24.07,2303.69,Diesel,127446.1
V019,2026-08-21T16:29:00+00:00,35.27,3343.21,Diesel,142676.5
V090,2026-08-10T12:39:00+00:00,32.88,3175.49,Petrol,171991.1
V094,2026-08-20T19:41:00+00:00,8.08,780.65,Diesel,87278.1
V002,2026-09-08T11:09:00+00:00,5.2,531.89,Petrol,101731.1
V051,2026-09-15T10:16:00+00:00,17.28,1680.08,Diesel,136128.4
V092,2026-09-22T21:07:00+00:00,15.12,1516.94,Diesel,152770.8
V016,2026-08-18T01:35:00+00:00,44.34,4269.69,Diesel,77198.7
V035,2026-08-05T12:27:00+00:00,35.7,3293.49,Petrol,15217.9
V092,2026-08-30T21:32:00+00:00,21.64,2134.89,Diesel,158942.3
V065,2026-09-13T04:32:00+00:00,13.75,1395.1,Petrol,85588.7
V051,2026-09-13T16:33:00+00:00,23.97,2338.95,Diesel,13018.2
V014,2026-09-03T02:01:00+00:00,17.83,1785.14,Diesel,161336.4
V051,2026-09-11T16:40:00+00:00,25.16,2390.5,Diesel,123679.8
V064,2026-08-09T05:00:00+00:00,19.75,1850.46,Petrol,85103.1
V045,2026-08-31T22:36:00+00:00,14.73,1364.38,Diesel,120805.0
V028,2026-08-22T23:57:00+00:00,23.96,2375.16,Diesel,78373.3
V072,2026-08-08T22:35:00+00:00,12.96,1329.43,Diesel,108450.2
V091,2026-08-19T12:56:00+00:00,21.89,2031.27,Petrol,34159.8
V021,2026-08-02T04:18:00+00:00,10.11,936.16,Diesel,52252.6
V049,2026-08-20T18:56:00+00:00,8.56,800.64,Diesel,104983.2
V070,2026-09-07T07:26:00+00:00,19.28,1776.07,Diesel,113667.4
V063,2026-09-09T05:33:00+00:00,28.94,2709.62,Diesel,43937.4
V005,2026-08-12T01:48:00+00:00,38.42,3681.75,Diesel,47659.7
V025,2026-09-06T18:34:00+00:00,8.19,756.39,Diesel,66230.8
V067,2026-08-09T23:25:00+00:00,9.2,871.35,Petrol,29643.5
V092,2026-09-15T05:46:00+00:00,40.53,3974.73,Diesel,49035.1
V019,2026-08-05T14:31:00+00:00,43.1,4274.5,Diesel,135737.8
V065,2026-09-13T07:42:00+00:00,42.07,4285.25,Petrol,59947.0
V097,2026-09-11T00:09:00+00:00,29.91,2987.58,Diesel,68591.7
V093,2026-09-04T19:05:00+00:00,41.24,4074.97,Diesel,25081.4
V008,2026-08-17T09:50:00+00:00,20.21,1873.55,Diesel,120954.5
V041,2026-08-20T05:17:00+00:00,7.15,665.56,Diesel,93505.6
V035,2026-08-12T14:07:00+00:00,9.52,947.25,Petrol,77634.6
V017,2026-09-01T00:15:00+00:00,31.57,3146.96,Diesel,53739.5
V002,2026-09-12T16:28:00+00:00,23.33,2230.27,Petrol,53079.9
V050,2026-08-26T12:29:00+00:00,6.09,583.17,Diesel,52470.3
V053,2026-09-19T09:06:00+00:00,41.18,3797.01,Diesel,127094.0
V016,2026-08-15T07:04:00+00:00,6.13,609.26,Diesel,133641.9
V096,2026-08-01T22:02:00+00:00,22.83,2149.09,Petrol,136865.5
V064,2026-08-09T04:13:00+00:00,25.63,2371.02,Petrol,94229.8
V026,2026-08-14T08:00:00+00:00,23.87,2403.45,Petrol,102482.7
V096,2026-09-04T22:18:00+00:00,26.55,2505.65,Petrol,179005.5
V039,2026-08-01T12:35:00+00:00,29.09,2967.75,Diesel,68710.1
V090,2026-09-20T03:13:00+00:00,21.23,2021.35,Petrol,39210.1
V097,2026-08-15T04:44:00+00:00,40.71,3870.31,Diesel,140696.3
V086,2026-09-01T06:32:00+00:00,38.34,3546.55,Diesel,49952.4
V031,2026-08-16T10:51:00+00:00,20.43,1917.65,Diesel,114920.9
V023,2026-09-18T21:44:00+00:00,22.46,2097.44,Diesel,132222.0
V063,2026-08-23T22:55:00+00:00,14.66,1400.88,Diesel,93359.8
V019,2026-09-01T10:54:00+00:00,26.95,2738.49,Diesel,35448.4
V044,2026-08-18T01:34:00+00:00,15.17,1490.16,Petrol,53820.6
V013,2026-09-21T21:11:00+00:00,34.86,3249.44,Petrol,41929.4
V054,2026-08-09T16:16:00+00:00,6.05,558.37,Diesel,134235.0
V085,2026-08-12T08:54:00+00:00,18.92,1881.46,Diesel,69027.0
V050,2026-08-05T08:09:00+00:00,21.44,2104.13,Diesel,179246.0
V007,2026-08-16T08:51:00+00:00,10.31,1048.77,Petrol,103137.9
V006,2026-08-02T11:13:00+00:00,44.92,4175.27,Diesel,37549.9
V056,2026-08-03T02:32:00+00:00,23.32,2257.89,Diesel,139294.5
V075,2026-08-19T05:01:00+00:00,35.77,3358.73,Diesel,9916.1
V044,2026-09-08T16:23:00+00:00,31.86,2942.25,Petrol,133799.1
V024,2026-09-11T22:34:00+00:00,38.99,3930.97,Diesel,120611.7
V024,2026-08-07T10:55:00+00:00,37.94,3531.83,Diesel,38674.8
V057,2026-08-19T12:59:00+00:00,11.51,1166.44,Diesel,15905.1
V041,2026-09-05T19:46:00+00:00,6.4,616.54,Diesel,120380.6
V031,2026-08-04T23:30:00+00:00,24.51,2409.45,Diesel,177387.0
V093,2026-09-21T20:40:00+00:00,20.21,1975.14,Diesel,179895.3
V043,2026-09-22T03:42:00+00:00,24.16,2322.1,Diesel,111142.0
V049,2026-09-23T19:34:00+00:00,22.44,2099.41,Diesel,148537.1
V043,2026-09-09T18:49:00+00:00,8.78,889.42,Diesel,76462.2
V092,2026-08-05T00:36:00+00:00,11.28,1078.98,Diesel,64616.6
V088,2026-09-14T11:56:00+00:00,25.56,2632.04,Petrol,15444.0
V001,2026-08-17T08:33:00+00:00,38.33,3614.01,Petrol,121035.5
V074,2026-08-22T11:48:00+00:00,26.85,2665.9,Diesel,44069.2
V022,2026-09-07T16:16:00+00:00,38.79,3686.67,Diesel,51273.6
V030,2026-09-03T21:14:00+00:00,21.29,2104.23,Diesel,73370.1
V054,2026-08-20T15:50:00+00:00,22.01,2258.99,Diesel,34367.0
V043,2026-08-27T05:18:00+00:00,18.07,1719.02,Diesel,123645.5
V066,2026-09-08T17:03:00+00:00,11.7,1172.24,Diesel,164620.2
V064,2026-09-23T17:04:00+00:00,6.44,609.5,Petrol,65569.8
V077,2026-08-05T12:54:00+00:00,43.16,4189.83,Diesel,172074.8
V029,2026-08-24T03:44:00+00:00,20.16,1990.79,Diesel,5601.6
V051,2026-09-07T04:31:00+00:00,27.45,2693.94,Diesel,29318.0
V096,2026-09-02T23:30:00+00:00,20.02,1995.83,Petrol,43004.4
V077,2026-09-08T20:56:00+00:00,36.47,3601.49,Diesel,130023.7
V097,2026-09-16T23:15:00+00:00,22.49,2279.24,Diesel,5928.0
V007,2026-08-27T08:03:00+00:00,25.21,2408.99,Petrol,42941.0
V081,2026-08-31T22:53:00+00:00,10.21,997.32,Diesel,14394.8
V016,2026-08-01T22:16:00+00:00,42.13,4046.69,Diesel,76134.9
V002,2026-08-24T02:58:00+00:00,42.57,4072.22,Petrol,163542.4
V068,2026-08-26T16:44:00+00:00,20.66,2015.21,Diesel,13945.3
V061,2026-08-11T15:59:00+00:00,34.62,3523.81,Petrol,105617.6
V068,2026-08-20T14:49:00+00:00,13.46,1307.68,Diesel,139822.2
V065,2026-08-26T18:55:00+00:00,17.54,1723.33,Petrol,111011.6
V100,2026-09-06T11:35:00+00:00,7.19,712.73,Diesel,10546.7
V053,2026-09-20T01:06:00+00:00,14.1,1440.28,Diesel,110482.6
V035,2026-09-07T17:37:00+00:00,28.39,2629.02,Petrol,66408.2
V075,2026-08-09T04:41:00+00:00,13.48,1377.4,Diesel,77519.8
V029,2026-08-14T14:36:00+00:00,30.68,3152.63,Diesel,129379.5
V100,2026-08-07T02:01:00+00:00,36.1,3363.17,Diesel,141470.9
V040,2026-08-19T18:06:00+00:00,44.47,4562.75,Diesel,65840.4
V008,2026-08-08T19:09:00+00:00,24.01,2342.75,Diesel,95876.8
V072,2026-08-16T06:38:00+00:00,16.34,1664.22,Diesel,95036.2
V024,2026-09-14T10:55:00+00:00,34.36,3181.04,Diesel,124568.8
V077,2026-08-15T20:19:00+00:00,38.52,3884.9,Diesel,48770.8
V032,2026-09-23T16:29:00+00:00,19.08,1823.9,Petrol,81380.6
V100,2026-08-15T11:49:00+00:00,9.37,862.45,Diesel,86615.3
V082,2026-09-23T08:41:00+00:00,20.58,1993.7,Diesel,55484.0
V074,2026-09-23T22:30:00+00:00,30.16,2935.93,Diesel,7422.3
V048,2026-08-15T12:17:00+00:00,6.32,640.74,Diesel,31568.5
V079,2026-09-11T18:52:00+00:00,10.72,1005.24,Diesel,106805.6
V017,2026-09-20T10:10:00+00:00,12.34,1188.16,Diesel,122534.0
V042,2026-08-23T07:36:00+00:00,31.3,3203.65,Diesel,59531.1
V099,2026-09-09T19:42:00+00:00,5.91,547.55,Diesel,118958.9
V023,2026-09-18T09:01:00+00:00,33.91,3139.31,Diesel,8514.7
V044,2026-09-04T09:21:00+00:00,20.62,1931.3,Petrol,99681.3
V004,2026-09-07T20:08:00+00:00,36.16,3390.43,Diesel,24877.4
V035,2026-08-27T14:49:00+00:00,34.88,3558.71,Petrol,55914.9
V080,2026-08-13T15:56:00+00:00,23.98,2225.35,Diesel,6455.9
V039,2026-09-05T07:54:00+00:00,18.62,1899.68,Diesel,143109.5
V038,2026-08-10T15:28:00+00:00,33.96,3159.21,Petrol,135357.9
V084,2026-08-14T21:54:00+00:00,19.68,1959.78,Petrol,87404.9
V046,2026-09-23T05:10:00+00:00,24.42,2316.55,Diesel,45441.2
V044,2026-08-27T02:50:00+00:00,44.4,4485.51,Petrol,167000.6
V054,2026-08-16T22:54:00+00:00,31.81,3212.14,Diesel,20093.2
V070,2026-09-07T04:34:00+00:00,26.32,2431.14,Diesel,128119.4
V071,2026-09-04T08:54:00+00:00,23.44,2317.96,Diesel,90151.0
V061,2026-09-15T01:33:00+00:00,27.44,2751.53,Petrol,30095.0
V068,2026-09-14T16:00:00+00:00,12.66,1270.12,Diesel,86554.5
V068,2026-08-08T02:25:00+00:00,8.4,828.95,Diesel,54449.2
V073,2026-08-10T19:38:00+00:00,44.2,4272.41,Petrol,170884.8
V046,2026-08-06T13:04:00+00:00,7.53,732.3,Diesel,18377.0
V098,2026-08-25T21:59:00+00:00,36.72,3509.88,Diesel,124123.4
V021,2026-08-04T06:34:00+00:00,15.27,1491.88,Diesel,133856.9
V003,2026-08-31T21:59:00+00:00,34.65,3368.07,Diesel,95950.1
V006,2026-08-04T04:53:00+00:00,7.59,775.6,Diesel,61993.8
V029,2026-09-03T02:46:00+00:00,26.31,2707.95,Diesel,97991.4
V014,2026-09-03T07:23:00+00:00,16.56,1561.12,Diesel,120910.6
V027,2026-08-28T18:23:00+00:00,14.14,1329.88,Diesel,115081.4
V043,2026-08-25T00:34:00+00:00,44.57,4295.31,Diesel,128452.0
V050,2026-09-07T10:26:00+00:00,30.58,2827.09,Diesel,96305.4
V036,2026-08-23T05:17:00+00:00,14.4,1420.67,Petrol,24284.8
V051,2026-09-17T08:30:00+00:00,40.59,4133.18,Diesel,83075.4
V001,2026-08-22T17:29:00+00:00,36.54,3640.89,Petrol,171149.6
V009,2026-09-01T19:46:00+00:00,8.02,810.47,Petrol,15398.4
V095,2026-09-06T08:16:00+00:00,13.06,1214.32,Diesel,70863.5
V003,2026-09-02T19:26:00+00:00,36.69,3519.42,Diesel,26055.5
V026,2026-09-12T06:45:00+00:00,33.9,3375.42,Petrol,24227.9
V019,2026-08-02T09:27:00+00:00,18.72,1783.25,Diesel,176382.7
V023,2026-08-22T10:07:00+00:00,33.42,3120.88,Diesel,31609.1
V018,2026-09-19T23:14:00+00:00,39.69,4012.19,Diesel,141022.8
V075,2026-09-01T17:00:00+00:00,18.35,1764.85,Diesel,32782.7
V040,2026-08-04T03:16:00+00:00,9.62,886.59,Diesel,70461.5
V098,2026-08-18T12:03:00+00:00,35.69,3309.18,Diesel,172724.3
V053,2026-09-08T21:53:00+00:00,25.47,2401.34,Diesel,179029.5
V065,2026-08-23T01:51:00+00:00,19.71,1894.38,Petrol,72774.9
V059,2026-08-08T22:51:00+00:00,5.54,516.17,Diesel,138718.6
V081,2026-08-06T13:45:00+00:00,15.51,1509.27,Diesel,59371.6
V017,2026-08-23T03:56:00+00:00,40.92,4002.4,Diesel,82541.1
V086,2026-09-24T09:56:00+00:00,38.57,3767.24,Diesel,152030.2
V078,2026-08-13T04:13:00+00:00,20.95,1940.82,Diesel,28013.3
V041,2026-09-09T12:46:00+00:00,37.1,3607.49,Diesel,98021.4
V087,2026-09-02T04:10:00+00:00,7.18,660.92,Petrol,152595.9
V010,2026-08-06T05:07:00+00:00,30.76,2984.92,Diesel,99125.1
V038,2026-09-15T01:33:00+00:00,38.92,3749.04,Petrol,104690.6
V089,2026-09-02T04:05:00+00:00,22.53,2308.94,Diesel,31514.6
V100,2026-09-16T18:47:00+00:00,10.79,1007.6,Diesel,125172.2
V077,2026-08-26T08:38:00+00:00,35.05,3493.29,Diesel,131814.0
V096,2026-08-28T03:04:00+00:00,42.57,4221.54,Petrol,120639.1
V052,2026-09-24T00:01:00+00:00,8.83,888.88,Petrol,53651.1
V095,2026-08-16T05:48:00+00:00,12.12,1160.38,Diesel,134692.1
V078,2026-09-07T13:31:00+00:00,30.46,2992.48,Diesel,114282.4
V020,2026-09-10T17:35:00+00:00,12.33,1150.8,Diesel,23602.1
V082,2026-09-17T11:15:00+00:00,20.78,2067.01,Diesel,77619.6
V015,2026-08-09T07:39:00+00:00,37.33,3555.2,Diesel,25115.1
V073,2026-08-06T17:48:00+00:00,12.48,1245.43,Petrol,52967.7
V017,2026-09-18T23:47:00+00:00,44.56,4459.29,Diesel,54437.8
V076,2026-09-09T22:59:00+00:00,9.73,943.9,Diesel,128733.5
V069,2026-08-15T01:58:00+00:00,33.89,3435.01,Petrol,61377.7
V041,2026-09-10T14:59:00+00:00,32.56,3042.39,Diesel,98524.6
V008,2026-08-16T03:21:00+00:00,22.5,2282.69,Diesel,73087.0
V086,2026-09-11T02:13:00+00:00,24.4,2388.82,Diesel,179244.2
V062,2026-08-13T06:13:00+00:00,7.66,778.69,Diesel,63187.7
V095,2026-09-10T09:21:00+00:00,30.65,2964.59,Diesel,178468.5
V070,2026-08-08T09:45:00+00:00,21.95,2155.18,Diesel,82208.4
V098,2026-08-13T14:25:00+00:00,24.78,2447.9,Diesel,7159.7
V064,2026-08-24T03:37:00+00:00,19.13,1772.51,Petrol,104290.7
V022,2026-09-06T21:21:00+00:00,17.46,1694.28,Diesel,47940.1
V055,2026-08-09T09:43:00+00:00,41.06,4107.64,Diesel,36658.5
V083,2026-09-23T14:50:00+00:00,41.93,4303.12,Petrol,93613.3
V001,2026-08-20T09:06:00+00:00,24.67,2495.07,Petrol,178900.7
V079,2026-08-23T11:42:00+00:00,18.3,1752.73,Diesel,88102.0
V055,2026-09-07T21:07:00+00:00,40.06,3756.36,Diesel,65224.7
V043,2026-08-04T14:31:00+00:00,42.24,4106.64,Diesel,166468.9
V090,2026-08-28T02:13:00+00:00,25.17,2404.24,Petrol,98580.3
V063,2026-08-13T15:23:00+00:00,32.61,3043.94,Diesel,151989.6
V092,2026-08-27T02:07:00+00:00,21.3,2048.13,Diesel,24716.0
V047,2026-08-22T23:49:00+00:00,44.25,4320.02,Petrol,14535.7
V069,2026-08-06T05:03:00+00:00,44.96,4616.35,Petrol,78720.0
V100,2026-08-13T10:48:00+00:00,42.37,4151.07,Diesel,82874.9
V023,2026-08-21T10:23:00+00:00,29.21,2774.98,Diesel,12911.1
V048,2026-09-02T02:40:00+00:00,42.19,4252.62,Diesel,136645.4
V027,2026-08-01T18:28:00+00:00,43.29,4414.96,Diesel,120945.0
V082,2026-09-20T00:18:00+00:00,10.58,991.37,Diesel,150640.3
V057,2026-09-01T18:58:00+00:00,26.8,2665.41,Diesel,51416.7
V014,2026-08-27T07:37:00+00:00,16.78,1653.22,Diesel,140030.2
V060,2026-08-21T15:01:00+00:00,36.31,3616.79,Diesel,87820.3
V098,2026-08-05T16:30:00+00:00,21.59,2209.56,Diesel,111919.1
V028,2026-09-04T02:17:00+00:00,36.16,3332.99,Diesel,62437.3
V042,2026-09-15T16:44:00+00:00,20.45,1952.42,Diesel,29621.2
V029,2026-08-02T05:12:00+00:00,9.02,871.13,Diesel,26279.0
V030,2026-08-22T10:37:00+00:00,9.99,963.92,Diesel,93152.0
V051,2026-08-25T18:59:00+00:00,33.86,3214.97,Diesel,65503.4
V054,2026-08-19T17:36:00+00:00,26.4,2567.13,Diesel,49223.9
V073,2026-09-05T04:19:00+00:00,40.08,3856.79,Petrol,72759.2
V080,2026-08-20T02:34:00+00:00,16.07,1559.26,Diesel,128674.9
V055,2026-08-28T01:03:00+00:00,32.11,3279.91,Diesel,123041.6
V042,2026-08-28T07:26:00+00:00,12.18,1210.64,Diesel,129423.5
V011,2026-08-14T20:54:00+00:00,13.19,1351.55,Diesel,94315.8
V100,2026-08-13T09:33:00+00:00,29.53,2902.2,Diesel,140952.2
V026,2026-08-20T17:22:00+00:00,40.57,4061.12,Petrol,13923.8
V015,2026-08-15T23:49:00+00:00,16.34,1556.16,Diesel,117298.4
V088,2026-08-29T05:24:00+00:00,32.05,3168.1,Petrol,46201.5
V029,2026-09-08T00:25:00+00:00,10.2,941.43,Diesel,22511.8
V024,2026-08-18T05:51:00+00:00,35.55,3402.43,Diesel,107823.7
V064,2026-08-13T14:49:00+00:00,28.36,2674.54,Petrol,119989.1
V090,2026-08-14T11:49:00+00:00,7.29,707.27,Petrol,163547.2
V069,2026-09-06T18:47:00+00:00,28.76,2904.47,Petrol,131763.7
V057,2026-09-22T14:17:00+00:00,34.61,3475.37,Diesel,41245.9
V051,2026-09-12T05:43:00+00:00,25.5,2430.13,Diesel,20315.4
V053,2026-08-30T07:37:00+00:00,34.58,3549.67,Diesel,150707.2
V082,2026-08-26T07:12:00+00:00,27.24,2738.31,Diesel,38466.5
V100,2026-09-08T14:39:00+00:00,10.55,1040.59,Diesel,74365.8
V021,2026-09-15T08:58:00+00:00,5.54,518.1,Diesel,21814.5
V041,2026-08-03T07:36:00+00:00,6.54,614.75,Diesel,83829.8
V062,2026-09-16T19:41:00+00:00,9.29,859.3,Diesel,173319.8
V049,2026-08-10T20:13:00+00:00,42.64,4376.23,Diesel,41168.9
V091,2026-08-21T20:04:00+00:00,30.8,3025.51,Petrol,91362.8
V046,2026-08-09T21:59:00+00:00,16.21,1599.51,Diesel,36459.7
V017,2026-09-12T20:01:00+00:00,11.98,1157.29,Diesel,103759.8
V017,2026-09-13T01:28:00+00:00,33.67,3367.72,Diesel,98443.2
V036,2026-08-06T08:24:00+00:00,40.06,3989.51,Petrol,144675.7
V067,2026-09-15T00:45:00+00:00,8.18,831.35,Petrol,22872.0
V007,2026-09-05T22:10:00+00:00,19.36,1847.42,Petrol,85180.3
V054,2026-08-16T21:40:00+00:00,13.85,1407.72,Diesel,88540.1
V083,2026-08-12T07:20:00+00:00,32.79,3211.29,Petrol,38522.1
V039,2026-08-04T19:22:00+00:00,41.21,3884.76,Diesel,56000.3
V024,2026-08-17T01:34:00+00:00,37.82,3771.65,Diesel,105279.2
V042,2026-09-07T20:53:00+00:00,32.32,3313.12,Diesel,32597.2
V074,2026-08-03T14:59:00+00:00,22.24,2235.16,Diesel,85949.8
V094,2026-08-28T17:04:00+00:00,15.43,1515.71,Diesel,75941.7
V094,2026-08-15T01:52:00+00:00,22.03,2115.16,Diesel,10427.9
V040,2026-09-12T01:24:00+00:00,21.5,2000.49,Diesel,134131.1
V072,2026-09-18T22:16:00+00:00,27.31,2562.84,Diesel,22748.9
V028,2026-08-21T06:28:00+00:00,29.11,2807.28,Diesel,125439.8
V002,2026-08-26T16:01:00+00:00,19.25,1797.2,Petrol,119254.7
V070,2026-09-05T20:59:00+00:00,40.73,3821.1,Diesel,69746.4
V067,2026-09-16T12:27:00+00:00,10.99,1096.4,Petrol,41944.2
V078,2026-08-07T10:32:00+00:00,15.82,1513.98,Diesel,124296.4
V086,2026-08-31T22:25:00+00:00,12.38,1240.81,Diesel,148041.8
V024,2026-09-24T20:36:00+00:00,19.27,1937.26,Diesel,172144.0
V039,2026-08-20T23:18:00+00:00,13.72,1306.51,Diesel,179934.9
V065,2026-09-06T02:08:00+00:00,5.33,531.64,Petrol,131428.5
V023,2026-09-06T23:45:00+00:00,20.8,2128.22,Diesel,7380.6
V028,2026-08-01T15:57:00+00:00,19.12,1827.92,Diesel,68869.4
V075,2026-09-21T16:22:00+00:00,43.09,4122.39,Diesel,135433.2
V098,2026-08-03T14:57:00+00:00,15.46,1430.66,Diesel,132784.8
V100,2026-08-18T19:24:00+00:00,11.31,1109.55,Diesel,136496.7
V083,2026-08-31T20:14:00+00:00,21.38,2084.17,Petrol,6309.3
V017,2026-08-07T18:35:00+00:00,39.57,3920.11,Diesel,44703.0
V086,2026-08-02T06:05:00+00:00,40.45,4120.19,Diesel,152733.4
V057,2026-09-20T17:14:00+00:00,13.21,1297.42,Diesel,41238.0
V100,2026-09-09T02:02:00+00:00,29.12,2875.5,Diesel,70927.7
V001,2026-09-05T16:28:00+00:00,36.31,3508.2,Petrol,35548.6
V004,2026-08-27T06:31:00+00:00,40.63,3798.24,Diesel,11206.5
V010,2026-08-14T09:07:00+00:00,38.38,3776.22,Diesel,63386.2
V081,2026-09-08T23:41:00+00:00,17.21,1758.58,Diesel,25891.2
V030,2026-08-19T02:53:00+00:00,30.36,3055.38,Diesel,57298.6
V070,2026-09-06T15:42:00+00:00,14.33,1381.33,Diesel,19457.2
V011,2026-08-24T12:24:00+00:00,26.34,2532.31,Diesel,32218.0
V034,2026-08-30T06:04:00+00:00,37.46,3460.79,Diesel,112487.9
V065,2026-09-23T15:42:00+00:00,38.87,3955.97,Petrol,166435.9
V050,2026-08-03T04:28:00+00:00,40.96,4099.6,Diesel,99937.4
V090,2026-09-02T09:29:00+00:00,31.16,2933.77,Petrol,17600.4
V036,2026-08-20T23:37:00+00:00,6.47,653.49,Petrol,8242.1
V075,2026-08-12T14:14:00+00:00,5.24,486.21,Diesel,54980.6
V023,2026-09-08T11:24:00+00:00,28.45,2678.18,Diesel,60270.1
V046,2026-08-19T02:42:00+00:00,32.92,3084.22,Diesel,118505.2
V022,2026-09-21T20:01:00+00:00,15.11,1436.85,Diesel,46468.4
V084,2026-08-22T12:03:00+00:00,18.87,1924.16,Petrol,113498.1
V047,2026-08-29T23:14:00+00:00,37.37,3833.01,Petrol,76727.3
V094,2026-09-08T22:03:00+00:00,8.02,792.77,Diesel,64323.0
V003,2026-08-10T08:00:00+00:00,11.95,1161.61,Diesel,167945.5
V044,2026-08-02T15:48:00+00:00,22.9,2330.77,Petrol,135588.7
V001,2026-08-19T10:21:00+00:00,32.54,3140.7,Petrol,111786.2
V074,2026-08-08T17:38:00+00:00,23.74,2442.8,Diesel,70135.4
V088,2026-09-15T16:39:00+00:00,37.6,3855.4,Petrol,77279.3
V028,2026-08-17T08:37:00+00:00,24.44,2324.86,Diesel,149906.4
V047,2026-09-04T15:06:00+00:00,37.28,3528.69,Petrol,9896.5
V081,2026-08-26T07:51:00+00:00,35.99,3524.72,Diesel,72612.0
V063,2026-08-13T02:40:00+00:00,12.24,1237.69,Diesel,61422.7
V009,2026-08-21T13:21:00+00:00,41.94,4310.51,Petrol,8266.6
V084,2026-08-01T01:25:00+00:00,33.32,3202.39,Petrol,147686.0
V097,2026-08-19T04:03:00+00:00,35.79,3422.89,Diesel,35463.6
V023,2026-09-04T12:19:00+00:00,18.54,1778.83,Diesel,24029.9
V067,2026-08-17T21:22:00+00:00,10.81,1112.46,Petrol,91159.0
V043,2026-09-03T10:28:00+00:00,22.67,2252.4,Diesel,82314.6
V082,2026-09-14T05:54:00+00:00,9.5,913.99,Diesel,66112.9
V045,2026-09-07T05:33:00+00:00,34.5,3202.96,Diesel,54043.0
V044,2026-09-17T20:26:00+00:00,39.11,3690.07,Petrol,61762.6
V044,2026-09-17T19:23:00+00:00,29.11,2841.95,Petrol,29809.3
V079,2026-09-03T16:22:00+00:00,35.52,3334.94,Diesel,60117.1
V048,2026-09-02T21:37:00+00:00,5.07,503.61,Diesel,133734.6
V063,2026-08-11T13:58:00+00:00,42.23,4038.75,Diesel,58145.8
V058,2026-09-19T01:46:00+00:00,27.84,2682.04,Petrol,34304.3
V052,2026-09-13T00:40:00+00:00,11.33,1126.51,Petrol,77899.9
V043,2026-09-12T03:57:00+00:00,38.52,3598.08,Diesel,51779.3
V071,2026-08-02T02:28:00+00:00,23.28,2302.37,Diesel,168369.4
V073,2026-09-05T00:16:00+00:00,32.69,3295.77,Petrol,87265.3
V032,2026-08-10T23:32:00+00:00,23.68,2251.41,Petrol,170660.3
V031,2026-09-01T18:52:00+00:00,40.81,3775.19,Diesel,137383.5
V038,2026-09-10T15:47:00+00:00,10.45,1000.53,Petrol,179544.2
V071,2026-08-03T04:57:00+00:00,7.38,718.16,Diesel,69524.9
V066,2026-09-01T04:02:00+00:00,5.67,565.14,Diesel,167048.7
V070,2026-08-04T07:05:00+00:00,7.37,725.59,Diesel,67119.4
V090,2026-09-22T09:44:00+00:00,43.54,4036.52,Petrol,22051.0
V022,2026-08-22T03:33:00+00:00,7.43,703.15,Diesel,132931.2
V029,2026-08-15T05:27:00+00:00,28.9,2859.01,Diesel,38521.6
V022,2026-08-01T17:37:00+00:00,23.59,2327.73,Diesel,161958.8
V088,2026-09-20T17:04:00+00:00,20.75,1993.75,Petrol,70711.3
V054,2026-08-14T12:55:00+00:00,9.28,921.61,Diesel,28542.1
V076,2026-08-01T21:53:00+00:00,25.32,2444.2,Diesel,87645.6
V030,2026-09-19T22:45:00+00:00,9.63,900.85,Diesel,17921.3
V080,2026-08-05T07:06:00+00:00,27.5,2580.81,Diesel,106516.4
V030,2026-09-22T18:37:00+00:00,40.33,3793.12,Diesel,83736.4
V034,2026-08-26T12:25:00+00:00,17.16,1676.75,Diesel,42325.8
V023,2026-09-23T09:25:00+00:00,32.12,2980.02,Diesel,107831.1
V012,2026-09-13T18:55:00+00:00,24.62,2511.55,Diesel,51979.6
V092,2026-09-16T18:53:00+00:00,17.65,1807.27,Diesel,168379.4
V024,2026-08-23T08:01:00+00:00,10.22,988.24,Diesel,147818.0
V063,2026-09-02T12:38:00+00:00,19.42,1887.71,Diesel,23799.5
V086,2026-08-03T13:57:00+00:00,42.11,3910.11,Diesel,112483.8
V067,2026-08-15T16:46:00+00:00,18.09,1858.45,Petrol,101069.6
V071,2026-08-28T14:28:00+00:00,41.12,4041.18,Diesel,96020.9
V019,2026-08-21T09:36:00+00:00,18.21,1746.59,Diesel,122289.5
V050,2026-09-10T10:34:00+00:00,27.97,2697.4,Diesel,75608.2
V067,2026-09-09T23:45:00+00:00,9.05,871.68,Petrol,124569.1
V032,2026-08-20T20:01:00+00:00,29.94,2977.27,Petrol,83629.5
V069,2026-09-21T23:20:00+00:00,17.72,1729.88,Petrol,49137.3
V010,2026-09-01T23:29:00+00:00,26.62,2571.33,Diesel,102914.3
V049,2026-08-21T05:19:00+00:00,39.1,3706.83,Diesel,113091.9
V036,2026-09-14T01:53:00+00:00,40.0,3762.24,Petrol,100792.1
V059,2026-08-30T01:25:00+00:00,26.99,2535.72,Diesel,99098.0
V012,2026-08-14T23:59:00+00:00,37.87,3762.37,Diesel,134065.3
V044,2026-08-08T07:24:00+00:00,38.16,3825.44,Petrol,122951.2
V026,2026-09-11T13:11:00+00:00,12.56,1178.1,Petrol,113371.1
V026,2026-08-19T19:32:00+00:00,17.07,1707.55,Petrol,68894.0
V100,2026-09-23T08:29:00+00:00,21.42,1993.64,Diesel,52108.0
V066,2026-09-24T21:54:00+00:00,36.36,3367.67,Diesel,149732.8
V044,2026-09-11T19:49:00+00:00,17.54,1713.89,Petrol,167296.8
V006,2026-09-03T01:46:00+00:00,10.2,1030.71,Diesel,121585.0
V099,2026-08-28T05:53:00+00:00,36.89,3630.44,Diesel,81289.9
V090,2026-08-22T01:19:00+00:00,19.52,1942.75,Petrol,150665.6
V062,2026-08-20T18:28:00+00:00,27.63,2647.88,Diesel,165460.7
V028,2026-09-14T11:34:00+00:00,32.44,3302.94,Diesel,177793.0
V002,2026-08-05T05:16:00+00:00,22.92,2322.32,Petrol,55436.3
V075,2026-09-22T17:00:00+00:00,5.7,536.81,Diesel,173864.8
V072,2026-08-06T21:03:00+00:00,11.71,1104.97,Diesel,40283.1
V039,2026-08-03T12:27:00+00:00,21.8,2170.79,Diesel,135615.0
V040,2026-08-01T10:49:00+00:00,27.03,2558.2,Diesel,177906.8
V032,2026-08-28T17:52:00+00:00,25.14,2339.33,Petrol,158271.4
V055,2026-09-19T18:36:00+00:00,36.17,3611.57,Diesel,165164.3
V077,2026-08-09T03:07:00+00:00,18.91,1942.71,Diesel,24714.6
V018,2026-08-10T00:51:00+00:00,14.46,1364.1,Diesel,50702.4
V056,2026-09-04T17:39:00+00:00,18.17,1796.3,Diesel,138254.8
V056,2026-09-12T00:45:00+00:00,17.43,1768.45,Diesel,179666.6
V085,2026-08-10T13:01:00+00:00,32.58,3026.0,Diesel,7857.0
V034,2026-09-10T16:13:00+00:00,39.91,3756.16,Diesel,97850.4
V063,2026-08-03T14:29:00+00:00,22.18,2268.79,Diesel,40376.0
V056,2026-08-23T10:51:00+00:00,34.0,3351.42,Diesel,125744.0
V098,2026-09-17T17:20:00+00:00,32.94,3150.86,Diesel,53543.3
V042,2026-08-01T04:20:00+00:00,17.68,1687.94,Diesel,106677.6
V071,2026-09-17T22:08:00+00:00,9.58,953.36,Diesel,129041.0
V016,2026-09-16T00:36:00+00:00,11.03,1055.87,Diesel,35465.7
V094,2026-08-03T01:44:00+00:00,23.63,2180.62,Diesel,178693.7
V008,2026-09-06T15:42:00+00:00,40.21,3812.02,Diesel,133677.1
V022,2026-08-07T15:15:00+00:00,26.69,2618.42,Diesel,22184.6
V067,2026-08-22T18:37:00+00:00,14.87,1402.32,Petrol,115092.9
V036,2026-08-07T15:02:00+00:00,17.86,1702.34,Petrol,158274.2
V011,2026-08-05T09:18:00+00:00,16.01,1577.02,Diesel,70356.9
V056,2026-09-12T10:45:00+00:00,26.52,2456.44,Diesel,46023.9
V029,2026-09-08T03:56:00+00:00,22.84,2138.46,Diesel,20136.0
V092,2026-08-24T15:59:00+00:00,19.55,1987.79,Diesel,113868.5
V069,2026-09-10T23:02:00+00:00,11.0,1092.95,Petrol,85910.4
V033,2026-09-22T06:57:00+00:00,26.02,2528.24,Diesel,143983.8
V079,2026-08-10T07:59:00+00:00,5.74,528.79,Diesel,18871.3
V088,2026-08-26T14:43:00+00:00,39.9,3993.88,Petrol,47821.2
V058,2026-09-02T06:15:00+00:00,37.51,3787.1,Petrol,13903.6
V086,2026-09-24T15:19:00+00:00,21.08,1944.06,Diesel,20108.1
V082,2026-08-30T13:33:00+00:00,10.57,1014.6,Diesel,107167.4
V086,2026-09-13T10:55:00+00:00,26.88,2562.11,Diesel,69935.9
V023,2026-09-21T17:15:00+00:00,16.47,1546.48,Diesel,68776.9
V057,2026-08-09T07:14:00+00:00,30.68,3012.69,Diesel,17500.2
V051,2026-08-07T06:51:00+00:00,19.43,1902.58,Diesel,74554.4
V057,2026-08-05T17:42:00+00:00,22.14,2130.7,Diesel,176870.7
V022,2026-09-11T23:32:00+00:00,42.04,3891.46,Diesel,131542.7
V086,2026-08-01T07:56:00+00:00,10.23,1017.86,Diesel,69563.2
V085,2026-09-02T04:08:00+00:00,43.15,4305.16,Diesel,32842.1
V011,2026-08-01T03:01:00+00:00,42.3,4163.84,Diesel,77726.7
V040,2026-08-10T00:34:00+00:00,14.57,1499.66,Diesel,160699.0
V086,2026-08-12T02:57:00+00:00,18.15,1804.74,Diesel,53475.6
V020,2026-09-16T00:24:00+00:00,34.56,3298.85,Diesel,142426.1
V063,2026-08-30T13:49:00+00:00,5.12,518.13,Diesel,154196.9
V005,2026-08-31T23:09:00+00:00,36.15,3694.45,Diesel,157991.3
V046,2026-09-10T09:15:00+00:00,6.86,661.75,Diesel,32499.8
V030,2026-09-08T14:34:00+00:00,19.53,1800.19,Diesel,128080.0
V014,2026-08-02T12:04:00+00:00,23.04,2320.04,Diesel,85474.8
V040,2026-08-21T20:22:00+00:00,10.69,997.83,Diesel,14072.3
V050,2026-08-12T13:49:00+00:00,41.55,3884.47,Diesel,160333.5
V062,2026-09-20T23:43:00+00:00,8.85,841.23,Diesel,102036.9
V032,2026-08-07T01:10:00+00:00,22.55,2250.43,Petrol,69539.3
V068,2026-09-21T18:41:00+00:00,13.84,1398.4,Diesel,6616.0
V026,2026-09-15T03:01:00+00:00,24.42,2458.15,Petrol,30580.6
V071,2026-08-08T10:25:00+00:00,19.67,1830.71,Diesel,75938.2
V100,2026-09-20T01:33:00+00:00,7.94,763.88,Diesel,12025.8
V046,2026-08-05T00:37:00+00:00,19.68,1845.95,Diesel,111610.2
V039,2026-08-26T04:19:00+00:00,32.44,3109.64,Diesel,22743.4
V048,2026-08-20T00:50:00+00:00,5.05,491.59,Diesel,133653.9
V080,2026-09-18T04:26:00+00:00,32.72,3027.65,Diesel,13322.9
V100,2026-09-03T06:32:00+00:00,43.72,4489.24,Diesel,26949.0
V032,2026-08-31T11:28:00+00:00,15.08,1515.35,Petrol,15102.1
V006,2026-09-22T11:49:00+00:00,6.55,660.18,Diesel,121997.6
V083,2026-09-15T09:52:00+00:00,30.26,2922.66,Petrol,111702.8
V059,2026-09-02T02:58:00+00:00,10.94,1077.4,Diesel,154509.3
V071,2026-08-08T18:14:00+00:00,16.28,1598.39,Diesel,149993.9
V026,2026-08-15T03:11:00+00:00,24.47,2385.39,Petrol,159407.6
V099,2026-08-23T13:14:00+00:00,29.36,2923.29,Diesel,62473.7
V053,2026-08-13T06:27:00+00:00,8.3,777.46,Diesel,9531.3
V079,2026-08-27T03:05:00+00:00,35.39,3483.85,Diesel,58582.6
V069,2026-08-03T17:01:00+00:00,41.75,4185.11,Petrol,118889.3
V031,2026-09-18T01:43:00+00:00,35.98,3566.73,Diesel,8324.6
V084,2026-08-19T08:16:00+00:00,34.14,3363.0,Petrol,179356.9
V072,2026-09-06T21:13:00+00:00,19.71,1877.71,Diesel,16051.4
V001,2026-08-28T03:46:00+00:00,35.91,3511.59,Petrol,88837.1
V078,2026-08-08T23:09:00+00:00,33.62,3139.17,Diesel,8191.1
V043,2026-09-14T00:53:00+00:00,10.69,1025.02,Diesel,65115.2
V099,2026-09-21T16:22:00+00:00,36.79,3727.75,Diesel,135232.4
V090,2026-09-10T05:57:00+00:00,22.27,2099.99,Petrol,168945.6
V012,2026-09-11T23:25:00+00:00,27.21,2674.99,Diesel,29146.3
V094,2026-08-28T12:03:00+00:00,13.85,1307.29,Diesel,155685.5
V081,2026-09-12T10:07:00+00:00,33.36,3143.6,Diesel,67165.9
V045,2026-08-16T08:27:00+00:00,13.35,1335.47,Diesel,136676.5
V092,2026-09-23T00:52:00+00:00,20.11,1996.4,Diesel,143754.6
V057,2026-08-17T15:28:00+00:00,8.01,737.2,Diesel,96471.4
V034,2026-09-08T13:41:00+00:00,14.31,1412.78,Diesel,73661.8
V100,2026-09-08T22:54:00+00:00,40.65,3814.55,Diesel,111222.7
V095,2026-09-10T21:48:00+00:00,34.95,3353.72,Diesel,10489.0
V088,2026-08-25T10:55:00+00:00,26.32,2585.55,Petrol,146779.0
V078,2026-09-17T19:29:00+00:00,27.99,2683.3,Diesel,117159.0
V064,2026-08-15T05:36:00+00:00,27.11,2527.76,Petrol,137156.1
V033,2026-08-14T06:58:00+00:00,11.16,1108.14,Diesel,103632.6
V040,2026-08-06T00:29:00+00:00,7.19,717.86,Diesel,114359.5
V077,2026-09-23T21:10:00+00:00,11.63,1120.03,Diesel,65818.3
V083,2026-08-24T02:24:00+00:00,28.25,2711.36,Petrol,19206.5
V068,2026-09-17T07:52:00+00:00,33.43,3166.85,Diesel,69957.1
V033,2026-08-06T03:15:00+00:00,9.71,963.0,Diesel,150905.5
V053,2026-08-06T18:54:00+00:00,40.34,4118.8,Diesel,91953.4
V074,2026-09-07T20:31:00+00:00,14.76,1404.84,Diesel,159663.8
V025,2026-09-15T15:23:00+00:00,22.63,2236.51,Diesel,30867.9
V093,2026-08-04T01:21:00+00:00,11.36,1154.0,Diesel,20314.8
V018,2026-09-07T12:06:00+00:00,34.69,3491.31,Diesel,19999.2
V009,2026-08-01T11:10:00+00:00,28.87,2886.42,Petrol,43303.1
V076,2026-09-23T01:19:00+00:00,28.69,2861.95,Diesel,127512.8
V006,2026-08-29T07:05:00+00:00,43.65,4201.25,Diesel,60231.7
V097,2026-09-17T01:52:00+00:00,10.28,1025.91,Diesel,138910.0
V055,2026-09-12T05:48:00+00:00,42.83,4241.39,Diesel,125731.6
V078,2026-08-30T09:00:00+00:00,25.12,2446.5,Diesel,68235.9
V068,2026-09-06T09:52:00+00:00,9.39,943.61,Diesel,88140.9
V039,2026-08-11T23:12:00+00:00,11.78,1096.63,Diesel,7641.8
V007,2026-08-13T01:05:00+00:00,27.97,2598.17,Petrol,100783.3
V023,2026-09-06T01:13:00+00:00,38.36,3565.28,Diesel,170864.7
V075,2026-08-30T10:13:00+00:00,16.35,1674.99,Diesel,126123.1
V017,2026-09-11T07:40:00+00:00,34.46,3521.92,Diesel,20842.0
V073,2026-08-16T11:49:00+00:00,35.17,3554.58,Petrol,6638.8
V086,2026-08-01T21:59:00+00:00,39.16,3842.26,Diesel,152580.8
V074,2026-09-15T16:36:00+00:00,37.63,3565.39,Diesel,93891.6
V077,2026-09-24T06:08:00+00:00,13.43,1377.9,Diesel,150872.8
V037,2026-08-21T03:21:00+00:00,21.64,2186.36,Diesel,134245.8
V022,2026-08-15T09:54:00+00:00,16.39,1532.56,Diesel,28058.1
V096,2026-08-29T06:25:00+00:00,20.21,1879.07,Petrol,59992.3
V057,2026-08-27T14:11:00+00:00,11.54,1104.84,Diesel,166485.6
V035,2026-09-06T12:29:00+00:00,25.77,2577.22,Petrol,120444.9
V004,2026-08-17T04:08:00+00:00,31.17,3182.44,Diesel,150590.5
V052,2026-09-23T03:40:00+00:00,24.44,2393.17,Petrol,98050.8
V007,2026-08-23T10:51:00+00:00,11.99,1198.94,Petrol,22821.0
V056,2026-08-26T04:30:00+00:00,13.5,1306.24,Diesel,46521.4
V021,2026-09-09T10:28:00+00:00,25.46,2540.86,Diesel,85692.5
V099,2026-09-21T09:59:00+00:00,12.37,1261.44,Diesel,117688.0
V020,2026-09-15T16:52:00+00:00,40.08,3846.53,Diesel,163282.5
V051,2026-08-11T19:06:00+00:00,25.59,2446.34,Diesel,62849.9
V005,2026-08-05T22:28:00+00:00,39.94,4004.86,Diesel,123916.4
V043,2026-09-17T06:11:00+00:00,40.06,4004.66,Diesel,42599.4
V100,2026-08-17T17:04:00+00:00,14.64,1359.29,Diesel,25958.1
V037,2026-08-07T23:07:00+00:00,44.46,4283.97,Diesel,65904.1
V005,2026-08-06T10:31:00+00:00,7.78,746.83,Diesel,119010.9
V008,2026-09-05T02:53:00+00:00,13.47,1284.74,Diesel,162598.6
V057,2026-09-21T14:38:00+00:00,25.84,2428.8,Diesel,45864.1
V001,2026-08-21T11:04:00+00:00,13.05,1234.11,Petrol,75307.6
V095,2026-09-17T13:04:00+00:00,43.24,3990.0,Diesel,54053.5
V021,2026-08-15T17:27:00+00:00,30.23,2838.23,Diesel,23361.4
V034,2026-09-20T09:35:00+00:00,16.36,1534.9,Diesel,64962.3
V072,2026-08-08T04:35:00+00:00,33.65,3244.86,Diesel,42704.2
V092,2026-09-08T15:00:00+00:00,42.17,4030.79,Diesel,13679.2
V017,2026-08-06T12:47:00+00:00,6.78,634.43,Diesel,70606.1
V081,2026-08-19T15:29:00+00:00,39.96,3908.58,Diesel,121220.2
V070,2026-08-01T13:21:00+00:00,5.14,475.05,Diesel,115426.2
V034,2026-09-18T17:21:00+00:00,18.94,1804.19,Diesel,162313.2
V014,2026-09-08T08:41:00+00:00,16.18,1541.81,Diesel,35752.3
V044,2026-08-11T00:21:00+00:00,12.2,1156.82,Petrol,166147.8
V026,2026-09-22T18:55:00+00:00,14.95,1427.74,Petrol,25923.5
V024,2026-08-01T22:42:00+00:00,38.27,3834.15,Diesel,131486.8
V009,2026-09-23T11:25:00+00:00,21.8,2175.22,Petrol,33097.3
V099,2026-09-19T01:58:00+00:00,31.33,3164.05,Diesel,80883.1
V011,2026-09-06T21:08:00+00:00,25.07,2535.05,Diesel,62437.0
V078,2026-08-27T20:18:00+00:00,35.34,3594.03,Diesel,18455.9
V041,2026-09-01T05:13:00+00:00,15.53,1513.75,Diesel,36526.8
V028,2026-09-12T04:26:00+00:00,41.83,4159.53,Diesel,101430.5
V054,2026-09-04T21:23:00+00:00,14.2,1396.73,Diesel,68248.8
V062,2026-08-06T23:01:00+00:00,37.98,3687.41,Diesel,34012.1
V012,2026-08-12T00:24:00+00:00,30.66,3121.79,Diesel,102549.1
V039,2026-08-30T06:45:00+00:00,33.55,3146.88,Diesel,29949.7
V069,2026-08-30T12:30:00+00:00,35.7,3476.24,Petrol,82177.2
V010,2026-09-03T03:32:00+00:00,24.19,2266.64,Diesel,75796.5
V075,2026-09-17T00:40:00+00:00,31.22,3211.76,Diesel,76472.0
V021,2026-09-09T03:20:00+00:00,18.48,1713.72,Diesel,174228.2
V062,2026-09-20T04:40:00+00:00,9.36,866.55,Diesel,80329.6
V020,2026-09-11T01:26:00+00:00,42.89,4218.61,Diesel,65185.5
V053,2026-08-16T13:42:00+00:00,34.94,3345.73,Diesel,111512.3
V024,2026-08-19T06:33:00+00:00,44.27,4290.17,Diesel,60208.8
V075,2026-08-22T19:57:00+00:00,8.99,831.97,Diesel,75986.6
V099,2026-08-02T07:45:00+00:00,36.43,3405.82,Diesel,139255.0
V038,2026-09-16T04:41:00+00:00,23.25,2209.19,Petrol,80936.9
V048,2026-08-07T14:35:00+00:00,29.96,2852.22,Diesel,100219.7
V036,2026-08-29T05:12:00+00:00,11.09,1073.27,Petrol,139270.2
V094,2026-09-06T20:31:00+00:00,13.74,1350.19,Diesel,77878.0
V017,2026-08-20T09:26:00+00:00,39.44,3939.51,Diesel,109262.1
V044,2026-09-17T09:31:00+00:00,39.66,4050.93,Petrol,45150.4
V016,2026-08-05T13:42:00+00:00,19.4,1931.73,Diesel,62165.7
V009,2026-08-19T02:53:00+00:00,31.74,3197.92,Petrol,121695.5
V014,2026-08-13T22:36:00+00:00,31.09,3031.76,Diesel,5694.5
V099,2026-08-14T05:04:00+00:00,27.4,2671.21,Diesel,90276.4
V037,2026-09-04T18:30:00+00:00,31.44,3127.11,Diesel,104576.6
V092,2026-09-11T18:05:00+00:00,43.91,4167.82,Diesel,66031.4
V063,2026-08-27T04:03:00+00:00,14.05,1414.68,Diesel,110055.9
V054,2026-08-12T21:46:00+00:00,11.06,1076.61,Diesel,150603.5
V098,2026-09-10T03:11:00+00:00,22.32,2059.67,Diesel,151338.3
V053,2026-09-13T02:37:00+00:00,26.33,2431.55,Diesel,55821.1
V025,2026-08-03T00:37:00+00:00,14.87,1464.67,Diesel,179203.1
V044,2026-08-14T19:17:00+00:00,42.22,4012.36,Petrol,168372.9
V085,2026-09-08T22:13:00+00:00,10.35,954.92,Diesel,45514.2
V016,2026-09-21T19:09:00+00:00,31.88,3061.03,Diesel,5808.1
V039,2026-09-11T01:09:00+00:00,26.5,2635.05,Diesel,79958.2
V016,2026-09-17T18:21:00+00:00,37.33,3443.58,Diesel,20790.8
V080,2026-09-09T22:37:00+00:00,17.13,1577.58,Diesel,173193.5
V023,2026-08-21T04:19:00+00:00,42.92,4056.63,Diesel,17401.3
V022,2026-09-15T05:55:00+00:00,19.61,1877.0,Diesel,156857.9
V079,2026-09-02T18:07:00+00:00,17.87,1708.94,Diesel,43462.8
V039,2026-08-25T02:16:00+00:00,36.71,3622.2,Diesel,69895.7
V066,2026-09-04T18:44:00+00:00,15.39,1544.48,Diesel,24038.7
V003,2026-09-21T04:06:00+00:00,30.42,3046.94,Diesel,168564.4
V084,2026-09-01T20:49:00+00:00,20.66,1971.56,Petrol,174861.4
V027,2026-08-26T11:11:00+00:00,33.42,3091.0,Diesel,170230.7
V046,2026-09-11T13:05:00+00:00,22.99,2258.27,Diesel,156168.4
V047,2026-08-21T11:32:00+00:00,8.3,823.51,Petrol,20900.2
V066,2026-09-12T19:07:00+00:00,20.6,1970.24,Diesel,46897.9
V028,2026-08-26T16:11:00+00:00,37.24,3640.67,Diesel,179191.5
V068,2026-08-26T14:39:00+00:00,42.74,4340.77,Diesel,156672.6
V016,2026-09-04T03:50:00+00:00,24.86,2310.67,Diesel,130512.5
V095,2026-08-25T11:37:00+00:00,5.18,477.38,Diesel,100912.8
V029,2026-08-24T21:09:00+00:00,43.41,4406.23,Diesel,101663.4
V009,2026-08-05T14:33:00+00:00,37.58,3459.15,Petrol,119408.9
V032,2026-08-10T22:05:00+00:00,10.35,1030.23,Petrol,77439.2
V062,2026-08-31T00:54:00+00:00,41.32,4178.44,Diesel,156747.6
V033,2026-08-06T02:16:00+00:00,24.49,2278.38,Diesel,102580.1
V083,2026-09-10T18:42:00+00:00,38.77,3847.65,Petrol,49112.8
V070,2026-08-13T21:10:00+00:00,34.5,3492.27,Diesel,106403.3
V019,2026-08-03T08:38:00+00:00,20.86,1947.79,Diesel,60614.0
V007,2026-08-14T17:28:00+00:00,38.95,3733.39,Petrol,31810.3
V083,2026-09-10T19:20:00+00:00,32.73,3024.17,Petrol,122432.9
V053,2026-09-10T04:39:00+00:00,20.09,1999.85,Diesel,18935.7
V013,2026-08-14T08:47:00+00:00,21.19,2097.46,Petrol,14599.3
V022,2026-09-19T15:35:00+00:00,42.03,4315.8,Diesel,169129.7
V013,2026-09-03T07:56:00+00:00,21.99,2056.09,Petrol,105829.9
V077,2026-09-03T11:10:00+00:00,27.57,2689.88,Diesel,87440.6
V014,2026-08-02T09:02:00+00:00,15.43,1534.57,Diesel,107596.0
V038,2026-08-07T18:40:00+00:00,24.29,2254.05,Petrol,56678.1
V084,2026-09-03T09:21:00+00:00,39.97,4096.82,Petrol,90571.7
V051,2026-08-15T16:20:00+00:00,15.9,1483.27,Diesel,129760.1
V015,2026-08-15T21:57:00+00:00,13.36,1336.54,Diesel,168906.6
V065,2026-09-02T13:16:00+00:00,42.32,4336.49,Petrol,29824.7
V008,2026-08-08T07:21:00+00:00,20.47,2042.46,Diesel,129800.4
V008,2026-09-11T06:37:00+00:00,12.13,1161.98,Diesel,58358.7
V068,2026-08-17T05:21:00+00:00,34.28,3181.87,Diesel,73537.7
V049,2026-09-11T09:07:00+00:00,24.14,2357.2,Diesel,93978.7
V015,2026-09-07T05:24:00+00:00,12.04,1164.32,Diesel,162833.7
V055,2026-09-19T05:39:00+00:00,5.79,576.64,Diesel,113305.3
V041,2026-09-08T17:13:00+00:00,44.21,4405.18,Diesel,84628.1
V099,2026-09-08T07:22:00+00:00,15.04,1508.47,Diesel,99357.2
V011,2026-09-10T02:35:00+00:00,27.44,2760.43,Diesel,164897.9
V044,2026-08-10T11:50:00+00:00,39.6,3812.61,Petrol,104212.5
V048,2026-08-17T18:39:00+00:00,33.05,3193.93,Diesel,38100.3
V007,2026-08-24T20:40:00+00:00,44.91,4344.61,Petrol,173179.4
V012,2026-09-01T18:04:00+00:00,12.07,1147.37,Diesel,45990.1
V032,2026-08-11T15:31:00+00:00,15.25,1515.57,Petrol,125457.7
V003,2026-08-30T21:47:00+00:00,8.36,785.43,Diesel,47358.1
V066,2026-09-22T23:10:00+00:00,19.13,1939.2,Diesel,89646.6
V006,2026-08-23T08:37:00+00:00,10.64,1018.8,Diesel,66208.9
V080,2026-08-25T19:43:00+00:00,43.43,4470.11,Diesel,111973.7
V062,2026-09-22T22:57:00+00:00,44.97,4512.4,Diesel,179986.6
V069,2026-08-13T01:15:00+00:00,38.17,3689.01,Petrol,68715.2
V031,2026-08-14T15:03:00+00:00,43.32,4328.8,Diesel,103935.3
V021,2026-08-05T09:27:00+00:00,44.7,4265.96,Diesel,131644.0
V001,2026-08-11T19:37:00+00:00,9.07,874.48,Petrol,86387.0
V007,2026-09-17T18:56:00+00:00,28.65,2913.65,Petrol,115489.1
V040,2026-08-23T06:09:00+00:00,7.39,756.58,Diesel,30482.4
V073,2026-09-05T05:51:00+00:00,18.25,1759.32,Petrol,46160.3
V073,2026-08-05T18:19:00+00:00,16.85,1691.75,Petrol,111572.3
V058,2026-08-15T21:03:00+00:00,33.18,3355.06,Petrol,139424.1
V068,2026-08-08T00:18:00+00:00,39.2,3753.7,Diesel,131710.3
V078,2026-08-11T06:43:00+00:00,35.69,3313.44,Diesel,25756.1
V076,2026-09-18T16:19:00+00:00,25.49,2519.13,Diesel,144178.5
V060,2026-08-13T01:03:00+00:00,15.86,1619.07,Diesel,123537.5
V087,2026-08-04T21:42:00+00:00,39.64,3981.49,Petrol,32826.6
V073,2026-09-23T20:33:00+00:00,30.9,2943.1,Petrol,15378.2
V080,2026-08-12T12:08:00+00:00,5.85,599.35,Diesel,100805.4
V078,2026-09-19T03:42:00+00:00,5.98,562.55,Diesel,29255.9
V060,2026-08-02T07:44:00+00:00,22.44,2305.05,Diesel,121985.7
V077,2026-08-23T03:48:00+00:00,17.32,1663.1,Diesel,135009.8
V020,2026-08-04T23:52:00+00:00,38.85,3585.28,Diesel,107931.8
V023,2026-08-09T14:00:00+00:00,9.54,926.3,Diesel,126708.5
V041,2026-08-30T10:10:00+00:00,26.38,2558.57,Diesel,41999.0
V058,2026-08-01T00:20:00+00:00,42.4,4067.96,Petrol,86587.4
V086,2026-08-31T15:46:00+00:00,22.68,2314.49,Diesel,33477.1
V085,2026-09-06T19:48:00+00:00,26.9,2660.34,Diesel,126716.5
V058,2026-09-02T02:55:00+00:00,37.74,3678.31,Petrol,58279.4
V098,2026-09-16T04:02:00+00:00,41.37,4129.14,Diesel,141654.8
V024,2026-09-21T21:17:00+00:00,19.39,1966.46,Diesel,18742.6
V008,2026-08-18T05:20:00+00:00,10.52,1039.34,Diesel,126942.1
V079,2026-08-16T12:34:00+00:00,13.0,1285.6,Diesel,12962.6
V058,2026-08-29T04:23:00+00:00,12.92,1302.94,Petrol,37894.5
V008,2026-08-16T05:29:00+00:00,12.27,1148.93,Diesel,104926.1
V067,2026-09-09T11:30:00+00:00,13.46,1253.3,Petrol,73665.4
V023,2026-08-09T00:18:00+00:00,43.85,4509.49,Diesel,97951.8
V059,2026-09-20T09:13:00+00:00,30.28,2990.64,Diesel,79149.2
V094,2026-08-25T00:36:00+00:00,30.06,2977.42,Diesel,139222.2
V007,2026-09-23T23:05:00+00:00,35.38,3441.62,Petrol,84190.0
V086,2026-09-18T21:05:00+00:00,19.41,1995.87,Diesel,68488.1
V040,2026-08-31T20:24:00+00:00,25.15,2449.48,Diesel,72552.7
V051,2026-08-31T23:38:00+00:00,6.0,584.17,Diesel,58263.9
V089,2026-09-15T12:47:00+00:00,34.73,3322.95,Diesel,108759.7
V045,2026-08-20T01:20:00+00:00,29.75,2869.3,Diesel,42885.9
V020,2026-08-15T15:10:00+00:00,19.61,1875.54,Diesel,40423.7
V010,2026-09-03T15:35:00+00:00,25.31,2526.79,Diesel,116162.6
V057,2026-08-29T14:39:00+00:00,11.65,1102.33,Diesel,83490.0
V094,2026-09-24T03:31:00+00:00,39.79,3728.67,Diesel,127170.2
V022,2026-08-11T09:24:00+00:00,25.21,2483.93,Diesel,138294.5
V066,2026-09-09T14:59:00+00:00,30.58,2922.42,Diesel,150623.1
V068,2026-08-16T06:17:00+00:00,26.84,2644.23,Diesel,32687.3
V051,2026-09-17T06:38:00+00:00,18.42,1827.27,Diesel,85850.7
V036,2026-09-17T14:09:00+00:00,16.1,1556.3,Petrol,166859.0
V015,2026-09-22T04:33:00+00:00,16.81,1643.03,Diesel,104733.0
V022,2026-09-23T23:04:00+00:00,13.77,1277.92,Diesel,148771.2
V091,2026-08-18T19:14:00+00:00,5.96,606.36,Petrol,32988.3
V094,2026-08-31T11:39:00+00:00,27.13,2561.35,Diesel,5593.1
V079,2026-09-06T23:38:00+00:00,10.08,954.3,Diesel,133190.9
V031,2026-08-03T06:09:00+00:00,43.85,4187.02,Diesel,28236.6
V065,2026-09-14T23:37:00+00:00,30.1,2908.24,Petrol,44192.6
V007,2026-08-16T20:47:00+00:00,12.02,1164.24,Petrol,87302.8
V071,2026-08-23T16:36:00+00:00,11.53,1098.95,Diesel,145746.6
V069,2026-09-12T05:49:00+00:00,33.56,3099.49,Petrol,70247.5
V001,2026-08-24T17:12:00+00:00,28.77,2662.65,Petrol,67247.3
V050,2026-09-22T21:46:00+00:00,33.74,3178.23,Diesel,73746.5
V099,2026-08-11T12:24:00+00:00,16.9,1639.84,Diesel,30810.0
V098,2026-09-15T22:05:00+00:00,13.83,1418.54,Diesel,176491.5
V007,2026-08-29T04:25:00+00:00,25.18,2493.98,Petrol,56828.8
V064,2026-08-12T00:09:00+00:00,8.8,843.61,Petrol,159737.9
V054,2026-08-14T16:59:00+00:00,44.06,4508.26,Diesel,19434.3
V052,2026-08-16T21:33:00+00:00,5.9,566.24,Petrol,80599.1
V034,2026-08-12T22:08:00+00:00,17.24,1646.67,Diesel,176865.5
V048,2026-09-13T00:40:00+00:00,25.43,2604.25,Diesel,30631.5
V011,2026-09-22T20:06:00+00:00,13.8,1415.91,Diesel,71155.1
V073,2026-08-21T09:50:00+00:00,27.31,2644.13,Petrol,162044.6
V039,2026-08-14T05:20:00+00:00,24.34,2306.72,Diesel,53439.3
V067,2026-09-14T18:15:00+00:00,28.9,2873.77,Petrol,125195.0
V017,2026-08-10T12:59:00+00:00,42.04,4326.69,Diesel,103687.2
V003,2026-08-23T06:30:00+00:00,11.89,1136.06,Diesel,114775.1
V012,2026-08-27T07:17:00+00:00,13.04,1200.65,Diesel,42954.3
V049,2026-08-14T12:51:00+00:00,36.22,3573.56,Diesel,130128.4
V078,2026-09-06T10:07:00+00:00,7.11,688.37,Diesel,72546.8
V038,2026-08-30T15:22:00+00:00,27.34,2777.66,Petrol,82105.9
V013,2026-08-29T23:37:00+00:00,21.69,2125.54,Petrol,86067.3
V100,2026-08-26T23:42:00+00:00,38.18,3730.5,Diesel,148506.1
V093,2026-09-08T20:10:00+00:00,28.3,2893.87,Diesel,136593.9
V034,2026-08-13T15:24:00+00:00,32.18,3294.98,Diesel,28614.3
V097,2026-08-25T07:14:00+00:00,23.25,2211.11,Diesel,84672.8
V009,2026-08-14T21:32:00+00:00,8.09,782.71,Petrol,86962.5
V039,2026-09-19T14:19:00+00:00,9.66,942.71,Diesel,128126.1
V074,2026-08-22T08:20:00+00:00,7.68,722.96,Diesel,174501.6
V048,2026-09-24T00:11:00+00:00,39.93,3791.2,Diesel,86688.2
V075,2026-08-27T10:55:00+00:00,6.11,565.39,Diesel,165169.3
V060,2026-09-06T19:49:00+00:00,17.95,1757.97,Diesel,83941.2
V064,2026-08-12T00:54:00+00:00,29.48,2943.5,Petrol,122805.3
V027,2026-08-18T07:58:00+00:00,13.31,1296.78,Diesel,173717.1
V069,2026-08-02T08:44:00+00:00,14.6,1439.35,Petrol,78554.4
V076,2026-08-27T08:46:00+00:00,8.53,862.02,Diesel,13780.4
V066,2026-09-13T01:19:00+00:00,37.99,3728.69,Diesel,179560.5
V020,2026-09-03T15:31:00+00:00,31.97,2958.43,Diesel,178588.6
V009,2026-09-21T21:55:00+00:00,10.35,953.99,Petrol,99538.5
V022,2026-08-11T07:34:00+00:00,36.53,3513.65,Diesel,21756.0
V056,2026-09-17T01:16:00+00:00,25.63,2578.78,Diesel,35933.8
V016,2026-08-17T00:10:00+00:00,11.43,1094.38,Diesel,127416.6
V001,2026-09-01T16:12:00+00:00,21.27,2007.83,Petrol,28915.2
V062,2026-09-02T05:32:00+00:00,28.37,2784.42,Diesel,51609.9
V056,2026-08-27T22:51:00+00:00,33.38,3379.69,Diesel,153942.6
V091,2026-09-14T14:44:00+00:00,5.8,543.42,Petrol,153951.0
V023,2026-08-28T17:21:00+00:00,40.4,3916.86,Diesel,128713.0
V063,2026-08-25T11:10:00+00:00,12.17,1250.18,Diesel,168245.8
V065,2026-08-01T01:35:00+00:00,17.13,1762.39,Petrol,58499.8
V089,2026-08-18T17:21:00+00:00,13.61,1291.06,Diesel,132690.6
V009,2026-09-04T20:50:00+00:00,19.07,1808.59,Petrol,116105.8
V069,2026-08-25T17:06:00+00:00,13.89,1317.48,Petrol,14790.9
V048,2026-09-19T14:25:00+00:00,36.45,3582.14,Diesel,82754.4
V010,2026-09-16T22:28:00+00:00,31.45,2943.54,Diesel,129814.7
V028,2026-09-14T06:29:00+00:00,21.12,2096.34,Diesel,21151.7
V041,2026-08-21T22:00:00+00:00,33.01,3146.54,Diesel,76051.0
V054,2026-09-03T23:08:00+00:00,40.44,3770.83,Diesel,143140.7
V092,2026-09-16T02:22:00+00:00,7.53,729.53,Diesel,174307.9
V093,2026-08-11T14:41:00+00:00,44.28,4551.06,Diesel,170724.2
V085,2026-08-01T20:19:00+00:00,42.73,4354.72,Diesel,51180.9
V048,2026-08-17T21:03:00+00:00,42.55,4165.94,Diesel,36532.3
V071,2026-08-14T11:51:00+00:00,34.09,3323.04,Diesel,53538.2
V006,2026-09-15T08:38:00+00:00,8.84,880.51,Diesel,166488.8
V006,2026-09-16T06:36:00+00:00,29.65,2805.58,Diesel,130300.8
V090,2026-08-13T15:34:00+00:00,33.52,3196.15,Petrol,147277.8
V044,2026-08-04T07:32:00+00:00,44.84,4283.29,Petrol,153319.1
V071,2026-08-11T18:56:00+00:00,44.74,4450.86,Diesel,47973.6
V097,2026-08-24T01:51:00+00:00,6.36,614.37,Diesel,11180.7
V090,2026-09-02T01:07:00+00:00,25.46,2479.44,Petrol,21053.8
V093,2026-08-20T07:36:00+00:00,43.76,4085.32,Diesel,92095.5
V078,2026-09-10T03:07:00+00:00,18.9,1932.91,Diesel,38018.3
V022,2026-09-18T12:48:00+00:00,9.6,927.71,Diesel,125478.0
V082,2026-08-25T00:36:00+00:00,21.88,2249.04,Diesel,71205.7
V087,2026-08-31T21:46:00+00:00,12.93,1315.92,Petrol,134407.1
V033,2026-09-05T02:26:00+00:00,24.88,2318.28,Diesel,149929.9
V082,2026-09-11T20:21:00+00:00,7.58,773.94,Diesel,13808.5
V058,2026-08-08T21:55:00+00:00,9.34,934.43,Petrol,114037.8
V016,2026-08-27T05:21:00+00:00,10.5,1003.54,Diesel,149178.9
V065,2026-08-28T12:24:00+00:00,27.87,2706.33,Petrol,83745.6
V012,2026-09-18T20:29:00+00:00,32.21,3267.66,Diesel,104664.1
V026,2026-08-16T11:27:00+00:00,24.08,2294.14,Petrol,21779.9
V024,2026-08-08T14:28:00+00:00,42.99,4100.35,Diesel,57816.6
V002,2026-08-22T08:37:00+00:00,27.53,2776.59,Petrol,139471.4
V036,2026-08-14T13:51:00+00:00,37.39,3502.22,Petrol,32046.6
V036,2026-08-20T10:55:00+00:00,43.84,4184.03,Petrol,131034.9
V099,2026-08-14T06:32:00+00:00,29.62,2991.23,Diesel,74002.8
V009,2026-08-16T10:24:00+00:00,40.73,4122.06,Petrol,159686.4
V072,2026-09-07T00:46:00+00:00,5.18,485.16,Diesel,95557.7
V026,2026-08-27T21:47:00+00:00,41.34,4008.12,Petrol,137742.2
V060,2026-09-03T09:24:00+00:00,17.83,1724.94,Diesel,104117.9
V060,2026-09-20T15:15:00+00:00,18.0,1672.71,Diesel,131570.6
V039,2026-08-07T18:58:00+00:00,39.42,4052.48,Diesel,44984.7
V097,2026-08-14T16:57:00+00:00,37.97,3671.09,Diesel,172018.8
V056,2026-09-24T01:16:00+00:00,37.51,3791.25,Diesel,113506.6
V058,2026-09-21T23:49:00+00:00,22.0,2250.43,Petrol,17065.2
V001,2026-09-05T17:35:00+00:00,16.66,1657.28,Petrol,18598.7
V044,2026-08-19T02:56:00+00:00,8.58,805.71,Petrol,60085.2
V043,2026-08-14T01:55:00+00:00,28.07,2689.23,Diesel,100519.5
V012,2026-09-09T10:29:00+00:00,36.94,3614.92,Diesel,88358.1
V098,2026-09-12T14:12:00+00:00,36.04,3341.48,Diesel,111509.9
V074,2026-09-02T01:58:00+00:00,22.26,2199.01,Diesel,101734.8
V072,2026-08-01T04:52:00+00:00,32.37,3261.81,Diesel,159272.2
V017,2026-09-24T17:00:00+00:00,29.91,2937.28,Diesel,23424.3
V011,2026-09-22T21:00:00+00:00,39.97,4107.57,Diesel,102508.5
V059,2026-08-28T07:33:00+00:00,5.47,516.31,Diesel,143313.3
V084,2026-09-18T04:59:00+00:00,29.62,2831.56,Petrol,101156.5
V003,2026-09-01T15:49:00+00:00,29.03,2923.83,Diesel,148547.8
V015,2026-09-18T05:22:00+00:00,5.92,593.37,Diesel,99063.3
V072,2026-09-09T15:24:00+00:00,22.01,2140.82,Diesel,162379.6
V042,2026-09-05T09:55:00+00:00,25.69,2377.33,Diesel,174978.1
V010,2026-09-10T11:23:00+00:00,22.34,2057.84,Diesel,64939.4
V076,2026-08-16T17:05:00+00:00,32.88,3322.48,Diesel,161826.3
V016,2026-08-17T16:48:00+00:00,21.49,2212.96,Diesel,120491.4
V079,2026-08-20T06:34:00+00:00,11.42,1161.67,Diesel,105782.8
V025,2026-08-28T07:57:00+00:00,32.64,3203.53,Diesel,112765.6
V080,2026-08-30T23:12:00+00:00,20.16,1906.08,Diesel,72388.8
V001,2026-08-23T15:10:00+00:00,35.95,3667.13,Petrol,51934.6
V038,2026-08-01T14:49:00+00:00,18.52,1857.62,Petrol,114093.7
V088,2026-09-21T18:46:00+00:00,21.66,2174.15,Petrol,159778.0
V022,2026-08-22T03:43:00+00:00,10.44,1043.3,Diesel,98621.2
V019,2026-09-07T23:53:00+00:00,12.21,1203.43,Diesel,149063.2
V035,2026-08-11T14:41:00+00:00,28.97,2723.14,Petrol,74354.5
V060,2026-09-21T08:00:00+00:00,7.15,660.85,Diesel,113882.0
V025,2026-09-10T15:14:00+00:00,26.57,2658.4,Diesel,33750.7
V046,2026-08-12T13:29:00+00:00,22.23,2194.43,Diesel,178743.2
V082,2026-08-16T16:07:00+00:00,31.85,3034.08,Diesel,37609.9
V012,2026-09-21T15:05:00+00:00,17.9,1751.12,Diesel,160037.3
V078,2026-09-07T15:27:00+00:00,9.08,896.15,Diesel,168916.7
V098,2026-09-21T19:47:00+00:00,25.01,2509.31,Diesel,171099.5
V089,2026-09-20T10:49:00+00:00,24.17,2331.41,Diesel,155990.8
V005,2026-08-03T05:50:00+00:00,27.55,2654.5,Diesel,159045.1
V082,2026-08-19T08:26:00+00:00,5.36,551.58,Diesel,31842.0
V073,2026-08-31T18:45:00+00:00,41.65,3946.66,Petrol,162656.9
V059,2026-08-20T04:14:00+00:00,39.01,3612.95,Diesel,101968.8
V079,2026-08-01T08:00:00+00:00,38.72,3619.75,Diesel,54924.1
V090,2026-08-21T16:08:00+00:00,34.5,3295.38,Petrol,110901.1
V003,2026-09-24T05:27:00+00:00,36.9,3645.42,Diesel,30931.4
V092,2026-09-09T17:37:00+00:00,30.73,3110.02,Diesel,160066.1
V027,2026-08-08T03:09:00+00:00,35.51,3289.36,Diesel,161203.2
V075,2026-08-23T20:20:00+00:00,6.36,614.34,Diesel,19729.9
V030,2026-09-07T09:25:00+00:00,28.04,2825.04,Diesel,91664.6
V083,2026-08-21T13:29:00+00:00,30.96,2995.26,Petrol,61300.2
V061,2026-08-03T03:43:00+00:00,33.1,3185.78,Petrol,45492.9
V001,2026-09-05T00:18:00+00:00,12.48,1275.9,Petrol,93531.3
V066,2026-08-28T21:31:00+00:00,18.4,1783.11,Diesel,31165.9
V051,2026-08-17T21:00:00+00:00,31.26,3016.02,Diesel,128223.3
V070,2026-08-24T14:35:00+00:00,15.37,1535.43,Diesel,10706.1
V049,2026-09-20T01:33:00+00:00,7.99,739.15,Diesel,6908.6
V086,2026-09-07T16:55:00+00:00,41.25,4125.71,Diesel,98496.8
V057,2026-08-16T23:17:00+00:00,13.93,1294.38,Diesel,156644.5
V009,2026-09-19T20:59:00+00:00,30.12,2945.88,Petrol,52379.4
V002,2026-08-16T07:04:00+00:00,30.89,3135.8,Petrol,153104.6
V016,2026-09-03T22:13:00+00:00,15.77,1592.11,Diesel,176189.7
V068,2026-08-13T18:24:00+00:00,23.32,2150.71,Diesel,93381.8
V061,2026-09-02T17:18:00+00:00,27.31,2799.26,Petrol,11220.2
V008,2026-09-12T01:45:00+00:00,18.66,1896.75,Diesel,97429.0
V022,2026-08-13T06:32:00+00:00,25.82,2646.1,Diesel,82657.2
V010,2026-08-28T03:45:00+00:00,28.43,2869.37,Diesel,58020.2
V018,2026-08-17T10:21:00+00:00,20.25,1947.06,Diesel,28739.1
V081,2026-08-04T19:50:00+00:00,35.22,3621.25,Diesel,10266.9
V086,2026-09-19T12:12:00+00:00,23.44,2175.69,Diesel,109276.3
V047,2026-08-01T07:01:00+00:00,18.18,1833.45,Petrol,159183.0
V005,2026-08-27T19:06:00+00:00,7.05,662.64,Diesel,26406.0
V096,2026-09-18T20:05:00+00:00,31.11,3117.89,Petrol,72023.3
V040,2026-08-29T18:37:00+00:00,17.68,1815.54,Diesel,171583.3
V076,2026-09-22T04:00:00+00:00,12.82,1258.04,Diesel,174682.7
V040,2026-09-10T05:51:00+00:00,30.92,3017.47,Diesel,85467.8
V030,2026-08-13T01:52:00+00:00,40.34,4047.45,Diesel,8881.8
V099,2026-08-25T23:41:00+00:00,16.29,1652.8,Diesel,116995.8
V037,2026-09-02T22:43:00+00:00,44.63,4470.4,Diesel,37351.0
V051,2026-08-06T06:23:00+00:00,17.21,1598.96,Diesel,135196.0
V055,2026-09-21T19:44:00+00:00,11.0,1054.66,Diesel,6709.3
V053,2026-08-05T18:59:00+00:00,30.8,2971.29,Diesel,15409.2
V029,2026-09-20T05:06:00+00:00,40.62,4145.94,Diesel,124379.7
V093,2026-08-09T12:23:00+00:00,37.44,3668.52,Diesel,122664.3
V038,2026-09-22T14:47:00+00:00,17.15,1584.21,Petrol,11766.9
V097,2026-08-24T23:09:00+00:00,29.07,2991.46,Diesel,139468.3
V086,2026-08-25T11:48:00+00:00,38.53,3720.75,Diesel,121883.7
V100,2026-09-11T08:58:00+00:00,19.92,2005.35,Diesel,72699.8
V013,2026-09-02T14:30:00+00:00,33.08,3116.81,Petrol,92003.4
V009,2026-08-30T05:06:00+00:00,44.02,4096.24,Petrol,149554.7
V029,2026-09-21T04:36:00+00:00,40.76,4143.36,Diesel,150710.8
V022,2026-09-11T15:49:00+00:00,15.17,1507.56,Diesel,117700.6
V004,2026-08-03T08:56:00+00:00,19.85,1916.17,Diesel,103855.2
V037,2026-09-12T08:32:00+00:00,23.32,2237.04,Diesel,71304.8
V030,2026-08-28T08:57:00+00:00,28.9,2864.16,Diesel,17977.1
V024,2026-08-05T13:36:00+00:00,13.26,1235.28,Diesel,50263.0
V024,2026-08-26T21:39:00+00:00,41.67,4170.85,Diesel,140513.5
V005,2026-08-13T23:37:00+00:00,24.61,2334.63,Diesel,48007.7
V048,2026-08-23T12:27:00+00:00,13.61,1267.39,Diesel,115444.0
V064,2026-09-08T02:29:00+00:00,10.16,971.77,Petrol,163242.7
V020,2026-08-11T16:18:00+00:00,37.7,3625.38,Diesel,111661.7
V052,2026-09-08T01:07:00+00:00,21.87,2051.07,Petrol,107769.5
V069,2026-08-11T21:20:00+00:00,12.21,1196.84,Petrol,158057.9
V029,2026-09-22T22:17:00+00:00,27.36,2787.47,Diesel,15215.3
V021,2026-09-13T18:13:00+00:00,8.07,790.27,Diesel,70542.9
V007,2026-09-04T16:35:00+00:00,25.48,2483.98,Petrol,39597.9
V057,2026-08-09T15:48:00+00:00,10.88,1110.97,Diesel,142563.3
V051,2026-09-24T12:58:00+00:00,38.59,3779.33,Diesel,139755.0
V038,2026-08-11T01:22:00+00:00,24.16,2432.96,Petrol,61896.7
V022,2026-09-22T19:26:00+00:00,14.9,1419.72,Diesel,102592.4
V068,2026-08-09T21:16:00+00:00,42.58,4194.61,Diesel,35089.3
V030,2026-08-20T09:32:00+00:00,32.3,3317.37,Diesel,144576.9
V027,2026-09-12T13:49:00+00:00,14.27,1443.12,Diesel,173187.1
V026,2026-08-31T05:53:00+00:00,16.92,1675.85,Petrol,132720.4
V074,2026-09-15T14:18:00+00:00,32.11,3283.77,Diesel,168633.1
V056,2026-08-07T22:17:00+00:00,19.2,1879.2,Diesel,20388.2
V096,2026-08-20T22:05:00+00:00,42.41,3938.43,Petrol,51017.5
V039,2026-09-06T05:04:00+00:00,13.75,1341.13,Diesel,116791.3
V062,2026-09-13T18:06:00+00:00,12.3,1167.26,Diesel,22684.6
V082,2026-08-24T04:27:00+00:00,15.8,1493.29,Diesel,173416.2
V055,2026-08-08T16:54:00+00:00,41.18,4048.85,Diesel,163606.1
V019,2026-09-09T11:41:00+00:00,19.39,1976.46,Diesel,43158.4
V070,2026-09-08T15:32:00+00:00,20.12,2025.76,Diesel,132081.6
V097,2026-08-29T12:31:00+00:00,32.26,3065.54,Diesel,141832.5
V083,2026-08-20T19:46:00+00:00,10.98,1085.47,Petrol,32307.3
V089,2026-08-26T09:19:00+00:00,33.11,3390.12,Diesel,7214.4
V051,2026-08-24T02:32:00+00:00,38.02,3516.05,Diesel,131919.5
V078,2026-09-21T05:52:00+00:00,19.13,1946.53,Diesel,33107.5
V004,2026-08-25T01:41:00+00:00,13.49,1249.79,Diesel,92355.8
V075,2026-08-17T05:40:00+00:00,42.14,4073.42,Diesel,103422.4
V036,2026-08-05T22:22:00+00:00,20.72,2005.2,Petrol,13299.5
V013,2026-09-17T01:53:00+00:00,13.09,1205.39,Petrol,60520.5
V091,2026-08-13T10:21:00+00:00,28.28,2748.65,Petrol,87617.2
V005,2026-09-01T10:37:00+00:00,40.78,4007.49,Diesel,65091.8
V085,2026-09-07T10:50:00+00:00,41.08,4099.22,Diesel,87646.9
V087,2026-08-30T08:09:00+00:00,31.91,3077.87,Petrol,47643.0
V071,2026-08-28T07:10:00+00:00,30.6,3011.03,Diesel,171076.4
V083,2026-08-14T04:37:00+00:00,24.63,2383.5,Petrol,71306.6
V025,2026-09-12T09:40:00+00:00,31.84,2978.97,Diesel,148028.6
V008,2026-08-17T15:20:00+00:00,6.56,673.73,Diesel,134492.1
V088,2026-08-07T02:17:00+00:00,16.96,1564.72,Petrol,165271.6
V014,2026-08-12T10:25:00+00:00,32.5,3017.18,Diesel,160896.9
V008,2026-09-12T13:34:00+00:00,31.68,3103.23,Diesel,91958.9
V056,2026-09-10T19:50:00+00:00,31.13,3144.9,Diesel,146999.6
V066,2026-09-10T12:18:00+00:00,20.98,2103.99,Diesel,64393.8
V058,2026-09-03T08:54:00+00:00,24.98,2399.48,Petrol,93747.9
V006,2026-08-17T00:55:00+00:00,42.01,4112.45,Diesel,91743.9
V058,2026-09-03T15:08:00+00:00,27.07,2511.18,Petrol,77003.1
V019,2026-09-23T14:29:00+00:00,7.62,703.66,Diesel,131490.5
V006,2026-08-16T23:24:00+00:00,10.35,969.06,Diesel,114670.5
V036,2026-08-11T09:11:00+00:00,8.11,782.97,Petrol,175733.0
V048,2026-08-14T06:17:00+00:00,21.95,2228.1,Diesel,161600.5
V047,2026-08-11T22:47:00+00:00,41.2,3839.83,Petrol,116008.3
V052,2026-09-15T02:46:00+00:00,15.03,1470.68,Petrol,32210.2
V071,2026-08-25T05:10:00+00:00,42.64,4343.05,Diesel,26784.2
V056,2026-09-17T09:56:00+00:00,39.81,3685.73,Diesel,123887.5
V076,2026-09-19T04:58:00+00:00,37.66,3537.02,Diesel,56985.2
V082,2026-08-11T14:29:00+00:00,26.38,2570.2,Diesel,167882.4
V014,2026-08-10T22:03:00+00:00,27.39,2711.09,Diesel,86088.7
V062,2026-08-01T01:07:00+00:00,39.79,3676.56,Diesel,9938.2
V025,2026-09-10T07:12:00+00:00,40.44,3788.23,Diesel,100515.5
V035,2026-08-13T16:54:00+00:00,18.95,1763.9,Petrol,18520.7
V023,2026-09-02T04:17:00+00:00,15.83,1505.92,Diesel,32247.4
V051,2026-09-03T17:21:00+00:00,31.99,3286.16,Diesel,161489.7
V052,2026-09-17T19:21:00+00:00,38.03,3726.08,Petrol,9011.3
V055,2026-08-05T18:29:00+00:00,6.93,684.28,Diesel,105147.2
V027,2026-08-26T12:12:00+00:00,39.22,3878.22,Diesel,178439.5
V036,2026-08-14T22:25:00+00:00,41.92,4209.23,Petrol,157394.7
V029,2026-09-04T06:32:00+00:00,14.06,1310.88,Diesel,97606.0
V009,2026-09-14T03:22:00+00:00,30.11,3073.14,Petrol,169059.4
V038,2026-08-13T11:35:00+00:00,13.15,1266.06,Petrol,74489.3
V063,2026-08-23T17:41:00+00:00,16.29,1513.5,Diesel,63866.5
V035,2026-08-18T00:47:00+00:00,6.16,602.66,Petrol,53875.7
V024,2026-09-01T20:33:00+00:00,18.46,1758.48,Diesel,162919.6
V014,2026-09-14T11:18:00+00:00,42.03,4097.62,Diesel,142781.8
V068,2026-08-26T20:35:00+00:00,28.39,2630.51,Diesel,25386.7
V098,2026-09-15T00:18:00+00:00,9.51,926.2,Diesel,44202.8
V043,2026-08-22T11:23:00+00:00,28.48,2639.89,Diesel,10830.6
V002,2026-08-13T19:04:00+00:00,10.8,1042.51,Petrol,134604.6
V064,2026-08-23T19:51:00+00:00,21.06,2168.12,Petrol,137971.1
V004,2026-09-12T23:24:00+00:00,7.68,708.52,Diesel,138715.8
V071,2026-08-03T09:56:00+00:00,21.25,1985.61,Diesel,95504.0
V057,2026-08-11T19:54:00+00:00,25.41,2527.5,Diesel,93621.3
V057,2026-09-21T00:15:00+00:00,19.75,2020.48,Diesel,131070.3
V085,2026-08-12T03:33:00+00:00,21.62,1998.6,Diesel,15745.2
V023,2026-09-24T08:30:00+00:00,30.22,2834.22,Diesel,39121.8
V063,2026-08-27T23:10:00+00:00,31.43,3221.23,Diesel,133853.9
V015,2026-08-14T12:54:00+00:00,27.99,2733.54,Diesel,62498.3
V055,2026-09-06T21:09:00+00:00,11.56,1097.35,Diesel,81694.3
V013,2026-09-23T08:53:00+00:00,11.39,1064.72,Petrol,92917.6
V025,2026-08-07T13:22:00+00:00,6.8,634.66,Diesel,147545.7
V003,2026-08-30T17:09:00+00:00,37.55,3657.63,Diesel,113315.0
V041,2026-08-16T08:35:00+00:00,41.83,3855.67,Diesel,95399.4
V067,2026-09-18T20:40:00+00:00,28.89,2842.83,Petrol,139606.4
V057,2026-08-17T00:26:00+00:00,26.51,2669.11,Diesel,86947.8
V072,2026-08-02T00:04:00+00:00,17.8,1787.8,Diesel,10262.9
V012,2026-09-08T05:14:00+00:00,5.29,539.25,Diesel,28681.9
V014,2026-09-22T12:09:00+00:00,30.12,3027.24,Diesel,102109.4
V034,2026-08-11T22:20:00+00:00,26.78,2708.52,Diesel,95404.7
V031,2026-09-18T15:56:00+00:00,19.25,1846.54,Diesel,85647.0
V090,2026-09-04T12:23:00+00:00,41.05,4204.28,Petrol,12943.2
V008,2026-09-20T15:22:00+00:00,44.52,4253.55,Diesel,35112.6
V073,2026-08-28T13:21:00+00:00,18.65,1861.35,Petrol,86593.7
V099,2026-09-01T23:31:00+00:00,42.1,3941.01,Diesel,157754.9
V095,2026-08-27T10:12:00+00:00,19.05,1752.7,Diesel,21831.0
V048,2026-09-08T02:47:00+00:00,24.51,2493.06,Diesel,38614.4
V090,2026-08-15T15:35:00+00:00,34.92,3416.58,Petrol,41540.1
V099,2026-08-19T19:04:00+00:00,30.05,2850.49,Diesel,63014.8
V016,2026-08-24T00:46:00+00:00,21.15,2131.42,Diesel,44706.9
V044,2026-09-14T21:34:00+00:00,23.76,2273.04,Petrol,68732.5
V030,2026-08-27T09:31:00+00:00,20.83,1963.98,Diesel,135157.0
V072,2026-09-24T02:16:00+00:00,18.02,1710.91,Diesel,56636.9
V059,2026-09-04T23:43:00+00:00,7.09,698.93,Diesel,18311.5
V027,2026-09-03T21:46:00+00:00,13.0,1268.07,Diesel,105860.4
V081,2026-09-07T05:18:00+00:00,8.9,842.9,Diesel,147433.9
V039,2026-08-22T10:21:00+00:00,11.28,1056.95,Diesel,51315.3
V001,2026-08-29T00:51:00+00:00,17.71,1806.12,Petrol,91948.5
V007,2026-08-26T16:09:00+00:00,25.84,2429.58,Petrol,150641.8
V034,2026-09-05T19:07:00+00:00,7.48,759.63,Diesel,13141.6
V038,2026-08-29T22:24:00+00:00,21.36,2096.08,Petrol,61913.4
V069,2026-09-03T09:22:00+00:00,44.87,4496.71,Petrol,170755.6
V059,2026-08-31T00:36:00+00:00,13.14,1352.69,Diesel,120781.9
V067,2026-09-02T09:38:00+00:00,38.04,3509.08,Petrol,12829.4
V023,2026-08-14T07:26:00+00:00,29.16,2964.3,Diesel,177036.0
V067,2026-09-05T20:53:00+00:00,22.65,2094.29,Petrol,79739.0
V060,2026-08-03T05:15:00+00:00,37.95,3547.42,Diesel,36170.4
V042,2026-09-24T21:36:00+00:00,39.01,3991.54,Diesel,176832.1
V019,2026-08-29T10:25:00+00:00,31.71,2952.84,Diesel,127512.7
V029,2026-08-05T13:15:00+00:00,14.19,1347.82,Diesel,92926.9
V036,2026-08-13T14:12:00+00:00,43.44,4072.08,Petrol,100098.7
V097,2026-09-05T06:49:00+00:00,40.87,3898.48,Diesel,173453.8
V036,2026-09-24T14:08:00+00:00,23.64,2251.24,Petrol,136453.2
V018,2026-08-03T21:03:00+00:00,15.78,1570.42,Diesel,39843.8
V078,2026-08-23T11:31:00+00:00,5.98,592.4,Diesel,24323.2
V030,2026-08-16T19:04:00+00:00,35.2,3518.11,Diesel,117132.2
V030,2026-09-16T07:56:00+00:00,20.59,1989.58,Diesel,79698.5
V057,2026-08-26T11:41:00+00:00,19.37,1791.04,Diesel,155522.0
V035,2026-09-05T16:11:00+00:00,27.27,2545.51,Petrol,160120.3
V016,2026-09-09T21:19:00+00:00,41.18,4074.82,Diesel,165270.2
V012,2026-08-05T21:22:00+00:00,13.94,1429.63,Diesel,15145.2
V009,2026-08-30T05:03:00+00:00,38.52,3869.71,Petrol,86686.2
V005,2026-09-04T16:08:00+00:00,43.88,4160.3,Diesel,142637.3
V058,2026-08-09T12:02:00+00:00,33.5,3266.41,Petrol,149542.3
V028,2026-08-17T00:29:00+00:00,32.92,3253.96,Diesel,35191.2
V032,2026-09-19T20:01:00+00:00,22.18,2219.78,Petrol,114880.6
V005,2026-08-18T02:11:00+00:00,17.97,1679.19,Diesel,26788.8
V090,2026-08-12T22:01:00+00:00,35.47,3546.43,Petrol,89361.1
V040,2026-09-17T01:47:00+00:00,19.76,1824.11,Diesel,90827.1
V027,2026-08-31T20:48:00+00:00,43.58,4136.45,Diesel,88344.8
V014,2026-08-25T17:50:00+00:00,13.26,1289.08,Diesel,38181.7
V032,2026-09-23T17:19:00+00:00,17.85,1806.54,Petrol,171145.0
V092,2026-08-17T07:47:00+00:00,20.28,2083.31,Diesel,72329.5
V011,2026-08-29T12:54:00+00:00,22.44,2080.36,Diesel,85174.2
V034,2026-09-22T15:57:00+00:00,16.86,1663.59,Diesel,95865.1
V034,2026-09-12T07:13:00+00:00,5.45,553.09,Diesel,15223.8
V029,2026-08-28T12:17:00+00:00,20.06,1908.09,Diesel,171341.0
V056,2026-09-17T08:33:00+00:00,33.93,3346.38,Diesel,100425.5
V038,2026-09-13T18:02:00+00:00,30.64,2961.29,Petrol,40717.9
V068,2026-08-07T19:52:00+00:00,26.67,2537.33,Diesel,98771.3
V084,2026-09-01T15:26:00+00:00,15.16,1539.89,Petrol,65976.5
V050,2026-08-01T15:58:00+00:00,34.02,3488.71,Diesel,95009.3
V006,2026-08-13T17:43:00+00:00,12.2,1214.3,Diesel,115623.4
V085,2026-08-19T03:24:00+00:00,30.67,2894.29,Diesel,84459.4
V046,2026-09-24T14:14:00+00:00,38.89,3860.28,Diesel,69812.8
V022,2026-08-16T00:50:00+00:00,7.88,730.75,Diesel,130738.1
V091,2026-09-01T11:52:00+00:00,41.48,3864.12,Petrol,153890.7
V001,2026-08-06T09:42:00+00:00,40.86,3848.28,Petrol,165143.7
V002,2026-09-17T23:56:00+00:00,16.13,1633.22,Petrol,163550.7
V071,2026-09-22T20:28:00+00:00,5.5,557.02,Diesel,87952.1
V035,2026-08-16T20:29:00+00:00,22.6,2086.06,Petrol,170332.4
V038,2026-09-12T13:19:00+00:00,42.23,4329.62,Petrol,71344.9
V083,2026-08-18T10:05:00+00:00,13.25,1219.22,Petrol,9088.4
V076,2026-08-14T09:33:00+00:00,41.87,4220.06,Diesel,75951.0
V042,2026-08-14T06:44:00+00:00,18.9,1766.55,Diesel,121265.5
V031,2026-09-02T16:58:00+00:00,37.67,3829.56,Diesel,32570.8
V061,2026-08-31T12:00:00+00:00,7.67,748.15,Petrol,8202.4
V048,2026-08-28T20:11:00+00:00,8.62,859.51,Diesel,110638.0
V040,2026-09-05T08:57:00+00:00,21.3,2014.22,Diesel,13495.5
V018,2026-08-27T00:11:00+00:00,31.5,2998.97,Diesel,107735.6
V014,2026-08-17T00:48:00+00:00,12.3,1239.45,Diesel,39258.1
V004,2026-08-22T23:18:00+00:00,31.72,3258.21,Diesel,69638.7
V039,2026-09-24T03:07:00+00:00,19.48,1914.87,Diesel,15522.6
V058,2026-09-16T22:29:00+00:00,16.92,1591.91,Petrol,125652.3
V045,2026-09-01T14:15:00+00:00,15.08,1551.49,Diesel,170410.7
V066,2026-08-03T18:41:00+00:00,16.18,1610.57,Diesel,142261.8
V057,2026-09-07T03:04:00+00:00,12.0,1107.04,Diesel,137130.4
V016,2026-08-25T12:37:00+00:00,26.59,2542.17,Diesel,75622.7
V045,2026-09-23T06:00:00+00:00,20.93,2087.94,Diesel,101535.1
V085,2026-09-23T08:29:00+00:00,32.21,3091.53,Diesel,35792.8
V031,2026-08-16T01:48:00+00:00,40.93,3967.15,Diesel,50531.8
V047,2026-08-25T15:12:00+00:00,17.39,1712.08,Petrol,47162.4
V071,2026-09-15T01:13:00+00:00,17.87,1792.36,Diesel,72000.5
V084,2026-08-22T02:42:00+00:00,24.39,2499.94,Petrol,132644.3
V051,2026-09-22T19:57:00+00:00,41.54,4114.45,Diesel,135661.8
V060,2026-08-25T11:41:00+00:00,14.11,1419.89,Diesel,64819.2
V067,2026-08-22T05:10:00+00:00,12.12,1121.77,Petrol,67548.5
V004,2026-09-18T13:12:00+00:00,39.35,3933.0,Diesel,64195.8
V024,2026-09-17T10:51:00+00:00,30.54,2814.53,Diesel,125899.5
V089,2026-09-11T14:52:00+00:00,42.72,3971.89,Diesel,63754.7
V029,2026-08-09T23:42:00+00:00,40.25,3765.19,Diesel,86321.8
V033,2026-09-09T06:01:00+00:00,31.05,3136.37,Diesel,53641.2
V042,2026-09-23T06:43:00+00:00,39.64,3929.18,Diesel,136477.2
V084,2026-08-09T14:39:00+00:00,44.65,4185.33,Petrol,136959.9
V005,2026-09-17T01:13:00+00:00,37.23,3678.32,Diesel,112817.6
V080,2026-08-17T22:24:00+00:00,12.31,1184.14,Diesel,14853.2
V053,2026-09-20T07:40:00+00:00,13.18,1215.79,Diesel,96282.7
V096,2026-09-04T19:01:00+00:00,16.48,1577.19,Petrol,22896.7
V017,2026-09-06T20:43:00+00:00,18.65,1772.28,Diesel,133009.4
V077,2026-09-13T21:44:00+00:00,25.61,2593.29,Diesel,160926.0
V014,2026-08-07T06:32:00+00:00,43.59,4258.48,Diesel,133288.2
V065,2026-09-22T23:55:00+00:00,13.79,1330.88,Petrol,43959.4
V074,2026-09-20T19:05:00+00:00,17.88,1801.46,Diesel,111531.1
V067,2026-08-03T02:11:00+00:00,20.25,1969.48,Petrol,174576.0
V097,2026-09-20T14:32:00+00:00,40.31,3997.79,Diesel,73813.6
V065,2026-09-16T18:09:00+00:00,43.68,4203.78,Petrol,163185.3
V049,2026-09-16T13:32:00+00:00,18.57,1869.73,Diesel,82239.8
V012,2026-08-27T12:39:00+00:00,41.05,4187.3,Diesel,112201.8
V048,2026-09-18T17:53:00+00:00,41.59,3943.7,Diesel,41011.8
V015,2026-08-21T07:27:00+00:00,21.91,2133.84,Diesel,128415.6
V085,2026-08-13T07:13:00+00:00,9.39,950.41,Diesel,103597.5
V055,2026-08-23T09:43:00+00:00,39.71,3682.01,Diesel,36823.7
V037,2026-08-11T05:36:00+00:00,8.36,842.77,Diesel,13449.3
V089,2026-09-18T11:52:00+00:00,26.95,2511.06,Diesel,123604.3
V083,2026-09-22T21:41:00+00:00,34.45,3186.42,Petrol,72602.6
V049,2026-09-10T01:25:00+00:00,27.04,2669.12,Diesel,6361.3
V074,2026-09-18T11:32:00+00:00,36.54,3730.06,Diesel,151232.3
V094,2026-08-24T17:47:00+00:00,41.87,3902.95,Diesel,138617.4
V050,2026-08-20T14:45:00+00:00,44.32,4456.83,Diesel,89590.4
V008,2026-09-12T08:37:00+00:00,27.41,2632.85,Diesel,151984.7
V044,2026-09-22T00:24:00+00:00,18.06,1738.2,Petrol,171069.9
V012,2026-08-29T23:30:00+00:00,9.76,946.75,Diesel,58099.8
V033,2026-09-13T03:14:00+00:00,21.68,2041.23,Diesel,8343.0
V019,2026-08-02T18:26:00+00:00,38.23,3721.03,Diesel,86862.7
V087,2026-08-02T17:45:00+00:00,6.33,609.8,Petrol,149359.2
V036,2026-08-20T19:27:00+00:00,8.94,920.53,Petrol,27462.8
V076,2026-09-13T04:46:00+00:00,35.43,3276.68,Diesel,52805.2
V056,2026-08-21T15:05:00+00:00,37.34,3815.38,Diesel,140748.9
V019,2026-08-03T13:23:00+00:00,5.06,511.21,Diesel,49657.0
V033,2026-08-05T21:02:00+00:00,44.71,4143.76,Diesel,142299.0
V008,2026-08-20T11:44:00+00:00,33.89,3213.37,Diesel,136697.0
V094,2026-08-18T23:32:00+00:00,11.6,1114.92,Diesel,26803.3
V051,2026-08-15T10:16:00+00:00,13.48,1360.71,Diesel,26356.8
V099,2026-08-06T08:16:00+00:00,31.16,2990.1,Diesel,28512.7
V009,2026-08-13T04:20:00+00:00,18.61,1800.29,Petrol,5134.9
V077,2026-08-13T15:31:00+00:00,31.51,3108.95,Diesel,131340.9
V051,2026-08-27T08:30:00+00:00,18.58,1770.56,Diesel,106456.5
V025,2026-09-06T17:42:00+00:00,16.01,1518.26,Diesel,125489.9
V052,2026-08-13T08:55:00+00:00,40.42,4119.02,Petrol,41962.7
V042,2026-08-12T04:23:00+00:00,15.14,1498.26,Diesel,173647.9
V086,2026-08-18T07:59:00+00:00,16.67,1683.97,Diesel,142613.8
V045,2026-09-13T19:59:00+00:00,9.68,938.71,Diesel,96567.9
V021,2026-09-09T23:20:00+00:00,43.79,4461.03,Diesel,7133.3
V030,2026-08-25T01:22:00+00:00,15.13,1509.18,Diesel,50808.2
V018,2026-08-09T10:31:00+00:00,33.65,3223.44,Diesel,67440.8
V041,2026-08-19T14:46:00+00:00,25.8,2627.36,Diesel,161922.6
V024,2026-08-18T07:41:00+00:00,44.19,4339.59,Diesel,131656.8
V052,2026-09-21T11:18:00+00:00,41.09,4068.25,Petrol,174536.1
V062,2026-09-23T01:10:00+00:00,41.03,4125.36,Diesel,126833.6
V092,2026-09-12T15:12:00+00:00,5.67,524.58,Diesel,144382.3
V030,2026-08-23T00:16:00+00:00,14.22,1379.3,Diesel,118307.1
V066,2026-08-31T00:33:00+00:00,36.84,3645.18,Diesel,6213.1
V073,2026-09-09T23:10:00+00:00,34.96,3528.27,Petrol,19984.4
V087,2026-09-02T06:58:00+00:00,38.36,3657.58,Petrol,21960.0
V093,2026-08-11T17:15:00+00:00,6.15,601.74,Diesel,52456.5
V048,2026-09-15T20:25:00+00:00,31.72,2953.12,Diesel,94900.6
V086,2026-08-04T16:45:00+00:00,43.96,4102.5,Diesel,153514.7
V014,2026-08-18T01:17:00+00:00,37.03,3617.68,Diesel,101761.2
V098,2026-08-13T00:23:00+00:00,43.0,4089.82,Diesel,125521.5
V013,2026-09-12T23:13:00+00:00,38.49,3785.72,Petrol,112651.9
V076,2026-08-30T00:29:00+00:00,19.58,1866.91,Diesel,176641.7
V085,2026-08-27T05:07:00+00:00,32.56,3059.52,Diesel,41808.0
V020,2026-09-17T05:41:00+00:00,14.44,1348.75,Diesel,47129.0
V098,2026-08-13T08:13:00+00:00,8.81,872.5,Diesel,164387.5
V068,2026-08-12T13:17:00+00:00,27.5,2555.83,Diesel,25444.8
V004,2026-08-05T05:14:00+00:00,23.65,2334.68,Diesel,15912.1
V062,2026-09-05T20:16:00+00:00,40.45,4153.01,Diesel,101131.5
V015,2026-09-13T13:18:00+00:00,23.73,2439.1,Diesel,170658.0
V090,2026-09-14T04:42:00+00:00,31.36,2991.29,Petrol,25682.6
V092,2026-09-01T15:13:00+00:00,39.11,3749.88,Diesel,21143.3
V072,2026-08-07T10:39:00+00:00,12.06,1170.09,Diesel,23375.4
V075,2026-08-17T03:59:00+00:00,28.23,2692.7,Diesel,159681.3
V043,2026-09-16T14:48:00+00:00,24.28,2242.42,Diesel,154927.9
V022,2026-08-27T01:08:00+00:00,27.6,2666.56,Diesel,81926.7
V047,2026-09-07T02:44:00+00:00,33.11,3408.72,Petrol,121994.4
V095,2026-09-21T01:13:00+00:00,27.97,2845.85,Diesel,72174.1
V049,2026-08-02T08:45:00+00:00,27.9,2646.18,Diesel,29478.7
V021,2026-08-12T20:10:00+00:00,7.84,750.04,Diesel,175007.9
V009,2026-08-25T15:43:00+00:00,15.95,1577.36,Petrol,53529.6
V003,2026-09-12T14:56:00+00:00,27.29,2601.47,Diesel,52870.3
V008,2026-09-07T22:30:00+00:00,21.17,2036.69,Diesel,164759.5
V058,2026-09-19T15:55:00+00:00,44.97,4559.65,Petrol,119740.4
V033,2026-09-18T23:02:00+00:00,29.86,3059.44,Diesel,125754.4
V018,2026-08-25T05:26:00+00:00,18.06,1771.71,Diesel,5668.7
V069,2026-08-19T04:48:00+00:00,40.05,3709.57,Petrol,75417.3
V021,2026-08-15T07:58:00+00:00,38.82,3791.16,Diesel,41106.9
V049,2026-08-25T14:57:00+00:00,38.28,3843.46,Diesel,85531.4
V005,2026-08-30T14:09:00+00:00,36.2,3578.66,Diesel,6988.5
V075,2026-09-11T10:35:00+00:00,35.81,3672.21,Diesel,5981.5
V037,2026-09-20T06:35:00+00:00,42.05,3924.21,Diesel,172499.0
V089,2026-08-23T17:11:00+00:00,7.09,689.84,Diesel,132501.6
V010,2026-08-07T23:13:00+00:00,22.99,2342.09,Diesel,102773.7
V059,2026-08-16T23:47:00+00:00,17.38,1780.06,Diesel,75786.7
V018,2026-09-03T11:43:00+00:00,40.9,4049.11,Diesel,50838.6
V009,2026-08-23T00:31:00+00:00,19.66,1971.01,Petrol,158302.2
V084,2026-09-16T18:35:00+00:00,8.29,808.42,Petrol,138511.4
V020,2026-08-17T15:40:00+00:00,7.62,717.0,Diesel,122852.6
V081,2026-08-27T08:13:00+00:00,39.68,3987.42,Diesel,115238.6
V087,2026-08-18T10:36:00+00:00,9.44,926.21,Petrol,7752.8
V089,2026-09-16T09:56:00+00:00,29.64,2922.95,Diesel,53412.5
V059,2026-09-18T06:41:00+00:00,35.0,3225.29,Diesel,68368.4
V091,2026-08-30T19:16:00+00:00,32.54,3127.26,Petrol,162418.5
V058,2026-08-18T09:41:00+00:00,37.56,3521.5,Petrol,88632.6
V059,2026-09-14T05:44:00+00:00,33.34,3277.31,Diesel,88453.1
V078,2026-09-13T23:21:00+00:00,27.58,2590.28,Diesel,111742.0
V048,2026-08-12T22:31:00+00:00,16.25,1516.65,Diesel,27909.3
V099,2026-08-25T07:48:00+00:00,33.29,3410.88,Diesel,102526.0
V057,2026-08-19T18:13:00+00:00,24.08,2393.48,Diesel,152532.9
V048,2026-08-03T03:02:00+00:00,27.47,2734.46,Diesel,43090.3
V057,2026-09-12T10:33:00+00:00,27.34,2781.59,Diesel,99046.9
V098,2026-08-15T12:09:00+00:00,40.62,3943.51,Diesel,161261.0
V055,2026-08-14T14:20:00+00:00,5.42,517.46,Diesel,145626.5
V055,2026-09-03T14:23:00+00:00,19.46,1830.04,Diesel,150156.9
V097,2026-09-05T21:42:00+00:00,34.28,3178.36,Diesel,22286.7
V098,2026-09-10T20:03:00+00:00,42.58,4156.22,Diesel,12248.3
V006,2026-09-08T04:50:00+00:00,28.85,2828.77,Diesel,15940.6
V097,2026-09-18T04:05:00+00:00,37.3,3700.15,Diesel,149952.5
V018,2026-09-11T12:04:00+00:00,22.56,2200.37,Diesel,32431.8
V073,2026-09-12T23:12:00+00:00,40.78,4044.69,Petrol,143287.6
V022,2026-08-23T03:30:00+00:00,24.02,2229.06,Diesel,19316.1
V003,2026-08-11T12:15:00+00:00,25.39,2378.23,Diesel,50039.9
V092,2026-09-12T07:14:00+00:00,8.34,789.03,Diesel,8761.7
V060,2026-08-02T15:15:00+00:00,13.88,1321.14,Diesel,177124.0
V034,2026-09-02T05:46:00+00:00,34.81,3438.44,Diesel,49164.0
V019,2026-09-20T20:21:00+00:00,29.65,2755.36,Diesel,58385.8
V090,2026-08-08T02:12:00+00:00,7.52,714.3,Petrol,39405.0
V071,2026-08-19T10:47:00+00:00,32.55,3303.55,Diesel,40991.0
V002,2026-08-19T01:26:00+00:00,26.78,2685.81,Petrol,70186.0
V057,2026-09-24T02:43:00+00:00,29.66,2812.27,Diesel,40303.1
V055,2026-09-06T14:29:00+00:00,34.23,3328.07,Diesel,158969.0
V001,2026-08-13T08:30:00+00:00,26.71,2666.77,Petrol,118200.4
V019,2026-08-31T04:16:00+00:00,41.28,4109.06,Diesel,158986.7
V093,2026-09-10T02:16:00+00:00,21.95,2040.07,Diesel,18336.6
V032,2026-09-01T13:20:00+00:00,15.28,1478.5,Petrol,135068.1
V024,2026-09-17T14:37:00+00:00,38.54,3793.06,Diesel,140489.1
V098,2026-08-29T23:01:00+00:00,43.19,4382.38,Diesel,42959.4
V059,2026-09-24T17:32:00+00:00,16.51,1533.68,Diesel,43499.8
V034,2026-08-19T07:28:00+00:00,40.38,4042.99,Diesel,68194.1
V064,2026-09-10T21:05:00+00:00,29.75,2742.54,Petrol,36143.5
V079,2026-08-03T12:57:00+00:00,40.25,3986.51,Diesel,10544.1
V077,2026-08-17T01:03:00+00:00,12.54,1235.82,Diesel,170093.6
V093,2026-08-21T03:43:00+00:00,5.81,597.23,Diesel,161920.3
V074,2026-08-05T04:35:00+00:00,42.23,4147.58,Diesel,176315.6
V047,2026-08-18T16:12:00+00:00,11.26,1143.97,Petrol,52290.1
V039,2026-09-03T10:27:00+00:00,20.51,2044.35,Diesel,77798.3
V077,2026-08-14T17:11:00+00:00,36.9,3495.01,Diesel,24191.5
V094,2026-08-05T16:54:00+00:00,29.5,2912.96,Diesel,48984.3
V058,2026-08-08T23:06:00+00:00,38.52,3898.2,Petrol,128770.8
V096,2026-08-18T19:54:00+00:00,19.51,1798.58,Petrol,59943.2
V085,2026-09-06T21:50:00+00:00,6.58,677.73,Diesel,104180.3
V090,2026-08-04T03:28:00+00:00,15.97,1484.57,Petrol,113049.5
V005,2026-08-14T22:41:00+00:00,8.9,846.59,Diesel,121275.4
V066,2026-09-24T16:25:00+00:00,18.3,1839.38,Diesel,175188.0
V019,2026-08-08T01:56:00+00:00,18.74,1766.77,Diesel,58228.8
V012,2026-08-24T04:36:00+00:00,39.68,4047.19,Diesel,55870.0
V061,2026-08-14T02:17:00+00:00,37.35,3595.63,Petrol,148707.6
V093,2026-09-21T06:33:00+00:00,43.33,4326.58,Diesel,73776.2
V020,2026-08-12T01:56:00+00:00,18.81,1793.15,Diesel,13907.6
V041,2026-09-22T16:11:00+00:00,12.41,1156.09,Diesel,59537.0
V031,2026-08-07T19:58:00+00:00,6.6,634.58,Diesel,101761.9
V091,2026-08-20T13:52:00+00:00,35.72,3556.05,Petrol,52115.4
V051,2026-08-04T00:11:00+00:00,14.79,1395.96,Diesel,79113.0
V039,2026-08-22T14:21:00+00:00,19.59,1904.46,Diesel,158806.4
V033,2026-08-28T18:13:00+00:00,29.28,2772.74,Diesel,87480.7
V100,2026-09-04T12:48:00+00:00,19.41,1881.36,Diesel,97783.5
V076,2026-08-25T18:10:00+00:00,38.33,3602.42,Diesel,48916.7
V015,2026-09-07T05:29:00+00:00,7.13,699.86,Diesel,107750.2
V011,2026-09-24T18:49:00+00:00,16.1,1645.85,Diesel,97640.5
V088,2026-09-20T11:29:00+00:00,9.29,889.0,Petrol,84049.1
V015,2026-09-12T11:10:00+00:00,38.48,3686.92,Diesel,50910.3
V036,2026-09-12T04:42:00+00:00,28.76,2919.69,Petrol,111505.1
V081,2026-09-04T21:56:00+00:00,10.15,936.92,Diesel,25491.4
V026,2026-08-13T23:04:00+00:00,44.99,4405.38,Petrol,138580.4
V082,2026-08-15T12:43:00+00:00,37.97,3832.76,Diesel,81002.5
V093,2026-08-29T21:49:00+00:00,7.65,781.58,Diesel,55892.2
V041,2026-08-13T06:10:00+00:00,20.62,2018.0,Diesel,74178.2
V011,2026-08-02T11:33:00+00:00,41.05,4161.75,Diesel,50839.1
V075,2026-08-06T20:00:00+00:00,38.75,3973.6,Diesel,14136.5
V018,2026-09-22T14:11:00+00:00,27.49,2673.57,Diesel,106264.5
V096,2026-08-02T01:16:00+00:00,10.72,1047.41,Petrol,32545.3
V047,2026-08-20T09:05:00+00:00,14.41,1406.74,Petrol,165279.2
V008,2026-08-20T17:48:00+00:00,16.23,1664.16,Diesel,48004.1
V064,2026-09-02T15:36:00+00:00,23.9,2423.65,Petrol,8207.5
V052,2026-08-03T02:58:00+00:00,40.59,4066.75,Petrol,130403.6
V033,2026-08-07T10:08:00+00:00,36.56,3657.03,Diesel,179415.0
V086,2026-09-11T20:29:00+00:00,32.46,3320.43,Diesel,103198.6
V043,2026-09-06T21:05:00+00:00,36.1,3605.06,Diesel,23736.4
V059,2026-09-21T18:22:00+00:00,21.37,2175.23,Diesel,98439.4
V092,2026-08-04T17:03:00+00:00,37.9,3899.11,Diesel,120500.2
V047,2026-08-18T10:00:00+00:00,6.11,616.31,Petrol,112779.0
V061,2026-09-20T07:07:00+00:00,37.37,3582.0,Petrol,57859.4
V019,2026-09-01T00:52:00+00:00,9.54,932.61,Diesel,31646.6
V097,2026-08-06T00:31:00+00:00,8.81,866.45,Diesel,108393.6
V006,2026-09-03T05:40:00+00:00,17.37,1737.33,Diesel,81993.1
V034,2026-08-04T06:05:00+00:00,13.15,1273.44,Diesel,12886.0
V073,2026-09-21T08:55:00+00:00,16.95,1657.75,Petrol,141211.7
V020,2026-09-04T22:40:00+00:00,18.09,1851.17,Diesel,112535.4
V064,2026-09-01T12:47:00+00:00,36.63,3386.78,Petrol,34154.3
V021,2026-09-21T18:45:00+00:00,5.48,537.24,Diesel,60744.7
V086,2026-08-01T17:56:00+00:00,23.84,2278.97,Diesel,66907.5
V005,2026-08-24T16:02:00+00:00,13.38,1235.01,Diesel,84890.6
V078,2026-08-22T08:25:00+00:00,11.91,1124.63,Diesel,48747.4
V067,2026-08-10T05:15:00+00:00,39.59,4026.74,Petrol,73968.7
V080,2026-09-04T07:39:00+00:00,22.0,2174.0,Diesel,42167.8
V073,2026-09-11T23:36:00+00:00,24.99,2392.9,Petrol,35972.6
V056,2026-08-27T11:12:00+00:00,44.16,4188.78,Diesel,157224.1
V050,2026-08-09T15:29:00+00:00,18.81,1864.37,Diesel,142598.3
V096,2026-09-08T19:55:00+00:00,7.41,748.13,Petrol,103129.3
V064,2026-08-26T05:54:00+00:00,35.36,3583.4,Petrol,57684.6
V063,2026-08-17T05:41:00+00:00,32.49,3311.87,Diesel,163768.8
V081,2026-08-30T17:19:00+00:00,17.25,1705.68,Diesel,95866.9
V054,2026-09-03T14:27:00+00:00,39.63,3782.97,Diesel,75237.7
V096,2026-08-16T06:53:00+00:00,18.69,1797.09,Petrol,144073.1
V012,2026-08-15T01:30:00+00:00,16.34,1563.11,Diesel,94760.1
V100,2026-08-31T16:11:00+00:00,9.51,973.5,Diesel,62410.5
V099,2026-09-08T09:16:00+00:00,22.06,2172.98,Diesel,49448.2
V058,2026-09-15T00:27:00+00:00,15.45,1503.93,Petrol,9225.0
V031,2026-08-07T20:54:00+00:00,37.22,3806.05,Diesel,78072.8
V061,2026-09-07T19:04:00+00:00,16.85,1553.45,Petrol,154393.6
V009,2026-09-18T12:21:00+00:00,16.65,1596.32,Petrol,42060.7
V009,2026-08-13T14:54:00+00:00,15.76,1576.99,Petrol,178520.9
V074,2026-08-20T02:31:00+00:00,10.13,991.32,Diesel,75706.1
V067,2026-08-22T10:09:00+00:00,6.92,666.49,Petrol,83132.2
V011,2026-08-21T13:51:00+00:00,40.19,4033.08,Diesel,20640.5
V022,2026-08-26T10:09:00+00:00,12.7,1268.14,Diesel,136469.9
V002,2026-09-07T08:34:00+00:00,20.17,2004.28,Petrol,158049.6
V005,2026-09-24T23:02:00+00:00,27.38,2554.09,Diesel,116211.4
V002,2026-08-09T14:36:00+00:00,41.69,4065.16,Petrol,43676.0
V083,2026-09-11T22:27:00+00:00,25.62,2459.97,Petrol,131616.2
V052,2026-08-17T19:34:00+00:00,20.01,1936.03,Petrol,29952.0
V068,2026-08-27T07:22:00+00:00,12.97,1324.29,Diesel,9749.7
V055,2026-09-08T19:30:00+00:00,40.34,3877.86,Diesel,126492.7
V069,2026-08-24T07:43:00+00:00,7.34,698.71,Petrol,177397.1
V016,2026-09-02T08:46:00+00:00,18.85,1874.68,Diesel,129533.5
V093,2026-08-12T13:48:00+00:00,12.88,1301.8,Diesel,110024.1
V098,2026-08-03T21:24:00+00:00,30.35,2855.92,Diesel,85665.0
V092,2026-08-27T00:11:00+00:00,9.19,849.48,Diesel,153817.4
V007,2026-08-19T03:53:00+00:00,25.95,2498.27,Petrol,151139.8
V046,2026-08-12T22:08:00+00:00,42.19,4101.75,Diesel,113178.3
V001,2026-08-24T03:31:00+00:00,29.34,2861.05,Petrol,98073.7
V025,2026-08-02T22:41:00+00:00,31.84,3099.02,Diesel,93089.2
V100,2026-09-18T02:04:00+00:00,41.3,4057.75,Diesel,87108.0
V099,2026-09-21T13:45:00+00:00,35.43,3601.37,Diesel,127622.3
V027,2026-08-16T13:06:00+00:00,14.07,1357.42,Diesel,114434.6
V098,2026-09-05T07:52:00+00:00,8.92,914.25,Diesel,15008.7
V017,2026-08-20T01:54:00+00:00,31.75,3052.03,Diesel,161794.0
V008,2026-08-21T14:48:00+00:00,16.5,1541.12,Diesel,52215.3
V043,2026-09-04T02:16:00+00:00,12.35,1243.45,Diesel,146956.7
V069,2026-08-01T10:29:00+00:00,36.39,3719.17,Petrol,101126.9
V005,2026-08-13T02:06:00+00:00,34.45,3444.47,Diesel,101457.9
V037,2026-08-15T03:32:00+00:00,28.8,2729.9,Diesel,90517.2
V081,2026-08-08T17:07:00+00:00,28.1,2642.87,Diesel,20868.8
V011,2026-08-29T07:37:00+00:00,23.89,2301.88,Diesel,103981.2
V077,2026-08-02T05:34:00+00:00,16.61,1620.39,Diesel,83240.0
V054,2026-09-13T10:33:00+00:00,21.07,1969.95,Diesel,17889.2
V082,2026-08-27T15:16:00+00:00,26.2,2627.59,Diesel,133581.5
V068,2026-08-24T22:36:00+00:00,40.73,4174.73,Diesel,153853.9
V060,2026-09-11T07:26:00+00:00,29.25,2907.61,Diesel,149270.9
V037,2026-08-24T09:36:00+00:00,21.35,2026.97,Diesel,87590.0
V092,2026-08-31T05:11:00+00:00,8.97,846.11,Diesel,55800.2
V051,2026-08-05T04:05:00+00:00,38.66,3884.15,Diesel,145811.8
V016,2026-08-10T15:48:00+00:00,21.58,2159.25,Diesel,64640.5
V040,2026-08-07T07:04:00+00:00,20.76,2069.38,Diesel,14217.8
V057,2026-09-22T08:15:00+00:00,12.54,1194.82,Diesel,66936.4
V053,2026-08-03T06:01:00+00:00,13.14,1281.18,Diesel,35636.8
V025,2026-09-18T05:36:00+00:00,34.92,3287.35,Diesel,58557.3
V087,2026-09-10T04:20:00+00:00,42.92,3988.14,Petrol,135690.1
V001,2026-09-18T02:36:00+00:00,13.15,1326.26,Petrol,166861.6
V043,2026-09-05T11:59:00+00:00,12.29,1169.78,Diesel,45546.2
V094,2026-08-25T23:31:00+00:00,32.55,3210.31,Diesel,93826.3
V009,2026-09-10T04:30:00+00:00,30.15,3083.53,Petrol,129314.8
V033,2026-08-25T21:56:00+00:00,29.19,2946.68,Diesel,75615.4
V043,2026-09-08T18:10:00+00:00,44.17,4090.29,Diesel,40072.0
V008,2026-09-05T07:14:00+00:00,13.72,1326.56,Diesel,138966.7
V079,2026-09-04T14:50:00+00:00,33.1,3303.17,Diesel,65908.6
V025,2026-08-26T11:04:00+00:00,16.41,1575.58,Diesel,30487.5
V080,2026-09-07T04:18:00+00:00,23.56,2201.55,Diesel,10048.1
V086,2026-08-01T07:38:00+00:00,22.91,2108.31,Diesel,76979.5
V083,2026-09-23T21:55:00+00:00,37.61,3717.36,Petrol,28196.4
V063,2026-08-11T12:10:00+00:00,10.77,1067.42,Diesel,163243.1
V004,2026-09-10T02:55:00+00:00,25.16,2375.01,Diesel,122119.4
V023,2026-08-26T03:24:00+00:00,8.56,806.78,Diesel,23566.1
V056,2026-08-12T15:50:00+00:00,17.44,1604.82,Diesel,24426.1
V094,2026-08-07T17:18:00+00:00,5.44,513.77,Diesel,48170.6
V005,2026-09-12T14:56:00+00:00,27.5,2555.04,Diesel,144740.5
V058,2026-08-01T18:37:00+00:00,8.67,841.4,Petrol,165850.2
V067,2026-09-01T00:10:00+00:00,20.38,2044.73,Petrol,43937.4
V018,2026-08-27T22:20:00+00:00,37.25,3618.23,Diesel,108722.5
V047,2026-09-13T06:49:00+00:00,43.11,4105.9,Petrol,12746.1
V099,2026-08-28T14:05:00+00:00,40.28,3870.82,Diesel,15782.1
V032,2026-09-07T08:12:00+00:00,23.38,2212.71,Petrol,161128.7
V031,2026-08-04T09:05:00+00:00,41.32,3822.98,Diesel,56005.8
V086,2026-09-12T21:54:00+00:00,37.11,3482.6,Diesel,26903.5
V007,2026-08-08T01:31:00+00:00,10.02,969.73,Petrol,92134.6
V088,2026-08-15T05:13:00+00:00,17.26,1693.4,Petrol,179799.2
V066,2026-09-12T22:39:00+00:00,21.96,2242.67,Diesel,80072.2
V018,2026-09-21T19:56:00+00:00,41.18,4239.31,Diesel,55765.9
V052,2026-09-15T14:20:00+00:00,29.24,2919.5,Petrol,133847.0
V098,2026-08-23T13:55:00+00:00,13.84,1376.51,Diesel,94017.6
V087,2026-09-11T09:26:00+00:00,27.53,2771.91,Petrol,68846.4
V076,2026-09-07T22:34:00+00:00,34.41,3353.77,Diesel,19432.5
V053,2026-08-26T17:57:00+00:00,8.64,874.25,Diesel,163905.2
V059,2026-08-24T15:07:00+00:00,7.88,777.04,Diesel,159887.8
V003,2026-09-18T05:29:00+00:00,18.87,1912.96,Diesel,19126.1
V044,2026-09-11T21:34:00+00:00,20.47,2062.47,Petrol,109461.7
V058,2026-09-13T11:40:00+00:00,25.09,2375.65,Petrol,60768.4
V037,2026-09-03T10:41:00+00:00,25.2,2565.9,Diesel,120316.3
V009,2026-08-16T10:46:00+00:00,22.93,2268.89,Petrol,167282.6
V086,2026-08-26T19:27:00+00:00,10.84,1093.51,Diesel,93539.8
V099,2026-09-15T12:54:00+00:00,36.95,3677.85,Diesel,48192.8
V082,2026-08-21T20:52:00+00:00,11.37,1159.94,Diesel,167451.3
V033,2026-08-17T22:04:00+00:00,23.31,2368.04,Diesel,154337.3
V050,2026-08-03T13:59:00+00:00,12.82,1192.97,Diesel,93371.6
V009,2026-08-24T13:47:00+00:00,30.47,3022.81,Petrol,71070.5
V041,2026-08-21T09:07:00+00:00,7.24,705.82,Diesel,128432.1
V064,2026-09-01T06:03:00+00:00,37.37,3481.79,Petrol,32496.2
V094,2026-09-09T19:55:00+00:00,37.22,3493.51,Diesel,111245.4
V080,2026-09-13T12:18:00+00:00,44.82,4453.14,Diesel,103094.5
V031,2026-08-12T21:33:00+00:00,12.9,1241.4,Diesel,133448.5
V001,2026-08-06T19:52:00+00:00,41.44,3957.43,Petrol,81079.9
V070,2026-08-03T10:32:00+00:00,22.28,2110.86,Diesel,105533.1
V037,2026-08-16T23:13:00+00:00,26.02,2472.88,Diesel,176544.7
V037,2026-08-27T05:36:00+00:00,21.59,2165.82,Diesel,148447.3
V091,2026-08-26T21:59:00+00:00,32.09,3166.63,Petrol,91142.6
V086,2026-09-07T06:59:00+00:00,26.94,2661.5,Diesel,132924.7
V064,2026-08-23T11:31:00+00:00,21.09,2160.52,Petrol,125475.0
V039,2026-09-06T17:11:00+00:00,41.6,4183.13,Diesel,110421.6
V063,2026-08-29T01:44:00+00:00,10.74,1004.73,Diesel,140403.5
V076,2026-08-11T23:49:00+00:00,18.78,1934.23,Diesel,94508.8
V022,2026-08-17T13:19:00+00:00,38.75,3694.9,Diesel,99125.8
V057,2026-09-12T12:02:00+00:00,16.37,1670.24,Diesel,40067.2
V069,2026-08-22T16:54:00+00:00,23.08,2272.8,Petrol,156971.7
V071,2026-09-16T01:55:00+00:00,9.99,974.4,Diesel,83712.7
V088,2026-08-05T11:43:00+00:00,30.78,2923.2,Petrol,157051.1
V092,2026-08-05T20:28:00+00:00,38.84,3603.97,Diesel,94728.1
V052,2026-08-25T15:40:00+00:00,5.78,544.32,Petrol,145098.1
V010,2026-08-30T16:47:00+00:00,13.7,1398.58,Diesel,85041.6
V087,2026-09-13T20:40:00+00:00,25.3,2344.01,Petrol,159117.6
V085,2026-08-12T16:21:00+00:00,21.19,1962.25,Diesel,123852.7
V025,2026-08-31T00:57:00+00:00,43.05,4160.16,Diesel,40723.0
V048,2026-09-15T17:36:00+00:00,14.63,1463.84,Diesel,75066.2
V066,2026-08-01T10:07:00+00:00,23.54,2176.1,Diesel,121263.3
V043,2026-08-29T05:16:00+00:00,33.6,3129.1,Diesel,163296.7
V045,2026-08-04T08:17:00+00:00,15.5,1490.29,Diesel,69153.5
V080,2026-09-07T00:50:00+00:00,33.24,3231.06,Diesel,25281.8
V068,2026-08-01T09:03:00+00:00,40.89,3952.22,Diesel,141644.6
V087,2026-08-11T06:22:00+00:00,39.14,3917.6,Petrol,116011.9
V087,2026-08-01T02:52:00+00:00,18.0,1741.7,Petrol,40685.4
V033,2026-08-03T04:35:00+00:00,39.69,3719.6,Diesel,18233.1
V004,2026-09-07T17:27:00+00:00,18.09,1733.94,Diesel,155453.8
V039,2026-09-23T13:36:00+00:00,27.91,2674.81,Diesel,162919.9
V053,2026-08-17T20:31:00+00:00,17.6,1687.5,Diesel,65888.7
V083,2026-09-11T17:19:00+00:00,25.54,2613.18,Petrol,94600.6
V064,2026-08-04T08:11:00+00:00,43.35,4374.62,Petrol,68310.7
V037,2026-08-30T23:25:00+00:00,33.28,3340.03,Diesel,83680.6
V059,2026-08-17T05:29:00+00:00,28.3,2848.17,Diesel,121199.3
V053,2026-09-02T23:19:00+00:00,22.8,2295.29,Diesel,75475.0
V089,2026-08-18T04:33:00+00:00,11.49,1117.92,Diesel,179533.5
V056,2026-09-23T01:38:00+00:00,29.21,2961.83,Diesel,34835.2
V079,2026-09-19T19:45:00+00:00,19.49,1919.92,Diesel,112818.4
V090,2026-09-10T21:59:00+00:00,10.15,1041.93,Petrol,61884.8
V039,2026-09-15T13:01:00+00:00,23.65,2366.02,Diesel,145258.2
V059,2026-08-12T11:01:00+00:00,42.56,4127.51,Diesel,176573.7
V017,2026-08-10T18:38:00+00:00,41.8,4061.27,Diesel,21527.2
V043,2026-09-07T20:27:00+00:00,17.31,1705.11,Diesel,119343.5
V045,2026-09-06T03:26:00+00:00,24.54,2471.56,Diesel,162451.3
V068,2026-09-20T22:05:00+00:00,44.83,4215.36,Diesel,6180.0
V045,2026-08-11T05:19:00+00:00,6.08,598.06,Diesel,174305.1
V033,2026-08-12T03:25:00+00:00,20.31,2004.71,Diesel,57957.8
V076,2026-08-31T08:02:00+00:00,17.4,1649.38,Diesel,9936.1
V003,2026-09-20T01:59:00+00:00,32.64,3228.46,Diesel,157653.2
V082,2026-08-27T14:46:00+00:00,30.95,3033.73,Diesel,104724.0
V048,2026-09-03T01:08:00+00:00,7.77,728.01,Diesel,5610.3
V060,2026-08-11T01:46:00+00:00,39.63,3948.11,Diesel,149519.2
V013,2026-08-08T15:52:00+00:00,18.88,1772.36,Petrol,72523.8
V043,2026-08-19T11:58:00+00:00,23.48,2280.62,Diesel,9691.7
V098,2026-08-12T15:30:00+00:00,35.95,3574.74,Diesel,27589.3
V086,2026-08-16T08:32:00+00:00,30.53,3113.4,Diesel,82143.5
V042,2026-08-25T02:33:00+00:00,43.3,4223.81,Diesel,90220.8
V012,2026-09-23T15:40:00+00:00,21.73,2098.37,Diesel,131122.3
V013,2026-09-20T23:57:00+00:00,25.78,2416.59,Petrol,73709.3
V051,2026-08-16T11:00:00+00:00,7.61,722.74,Diesel,111087.3
V036,2026-08-09T17:55:00+00:00,9.09,892.89,Petrol,53148.7
V013,2026-09-19T03:39:00+00:00,38.34,3806.69,Petrol,75342.8
V021,2026-08-28T14:06:00+00:00,20.6,2046.88,Diesel,144218.9
V091,2026-09-19T06:17:00+00:00,38.81,3994.72,Petrol,141338.4
V011,2026-08-03T10:56:00+00:00,19.42,1905.74,Diesel,136733.1
V085,2026-09-24T20:15:00+00:00,30.97,3044.6,Diesel,29344.1
V037,2026-08-14T01:49:00+00:00,35.98,3535.39,Diesel,48242.4
V056,2026-08-24T03:46:00+00:00,39.79,4053.23,Diesel,105311.5
V085,2026-09-13T00:36:00+00:00,38.53,3750.33,Diesel,70647.8
V095,2026-09-23T09:55:00+00:00,30.93,2873.9,Diesel,173534.7
V039,2026-08-04T03:47:00+00:00,11.43,1067.72,Diesel,38038.2
V085,2026-09-17T01:20:00+00:00,26.04,2595.23,Diesel,158034.5
V073,2026-08-17T21:16:00+00:00,33.16,3308.23,Petrol,100293.3
V100,2026-08-10T08:51:00+00:00,32.89,3348.86,Diesel,146392.9
V018,2026-09-15T13:40:00+00:00,14.84,1421.14,Diesel,150352.7
V100,2026-09-05T23:06:00+00:00,35.25,3368.52,Diesel,125959.1
V074,2026-09-07T19:45:00+00:00,25.26,2423.65,Diesel,142459.9
V057,2026-09-11T11:41:00+00:00,34.28,3177.67,Diesel,139607.9
V014,2026-09-17T02:04:00+00:00,15.06,1482.16,Diesel,153942.9
V062,2026-09-17T19:15:00+00:00,26.5,2590.35,Diesel,27855.5
V070,2026-08-18T05:46:00+00:00,7.32,749.17,Diesel,96804.4
V082,2026-09-24T05:49:00+00:00,39.15,4008.81,Diesel,155580.8
V027,2026-09-10T10:18:00+00:00,20.26,2048.62,Diesel,55091.8
V068,2026-09-03T05:17:00+00:00,9.04,886.58,Diesel,41843.4
V047,2026-08-28T01:48:00+00:00,10.95,1087.0,Petrol,6537.9
V023,2026-09-02T20:00:00+00:00,17.66,1731.21,Diesel,52823.4
V011,2026-08-31T05:34:00+00:00,34.34,3480.06,Diesel,167256.0
V016,2026-08-15T12:16:00+00:00,38.3,3627.18,Diesel,50057.7
V084,2026-08-09T02:01:00+00:00,17.72,1742.95,Petrol,102294.7
V090,2026-09-10T21:34:00+00:00,33.02,3383.51,Petrol,7101.3
V009,2026-09-11T11:04:00+00:00,33.77,3424.98,Petrol,131488.1
V077,2026-09-01T02:16:00+00:00,36.51,3545.87,Diesel,16914.3
V073,2026-09-10T19:58:00+00:00,30.8,2858.42,Petrol,134523.3
V071,2026-09-20T14:05:00+00:00,26.87,2494.25,Diesel,141001.4
V099,2026-09-02T14:25:00+00:00,8.46,865.0,Diesel,52472.8
V004,2026-09-18T12:39:00+00:00,27.24,2699.55,Diesel,23025.8
V089,2026-08-18T04:38:00+00:00,20.68,1999.22,Diesel,151472.2
V074,2026-09-19T22:01:00+00:00,43.18,3974.32,Diesel,36748.3
V091,2026-09-19T18:14:00+00:00,29.56,2793.87,Petrol,136273.4
V079,2026-08-30T11:36:00+00:00,36.43,3659.12,Diesel,58242.9
V042,2026-08-23T19:32:00+00:00,33.56,3182.47,Diesel,58694.1
V050,2026-08-05T22:36:00+00:00,21.0,2004.28,Diesel,61919.2
V010,2026-09-05T20:31:00+00:00,41.05,3796.65,Diesel,5874.9
V091,2026-09-12T03:24:00+00:00,20.88,2081.32,Petrol,41036.8
V001,2026-08-25T02:02:00+00:00,12.73,1310.07,Petrol,56460.5
V095,2026-08-08T12:21:00+00:00,10.91,1123.65,Diesel,122454.7
V017,2026-09-20T12:54:00+00:00,29.11,2692.89,Diesel,85203.7
V009,2026-08-05T05:56:00+00:00,13.54,1307.57,Petrol,100028.5
V041,2026-08-01T00:33:00+00:00,7.63,762.31,Diesel,133132.7
V056,2026-08-17T14:33:00+00:00,37.63,3656.69,Diesel,51522.2
V098,2026-09-10T06:52:00+00:00,40.97,4168.67,Diesel,78298.7
V056,2026-08-29T00:20:00+00:00,38.79,3692.69,Diesel,50844.3
V022,2026-08-11T14:32:00+00:00,43.12,4297.32,Diesel,87567.5
V080,2026-09-07T19:53:00+00:00,21.26,2050.41,Diesel,147501.9
V087,2026-09-15T17:40:00+00:00,30.08,3057.24,Petrol,42523.5
V043,2026-09-21T16:36:00+00:00,6.72,662.8,Diesel,170431.4
V093,2026-09-05T05:12:00+00:00,27.19,2631.43,Diesel,48261.7
V079,2026-09-18T05:06:00+00:00,7.93,745.7,Diesel,168099.8
V016,2026-09-04T03:26:00+00:00,15.24,1530.47,Diesel,107535.6
V026,2026-09-16T05:34:00+00:00,20.6,1936.46,Petrol,142319.2
V082,2026-08-18T22:14:00+00:00,17.31,1694.7,Diesel,13622.6
V060,2026-08-01T00:58:00+00:00,24.08,2296.2,Diesel,118677.0
V070,2026-09-15T01:33:00+00:00,21.24,2130.0,Diesel,172911.5
V047,2026-09-07T18:21:00+00:00,26.75,2496.74,Petrol,62675.2
V085,2026-09-08T16:45:00+00:00,32.75,3311.01,Diesel,113923.8
V084,2026-09-02T05:45:00+00:00,26.95,2565.59,Petrol,23705.1
V069,2026-08-01T02:04:00+00:00,15.9,1483.02,Petrol,8276.7
V082,2026-09-13T11:32:00+00:00,16.15,1515.85,Diesel,56194.3
V023,2026-08-30T14:09:00+00:00,26.85,2663.37,Diesel,134052.4
V100,2026-09-20T15:00:00+00:00,11.1,1087.26,Diesel,126447.3
V029,2026-09-24T13:04:00+00:00,17.73,1783.26,Diesel,60591.9
V090,2026-09-18T10:13:00+00:00,43.65,4055.66,Petrol,49230.7
V006,2026-08-16T22:24:00+00:00,31.94,3133.74,Diesel,153145.4
V057,2026-09-17T01:35:00+00:00,26.33,2695.74,Diesel,82100.0
V060,2026-08-01T13:19:00+00:00,21.3,2001.1,Diesel,65633.8
V092,2026-09-11T19:05:00+00:00,33.99,3139.41,Diesel,80565.8
V040,2026-08-12T01:08:00+00:00,42.35,4202.62,Diesel,95969.6
V055,2026-09-16T12:19:00+00:00,18.79,1841.45,Diesel,47487.7
V004,2026-08-10T08:07:00+00:00,20.38,1886.07,Diesel,74056.1
V012,2026-08-04T16:48:00+00:00,35.76,3331.66,Diesel,105729.5
V001,2026-08-02T18:55:00+00:00,17.38,1613.76,Petrol,173023.1
V045,2026-09-09T13:26:00+00:00,15.0,1502.48,Diesel,161281.9
V066,2026-08-30T19:26:00+00:00,8.73,893.16,Diesel,83365.1
V033,2026-08-25T09:02:00+00:00,37.16,3433.11,Diesel,150691.9
V071,2026-08-19T08:55:00+00:00,31.79,3075.74,Diesel,157383.9
V033,2026-09-23T01:44:00+00:00,33.84,3465.79,Diesel,95693.4
V038,2026-08-15T11:27:00+00:00,24.73,2314.74,Petrol,136467.2
V042,2026-08-11T22:21:00+00:00,6.19,622.93,Diesel,49944.6
V064,2026-09-08T17:02:00+00:00,15.37,1428.8,Petrol,15308.3
V029,2026-08-29T11:37:00+00:00,17.92,1718.54,Diesel,148859.2
V019,2026-08-23T00:27:00+00:00,5.77,541.73,Diesel,153859.6
V037,2026-08-16T05:11:00+00:00,23.1,2127.39,Diesel,167380.3
V087,2026-09-11T11:14:00+00:00,10.27,1023.57,Petrol,5683.2
V057,2026-08-27T12:33:00+00:00,27.27,2654.75,Diesel,120131.4
V045,2026-08-08T00:11:00+00:00,42.81,4302.81,Diesel,150474.3
V025,2026-09-22T10:49:00+00:00,13.93,1421.3,Diesel,119522.4
V081,2026-08-31T13:37:00+00:00,14.76,1503.33,Diesel,62696.2
V051,2026-08-29T16:09:00+00:00,25.88,2460.19,Diesel,77143.7
V083,2026-08-03T08:57:00+00:00,13.86,1308.92,Petrol,94489.2
V065,2026-09-06T12:11:00+00:00,5.98,613.0,Petrol,63359.9
V011,2026-08-27T22:31:00+00:00,10.12,967.03,Diesel,64769.2
V050,2026-08-03T02:23:00+00:00,12.11,1224.26,Diesel,20722.7
V096,2026-09-13T00:31:00+00:00,40.9,3836.84,Petrol,25194.9
V007,2026-09-08T11:11:00+00:00,29.91,2953.16,Petrol,97505.5
V038,2026-08-07T14:19:00+00:00,25.5,2353.03,Petrol,9023.1
V075,2026-08-14T07:21:00+00:00,26.25,2562.42,Diesel,163387.0
V042,2026-08-21T05:24:00+00:00,8.65,809.96,Diesel,142071.3
V031,2026-09-14T15:38:00+00:00,40.66,3976.42,Diesel,13076.2
V062,2026-08-29T05:25:00+00:00,30.79,3046.35,Diesel,157055.7
V060,2026-08-15T01:43:00+00:00,34.31,3242.98,Diesel,101708.2
V018,2026-09-15T07:47:00+00:00,22.06,2218.35,Diesel,47002.5
V082,2026-08-27T02:18:00+00:00,35.73,3527.68,Diesel,76019.1
V056,2026-08-18T07:33:00+00:00,31.22,3144.97,Diesel,6902.1
V058,2026-08-27T09:29:00+00:00,32.47,3297.49,Petrol,67244.9
V097,2026-08-29T19:34:00+00:00,32.66,3052.6,Diesel,39416.8
V015,2026-09-07T15:52:00+00:00,19.53,1985.53,Diesel,88743.2
V060,2026-08-29T11:55:00+00:00,7.75,725.86,Diesel,50170.5
V053,2026-08-29T06:29:00+00:00,22.39,2209.73,Diesel,60680.3
V071,2026-09-16T19:16:00+00:00,30.44,2835.54,Diesel,94596.8
V023,2026-08-09T04:24:00+00:00,5.55,550.04,Diesel,26033.5
V052,2026-08-28T17:06:00+00:00,21.11,2049.37,Petrol,178928.8
V013,2026-09-20T14:10:00+00:00,22.44,2129.73,Petrol,129421.3
V016,2026-08-12T08:22:00+00:00,28.4,2808.13,Diesel,113831.6
V008,2026-08-11T20:39:00+00:00,22.08,2273.78,Diesel,169676.5
V045,2026-08-10T15:32:00+00:00,7.72,734.38,Diesel,81373.1
V019,2026-08-31T08:56:00+00:00,28.38,2661.68,Diesel,74559.8
V093,2026-09-16T01:26:00+00:00,32.93,3232.08,Diesel,123099.7
V071,2026-09-16T01:21:00+00:00,13.11,1257.04,Diesel,92399.4
V037,2026-08-22T23:13:00+00:00,9.81,915.66,Diesel,73280.8
V016,2026-09-05T17:41:00+00:00,40.36,4077.6,Diesel,75387.4
V044,2026-08-11T07:34:00+00:00,5.98,582.74,Petrol,106361.1
V013,2026-09-18T23:55:00+00:00,42.42,4290.38,Petrol,175019.5
V020,2026-09-22T03:14:00+00:00,30.27,2916.89,Diesel,101111.2
V078,2026-09-13T12:22:00+00:00,14.56,1480.31,Diesel,150627.8
V028,2026-09-24T14:58:00+00:00,42.52,4013.17,Diesel,130400.5
V033,2026-08-16T22:11:00+00:00,30.37,3086.26,Diesel,13436.5
V008,2026-08-05T13:03:00+00:00,29.83,2827.58,Diesel,144516.1
V025,2026-09-19T13:17:00+00:00,28.11,2781.21,Diesel,6779.1
V001,2026-09-24T07:11:00+00:00,9.74,923.89,Petrol,154936.1
V008,2026-08-30T02:16:00+00:00,20.12,1862.44,Diesel,164401.2
V004,2026-08-27T09:12:00+00:00,42.98,3989.36,Diesel,176827.6
V074,2026-08-04T22:28:00+00:00,17.48,1715.27,Diesel,153690.1
V065,2026-08-01T02:12:00+00:00,39.62,3897.69,Petrol,170656.5
V091,2026-08-02T13:23:00+00:00,5.28,514.73,Petrol,115939.5
V013,2026-08-09T04:58:00+00:00,35.27,3545.18,Petrol,58180.2
V004,2026-09-22T10:00:00+00:00,31.91,3111.28,Diesel,108673.3
V091,2026-09-08T06:14:00+00:00,19.98,2052.57,Petrol,145187.9
V048,2026-09-11T12:55:00+00:00,19.52,1982.96,Diesel,40419.0
V041,2026-08-13T21:18:00+00:00,9.07,843.0,Diesel,88364.3
V010,2026-09-22T09:52:00+00:00,31.26,3151.8,Diesel,19124.8
V066,2026-08-19T20:28:00+00:00,26.56,2498.11,Diesel,64722.5
V068,2026-09-16T11:51:00+00:00,12.56,1177.48,Diesel,160613.9
V029,2026-08-04T19:26:00+00:00,23.92,2266.45,Diesel,104849.3
V016,2026-08-22T21:47:00+00:00,15.7,1491.46,Diesel,164046.4
V071,2026-08-22T19:11:00+00:00,44.56,4329.74,Diesel,75344.3
V035,2026-09-22T04:42:00+00:00,30.98,3129.57,Petrol,100406.8
V085,2026-08-10T01:33:00+00:00,16.57,1547.15,Diesel,133645.9
V012,2026-08-11T12:26:00+00:00,22.13,2068.4,Diesel,66033.0
V069,2026-08-25T08:19:00+00:00,8.34,790.9,Petrol,111907.3
V040,2026-08-10T05:27:00+00:00,29.55,2882.73,Diesel,172622.1
V076,2026-09-18T14:33:00+00:00,28.24,2747.89,Diesel,82615.9
V090,2026-08-27T19:47:00+00:00,18.39,1738.9,Petrol,59781.4
V075,2026-09-13T23:09:00+00:00,32.2,3235.41,Diesel,76699.6
V018,2026-09-01T14:56:00+00:00,34.72,3518.68,Diesel,45424.8
V067,2026-09-05T18:39:00+00:00,20.08,1883.03,Petrol,94730.0
V078,2026-08-02T06:42:00+00:00,18.2,1724.64,Diesel,72794.9
V047,2026-09-24T04:52:00+00:00,41.48,4239.01,Petrol,98688.6
V099,2026-09-21T21:17:00+00:00,29.79,2925.13,Diesel,26782.5
V084,2026-08-07T17:18:00+00:00,11.75,1146.75,Petrol,55309.9
V028,2026-08-22T04:13:00+00:00,36.66,3430.89,Diesel,14563.3
V069,2026-08-01T03:11:00+00:00,36.11,3480.84,Petrol,81303.7
V055,2026-08-01T19:16:00+00:00,10.2,939.98,Diesel,155148.8
V063,2026-08-08T09:19:00+00:00,21.14,2079.76,Diesel,108898.5
V015,2026-09-12T11:12:00+00:00,17.14,1690.14,Diesel,92194.9
V023,2026-08-23T13:23:00+00:00,13.65,1382.97,Diesel,7103.7
V051,2026-08-20T13:52:00+00:00,18.86,1863.96,Diesel,57746.6
V013,2026-08-09T03:51:00+00:00,12.78,1297.41,Petrol,67823.7
V020,2026-08-25T13:22:00+00:00,5.52,550.04,Diesel,157790.2
V047,2026-09-15T18:25:00+00:00,16.28,1611.51,Petrol,169679.8
V015,2026-08-08T06:24:00+00:00,17.84,1773.73,Diesel,18160.7
V039,2026-09-14T01:42:00+00:00,19.23,1777.22,Diesel,153380.2
V075,2026-08-09T17:00:00+00:00,31.86,3253.28,Diesel,150312.0
V047,2026-08-18T03:53:00+00:00,16.76,1568.13,Petrol,169158.8
V001,2026-09-18T11:31:00+00:00,24.86,2392.16,Petrol,163795.7
V027,2026-08-22T01:51:00+00:00,17.07,1642.93,Diesel,34511.4
V002,2026-08-19T21:31:00+00:00,23.28,2180.14,Petrol,79672.4
V091,2026-08-16T01:02:00+00:00,17.34,1727.55,Petrol,113612.2
V042,2026-08-06T16:02:00+00:00,10.66,1063.77,Diesel,142509.0
V053,2026-08-08T03:43:00+00:00,35.28,3396.54,Diesel,119883.2
V032,2026-09-15T16:01:00+00:00,16.92,1610.69,Petrol,48058.3
V081,2026-08-03T13:16:00+00:00,30.05,3067.79,Diesel,24335.6
V040,2026-09-14T01:21:00+00:00,7.98,744.33,Diesel,179174.4
V017,2026-08-19T07:01:00+00:00,38.95,3640.89,Diesel,122910.5
V085,2026-08-03T15:58:00+00:00,9.3,868.34,Diesel,158089.6
V009,2026-09-20T21:58:00+00:00,39.83,4048.49,Petrol,155418.1
V054,2026-08-11T04:29:00+00:00,44.72,4575.45,Diesel,30373.5
V003,2026-08-30T15:02:00+00:00,17.24,1735.58,Diesel,72384.5
V055,2026-08-16T22:45:00+00:00,38.34,3692.07,Diesel,78111.4
V022,2026-09-08T04:16:00+00:00,6.13,595.08,Diesel,58382.4
V090,2026-08-23T18:21:00+00:00,5.14,507.96,Petrol,141631.7
V011,2026-09-23T20:42:00+00:00,35.62,3586.76,Diesel,20678.2
V055,2026-09-11T00:59:00+00:00,31.84,3235.11,Diesel,37401.2
V027,2026-09-08T07:50:00+00:00,40.41,3894.21,Diesel,116675.5
V036,2026-09-10T01:31:00+00:00,5.95,552.3,Petrol,80001.4
V100,2026-08-11T19:04:00+00:00,44.2,4471.4,Diesel,150755.3
V076,2026-09-23T03:16:00+00:00,22.83,2277.17,Diesel,159537.9
V097,2026-08-04T17:51:00+00:00,39.51,3889.42,Diesel,59020.1
V078,2026-08-11T12:09:00+00:00,15.63,1578.78,Diesel,111994.0
V046,2026-09-20T19:00:00+00:00,21.42,2206.2,Diesel,155427.1
V045,2026-08-11T21:37:00+00:00,32.5,3191.66,Diesel,104923.9
V035,2026-08-16T19:39:00+00:00,14.78,1440.43,Petrol,136504.6
V082,2026-08-31T18:24:00+00:00,9.02,926.5,Diesel,128313.6
V078,2026-08-13T08:00:00+00:00,23.78,2429.82,Diesel,142595.5
V006,2026-08-08T08:12:00+00:00,30.68,2842.95,Diesel,77118.2
V074,2026-08-09T15:17:00+00:00,9.44,910.18,Diesel,122234.2
V057,2026-09-22T03:56:00+00:00,22.79,2260.84,Diesel,73455.5
V069,2026-08-25T02:22:00+00:00,22.13,2255.11,Petrol,136003.7
V002,2026-09-08T00:35:00+00:00,44.07,4067.98,Petrol,27807.5
V074,2026-08-25T04:22:00+00:00,29.77,2768.02,Diesel,63407.7
V093,2026-08-31T05:32:00+00:00,26.29,2525.65,Diesel,62137.4
V012,2026-09-02T14:52:00+00:00,28.85,2738.07,Diesel,127549.7
V066,2026-08-30T09:21:00+00:00,26.52,2706.46,Diesel,164629.9
V077,2026-09-19T12:43:00+00:00,26.58,2465.49,Diesel,7607.5
V011,2026-08-12T14:25:00+00:00,8.08,773.68,Diesel,7782.7
V056,2026-09-18T10:07:00+00:00,38.63,3918.17,Diesel,8416.0
V049,2026-08-21T02:07:00+00:00,13.15,1345.02,Diesel,156775.9
V073,2026-08-23T05:21:00+00:00,30.1,2775.38,Petrol,81664.0
V006,2026-09-13T14:16:00+00:00,13.53,1269.12,Diesel,138329.3
V071,2026-08-04T13:20:00+00:00,26.57,2550.11,Diesel,100724.7
V057,2026-08-13T02:39:00+00:00,7.12,722.85,Diesel,18866.4
V035,2026-09-15T06:59:00+00:00,28.91,2760.72,Petrol,41187.8
V073,2026-08-05T03:41:00+00:00,36.52,3691.05,Petrol,177371.6
V058,2026-08-02T20:33:00+00:00,38.28,3895.88,Petrol,8299.9
V048,2026-09-05T12:44:00+00:00,42.55,4212.6,Diesel,158237.1
V075,2026-08-07T08:32:00+00:00,24.04,2446.99,Diesel,11265.6
V013,2026-09-10T01:26:00+00:00,37.11,3439.19,Petrol,39792.7
V010,2026-09-03T16:17:00+00:00,43.62,4358.94,Diesel,33462.1
V063,2026-09-12T22:11:00+00:00,5.72,564.64,Diesel,173726.7
V043,2026-08-16T14:19:00+00:00,10.62,1088.13,Diesel,71156.9
V099,2026-08-04T13:09:00+00:00,41.15,3831.63,Diesel,142693.8
V088,2026-08-13T12:12:00+00:00,8.21,814.52,Petrol,171929.4
V021,2026-08-24T00:01:00+00:00,35.2,3620.04,Diesel,129661.0
V092,2026-08-14T20:53:00+00:00,10.75,1105.85,Diesel,83428.3
V001,2026-08-15T04:25:00+00:00,15.58,1444.43,Petrol,11280.1
V002,2026-08-15T19:34:00+00:00,8.04,826.23,Petrol,72803.5
V069,2026-08-02T19:01:00+00:00,13.15,1334.18,Petrol,164280.1
V036,2026-09-02T17:24:00+00:00,40.63,3861.03,Petrol,171370.7
V094,2026-08-26T22:40:00+00:00,9.38,964.9,Diesel,78191.0
V024,2026-08-28T03:20:00+00:00,16.5,1652.51,Diesel,38178.5
V065,2026-08-11T01:09:00+00:00,21.94,2121.35,Petrol,75043.6
V044,2026-08-03T11:05:00+00:00,12.93,1255.57,Petrol,153891.2
V074,2026-08-05T00:02:00+00:00,27.39,2760.38,Diesel,125229.3
V033,2026-09-15T11:22:00+00:00,36.69,3683.08,Diesel,63153.3
V008,2026-08-28T14:16:00+00:00,7.52,772.05,Diesel,15979.2
V046,2026-09-03T14:05:00+00:00,12.27,1155.44,Diesel,89046.0
V059,2026-08-01T23:31:00+00:00,28.63,2769.0,Diesel,135124.4
V087,2026-08-13T08:59:00+00:00,30.1,3051.49,Petrol,33034.1
V082,2026-08-26T12:26:00+00:00,9.56,935.38,Diesel,69019.8
V063,2026-09-06T18:25:00+00:00,22.94,2115.29,Diesel,150172.8
V017,2026-08-01T01:39:00+00:00,22.71,2222.24,Diesel,119117.8
V020,2026-09-15T02:26:00+00:00,19.89,2041.27,Diesel,80250.0
V053,2026-09-13T16:01:00+00:00,36.91,3509.92,Diesel,108427.5
V008,2026-08-15T22:53:00+00:00,40.52,3905.53,Diesel,143135.5
V090,2026-09-02T15:40:00+00:00,41.86,4185.51,Petrol,102792.6
V036,2026-08-21T05:53:00+00:00,16.23,1535.81,Petrol,10977.6
V098,2026-08-27T01:36:00+00:00,25.45,2511.47,Diesel,166788.8
V011,2026-09-07T06:59:00+00:00,32.72,3202.77,Diesel,151072.3
V063,2026-08-13T18:34:00+00:00,12.37,1145.82,Diesel,35380.3
V086,2026-08-25T11:43:00+00:00,18.39,1728.17,Diesel,115621.7
V050,2026-08-29T23:33:00+00:00,11.65,1138.03,Diesel,40580.9
V056,2026-08-15T02:33:00+00:00,36.26,3619.84,Diesel,22376.8
V070,2026-08-26T02:07:00+00:00,25.46,2402.4,Diesel,153960.0
V074,2026-08-06T19:58:00+00:00,34.1,3442.76,Diesel,126243.1
V024,2026-09-08T18:43:00+00:00,20.67,2042.71,Diesel,143641.1
V084,2026-09-21T05:10:00+00:00,21.62,2046.94,Petrol,179027.3
V099,2026-09-14T04:32:00+00:00,24.98,2546.67,Diesel,175745.2
V085,2026-08-13T04:59:00+00:00,8.58,839.74,Diesel,110853.3
V046,2026-08-22T22:08:00+00:00,29.87,2949.63,Diesel,120901.8
V063,2026-09-12T16:01:00+00:00,31.0,3121.16,Diesel,176595.4
V071,2026-08-18T09:24:00+00:00,10.48,982.22,Diesel,9930.8
V085,2026-09-11T02:35:00+00:00,28.35,2864.65,Diesel,150852.8
V011,2026-09-21T09:37:00+00:00,18.13,1784.47,Diesel,16230.4
V059,2026-09-20T07:55:00+00:00,25.6,2585.03,Diesel,122011.9
V035,2026-08-30T08:36:00+00:00,34.32,3488.3,Petrol,75890.4
V084,2026-08-28T07:04:00+00:00,24.52,2266.02,Petrol,103081.8
V080,2026-09-22T00:36:00+00:00,40.66,3903.76,Diesel,158805.0
V036,2026-09-14T02:58:00+00:00,8.26,832.56,Petrol,162565.5
V021,2026-08-26T06:56:00+00:00,10.92,1123.22,Diesel,55529.7
V020,2026-09-23T20:11:00+00:00,7.18,728.9,Diesel,21111.9
V089,2026-09-18T19:03:00+00:00,43.38,4119.92,Diesel,26633.3
V039,2026-08-20T07:44:00+00:00,36.78,3604.96,Diesel,167910.4
V011,2026-09-03T17:26:00+00:00,39.22,3697.66,Diesel,65024.7
V054,2026-08-15T08:31:00+00:00,11.76,1206.34,Diesel,31440.4
V007,2026-08-20T18:04:00+00:00,43.61,4482.8,Petrol,41130.0
V005,2026-09-17T20:58:00+00:00,12.14,1222.27,Diesel,153372.1
V016,2026-08-14T23:59:00+00:00,31.28,2955.32,Diesel,73896.1
V033,2026-09-03T07:52:00+00:00,21.1,2030.72,Diesel,134600.9
V043,2026-08-19T16:02:00+00:00,15.17,1411.11,Diesel,134491.5
V056,2026-09-24T18:25:00+00:00,31.49,2975.33,Diesel,61067.6
V007,2026-09-15T14:43:00+00:00,30.58,3057.69,Petrol,32948.8
V099,2026-08-07T10:49:00+00:00,18.47,1817.83,Diesel,93267.5
V099,2026-08-19T23:05:00+00:00,34.77,3335.06,Diesel,138985.5
V020,2026-08-23T10:20:00+00:00,41.86,3884.1,Diesel,119266.6
V085,2026-09-23T09:15:00+00:00,40.3,4095.18,Diesel,175340.6
V038,2026-09-21T22:23:00+00:00,8.29,803.86,Petrol,5370.2
V077,2026-08-23T03:09:00+00:00,13.16,1227.76,Diesel,37052.1
V029,2026-08-07T15:51:00+00:00,30.44,3081.07,Diesel,179527.1
V002,2026-08-30T11:36:00+00:00,14.62,1444.07,Petrol,155483.9
V047,2026-08-10T14:19:00+00:00,26.51,2655.13,Petrol,28258.7
V024,2026-08-12T16:39:00+00:00,23.91,2288.01,Diesel,88876.2
V015,2026-08-27T17:40:00+00:00,32.96,3058.57,Diesel,20615.0
V043,2026-08-17T06:11:00+00:00,33.52,3116.18,Diesel,141045.9
V009,2026-08-06T20:55:00+00:00,39.74,4063.82,Petrol,175118.9
V034,2026-08-08T01:29:00+00:00,8.84,827.87,Diesel,35444.1
V048,2026-09-08T01:30:00+00:00,18.71,1826.71,Diesel,6589.3
V022,2026-09-10T09:32:00+00:00,13.67,1336.35,Diesel,85028.8
V026,2026-09-05T21:11:00+00:00,30.66,2951.62,Petrol,93300.8
V023,2026-09-13T06:44:00+00:00,20.09,1996.8,Diesel,117156.3
V075,2026-09-12T02:15:00+00:00,34.3,3368.76,Diesel,47371.6
V092,2026-08-07T01:20:00+00:00,25.26,2376.81,Diesel,145531.6
V002,2026-08-12T11:45:00+00:00,20.02,1973.7,Petrol,71677.9
V032,2026-08-17T08:57:00+00:00,23.85,2423.38,Petrol,84227.0
V083,2026-08-12T09:36:00+00:00,5.71,575.14,Petrol,29169.1
V064,2026-08-31T20:52:00+00:00,28.51,2676.07,Petrol,40838.2
V027,2026-09-07T04:41:00+00:00,37.76,3598.17,Diesel,94017.4
V081,2026-09-12T05:19:00+00:00,17.21,1744.97,Diesel,130900.2
V002,2026-08-21T21:28:00+00:00,28.01,2792.32,Petrol,58083.1
V084,2026-09-20T23:43:00+00:00,29.91,3005.8,Petrol,154533.0
V070,2026-08-27T16:16:00+00:00,44.94,4228.58,Diesel,73878.3
V046,2026-08-18T10:52:00+00:00,19.85,1883.57,Diesel,63835.3
V085,2026-08-16T21:01:00+00:00,33.63,3438.43,Diesel,116434.4
V070,2026-08-07T10:07:00+00:00,6.21,613.41,Diesel,45455.7
V087,2026-09-19T05:47:00+00:00,34.53,3234.88,Petrol,71676.2
V018,2026-09-17T08:40:00+00:00,11.81,1124.09,Diesel,138665.3
V001,2026-08-28T19:24:00+00:00,17.13,1642.07,Petrol,70318.1
V024,2026-08-04T20:57:00+00:00,31.1,2911.05,Diesel,54357.0
V048,2026-09-12T23:12:00+00:00,22.78,2141.36,Diesel,154871.8
V054,2026-08-07T13:15:00+00:00,19.31,1912.82,Diesel,124851.2
V088,2026-09-09T18:42:00+00:00,36.09,3350.9,Petrol,42704.9
V089,2026-08-04T21:41:00+00:00,17.28,1735.05,Diesel,77994.1
V005,2026-08-07T10:24:00+00:00,42.59,4229.7,Diesel,123630.2
V058,2026-09-21T08:15:00+00:00,29.11,2821.62,Petrol,168603.6
V072,2026-09-08T07:30:00+00:00,39.31,3682.54,Diesel,100735.5
V099,2026-08-23T19:00:00+00:00,21.74,2131.23,Diesel,11267.7
V051,2026-08-26T03:30:00+00:00,39.29,3754.88,Diesel,164031.3
V088,2026-09-20T22:02:00+00:00,9.83,1000.02,Petrol,15850.8
V081,2026-08-29T20:40:00+00:00,14.54,1472.13,Diesel,118512.4
V017,2026-08-03T02:51:00+00:00,31.93,3099.75,Diesel,52208.9
V007,2026-08-20T00:25:00+00:00,10.86,1101.29,Petrol,111330.1
V083,2026-09-12T12:11:00+00:00,13.13,1338.81,Petrol,105197.6
V015,2026-08-19T04:59:00+00:00,14.49,1351.7,Diesel,33276.0
V042,2026-08-01T02:52:00+00:00,14.43,1356.17,Diesel,167165.5
V016,2026-08-12T19:23:00+00:00,30.35,3025.05,Diesel,69472.4
V007,2026-08-30T08:57:00+00:00,8.9,857.55,Petrol,137820.5
V057,2026-08-18T14:00:00+00:00,41.57,4196.33,Diesel,149366.3
V063,2026-09-19T10:42:00+00:00,26.57,2519.69,Diesel,126701.0
V011,2026-08-08T03:52:00+00:00,18.96,1914.38,Diesel,34779.2
V076,2026-09-12T04:17:00+00:00,27.7,2779.17,Diesel,178803.5
V090,2026-09-12T23:38:00+00:00,6.55,656.13,Petrol,76743.1
V079,2026-09-22T17:41:00+00:00,24.7,2325.27,Diesel,67238.9
V049,2026-08-20T19:21:00+00:00,11.16,1038.37,Diesel,95582.6
V052,2026-08-01T15:08:00+00:00,11.21,1125.15,Petrol,151673.6
V098,2026-08-04T02:25:00+00:00,21.82,2075.33,Diesel,129497.1
V040,2026-09-20T19:22:00+00:00,25.37,2409.26,Diesel,113982.6
V074,2026-08-16T08:24:00+00:00,34.63,3304.37,Diesel,16500.7
V017,2026-08-25T02:13:00+00:00,9.41,916.26,Diesel,124121.5
V027,2026-09-13T23:23:00+00:00,27.31,2654.82,Diesel,144943.9
V071,2026-08-13T02:31:00+00:00,16.24,1578.94,Diesel,82208.4
V022,2026-09-02T07:10:00+00:00,12.48,1221.55,Diesel,113033.3
V007,2026-08-21T09:16:00+00:00,22.5,2175.04,Petrol,84585.6
V038,2026-08-26T02:30:00+00:00,17.03,1634.95,Petrol,77276.9
V026,2026-08-07T01:11:00+00:00,43.47,4365.29,Petrol,34552.6
V094,2026-09-09T00:58:00+00:00,40.9,4085.15,Diesel,39476.2
V072,2026-09-21T20:06:00+00:00,43.88,4247.06,Diesel,16731.9
V010,2026-08-15T21:46:00+00:00,28.17,2870.65,Diesel,9165.2
V011,2026-08-15T04:34:00+00:00,17.84,1814.18,Diesel,152248.2
V030,2026-08-16T10:23:00+00:00,13.28,1324.92,Diesel,177224.0
V064,2026-08-27T11:55:00+00:00,21.71,2069.3,Petrol,20216.5
V029,2026-09-05T00:50:00+00:00,8.36,834.02,Diesel,113645.8
V085,2026-08-28T20:48:00+00:00,43.65,4257.45,Diesel,142070.7
V006,2026-08-16T12:59:00+00:00,7.92,801.4,Diesel,160892.7
V085,2026-08-28T19:05:00+00:00,10.41,1014.09,Diesel,110366.4
V018,2026-08-04T07:29:00+00:00,40.49,3853.81,Diesel,24228.4
V072,2026-09-13T16:20:00+00:00,28.37,2868.2,Diesel,23248.9
V009,2026-09-24T05:22:00+00:00,13.91,1283.76,Petrol,163466.9
V040,2026-09-15T19:05:00+00:00,37.58,3823.66,Diesel,150301.2
V031,2026-08-06T03:41:00+00:00,42.55,4367.62,Diesel,34616.2
V032,2026-08-07T12:15:00+00:00,21.72,2122.04,Petrol,10285.9
V072,2026-09-15T07:29:00+00:00,22.54,2236.39,Diesel,118246.4
V037,2026-09-02T23:58:00+00:00,8.99,874.09,Diesel,51475.6
V005,2026-09-18T20:50:00+00:00,42.82,4288.33,Diesel,89068.0
V032,2026-08-20T13:49:00+00:00,44.06,4180.01,Petrol,7487.5
V083,2026-08-09T12:54:00+00:00,13.01,1260.56,Petrol,79471.5
V004,2026-08-28T15:24:00+00:00,13.47,1345.58,Diesel,54603.8
V020,2026-09-22T08:19:00+00:00,16.92,1681.11,Diesel,137927.3
V009,2026-09-18T17:24:00+00:00,26.83,2605.6,Petrol,105502.3
V055,2026-09-07T18:25:00+00:00,39.53,3692.4,Diesel,125454.6
V014,2026-08-10T21:31:00+00:00,7.31,738.32,Diesel,172430.0
V088,2026-09-10T11:46:00+00:00,27.21,2597.3,Petrol,162345.2
V089,2026-08-19T21:14:00+00:00,33.95,3289.75,Diesel,131962.7
V008,2026-09-14T23:29:00+00:00,5.77,542.17,Diesel,32439.3
V092,2026-09-21T20:51:00+00:00,5.37,507.38,Diesel,109719.8
V008,2026-08-17T11:12:00+00:00,43.9,4052.39,Diesel,102247.2
V067,2026-09-10T03:48:00+00:00,28.75,2916.75,Petrol,170214.9
V060,2026-09-16T19:51:00+00:00,7.4,746.28,Diesel,55339.2
V011,2026-08-27T03:03:00+00:00,18.31,1816.9,Diesel,60754.9
V044,2026-08-02T08:58:00+00:00,35.9,3312.8,Petrol,105398.3
V035,2026-08-27T00:02:00+00:00,24.14,2234.14,Petrol,170943.2
V033,2026-08-08T05:49:00+00:00,28.32,2751.73,Diesel,57154.9
V089,2026-08-23T00:07:00+00:00,28.33,2654.57,Diesel,81561.3
V081,2026-08-10T10:03:00+00:00,44.62,4219.48,Diesel,74180.4
V091,2026-09-01T04:03:00+00:00,18.35,1826.34,Petrol,171326.1
V041,2026-09-05T01:32:00+00:00,11.96,1167.26,Diesel,157532.4
V030,2026-08-29T05:30:00+00:00,16.75,1721.36,Diesel,91370.5
V086,2026-09-01T10:44:00+00:00,13.88,1310.42,Diesel,64610.2
V055,2026-08-24T00:20:00+00:00,5.35,528.96,Diesel,91110.4
V086,2026-08-16T02:29:00+00:00,15.85,1618.13,Diesel,164870.8
V072,2026-09-20T12:47:00+00:00,39.11,3693.89,Diesel,82203.7
V097,2026-09-21T21:04:00+00:00,32.63,3148.57,Diesel,173731.2
V069,2026-09-21T10:51:00+00:00,26.22,2622.65,Petrol,30906.7
V008,2026-08-26T13:08:00+00:00,42.38,4005.54,Diesel,64932.4
V009,2026-08-30T17:08:00+00:00,15.76,1504.14,Petrol,155760.9
V019,2026-08-29T03:28:00+00:00,18.35,1795.52,Diesel,63659.4
V087,2026-09-02T15:22:00+00:00,38.89,3727.33,Petrol,57648.2
V031,2026-08-08T16:54:00+00:00,20.2,2052.42,Diesel,43739.6
V037,2026-08-10T17:53:00+00:00,5.46,503.69,Diesel,20757.5
V058,2026-08-02T14:31:00+00:00,22.53,2303.48,Petrol,6505.7
V008,2026-08-31T21:03:00+00:00,5.21,495.47,Diesel,7651.0
V003,2026-09-18T16:16:00+00:00,20.66,1995.06,Diesel,67807.7
V009,2026-09-19T16:15:00+00:00,40.46,4030.91,Petrol,82514.2
V063,2026-08-13T13:10:00+00:00,33.75,3439.55,Diesel,102300.2
V008,2026-09-16T03:34:00+00:00,38.15,3702.86,Diesel,163065.0
V035,2026-08-10T15:26:00+00:00,28.48,2685.06,Petrol,133388.9
V002,2026-08-15T02:49:00+00:00,25.36,2593.52,Petrol,73831.9
V004,2026-08-21T15:36:00+00:00,19.21,1905.81,Diesel,160372.3
V049,2026-09-03T08:39:00+00:00,33.34,3250.9,Diesel,128310.5
V002,2026-09-15T11:47:00+00:00,44.19,4454.04,Petrol,134029.2
V086,2026-09-16T01:36:00+00:00,33.94,3385.73,Diesel,28934.7
V004,2026-08-02T10:57:00+00:00,11.0,1014.48,Diesel,162116.8
V061,2026-08-17T21:11:00+00:00,42.46,4306.11,Petrol,48864.9
V082,2026-08-11T07:48:00+00:00,39.31,4004.0,Diesel,102582.2
V040,2026-08-14T01:53:00+00:00,15.42,1420.94,Diesel,22818.3
V075,2026-08-28T16:12:00+00:00,43.55,4471.72,Diesel,10962.0
V028,2026-09-14T11:23:00+00:00,19.59,2017.32,Diesel,5502.8
V065,2026-08-29T09:23:00+00:00,31.64,3168.95,Petrol,176351.9
V066,2026-08-20T17:29:00+00:00,43.38,4102.83,Diesel,52012.8
V082,2026-09-12T04:53:00+00:00,25.2,2587.38,Diesel,95942.8
V088,2026-09-24T07:57:00+00:00,26.48,2475.41,Petrol,11408.0
V083,2026-08-04T02:19:00+00:00,44.6,4113.06,Petrol,158428.8
V021,2026-09-13T17:08:00+00:00,28.3,2629.91,Diesel,61469.7
V049,2026-09-24T16:08:00+00:00,40.75,4179.68,Diesel,71897.2
V065,2026-08-02T21:37:00+00:00,6.9,707.02,Petrol,85636.7
V062,2026-09-12T05:18:00+00:00,15.0,1389.27,Diesel,166967.3
V085,2026-08-13T08:08:00+00:00,42.0,4127.63,Diesel,105500.9
V091,2026-08-04T10:20:00+00:00,5.37,513.23,Petrol,131407.9
V087,2026-08-24T12:01:00+00:00,32.36,3182.19,Petrol,111498.2
V001,2026-08-30T19:34:00+00:00,9.12,901.27,Petrol,131454.2
V089,2026-08-07T04:32:00+00:00,44.95,4588.28,Diesel,88819.9
V099,2026-09-04T21:12:00+00:00,37.96,3708.21,Diesel,156262.9
V003,2026-09-23T23:23:00+00:00,32.34,3131.93,Diesel,7235.1
V063,2026-09-15T14:54:00+00:00,30.1,3079.53,Diesel,168161.8
V038,2026-08-28T09:37:00+00:00,33.45,3375.1,Petrol,166631.8
V012,2026-08-01T17:05:00+00:00,12.18,1154.94,Diesel,94503.4
V027,2026-09-08T12:23:00+00:00,25.32,2594.29,Diesel,47731.2
V065,2026-08-06T12:57:00+00:00,5.3,498.3,Petrol,73671.5
V060,2026-08-09T10:23:00+00:00,27.66,2790.09,Diesel,54735.9
V070,2026-09-09T07:09:00+00:00,35.64,3431.41,Diesel,161527.5
V078,2026-09-15T17:10:00+00:00,6.78,666.84,Diesel,167352.6
V066,2026-08-11T17:52:00+00:00,33.25,3190.63,Diesel,27233.9
V089,2026-08-29T12:24:00+00:00,32.97,3334.25,Diesel,132803.6
V073,2026-09-14T08:32:00+00:00,5.91,584.75,Petrol,136654.4
V065,2026-08-20T09:15:00+00:00,14.54,1339.59,Petrol,28473.9
V053,2026-08-11T18:50:00+00:00,37.44,3571.86,Diesel,45577.3
V024,2026-08-29T19:52:00+00:00,8.39,839.35,Diesel,21616.5
V032,2026-09-23T02:31:00+00:00,24.9,2468.14,Petrol,71736.1
V051,2026-09-19T15:39:00+00:00,13.33,1338.73,Diesel,168836.2
V096,2026-08-31T07:15:00+00:00,16.49,1522.17,Petrol,95938.6
V034,2026-08-25T13:06:00+00:00,39.78,3946.44,Diesel,114551.3
V074,2026-08-13T16:33:00+00:00,9.35,958.19,Diesel,13696.3
V091,2026-09-02T02:14:00+00:00,19.28,1911.05,Petrol,112945.5
V027,2026-09-12T13:32:00+00:00,17.53,1796.28,Diesel,161062.2
V042,2026-08-12T09:01:00+00:00,26.15,2569.43,Diesel,150972.8
V086,2026-09-09T07:15:00+00:00,27.04,2726.7,Diesel,32778.2
V001,2026-09-12T21:38:00+00:00,10.23,983.83,Petrol,87882.3
V049,2026-08-04T20:07:00+00:00,44.07,4366.8,Diesel,55728.9
V035,2026-09-04T09:02:00+00:00,5.55,516.77,Petrol,8055.9
V004,2026-08-30T02:17:00+00:00,12.29,1158.52,Diesel,100684.0
V043,2026-09-04T15:14:00+00:00,44.79,4130.08,Diesel,110166.5
V018,2026-09-16T08:43:00+00:00,9.29,904.34,Diesel,64270.3
V008,2026-09-07T01:22:00+00:00,31.3,2887.38,Diesel,12476.2
V018,2026-09-09T08:50:00+00:00,5.34,517.61,Diesel,130227.8
V026,2026-09-03T21:22:00+00:00,25.87,2512.98,Petrol,160797.7
V057,2026-08-25T09:06:00+00:00,6.77,693.55,Diesel,66648.9
V012,2026-08-09T00:01:00+00:00,35.58,3451.72,Diesel,131494.8
V024,2026-08-19T10:04:00+00:00,14.0,1299.03,Diesel,106348.8
V079,2026-09-12T04:16:00+00:00,41.85,4309.75,Diesel,115464.3
V029,2026-08-10T00:04:00+00:00,17.85,1707.04,Diesel,15652.7
V004,2026-09-22T17:34:00+00:00,20.81,1941.54,Diesel,76598.0
V039,2026-08-09T18:18:00+00:00,17.51,1767.49,Diesel,134276.1
V033,2026-09-22T06:10:00+00:00,33.29,3094.81,Diesel,107838.5
V061,2026-08-01T10:22:00+00:00,43.89,4189.83,Petrol,64024.5
V010,2026-08-26T04:39:00+00:00,41.47,4110.64,Diesel,35751.4
V026,2026-08-31T15:06:00+00:00,31.7,3189.97,Petrol,48084.5
V046,2026-08-10T06:34:00+00:00,23.31,2379.75,Diesel,83020.5
V020,2026-08-31T08:28:00+00:00,39.55,3877.8,Diesel,106370.8
V044,2026-08-22T13:11:00+00:00,37.93,3726.25,Petrol,89999.7
V084,2026-09-12T05:03:00+00:00,23.24,2299.67,Petrol,110541.6
V082,2026-08-19T17:44:00+00:00,42.65,4247.76,Diesel,87732.4
V057,2026-08-30T02:41:00+00:00,42.25,4120.37,Diesel,49777.3
V060,2026-08-25T23:55:00+00:00,5.39,526.02,Diesel,141920.2
V062,2026-09-12T07:35:00+00:00,10.01,950.46,Diesel,54422.1
V023,2026-08-23T19:20:00+00:00,5.4,517.69,Diesel,32551.0
V049,2026-08-25T18:32:00+00:00,36.58,3459.08,Diesel,78230.7
V059,2026-08-26T06:26:00+00:00,40.07,3807.63,Diesel,59361.3
V017,2026-08-07T15:54:00+00:00,39.95,4063.91,Diesel,96478.4
V022,2026-09-13T16:54:00+00:00,9.68,908.56,Diesel,26733.5
V036,2026-08-19T06:07:00+00:00,38.53,3558.81,Petrol,169797.6
V010,2026-08-09T09:17:00+00:00,36.68,3768.83,Diesel,50343.5
V073,2026-08-26T02:06:00+00:00,8.54,855.19,Petrol,8449.5
V022,2026-08-14T14:33:00+00:00,23.2,2239.78,Diesel,154134.9
V038,2026-09-20T11:24:00+00:00,5.54,549.4,Petrol,40436.2
V058,2026-09-18T19:22:00+00:00,23.12,2152.39,Petrol,18686.5
V058,2026-08-17T06:43:00+00:00,31.3,3081.09,Petrol,31072.0
V032,2026-08-11T03:48:00+00:00,31.27,3055.32,Petrol,131933.6
V090,2026-08-16T22:24:00+00:00,12.14,1244.64,Petrol,26848.0
V045,2026-08-27T05:03:00+00:00,44.56,4435.34,Diesel,22636.0
V020,2026-09-03T08:24:00+00:00,8.72,834.56,Diesel,101209.3
V099,2026-09-15T11:40:00+00:00,24.19,2431.24,Diesel,35341.4
V035,2026-08-12T10:08:00+00:00,20.97,1970.51,Petrol,99173.2
V063,2026-08-06T07:07:00+00:00,22.73,2116.55,Diesel,169152.4
V060,2026-08-02T03:55:00+00:00,38.57,3921.36,Diesel,134208.7
V041,2026-09-13T23:33:00+00:00,33.41,3391.89,Diesel,178837.6
V009,2026-08-03T23:17:00+00:00,19.57,2001.55,Petrol,53053.5
V033,2026-08-30T12:02:00+00:00,10.78,1048.39,Diesel,93294.6
V049,2026-09-23T00:52:00+00:00,23.82,2322.99,Diesel,33412.6
V073,2026-08-11T18:46:00+00:00,33.57,3341.41,Petrol,129557.8
V078,2026-08-28T13:36:00+00:00,42.22,4204.56,Diesel,97539.2
V005,2026-09-12T09:58:00+00:00,14.22,1332.45,Diesel,84293.6
V053,2026-08-27T05:42:00+00:00,37.64,3617.54,Diesel,16052.9
V042,2026-08-29T15:16:00+00:00,17.58,1809.82,Diesel,139907.1
V055,2026-08-19T21:25:00+00:00,31.02,2969.94,Diesel,91943.1
V047,2026-08-09T21:21:00+00:00,15.2,1535.03,Petrol,113826.5
V095,2026-09-20T06:14:00+00:00,18.01,1825.56,Diesel,5128.3
V050,2026-08-27T16:35:00+00:00,37.54,3777.05,Diesel,37401.3
V074,2026-08-23T22:04:00+00:00,43.95,4343.9,Diesel,160794.7
V021,2026-09-20T14:23:00+00:00,16.16,1524.84,Diesel,20490.8
V002,2026-08-16T01:49:00+00:00,18.05,1827.04,Petrol,161758.5
V091,2026-09-09T07:27:00+00:00,6.43,652.9,Petrol,93817.9
V074,2026-09-08T07:11:00+00:00,29.4,2893.22,Diesel,147258.0
V084,2026-09-03T01:33:00+00:00,31.96,3150.76,Petrol,22508.7
V016,2026-08-24T19:03:00+00:00,11.59,1193.17,Diesel,150036.9
V019,2026-09-03T05:28:00+00:00,18.95,1926.14,Diesel,159038.4
V061,2026-08-30T10:36:00+00:00,18.05,1739.33,Petrol,8624.8
V063,2026-08-26T12:39:00+00:00,20.37,2029.21,Diesel,68861.3
V079,2026-09-21T12:30:00+00:00,9.21,917.16,Diesel,156347.7
V095,2026-08-08T23:10:00+00:00,38.39,3694.41,Diesel,39940.5
V031,2026-09-11T11:48:00+00:00,30.08,2787.88,Diesel,8943.0
V084,2026-08-15T05:52:00+00:00,16.66,1607.06,Petrol,38762.0
V054,2026-08-26T05:49:00+00:00,39.05,3855.8,Diesel,84691.3
V001,2026-08-13T05:25:00+00:00,28.14,2875.61,Petrol,116490.6
V071,2026-08-24T10:48:00+00:00,24.35,2298.78,Diesel,158021.1
V009,2026-08-06T16:27:00+00:00,28.03,2589.72,Petrol,98835.3
V053,2026-09-18T18:00:00+00:00,12.21,1186.76,Diesel,154953.6
V021,2026-09-24T07:39:00+00:00,16.0,1564.76,Diesel,144304.9
V023,2026-09-13T22:45:00+00:00,23.76,2269.78,Diesel,134585.9
V082,2026-09-21T08:19:00+00:00,12.12,1242.8,Diesel,84612.1
V006,2026-09-13T01:48:00+00:00,33.81,3197.63,Diesel,15904.5
V032,2026-09-10T15:12:00+00:00,10.26,947.09,Petrol,169346.3
V017,2026-08-19T07:58:00+00:00,17.18,1712.03,Diesel,163866.2
V094,2026-08-14T19:46:00+00:00,9.98,1001.0,Diesel,128295.2
V056,2026-09-24T05:34:00+00:00,27.51,2575.61,Diesel,94098.6
V011,2026-09-07T12:14:00+00:00,38.66,3954.58,Diesel,24897.9
V027,2026-09-15T18:24:00+00:00,17.39,1700.86,Diesel,158328.1
V068,2026-08-18T00:50:00+00:00,24.3,2279.97,Diesel,104180.4
V025,2026-09-10T00:17:00+00:00,24.03,2359.53,Diesel,82303.7
V081,2026-08-16T01:48:00+00:00,34.12,3265.99,Diesel,131560.5
V074,2026-09-02T10:13:00+00:00,23.22,2253.47,Diesel,19143.7
V078,2026-09-16T16:27:00+00:00,21.42,2020.72,Diesel,76015.9
V084,2026-09-17T07:17:00+00:00,43.66,4258.94,Petrol,26985.9
V047,2026-09-16T21:01:00+00:00,22.81,2288.82,Petrol,34035.4
V050,2026-08-11T09:23:00+00:00,23.66,2314.89,Diesel,7332.3
V092,2026-09-22T10:43:00+00:00,36.78,3454.57,Diesel,33395.8
V083,2026-09-08T04:47:00+00:00,38.89,3857.57,Petrol,170996.7
V037,2026-09-19T09:02:00+00:00,30.38,3025.62,Diesel,135519.2
V065,2026-08-25T19:12:00+00:00,28.76,2827.45,Petrol,136942.7
V010,2026-08-22T01:57:00+00:00,41.2,4181.01,Diesel,162812.0
V040,2026-08-26T23:49:00+00:00,33.69,3193.95,Diesel,178428.0
V047,2026-08-05T03:02:00+00:00,6.43,630.83,Petrol,151430.7
V036,2026-08-01T21:32:00+00:00,11.38,1170.51,Petrol,106091.3
V012,2026-09-16T05:41:00+00:00,15.89,1535.92,Diesel,140256.8
V065,2026-08-28T04:36:00+00:00,15.15,1524.85,Petrol,71712.2
V058,2026-09-07T23:15:00+00:00,15.05,1391.57,Petrol,168974.7
V046,2026-08-26T18:09:00+00:00,36.23,3544.67,Diesel,100190.3
V037,2026-08-13T02:15:00+00:00,27.21,2764.92,Diesel,155258.1
V036,2026-08-12T01:42:00+00:00,13.15,1349.24,Petrol,38058.0
V033,2026-08-11T09:28:00+00:00,25.59,2355.35,Diesel,142900.6
V093,2026-09-16T09:03:00+00:00,29.88,2987.75,Diesel,159313.9
V047,2026-08-10T13:31:00+00:00,10.8,1049.19,Petrol,101357.9
V074,2026-08-16T09:29:00+00:00,28.73,2717.51,Diesel,74709.4
V034,2026-08-18T13:00:00+00:00,18.34,1790.89,Diesel,113619.9
V054,2026-09-11T15:37:00+00:00,12.64,1198.44,Diesel,146746.9
V011,2026-08-10T13:48:00+00:00,16.1,1506.96,Diesel,141965.9
V004,2026-09-06T19:07:00+00:00,25.77,2424.22,Diesel,139007.3
V007,2026-09-03T11:30:00+00:00,25.37,2523.17,Petrol,51250.1
V002,2026-08-28T00:25:00+00:00,14.27,1425.5,Petrol,25260.1
V011,2026-08-22T12:40:00+00:00,40.26,4037.05,Diesel,109555.1
V079,2026-09-01T00:47:00+00:00,29.48,3018.99,Diesel,6059.5
V046,2026-09-06T05:43:00+00:00,33.2,3241.65,Diesel,92431.3
V005,2026-08-16T19:25:00+00:00,29.89,2930.14,Diesel,49647.5
V042,2026-08-20T14:33:00+00:00,16.68,1562.31,Diesel,145103.1
V100,2026-09-10T14:10:00+00:00,18.96,1834.7,Diesel,44834.9
V028,2026-08-07T18:19:00+00:00,40.03,3974.7,Diesel,136305.7
V082,2026-09-24T06:03:00+00:00,17.14,1661.97,Diesel,66666.4
V096,2026-08-29T15:29:00+00:00,36.17,3349.11,Petrol,45894.8
V044,2026-09-22T08:26:00+00:00,7.01,665.53,Petrol,162630.1
V053,2026-08-04T08:23:00+00:00,12.83,1242.06,Diesel,124185.3
V047,2026-08-04T22:26:00+00:00,37.27,3631.29,Petrol,55402.7
V069,2026-09-03T08:30:00+00:00,29.0,2925.64,Petrol,30508.3
V076,2026-08-31T22:44:00+00:00,23.18,2243.89,Diesel,81342.5
V090,2026-08-30T20:06:00+00:00,23.86,2243.74,Petrol,33030.3
V046,2026-08-07T06:17:00+00:00,41.59,3925.96,Diesel,35474.8
V095,2026-09-22T03:47:00+00:00,15.01,1453.69,Diesel,89771.6
V056,2026-08-15T19:23:00+00:00,19.41,1906.98,Diesel,168869.2
V023,2026-09-13T21:38:00+00:00,27.55,2682.15,Diesel,139222.0
V064,2026-09-12T14:55:00+00:00,19.95,2043.13,Petrol,71822.9
V065,2026-09-14T05:16:00+00:00,11.86,1102.27,Petrol,170873.6
V053,2026-08-04T21:15:00+00:00,43.78,4250.14,Diesel,119594.6
V046,2026-08-24T17:43:00+00:00,34.64,3440.82,Diesel,76515.1
V078,2026-09-10T09:15:00+00:00,29.31,2923.31,Diesel,88582.5
V087,2026-09-17T01:42:00+00:00,10.74,993.28,Petrol,65738.8
V014,2026-08-20T15:14:00+00:00,9.34,928.69,Diesel,167152.0
V008,2026-08-16T22:24:00+00:00,16.84,1561.6,Diesel,114855.6
V018,2026-09-20T04:07:00+00:00,36.36,3512.23,Diesel,57071.5
V071,2026-09-06T02:17:00+00:00,29.89,2805.29,Diesel,127050.6
V021,2026-09-11T12:15:00+00:00,31.05,2871.35,Diesel,112596.0
V080,2026-09-11T06:46:00+00:00,15.73,1546.95,Diesel,127532.2
V071,2026-09-04T02:43:00+00:00,27.0,2538.93,Diesel,83176.5
V072,2026-08-01T16:34:00+00:00,6.62,635.08,Diesel,69561.1
V054,2026-09-15T13:06:00+00:00,6.99,652.14,Diesel,68907.8
V091,2026-08-20T23:58:00+00:00,21.18,2023.23,Petrol,38270.0
V055,2026-08-10T06:08:00+00:00,9.67,972.59,Diesel,134494.9
V032,2026-09-02T20:32:00+00:00,10.76,1052.8,Petrol,35353.9
V057,2026-08-07T04:40:00+00:00,21.56,2217.84,Diesel,155581.5
V041,2026-08-06T03:06:00+00:00,30.56,2854.57,Diesel,159917.4
V078,2026-09-03T15:46:00+00:00,29.94,2953.41,Diesel,158070.5
V098,2026-08-05T21:28:00+00:00,14.82,1416.13,Diesel,58687.2
V029,2026-09-11T04:04:00+00:00,15.56,1527.37,Diesel,172756.0
V099,2026-08-17T00:58:00+00:00,10.53,1071.78,Diesel,51131.4
V065,2026-09-15T15:36:00+00:00,13.33,1324.29,Petrol,108864.6
V019,2026-08-14T20:20:00+00:00,44.13,4372.72,Diesel,117951.5
V014,2026-09-16T16:49:00+00:00,27.36,2558.73,Diesel,88693.4
V075,2026-09-14T14:41:00+00:00,34.03,3280.53,Diesel,142216.5
V017,2026-08-09T02:17:00+00:00,13.62,1350.19,Diesel,74081.7
V041,2026-08-05T14:47:00+00:00,29.88,2991.34,Diesel,114025.0
V037,2026-09-14T08:49:00+00:00,18.86,1859.61,Diesel,51846.8
V062,2026-08-20T02:39:00+00:00,29.59,2937.45,Diesel,11700.0
V011,2026-09-08T20:54:00+00:00,27.93,2570.21,Diesel,106731.7
V044,2026-08-17T19:21:00+00:00,19.28,1935.81,Petrol,64314.9
V010,2026-08-09T00:50:00+00:00,37.49,3751.1,Diesel,6719.8
V038,2026-08-18T06:45:00+00:00,9.23,908.27,Petrol,38715.1
V096,2026-08-25T00:22:00+00:00,27.62,2783.72,Petrol,36117.2
V044,2026-08-31T13:35:00+00:00,38.4,3562.17,Petrol,73601.0
V041,2026-08-17T06:34:00+00:00,19.45,1947.47,Diesel,110814.9
V074,2026-08-06T17:59:00+00:00,36.76,3570.07,Diesel,92223.5
V100,2026-08-21T02:41:00+00:00,44.41,4283.14,Diesel,90789.9
V041,2026-08-17T07:04:00+00:00,41.33,4099.0,Diesel,118839.0
V029,2026-08-29T00:25:00+00:00,29.14,2872.89,Diesel,54221.5
V082,2026-08-12T21:03:00+00:00,30.39,3115.42,Diesel,27568.2
V092,2026-09-16T05:53:00+00:00,10.08,939.01,Diesel,74265.1
V088,2026-08-26T13:16:00+00:00,29.57,2896.66,Petrol,85411.1
V082,2026-08-05T04:53:00+00:00,26.06,2444.88,Diesel,8772.6
V075,2026-08-06T13:00:00+00:00,43.47,4072.99,Diesel,133525.4
V088,2026-08-05T03:17:00+00:00,22.27,2090.18,Petrol,50420.1
V003,2026-09-04T04:49:00+00:00,10.5,987.34,Diesel,116325.9
V081,2026-09-18T20:53:00+00:00,7.79,795.48,Diesel,87837.9
V060,2026-09-06T09:01:00+00:00,41.07,3943.91,Diesel,107062.7
V067,2026-08-27T02:11:00+00:00,6.27,624.82,Petrol,165114.4
V021,2026-08-04T11:20:00+00:00,30.73,2957.69,Diesel,162387.8
V028,2026-09-05T14:26:00+00:00,39.46,4021.85,Diesel,111732.6
V092,2026-08-27T22:51:00+00:00,8.12,762.97,Diesel,86053.8
V037,2026-08-09T19:50:00+00:00,13.19,1299.0,Diesel,75501.2
V004,2026-09-20T00:27:00+00:00,22.16,2213.24,Diesel,158836.5
V064,2026-09-21T22:19:00+00:00,6.82,679.35,Petrol,177166.9
V001,2026-09-20T03:28:00+00:00,24.21,2422.5,Petrol,93786.1
V084,2026-08-25T15:47:00+00:00,42.44,4307.7,Petrol,161148.1
V063,2026-08-20T08:57:00+00:00,14.89,1462.71,Diesel,117256.3
V096,2026-08-09T09:10:00+00:00,8.07,769.33,Petrol,118972.0
V091,2026-09-01T03:17:00+00:00,21.19,2014.39,Petrol,146504.6
V033,2026-09-10T04:27:00+00:00,26.01,2643.07,Diesel,67835.9
V086,2026-09-20T01:38:00+00:00,7.32,745.1,Diesel,69302.6
V089,2026-09-16T07:32:00+00:00,19.66,1902.98,Diesel,50557.2
V096,2026-09-22T21:05:00+00:00,8.84,864.48,Petrol,159076.0
V081,2026-08-28T19:47:00+00:00,37.21,3694.13,Diesel,97090.3
V079,2026-08-15T07:12:00+00:00,43.17,4174.01,Diesel,125257.5
V024,2026-09-18T03:38:00+00:00,33.77,3312.68,Diesel,37586.5
V060,2026-08-02T19:18:00+00:00,14.63,1445.45,Diesel,126490.1
V006,2026-08-20T06:43:00+00:00,43.96,4332.82,Diesel,31697.4
V005,2026-08-15T12:14:00+00:00,39.87,3981.57,Diesel,6961.0
V097,2026-08-23T23:41:00+00:00,7.43,755.77,Diesel,25325.5
V092,2026-08-05T01:01:00+00:00,42.52,4009.15,Diesel,19309.6
V005,2026-08-19T08:43:00+00:00,32.51,3289.39,Diesel,174132.5
V040,2026-08-31T03:36:00+00:00,34.35,3190.52,Diesel,110755.6
V031,2026-08-11T05:38:00+00:00,28.28,2906.25,Diesel,128450.0
V013,2026-09-01T16:07:00+00:00,40.75,3830.61,Petrol,52826.1
V095,2026-09-17T00:21:00+00:00,22.5,2124.29,Diesel,32996.9
V058,2026-09-12T09:02:00+00:00,27.5,2814.13,Petrol,25664.4
V011,2026-09-07T16:31:00+00:00,10.68,1011.19,Diesel,45610.3
V021,2026-08-30T01:00:00+00:00,19.95,1966.6,Diesel,153240.3
V042,2026-09-22T18:56:00+00:00,12.7,1235.07,Diesel,79188.2
V045,2026-08-09T14:43:00+00:00,37.34,3589.76,Diesel,56180.2
V097,2026-09-16T16:08:00+00:00,8.0,788.15,Diesel,160386.7
V046,2026-08-21T11:11:00+00:00,24.33,2492.75,Diesel,58398.4
V015,2026-08-22T01:19:00+00:00,43.93,4113.11,Diesel,138305.6
V058,2026-09-05T04:00:00+00:00,34.04,3206.34,Petrol,141548.4
V006,2026-08-02T16:55:00+00:00,13.87,1376.15,Diesel,169986.5
V060,2026-09-06T19:39:00+00:00,15.28,1421.44,Diesel,70302.0
V054,2026-09-14T00:46:00+00:00,25.76,2535.63,Diesel,24252.9
V011,2026-09-24T10:47:00+00:00,29.56,3023.61,Diesel,179546.8
V067,2026-08-01T15:41:00+00:00,23.89,2420.63,Petrol,98535.8
V044,2026-09-20T11:43:00+00:00,42.68,3983.18,Petrol,139025.4
V096,2026-08-05T02:40:00+00:00,21.01,2042.17,Petrol,112011.7
V082,2026-09-06T08:03:00+00:00,35.0,3493.71,Diesel,82919.2
V003,2026-09-07T20:34:00+00:00,7.89,793.23,Diesel,128829.9
V067,2026-08-11T05:38:00+00:00,44.37,4489.14,Petrol,104011.4
V072,2026-08-15T02:27:00+00:00,41.95,3886.57,Diesel,49070.9
V083,2026-09-12T16:52:00+00:00,17.01,1692.31,Petrol,161960.2
V056,2026-09-19T15:54:00+00:00,20.2,1993.57,Diesel,33826.1
V004,2026-09-17T05:37:00+00:00,19.5,1913.94,Diesel,109552.4
V001,2026-09-15T22:30:00+00:00,21.87,2240.77,Petrol,133368.4
V062,2026-09-09T20:47:00+00:00,28.42,2851.53,Diesel,64964.7
V082,2026-09-20T15:18:00+00:00,17.13,1727.15,Diesel,12075.6
V006,2026-08-29T04:25:00+00:00,22.37,2292.73,Diesel,55714.8
V070,2026-08-24T10:50:00+00:00,26.43,2660.52,Diesel,59947.9
V052,2026-08-30T15:38:00+00:00,13.86,1385.95,Petrol,106825.8
V097,2026-08-14T22:45:00+00:00,41.12,3893.38,Diesel,146896.8
V011,2026-08-11T01:35:00+00:00,29.41,2786.38,Diesel,20630.5
V079,2026-08-16T01:18:00+00:00,18.63,1749.45,Diesel,140214.8
V071,2026-08-09T11:27:00+00:00,38.09,3759.21,Diesel,100035.8
V054,2026-08-29T21:43:00+00:00,32.23,3025.46,Diesel,98724.4
V082,2026-09-06T08:25:00+00:00,10.4,964.11,Diesel,54704.2
V045,2026-09-14T07:51:00+00:00,17.67,1797.34,Diesel,89165.3
V058,2026-09-16T10:50:00+00:00,44.08,4504.01,Petrol,35030.7
V007,2026-08-06T18:03:00+00:00,16.75,1627.45,Petrol,56687.1
V047,2026-08-08T21:43:00+00:00,5.89,588.2,Petrol,152295.9
V082,2026-09-12T23:01:00+00:00,5.53,515.35,Diesel,74565.6
V066,2026-09-17T05:46:00+00:00,10.31,957.74,Diesel,53647.2
V097,2026-09-08T16:57:00+00:00,43.29,4080.96,Diesel,178189.6
V010,2026-08-12T01:57:00+00:00,17.27,1715.33,Diesel,114063.0
V076,2026-08-15T04:45:00+00:00,27.44,2723.24,Diesel,83414.6
V006,2026-09-20T23:10:00+00:00,34.27,3366.68,Diesel,136392.1
V081,2026-09-06T00:38:00+00:00,5.72,557.04,Diesel,130710.7
V084,2026-08-03T10:38:00+00:00,37.0,3677.68,Petrol,92155.9
V050,2026-09-18T15:03:00+00:00,42.23,4210.67,Diesel,149420.9
V099,2026-08-18T05:27:00+00:00,37.36,3753.89,Diesel,174266.3
V020,2026-08-08T22:48:00+00:00,18.68,1823.01,Diesel,141836.3
V089,2026-08-20T18:19:00+00:00,21.29,2115.02,Diesel,160030.2
V054,2026-09-13T20:19:00+00:00,14.96,1427.35,Diesel,158333.5
V072,2026-09-06T05:42:00+00:00,29.79,2970.64,Diesel,73585.0
V053,2026-08-12T12:48:00+00:00,34.7,3301.31,Diesel,28979.4
V072,2026-08-08T22:08:00+00:00,27.73,2782.01,Diesel,46684.1
V062,2026-08-08T15:47:00+00:00,5.24,496.6,Diesel,99664.5
V023,2026-08-06T01:47:00+00:00,31.87,3106.75,Diesel,135101.7
V025,2026-08-04T09:17:00+00:00,34.6,3518.76,Diesel,10014.2
V008,2026-09-09T22:06:00+00:00,7.76,780.94,Diesel,7286.1
V011,2026-08-01T04:46:00+00:00,30.1,2939.3,Diesel,142700.2
V025,2026-08-12T06:17:00+00:00,12.36,1178.67,Diesel,109683.9
V054,2026-09-24T21:14:00+00:00,36.84,3766.56,Diesel,100986.4
V069,2026-08-27T01:30:00+00:00,8.01,749.34,Petrol,117264.3
V003,2026-08-01T23:24:00+00:00,10.47,1026.84,Diesel,109489.8
V003,2026-08-15T19:22:00+00:00,5.18,518.27,Diesel,19758.2
V016,2026-09-12T07:29:00+00:00,5.64,566.91,Diesel,84504.2
V091,2026-08-01T01:51:00+00:00,31.31,2880.97,Petrol,94879.0
V012,2026-08-05T19:33:00+00:00,33.8,3453.11,Diesel,9284.7
V042,2026-08-22T18:15:00+00:00,31.98,3058.1,Diesel,92380.9
V007,2026-09-18T05:20:00+00:00,40.81,4064.93,Petrol,47733.8
V088,2026-08-24T23:40:00+00:00,7.27,669.71,Petrol,120907.5
V001,2026-08-28T12:50:00+00:00,35.63,3334.29,Petrol,64571.0
V055,2026-09-06T02:58:00+00:00,31.67,3157.99,Diesel,133444.2
V016,2026-08-02T00:13:00+00:00,32.57,3300.69,Diesel,53713.6
V020,2026-09-08T08:29:00+00:00,41.09,3953.52,Diesel,119514.3
V025,2026-09-18T11:55:00+00:00,25.04,2390.56,Diesel,126201.1
V076,2026-08-25T10:51:00+00:00,7.47,715.29,Diesel,175315.3
V072,2026-08-24T06:07:00+00:00,32.9,3281.53,Diesel,56833.6
V039,2026-08-13T00:41:00+00:00,29.82,2842.68,Diesel,108057.9
V042,2026-08-24T02:26:00+00:00,15.41,1582.31,Diesel,77395.4
V031,2026-09-23T15:11:00+00:00,9.18,935.89,Diesel,33560.9
V072,2026-08-04T10:01:00+00:00,34.98,3468.88,Diesel,109479.8
V022,2026-08-11T05:39:00+00:00,17.39,1708.93,Diesel,147579.9
V060,2026-09-04T08:58:00+00:00,9.11,871.0,Diesel,57200.6
V045,2026-09-14T11:38:00+00:00,43.35,4388.19,Diesel,64361.6
V036,2026-08-15T23:36:00+00:00,29.1,2806.25,Petrol,136859.2
V027,2026-09-15T10:37:00+00:00,33.77,3349.74,Diesel,34580.0
V004,2026-08-20T14:48:00+00:00,39.11,3696.06,Diesel,81653.5
V076,2026-09-16T03:04:00+00:00,26.17,2528.4,Diesel,124679.7
V092,2026-08-11T01:26:00+00:00,31.01,2947.48,Diesel,139404.9
V072,2026-09-11T01:03:00+00:00,22.74,2183.96,Diesel,71497.2
V041,2026-08-03T11:41:00+00:00,26.61,2616.28,Diesel,118478.1
V014,2026-09-24T07:00:00+00:00,32.58,3149.1,Diesel,111608.6
V062,2026-08-17T07:53:00+00:00,7.88,739.39,Diesel,140393.1
V086,2026-08-17T15:13:00+00:00,23.52,2417.03,Diesel,22192.3
V097,2026-09-13T13:16:00+00:00,8.31,812.56,Diesel,62286.3
V044,2026-09-24T11:04:00+00:00,34.27,3295.99,Petrol,47410.4
V044,2026-09-04T15:22:00+00:00,23.25,2344.94,Petrol,57385.3
V067,2026-09-09T10:17:00+00:00,24.56,2371.13,Petrol,48843.6
V037,2026-09-16T10:55:00+00:00,32.63,3302.1,Diesel,122161.9
V022,2026-09-24T22:59:00+00:00,33.63,3429.93,Diesel,123168.1
V059,2026-09-24T19:56:00+00:00,36.56,3530.45,Diesel,136280.2
V059,2026-09-01T06:30:00+00:00,23.73,2306.2,Diesel,89245.5
V022,2026-08-01T22:25:00+00:00,31.54,2958.71,Diesel,104810.9
V064,2026-08-27T01:54:00+00:00,7.39,712.72,Petrol,90768.6
V057,2026-08-12T04:31:00+00:00,5.48,543.84,Diesel,84185.7
V019,2026-08-26T12:09:00+00:00,29.62,2959.61,Diesel,124268.0
V041,2026-08-27T13:03:00+00:00,12.21,1129.4,Diesel,177289.3
V023,2026-08-11T16:27:00+00:00,25.24,2502.52,Diesel,67689.4
V066,2026-08-07T19:43:00+00:00,15.26,1439.55,Diesel,18780.8
V067,2026-08-26T18:04:00+00:00,43.29,4439.88,Petrol,178300.4
V042,2026-09-23T12:56:00+00:00,44.05,4446.84,Diesel,80776.5
V022,2026-09-01T11:10:00+00:00,19.13,1959.33,Diesel,112196.7
V043,2026-08-04T13:27:00+00:00,9.53,890.31,Diesel,166946.9
V069,2026-09-13T11:21:00+00:00,7.93,737.57,Petrol,27807.3
V077,2026-08-16T05:42:00+00:00,9.24,863.05,Diesel,51668.8
V092,2026-09-12T09:05:00+00:00,8.55,878.21,Diesel,170564.0
V015,2026-08-17T07:46:00+00:00,29.94,2859.27,Diesel,142586.1
V049,2026-08-11T06:44:00+00:00,22.14,2233.55,Diesel,110336.6
V019,2026-08-26T07:17:00+00:00,30.38,3007.45,Diesel,42874.6
V014,2026-09-18T04:52:00+00:00,32.31,3145.95,Diesel,61929.2
V091,2026-09-21T14:25:00+00:00,23.74,2289.74,Petrol,21550.8
V085,2026-08-07T17:19:00+00:00,42.24,4146.08,Diesel,110434.2
V098,2026-08-05T17:18:00+00:00,34.26,3422.78,Diesel,9092.4
V040,2026-08-13T09:45:00+00:00,7.01,710.86,Diesel,108174.6
V095,2026-08-02T16:28:00+00:00,40.51,4108.44,Diesel,82750.8
V094,2026-08-09T18:59:00+00:00,27.23,2513.88,Diesel,100840.8
V033,2026-08-01T09:37:00+00:00,25.31,2560.99,Diesel,152056.7
V077,2026-08-22T19:51:00+00:00,34.59,3485.38,Diesel,124190.7
V027,2026-08-09T15:03:00+00:00,36.11,3409.06,Diesel,150928.7
V023,2026-08-07T09:16:00+00:00,9.02,880.94,Diesel,144832.2
V020,2026-09-09T23:45:00+00:00,28.92,2764.56,Diesel,44580.8
V048,2026-09-01T08:01:00+00:00,23.16,2273.38,Diesel,50325.1
V065,2026-08-22T21:16:00+00:00,28.63,2694.61,Petrol,178851.8
V096,2026-08-06T22:09:00+00:00,36.73,3389.12,Petrol,61276.9
V088,2026-08-02T12:32:00+00:00,38.6,3763.4,Petrol,103028.8
V029,2026-09-02T10:35:00+00:00,14.85,1398.96,Diesel,136253.7
V094,2026-08-16T15:08:00+00:00,32.04,3158.22,Diesel,163156.5
V039,2026-09-17T17:00:00+00:00,27.38,2754.77,Diesel,88678.2
V069,2026-09-06T12:35:00+00:00,26.26,2535.39,Petrol,170579.8
V026,2026-08-22T20:10:00+00:00,25.81,2497.26,Petrol,95413.6
V057,2026-08-07T09:35:00+00:00,11.66,1131.29,Diesel,113312.3
V002,2026-08-01T04:11:00+00:00,16.84,1610.27,Petrol,22842.0
V058,2026-09-10T16:21:00+00:00,41.74,4129.74,Petrol,75715.6
V054,2026-09-19T23:58:00+00:00,18.9,1912.17,Diesel,169649.7
V006,2026-08-30T23:44:00+00:00,15.31,1416.94,Diesel,38150.7
V022,2026-08-24T18:11:00+00:00,33.46,3299.42,Diesel,167831.9
V014,2026-08-21T06:10:00+00:00,21.72,2184.42,Diesel,84902.2
V065,2026-08-08T01:58:00+00:00,30.74,2904.21,Petrol,114860.4
V020,2026-09-07T06:45:00+00:00,39.08,4015.2,Diesel,38355.9
V042,2026-09-15T10:51:00+00:00,40.44,4144.15,Diesel,148492.5
V053,2026-09-04T09:59:00+00:00,30.99,2852.05,Diesel,161611.7
V002,2026-09-17T11:23:00+00:00,43.48,4287.25,Petrol,11082.5
V069,2026-08-18T15:19:00+00:00,29.43,2868.48,Petrol,35942.9
V061,2026-09-15T16:02:00+00:00,13.83,1366.81,Petrol,34030.2
V032,2026-09-19T18:06:00+00:00,39.07,3976.25,Petrol,9240.8
V005,2026-09-11T13:45:00+00:00,30.72,2958.81,Diesel,6361.4
V064,2026-09-16T04:39:00+00:00,9.96,932.24,Petrol,151981.3
V041,2026-08-30T21:23:00+00:00,37.36,3690.79,Diesel,160853.3
V017,2026-09-11T19:58:00+00:00,32.68,3081.97,Diesel,29562.9
V007,2026-08-01T18:43:00+00:00,14.0,1301.12,Petrol,139292.2
V098,2026-08-08T02:39:00+00:00,13.88,1301.73,Diesel,9053.0
V013,2026-08-16T23:17:00+00:00,11.01,1034.83,Petrol,103422.7
V085,2026-09-10T02:21:00+00:00,37.63,3789.18,Diesel,75786.5
V052,2026-08-14T19:06:00+00:00,11.23,1103.07,Petrol,14574.4
V078,2026-08-31T06:12:00+00:00,18.56,1854.76,Diesel,113592.9
V094,2026-09-02T10:29:00+00:00,13.26,1295.97,Diesel,12400.8
V023,2026-09-12T16:52:00+00:00,29.9,3024.03,Diesel,102198.8
V049,2026-08-31T15:40:00+00:00,21.74,2089.18,Diesel,40907.0
V031,2026-08-08T15:04:00+00:00,7.6,769.43,Diesel,151072.4
V009,2026-09-22T19:20:00+00:00,20.11,1863.4,Petrol,25580.9
V006,2026-08-18T09:38:00+00:00,16.21,1579.01,Diesel,9063.7
V087,2026-08-19T20:56:00+00:00,42.26,4174.19,Petrol,17619.1
V058,2026-08-08T06:09:00+00:00,38.92,4007.69,Petrol,133863.2
V086,2026-08-03T21:54:00+00:00,29.11,2801.2,Diesel,125872.1
V054,2026-08-19T03:06:00+00:00,42.58,4383.57,Diesel,117438.4
V091,2026-09-12T18:16:00+00:00,23.15,2338.15,Petrol,173411.1
V049,2026-09-01T07:49:00+00:00,12.25,1190.92,Diesel,158190.7
V064,2026-08-17T21:24:00+00:00,25.34,2382.31,Petrol,110982.7
V073,2026-09-09T20:46:00+00:00,36.04,3644.61,Petrol,82198.8
V068,2026-08-27T17:38:00+00:00,14.03,1306.97,Diesel,66423.8
V007,2026-08-02T07:57:00+00:00,23.09,2238.96,Petrol,90961.7
V030,2026-08-05T11:05:00+00:00,9.67,931.79,Diesel,120279.0
V070,2026-08-19T17:47:00+00:00,8.67,890.52,Diesel,99845.8
V048,2026-09-17T17:29:00+00:00,14.31,1462.54,Diesel,176334.8
V022,2026-08-28T08:09:00+00:00,13.69,1387.12,Diesel,99386.1
V084,2026-08-16T17:07:00+00:00,9.16,925.36,Petrol,26180.0
V022,2026-08-03T05:58:00+00:00,8.83,863.37,Diesel,42146.1
V022,2026-09-03T19:43:00+00:00,24.03,2257.73,Diesel,127005.5
V084,2026-08-12T03:53:00+00:00,11.31,1096.75,Petrol,133348.0
V007,2026-08-16T22:18:00+00:00,20.13,1882.75,Petrol,18457.4
V040,2026-08-24T16:50:00+00:00,10.23,1031.97,Diesel,86185.1
V053,2026-09-16T06:51:00+00:00,36.26,3373.97,Diesel,85887.9
V055,2026-08-10T19:32:00+00:00,30.57,3098.5,Diesel,62381.4
V061,2026-08-27T05:46:00+00:00,30.53,3084.0,Petrol,89981.3
V058,2026-09-06T00:28:00+00:00,19.16,1913.99,Petrol,63221.6
V097,2026-08-10T02:11:00+00:00,41.62,3964.72,Diesel,91944.5
V089,2026-08-05T23:12:00+00:00,31.89,3173.26,Diesel,56473.3
V089,2026-09-18T06:43:00+00:00,37.21,3566.02,Diesel,115960.8
V003,2026-08-23T03:20:00+00:00,35.35,3380.86,Diesel,131139.5
V042,2026-09-01T14:22:00+00:00,28.15,2779.15,Diesel,74160.1
V021,2026-08-21T09:38:00+00:00,18.23,1744.42,Diesel,21640.5
V007,2026-09-18T21:51:00+00:00,14.62,1400.16,Petrol,11104.0
V095,2026-08-20T22:20:00+00:00,33.28,3234.89,Diesel,101358.8
V002,2026-09-14T15:14:00+00:00,40.12,3910.75,Petrol,69821.0
V025,2026-09-10T01:51:00+00:00,11.44,1163.97,Diesel,76461.0
V096,2026-09-09T09:19:00+00:00,22.04,2189.96,Petrol,8236.9
V090,2026-08-08T09:53:00+00:00,30.12,2778.58,Petrol,108928.3
V043,2026-08-10T02:09:00+00:00,38.27,3805.81,Diesel,18825.9
V051,2026-09-13T08:53:00+00:00,5.97,610.72,Diesel,112965.0
V081,2026-09-07T05:55:00+00:00,36.97,3665.01,Diesel,75806.6
V009,2026-09-14T09:31:00+00:00,26.49,2471.01,Petrol,85315.9
V002,2026-09-24T23:05:00+00:00,15.77,1458.46,Petrol,27535.1
V097,2026-08-24T02:35:00+00:00,17.27,1607.33,Diesel,82477.3
V065,2026-09-10T22:57:00+00:00,15.52,1506.09,Petrol,83823.4
V044,2026-08-23T01:51:00+00:00,25.33,2498.44,Petrol,85265.9
V047,2026-08-18T02:17:00+00:00,19.78,1850.42,Petrol,127686.3
V057,2026-09-13T02:40:00+00:00,10.36,993.32,Diesel,29631.1
V088,2026-09-15T18:55:00+00:00,39.89,4087.33,Petrol,149961.8
V012,2026-08-30T06:51:00+00:00,14.88,1410.32,Diesel,167487.7
V092,2026-08-04T10:35:00+00:00,40.84,4065.91,Diesel,138507.3
V077,2026-08-25T15:21:00+00:00,12.57,1190.44,Diesel,141091.8
V046,2026-09-04T01:11:00+00:00,39.51,3655.52,Diesel,144876.6
V035,2026-08-09T02:13:00+00:00,9.39,928.37,Petrol,111533.3
V060,2026-08-20T03:19:00+00:00,41.95,4259.56,Diesel,128311.2
V023,2026-08-16T14:12:00+00:00,26.17,2515.26,Diesel,51461.4
V034,2026-09-22T23:29:00+00:00,24.59,2360.67,Diesel,35571.9
V088,2026-08-14T01:11:00+00:00,13.97,1299.1,Petrol,98299.8
V034,2026-08-05T18:25:00+00:00,5.78,556.97,Diesel,67529.4
V014,2026-08-20T01:41:00+00:00,21.1,2029.46,Diesel,29790.4
V059,2026-08-02T02:45:00+00:00,32.68,3124.26,Diesel,17015.7
V059,2026-08-14T02:43:00+00:00,24.81,2390.25,Diesel,50173.2
V087,2026-09-02T01:07:00+00:00,9.19,929.67,Petrol,153921.5
V068,2026-09-16T15:03:00+00:00,26.61,2619.49,Diesel,121831.2
V007,2026-08-16T23:05:00+00:00,40.41,3721.26,Petrol,51676.2
V090,2026-08-10T23:36:00+00:00,28.48,2800.58,Petrol,23541.4
V061,2026-08-29T14:32:00+00:00,30.8,2853.18,Petrol,161013.6
V056,2026-09-23T07:00:00+00:00,10.63,1005.58,Diesel,114159.7
V074,2026-09-10T02:51:00+00:00,40.45,3903.99,Diesel,90474.3
V055,2026-09-08T05:24:00+00:00,38.94,3853.42,Diesel,92942.4
V021,2026-08-23T13:17:00+00:00,15.59,1466.45,Diesel,119065.7
V090,2026-09-04T04:13:00+00:00,42.31,4117.27,Petrol,63847.2
V010,2026-09-22T00:11:00+00:00,43.9,4388.88,Diesel,155643.3
V009,2026-09-21T04:58:00+00:00,36.6,3527.92,Petrol,105718.7
V082,2026-08-21T01:33:00+00:00,6.54,661.58,Diesel,52004.2
V029,2026-08-24T14:30:00+00:00,19.2,1947.41,Diesel,165207.1
V012,2026-08-24T00:37:00+00:00,21.87,2237.96,Diesel,103964.5
V042,2026-09-07T02:02:00+00:00,43.75,4227.76,Diesel,42554.1
V097,2026-09-18T01:03:00+00:00,30.94,2860.64,Diesel,130050.0
V005,2026-08-15T13:01:00+00:00,22.93,2246.05,Diesel,34332.2
V039,2026-08-27T00:58:00+00:00,31.27,2885.98,Diesel,165522.3
V084,2026-09-19T12:28:00+00:00,23.87,2205.82,Petrol,76795.8
V001,2026-09-02T22:10:00+00:00,21.21,2119.28,Petrol,77604.2
V018,2026-08-29T05:04:00+00:00,5.65,562.1,Diesel,112395.2
V027,2026-09-21T12:12:00+00:00,20.72,2009.44,Diesel,127835.5
V050,2026-08-27T08:42:00+00:00,19.56,1973.24,Diesel,21442.3
V097,2026-09-15T18:17:00+00:00,16.48,1680.11,Diesel,137012.5
V011,2026-08-31T04:39:00+00:00,8.02,808.28,Diesel,40539.1
V044,2026-09-13T04:45:00+00:00,8.75,819.66,Petrol,131362.2
V073,2026-09-03T09:33:00+00:00,40.02,3910.38,Petrol,50033.3
V006,2026-08-28T18:55:00+00:00,11.96,1192.59,Diesel,163050.2
V003,2026-08-04T21:41:00+00:00,23.74,2225.26,Diesel,177638.0
V065,2026-08-06T07:02:00+00:00,23.99,2241.28,Petrol,124713.2
V043,2026-08-01T11:49:00+00:00,23.1,2346.32,Diesel,84533.2
V010,2026-09-21T16:48:00+00:00,33.83,3264.93,Diesel,69423.7
V028,2026-09-07T02:17:00+00:00,8.79,810.02,Diesel,11175.3
V048,2026-08-28T01:13:00+00:00,44.44,4218.28,Diesel,55432.8
V014,2026-09-07T04:10:00+00:00,36.32,3601.41,Diesel,14367.8
V081,2026-08-31T16:32:00+00:00,43.33,4461.67,Diesel,176594.3
V066,2026-08-21T14:48:00+00:00,27.67,2624.25,Diesel,163215.6
V048,2026-08-16T00:34:00+00:00,7.37,749.21,Diesel,123421.4
V004,2026-09-24T22:58:00+00:00,18.53,1870.33,Diesel,73057.9
V044,2026-09-05T22:34:00+00:00,37.28,3466.36,Petrol,36372.2
V012,2026-08-31T17:14:00+00:00,9.07,890.69,Diesel,30162.2
V008,2026-09-19T05:09:00+00:00,7.21,734.7,Diesel,137604.3
V059,2026-09-18T18:50:00+00:00,33.9,3426.41,Diesel,57578.5
V066,2026-08-27T05:37:00+00:00,29.07,2722.91,Diesel,125308.0
V002,2026-08-06T00:50:00+00:00,6.0,573.6,Petrol,52734.5
V002,2026-08-23T18:33:00+00:00,38.8,3758.14,Petrol,30592.3
V052,2026-08-11T11:57:00+00:00,23.4,2350.68,Petrol,15391.1
V043,2026-09-01T12:14:00+00:00,40.96,3951.7,Diesel,63025.5
V008,2026-09-20T01:21:00+00:00,28.5,2746.52,Diesel,54891.8
V018,2026-08-30T16:04:00+00:00,38.17,3859.85,Diesel,169264.7
V088,2026-08-19T13:08:00+00:00,36.78,3388.45,Petrol,148133.6
V057,2026-08-19T14:29:00+00:00,11.07,1074.79,Diesel,19167.8
V085,2026-08-23T14:30:00+00:00,43.92,4251.32,Diesel,175094.7
V074,2026-08-21T08:45:00+00:00,10.94,1036.56,Diesel,77344.7
V031,2026-09-10T10:10:00+00:00,31.39,3182.71,Diesel,112567.0
V025,2026-08-20T17:44:00+00:00,14.63,1382.61,Diesel,65929.1
V008,2026-08-20T20:31:00+00:00,22.63,2116.9,Diesel,158038.7
V095,2026-09-08T02:25:00+00:00,15.48,1433.3,Diesel,129704.1
V065,2026-09-12T20:58:00+00:00,15.96,1616.68,Petrol,156748.4
V040,2026-09-23T14:31:00+00:00,26.19,2461.65,Diesel,60977.4
V015,2026-08-17T13:23:00+00:00,15.54,1594.78,Diesel,115533.6
V065,2026-09-17T03:52:00+00:00,9.78,948.62,Petrol,133662.2
V090,2026-09-09T20:27:00+00:00,21.19,2162.9,Petrol,76857.4
V014,2026-08-06T11:05:00+00:00,36.8,3600.1,Diesel,84032.9
V062,2026-08-29T23:34:00+00:00,29.15,2940.7,Diesel,31683.3
V041,2026-09-10T12:43:00+00:00,42.1,3953.21,Diesel,85241.4
V072,2026-08-31T08:48:00+00:00,28.57,2818.8,Diesel,5423.1
V054,2026-09-22T23:36:00+00:00,31.21,3070.37,Diesel,110826.7
V064,2026-08-18T19:35:00+00:00,40.57,3769.34,Petrol,107322.7
V058,2026-09-20T08:32:00+00:00,23.37,2230.32,Petrol,119183.5
V074,2026-08-08T00:41:00+00:00,24.51,2519.08,Diesel,159768.4
V016,2026-08-25T07:42:00+00:00,37.16,3661.34,Diesel,83806.3
V075,2026-08-21T05:19:00+00:00,33.46,3214.66,Diesel,168100.1
V071,2026-08-15T16:24:00+00:00,15.35,1469.81,Diesel,74580.0
V089,2026-08-02T09:54:00+00:00,37.86,3803.48,Diesel,159542.7
V009,2026-09-10T16:54:00+00:00,7.24,703.11,Petrol,119881.4
V078,2026-09-15T13:40:00+00:00,23.76,2332.25,Diesel,120132.2
V040,2026-09-21T12:03:00+00:00,38.32,3645.45,Diesel,134819.8
V020,2026-09-24T21:37:00+00:00,25.88,2404.61,Diesel,138471.8
V042,2026-08-23T07:40:00+00:00,19.4,1937.66,Diesel,42393.0
V008,2026-08-11T13:26:00+00:00,38.25,3794.38,Diesel,46185.6
V033,2026-09-22T09:03:00+00:00,27.32,2615.97,Diesel,128174.0
V097,2026-08-21T23:55:00+00:00,23.4,2225.19,Diesel,31992.9
V068,2026-09-21T09:34:00+00:00,10.34,990.8,Diesel,130678.4
V063,2026-09-11T00:18:00+00:00,14.2,1433.84,Diesel,76491.4
V049,2026-08-24T06:09:00+00:00,21.57,2144.17,Diesel,155254.1
V045,2026-08-17T11:12:00+00:00,29.57,2742.72,Diesel,22773.1
V072,2026-08-23T17:57:00+00:00,7.82,792.86,Diesel,52591.4
V011,2026-08-22T04:57:00+00:00,31.89,3151.4,Diesel,137175.4
V036,2026-08-11T21:12:00+00:00,26.23,2575.35,Petrol,70810.2
V039,2026-09-22T18:36:00+00:00,41.05,3795.51,Diesel,29056.3
V025,2026-09-15T19:33:00+00:00,40.76,4033.81,Diesel,170066.1
V015,2026-08-29T12:31:00+00:00,44.55,4554.18,Diesel,143289.9
V045,2026-08-06T03:27:00+00:00,44.8,4354.91,Diesel,119743.9
V016,2026-09-24T23:28:00+00:00,32.06,2985.45,Diesel,131441.4
V090,2026-08-15T16:09:00+00:00,28.49,2889.9,Petrol,50524.8
V084,2026-09-04T12:35:00+00:00,43.49,4473.35,Petrol,77143.6
V066,2026-09-06T16:09:00+00:00,13.07,1280.38,Diesel,140491.9
V034,2026-08-27T20:39:00+00:00,34.4,3401.16,Diesel,51498.4
V042,2026-08-03T17:47:00+00:00,23.58,2408.65,Diesel,115028.7
V011,2026-08-08T08:00:00+00:00,30.3,3002.3,Diesel,68996.0
V084,2026-08-29T04:44:00+00:00,43.76,4386.09,Petrol,43413.6
V067,2026-09-19T00:37:00+00:00,30.15,2854.16,Petrol,99855.1
V046,2026-09-15T09:21:00+00:00,31.62,2979.39,Diesel,114848.8
V063,2026-08-04T00:45:00+00:00,44.0,4141.85,Diesel,74656.5
V047,2026-09-09T22:37:00+00:00,30.86,3041.48,Petrol,108662.9
V073,2026-08-05T23:30:00+00:00,26.84,2673.2,Petrol,101720.3
V075,2026-08-09T13:47:00+00:00,22.21,2184.05,Diesel,5235.1
V095,2026-09-01T20:08:00+00:00,6.56,619.04,Diesel,165931.4
V054,2026-08-09T01:51:00+00:00,28.19,2839.17,Diesel,42083.7
V045,2026-09-03T23:52:00+00:00,22.49,2144.8,Diesel,177093.9
V050,2026-08-08T05:37:00+00:00,19.39,1886.57,Diesel,103510.0
V055,2026-08-01T18:35:00+00:00,34.71,3463.96,Diesel,53763.2
V057,2026-08-04T13:21:00+00:00,31.58,3014.67,Diesel,127309.1
V033,2026-08-29T12:45:00+00:00,29.1,2937.72,Diesel,145705.6
V074,2026-08-17T06:23:00+00:00,28.45,2882.42,Diesel,169069.4
V002,2026-09-21T22:34:00+00:00,31.55,3129.71,Petrol,48012.8
V017,2026-09-19T00:15:00+00:00,33.38,3210.17,Diesel,152347.1
V043,2026-08-18T11:10:00+00:00,20.73,2116.24,Diesel,154112.9
V034,2026-08-08T19:25:00+00:00,39.68,3947.06,Diesel,162896.6
V011,2026-08-02T00:47:00+00:00,28.2,2829.22,Diesel,14541.5
V023,2026-09-02T21:05:00+00:00,21.9,2176.79,Diesel,63433.7
V032,2026-09-18T13:24:00+00:00,5.75,547.87,Petrol,130035.0
V057,2026-09-13T15:07:00+00:00,20.6,2049.93,Diesel,73841.4
V026,2026-08-01T23:35:00+00:00,30.01,2899.32,Petrol,119538.5
V042,2026-08-11T13:14:00+00:00,39.54,3782.01,Diesel,21369.3
V067,2026-08-05T22:13:00+00:00,19.19,1889.25,Petrol,43046.8
V027,2026-09-05T21:58:00+00:00,21.59,2206.79,Diesel,167936.2
V009,2026-09-03T21:37:00+00:00,39.09,3790.66,Petrol,136290.3
V012,2026-08-30T08:40:00+00:00,21.91,2142.32,Diesel,130337.0
V027,2026-08-17T02:38:00+00:00,43.46,4420.27,Diesel,42384.7
V037,2026-08-07T18:15:00+00:00,43.08,3999.8,Diesel,142418.4
V079,2026-09-15T06:26:00+00:00,38.01,3594.88,Diesel,144769.5
V072,2026-08-22T15:55:00+00:00,37.47,3619.56,Diesel,84076.2
V061,2026-08-23T00:11:00+00:00,25.84,2622.73,Petrol,49236.8
V024,2026-09-18T01:40:00+00:00,8.34,781.4,Diesel,144446.2
V067,2026-09-15T03:04:00+00:00,20.78,2008.28,Petrol,90500.1
V058,2026-08-03T21:34:00+00:00,26.9,2661.15,Petrol,98542.3
V030,2026-09-01T23:59:00+00:00,28.74,2850.25,Diesel,135569.5
V068,2026-09-18T00:33:00+00:00,39.15,3996.88,Diesel,179091.2
V047,2026-08-29T21:48:00+00:00,19.33,1826.1,Petrol,169533.4
V007,2026-08-16T09:09:00+00:00,22.39,2082.23,Petrol,98053.5
V001,2026-08-06T16:14:00+00:00,28.1,2837.8,Petrol,17160.4
V010,2026-08-17T07:30:00+00:00,6.05,566.36,Diesel,143922.4
V075,2026-08-15T05:14:00+00:00,34.83,3282.45,Diesel,58726.4
V014,2026-08-22T19:06:00+00:00,9.68,912.89,Diesel,135616.3
V053,2026-08-24T00:12:00+00:00,39.15,3991.67,Diesel,86566.0
V031,2026-08-15T12:13:00+00:00,30.84,2876.31,Diesel,141534.7
V005,2026-08-03T23:56:00+00:00,23.72,2208.38,Diesel,140119.1
V019,2026-08-03T17:47:00+00:00,43.56,4452.72,Diesel,151107.0
V011,2026-08-03T08:45:00+00:00,15.51,1432.56,Diesel,20510.8
V065,2026-09-18T04:49:00+00:00,13.0,1305.97,Petrol,20023.9
V029,2026-08-04T10:35:00+00:00,34.04,3220.92,Diesel,128294.9
V078,2026-08-17T12:46:00+00:00,14.81,1441.17,Diesel,58903.6
V059,2026-09-18T12:55:00+00:00,10.63,982.92,Diesel,89737.0
V086,2026-08-06T12:20:00+00:00,34.48,3544.18,Diesel,11282.9
V045,2026-09-12T12:26:00+00:00,17.35,1659.84,Diesel,113035.9
V063,2026-08-20T16:31:00+00:00,7.98,753.12,Diesel,126169.9
V045,2026-08-28T02:18:00+00:00,44.51,4315.12,Diesel,137419.7
V026,2026-09-03T07:10:00+00:00,11.08,1030.49,Petrol,119468.8
V097,2026-08-04T19:51:00+00:00,11.58,1129.51,Diesel,29465.1
V050,2026-08-11T23:58:00+00:00,42.56,4109.27,Diesel,167118.3
V021,2026-08-03T19:17:00+00:00,22.67,2323.27,Diesel,157915.2
V004,2026-08-21T23:35:00+00:00,28.4,2890.1,Diesel,165578.0
V023,2026-08-10T19:17:00+00:00,29.53,2845.05,Diesel,63289.2
V049,2026-09-18T12:56:00+00:00,43.32,4079.78,Diesel,40521.0
V016,2026-09-10T08:00:00+00:00,10.98,1020.2,Diesel,23304.7
V001,2026-08-31T05:07:00+00:00,10.13,1004.48,Petrol,84250.1
V046,2026-09-01T05:25:00+00:00,37.99,3635.42,Diesel,46811.3
V019,2026-09-02T17:34:00+00:00,19.66,1883.16,Diesel,74110.4
V045,2026-09-12T19:04:00+00:00,12.08,1221.67,Diesel,29161.8
V051,2026-09-20T21:55:00+00:00,17.82,1698.19,Diesel,44216.7
V020,2026-08-18T20:37:00+00:00,29.46,2773.19,Diesel,76820.0
V033,2026-08-03T18:56:00+00:00,12.16,1201.38,Diesel,9705.7
V028,2026-08-10T16:28:00+00:00,31.72,3105.87,Diesel,127422.2
V043,2026-08-08T03:49:00+00:00,41.79,4128.89,Diesel,19538.6
V043,2026-08-03T11:39:00+00:00,43.8,4109.1,Diesel,145197.2
V008,2026-09-09T02:26:00+00:00,18.01,1809.62,Diesel,74510.7
V075,2026-09-01T16:33:00+00:00,13.4,1355.81,Diesel,125476.5
V042,2026-08-07T23:35:00+00:00,39.99,4063.15,Diesel,127859.8
V004,2026-09-19T10:40:00+00:00,37.73,3497.01,Diesel,46732.0
V026,2026-08-24T01:51:00+00:00,6.73,664.32,Petrol,74142.9
V075,2026-08-31T11:16:00+00:00,40.47,4114.58,Diesel,130046.7
V016,2026-09-07T12:25:00+00:00,31.91,3008.69,Diesel,56363.9
V027,2026-09-22T09:22:00+00:00,40.68,3860.85,Diesel,135850.9
V054,2026-08-18T08:38:00+00:00,28.08,2689.86,Diesel,152277.0
V024,2026-09-19T22:56:00+00:00,30.82,3046.25,Diesel,105506.5
V041,2026-08-02T01:19:00+00:00,30.44,2888.01,Diesel,138534.3
V064,2026-08-21T08:48:00+00:00,28.05,2804.37,Petrol,97560.7
V074,2026-09-17T20:45:00+00:00,13.67,1334.35,Diesel,132621.0
V077,2026-09-07T00:24:00+00:00,41.21,4222.24,Diesel,179099.6
V001,2026-08-22T23:49:00+00:00,21.66,2006.32,Petrol,70464.4
V080,2026-08-30T09:43:00+00:00,9.32,861.76,Diesel,114039.1
V047,2026-08-27T11:16:00+00:00,26.91,2492.31,Petrol,85031.0
V005,2026-08-14T12:03:00+00:00,19.62,1972.96,Diesel,20870.5
V016,2026-09-04T02:38:00+00:00,33.21,3128.08,Diesel,175352.9
V075,2026-08-05T00:19:00+00:00,27.02,2672.35,Diesel,139816.4
V084,2026-08-08T20:07:00+00:00,17.73,1751.95,Petrol,25187.6
V019,2026-09-07T15:37:00+00:00,29.43,2821.94,Diesel,166688.7
V043,2026-09-16T18:24:00+00:00,24.29,2476.11,Diesel,150376.3
V019,2026-09-22T21:29:00+00:00,40.1,3982.64,Diesel,79059.4
V046,2026-08-02T21:54:00+00:00,20.54,2104.69,Diesel,22369.1
V030,2026-09-04T06:45:00+00:00,20.5,1887.35,Diesel,134936.5
V006,2026-09-02T22:08:00+00:00,12.63,1268.13,Diesel,159631.9
V014,2026-09-11T07:36:00+00:00,39.96,3854.32,Diesel,167736.9
V035,2026-09-20T07:17:00+00:00,41.68,3897.35,Petrol,96870.3
V020,2026-08-24T13:10:00+00:00,10.46,1029.66,Diesel,16528.8
V072,2026-08-22T11:36:00+00:00,33.05,3308.49,Diesel,175084.5
V054,2026-08-28T14:34:00+00:00,40.65,4050.98,Diesel,116369.1
V020,2026-08-21T08:37:00+00:00,11.08,1078.25,Diesel,84251.7
V029,2026-08-28T18:16:00+00:00,14.77,1385.66,Diesel,82054.3
V046,2026-09-23T11:49:00+00:00,34.34,3527.71,Diesel,28336.1
V036,2026-08-13T13:39:00+00:00,30.26,2832.26,Petrol,24501.6
V086,2026-08-10T21:46:00+00:00,6.08,577.01,Diesel,111823.4
V052,2026-09-16T07:36:00+00:00,13.45,1336.2,Petrol,119824.8
V003,2026-08-18T19:02:00+00:00,36.62,3384.35,Diesel,113070.2
V035,2026-08-06T14:19:00+00:00,21.15,2155.61,Petrol,76637.6
V097,2026-08-11T21:58:00+00:00,19.04,1856.91,Diesel,168842.1
V008,2026-08-17T18:06:00+00:00,25.51,2587.53,Diesel,10068.0
V047,2026-09-23T00:04:00+00:00,14.26,1405.74,Petrol,79692.3
V069,2026-08-18T05:34:00+00:00,16.06,1609.85,Petrol,15872.6
V005,2026-08-02T08:26:00+00:00,25.32,2398.01,Diesel,48957.7
V097,2026-09-14T15:22:00+00:00,7.89,743.62,Diesel,65735.3
V100,2026-09-08T03:52:00+00:00,21.91,2197.82,Diesel,81351.8
V021,2026-08-03T19:28:00+00:00,12.05,1148.82,Diesel,135653.5
V030,2026-09-20T04:18:00+00:00,25.82,2648.95,Diesel,71480.9
V083,2026-09-04T15:53:00+00:00,9.79,903.9,Petrol,128942.4
V027,2026-08-04T10:05:00+00:00,32.25,3076.73,Diesel,90512.9
V100,2026-09-06T20:26:00+00:00,28.71,2914.86,Diesel,128606.4
V090,2026-08-03T05:00:00+00:00,9.53,964.38,Petrol,56562.5
V053,2026-09-23T03:43:00+00:00,43.35,4029.2,Diesel,97959.0
V046,2026-08-25T02:35:00+00:00,42.34,4067.6,Diesel,41368.6
V003,2026-09-13T06:00:00+00:00,14.19,1422.55,Diesel,113235.0
V029,2026-09-09T02:17:00+00:00,42.6,4245.93,Diesel,21890.9
V019,2026-08-02T12:06:00+00:00,18.2,1736.96,Diesel,121740.6
V059,2026-08-15T22:18:00+00:00,10.35,1019.56,Diesel,80834.2
V010,2026-09-13T20:12:00+00:00,34.88,3325.29,Diesel,51949.2
V069,2026-09-20T10:18:00+00:00,11.26,1127.67,Petrol,135935.1
V032,2026-09-11T20:40:00+00:00,11.39,1133.89,Petrol,95529.0
V011,2026-09-16T03:26:00+00:00,26.53,2708.31,Diesel,114517.5
V002,2026-09-21T17:00:00+00:00,43.38,4229.3,Petrol,53473.0
V055,2026-08-14T13:18:00+00:00,18.46,1785.58,Diesel,168022.9
V069,2026-08-23T02:54:00+00:00,38.51,3963.53,Petrol,97217.2
V054,2026-09-04T05:21:00+00:00,27.87,2670.56,Diesel,136129.8
V033,2026-08-14T11:45:00+00:00,23.37,2150.59,Diesel,154668.3
V033,2026-08-28T19:21:00+00:00,16.56,1611.17,Diesel,108418.9
V052,2026-09-24T12:56:00+00:00,25.21,2527.49,Petrol,36470.8
V002,2026-08-12T21:51:00+00:00,32.79,3259.75,Petrol,35615.7
V057,2026-08-26T19:53:00+00:00,29.66,3019.32,Diesel,136528.4
V097,2026-08-28T12:35:00+00:00,9.86,940.66,Diesel,165414.5
V015,2026-09-03T05:09:00+00:00,17.71,1657.66,Diesel,179342.4
V020,2026-08-23T04:47:00+00:00,27.72,2613.0,Diesel,81731.4
V072,2026-08-27T16:52:00+00:00,18.88,1749.29,Diesel,59866.4
V072,2026-08-15T08:41:00+00:00,24.34,2464.99,Diesel,98700.8
V072,2026-08-12T03:30:00+00:00,10.29,958.75,Diesel,129430.9
V059,2026-09-11T15:58:00+00:00,7.54,696.26,Diesel,77230.3
V064,2026-08-09T18:49:00+00:00,19.32,1865.46,Petrol,87918.7
V054,2026-08-01T14:26:00+00:00,21.52,2211.99,Diesel,56043.0
V007,2026-09-08T03:50:00+00:00,5.72,548.65,Petrol,167720.1
V074,2026-09-09T16:20:00+00:00,23.42,2326.43,Diesel,164785.8
V037,2026-08-29T21:53:00+00:00,36.96,3711.08,Diesel,38338.2
V009,2026-09-15T09:23:00+00:00,31.99,2947.32,Petrol,24897.0
V013,2026-08-30T14:13:00+00:00,18.02,1821.4,Petrol,106165.8
V017,2026-09-22T05:37:00+00:00,8.29,834.85,Diesel,133273.4
V062,2026-08-31T07:03:00+00:00,34.05,3450.52,Diesel,66332.9
V036,2026-08-19T08:16:00+00:00,18.8,1805.66,Petrol,17523.0
V012,2026-08-04T06:33:00+00:00,33.09,3068.35,Diesel,131369.0
V013,2026-09-10T07:31:00+00:00,11.39,1098.79,Petrol,57766.5
V087,2026-09-08T18:49:00+00:00,28.86,2796.39,Petrol,19139.4
V051,2026-08-10T14:49:00+00:00,29.61,2731.68,Diesel,28256.0
V077,2026-08-22T23:44:00+00:00,5.75,538.14,Diesel,20652.8
V096,2026-08-07T10:05:00+00:00,36.63,3758.53,Petrol,9440.0
V091,2026-09-18T17:38:00+00:00,19.18,1841.49,Petrol,170084.6
V094,2026-08-01T00:05:00+00:00,25.15,2505.0,Diesel,96409.7
V065,2026-09-13T19:48:00+00:00,25.31,2404.85,Petrol,70395.5
V064,2026-08-25T17:48:00+00:00,35.26,3618.28,Petrol,141033.4
V050,2026-08-16T13:43:00+00:00,12.59,1290.66,Diesel,35404.5
V045,2026-09-01T18:52:00+00:00,29.29,2903.73,Diesel,9334.2
V006,2026-09-04T11:22:00+00:00,20.06,1884.28,Diesel,94525.9
V084,2026-08-03T12:05:00+00:00,23.88,2327.16,Petrol,109974.2
V018,2026-09-08T03:52:00+00:00,17.22,1727.47,Diesel,64835.5
V068,2026-08-10T00:34:00+00:00,19.91,1970.48,Diesel,47806.3
V056,2026-09-09T07:49:00+00:00,44.09,4428.85,Diesel,74782.8
V004,2026-08-06T12:53:00+00:00,18.62,1868.36,Diesel,67159.7
V053,2026-09-01T03:27:00+00:00,11.99,1187.53,Diesel,84433.2
V028,2026-09-20T22:35:00+00:00,28.16,2831.78,Diesel,16466.0
V026,2026-08-04T23:18:00+00:00,20.92,2028.73,Petrol,177087.4
V024,2026-08-27T22:57:00+00:00,8.68,803.71,Diesel,65962.0
V009,2026-08-21T02:32:00+00:00,5.01,512.22,Petrol,159082.7
V092,2026-09-04T16:55:00+00:00,9.37,941.33,Diesel,24693.0
V014,2026-08-07T21:10:00+00:00,7.42,762.2,Diesel,73815.4
V003,2026-09-04T17:50:00+00:00,27.75,2724.6,Diesel,159750.9
V055,2026-09-20T09:50:00+00:00,7.65,765.62,Diesel,72270.7
V062,2026-08-12T04:56:00+00:00,17.72,1782.01,Diesel,43709.7
V055,2026-09-10T14:55:00+00:00,22.36,2281.08,Diesel,106550.4
V013,2026-08-28T02:43:00+00:00,31.51,3159.64,Petrol,95071.2
V014,2026-09-11T01:50:00+00:00,28.22,2761.21,Diesel,66276.8
V042,2026-09-09T15:04:00+00:00,28.01,2783.74,Diesel,98252.2
V054,2026-08-18T23:31:00+00:00,12.88,1261.32,Diesel,56625.8
V027,2026-09-16T17:44:00+00:00,23.29,2365.22,Diesel,93181.7
V058,2026-08-09T19:53:00+00:00,28.45,2646.68,Petrol,77984.6
V010,2026-08-18T18:44:00+00:00,38.67,3624.55,Diesel,51002.2
V033,2026-08-28T23:38:00+00:00,30.91,3026.41,Diesel,169938.9
V008,2026-09-22T22:02:00+00:00,21.02,2138.24,Diesel,159327.4
V019,2026-09-01T09:41:00+00:00,28.93,2750.65,Diesel,164451.1
V018,2026-08-29T18:46:00+00:00,28.1,2863.79,Diesel,175054.5
V010,2026-08-13T02:08:00+00:00,21.4,1998.82,Diesel,119828.1
V048,2026-08-15T20:25:00+00:00,14.71,1368.09,Diesel,98685.2
V050,2026-09-10T15:27:00+00:00,38.76,3619.38,Diesel,22393.9
V040,2026-09-09T02:24:00+00:00,34.59,3365.66,Diesel,170831.2
V011,2026-08-29T01:51:00+00:00,8.9,849.65,Diesel,66881.2
V080,2026-08-20T12:26:00+00:00,19.39,1976.35,Diesel,5533.8
V095,2026-08-29T17:47:00+00:00,23.77,2241.9,Diesel,179870.9
V015,2026-08-29T03:42:00+00:00,42.28,4211.54,Diesel,47681.4
V029,2026-09-03T01:15:00+00:00,10.27,987.6,Diesel,60724.6
V077,2026-09-16T17:11:00+00:00,15.84,1589.72,Diesel,165727.1
V094,2026-08-29T10:50:00+00:00,33.22,3326.16,Diesel,47047.6
V009,2026-08-29T03:10:00+00:00,31.66,3139.5,Petrol,6591.0
V050,2026-09-23T23:12:00+00:00,44.68,4164.56,Diesel,155132.2
V060,2026-09-20T21:08:00+00:00,19.07,1808.93,Diesel,169315.3
V008,2026-09-09T05:07:00+00:00,22.94,2362.39,Diesel,102711.2
V063,2026-08-15T18:41:00+00:00,40.09,4024.21,Diesel,68799.2
V052,2026-08-01T10:41:00+00:00,17.76,1735.96,Petrol,45685.3
V066,2026-08-23T10:24:00+00:00,40.2,4034.12,Diesel,90009.0
V006,2026-08-21T06:21:00+00:00,15.85,1463.43,Diesel,142705.5
V087,2026-09-13T04:08:00+00:00,27.73,2826.47,Petrol,64466.9
V076,2026-08-16T12:58:00+00:00,6.04,560.68,Diesel,107188.0
V061,2026-08-13T16:06:00+00:00,38.15,3887.87,Petrol,118219.8
V010,2026-08-23T06:04:00+00:00,20.86,2060.02,Diesel,167068.0
V063,2026-09-07T12:18:00+00:00,39.31,3805.3,Diesel,171199.6
V029,2026-08-19T09:37:00+00:00,34.64,3202.38,Diesel,57292.7
V036,2026-08-17T07:20:00+00:00,39.43,3864.57,Petrol,19236.8
V006,2026-08-15T06:12:00+00:00,40.77,3885.5,Diesel,21671.0
V061,2026-09-06T21:34:00+00:00,16.03,1598.39,Petrol,105532.9
V060,2026-08-26T05:22:00+00:00,6.28,597.03,Diesel,7963.0
V087,2026-09-18T16:23:00+00:00,31.65,3193.84,Petrol,165639.5
V088,2026-09-06T09:11:00+00:00,22.09,2082.45,Petrol,97833.5
V080,2026-09-21T13:12:00+00:00,38.51,3885.52,Diesel,128160.1
V069,2026-08-14T18:04:00+00:00,8.11,800.62,Petrol,14149.6
V099,2026-08-06T22:46:00+00:00,43.47,4007.74,Diesel,165347.8
V005,2026-08-14T02:53:00+00:00,31.54,3242.51,Diesel,115530.4
V092,2026-08-28T02:13:00+00:00,12.58,1221.74,Diesel,59716.2
V035,2026-09-24T04:18:00+00:00,35.35,3332.45,Petrol,142191.8
V042,2026-08-02T22:29:00+00:00,10.57,987.57,Diesel,131420.1
V094,2026-08-24T20:41:00+00:00,33.05,3146.52,Diesel,101597.2
V028,2026-09-23T14:40:00+00:00,28.95,2980.29,Diesel,77594.0
V027,2026-09-21T23:29:00+00:00,6.11,598.54,Diesel,114572.2
V100,2026-08-18T11:37:00+00:00,32.55,3147.91,Diesel,50224.1
V053,2026-08-25T09:37:00+00:00,10.76,1012.89,Diesel,101791.2
V073,2026-08-16T00:50:00+00:00,8.15,832.83,Petrol,63525.6
V075,2026-08-08T21:40:00+00:00,24.65,2364.31,Diesel,55880.4
V051,2026-08-12T04:38:00+00:00,15.17,1453.14,Diesel,22776.4
V073,2026-08-21T04:53:00+00:00,16.48,1599.59,Petrol,152225.7
V023,2026-09-12T15:37:00+00:00,13.59,1302.46,Diesel,175737.9
V068,2026-09-13T17:43:00+00:00,16.31,1623.18,Diesel,42810.1
V066,2026-08-05T04:23:00+00:00,7.66,737.2,Diesel,41831.7
V047,2026-08-31T12:44:00+00:00,28.01,2578.67,Petrol,67075.8
V062,2026-08-11T07:36:00+00:00,37.62,3859.39,Diesel,165053.7
V014,2026-08-30T17:51:00+00:00,34.77,3344.46,Diesel,55157.6
V091,2026-08-21T06:11:00+00:00,7.95,731.47,Petrol,54975.5
V099,2026-08-24T15:33:00+00:00,40.03,3760.33,Diesel,131365.1
V002,2026-08-22T02:15:00+00:00,12.25,1208.33,Petrol,68573.7
V088,2026-09-10T07:32:00+00:00,22.4,2222.12,Petrol,124312.8
V083,2026-08-30T00:26:00+00:00,29.84,2748.33,Petrol,117845.2
V091,2026-09-17T14:24:00+00:00,33.12,3052.28,Petrol,30983.0
V052,2026-09-04T17:07:00+00:00,33.88,3462.0,Petrol,168089.7
V086,2026-08-02T14:50:00+00:00,25.75,2607.22,Diesel,108340.9
V003,2026-08-31T20:29:00+00:00,43.37,4055.42,Diesel,103655.9
V019,2026-08-04T12:47:00+00:00,33.2,3147.78,Diesel,15772.0
V047,2026-09-23T10:07:00+00:00,15.08,1480.47,Petrol,179719.7
V060,2026-09-07T14:11:00+00:00,15.97,1630.49,Diesel,69283.4
V002,2026-09-05T12:10:00+00:00,12.45,1262.48,Petrol,29312.2
V050,2026-08-02T06:43:00+00:00,9.35,913.48,Diesel,18068.0
V088,2026-09-17T20:15:00+00:00,25.19,2502.22,Petrol,112685.5
V036,2026-08-04T09:22:00+00:00,20.59,2065.77,Petrol,91877.3
V065,2026-08-09T02:13:00+00:00,28.85,2886.44,Petrol,95772.0
V095,2026-08-12T20:22:00+00:00,13.45,1257.28,Diesel,151743.2
V072,2026-08-10T11:10:00+00:00,9.4,881.73,Diesel,57190.3
V037,2026-08-31T16:20:00+00:00,40.24,3851.69,Diesel,100760.4
V041,2026-09-09T17:13:00+00:00,5.33,530.15,Diesel,8694.2
V022,2026-08-19T22:19:00+00:00,24.94,2548.84,Diesel,71639.2
V053,2026-08-30T02:45:00+00:00,16.31,1644.39,Diesel,149191.7
V033,2026-08-09T05:25:00+00:00,25.31,2529.32,Diesel,142010.0
V063,2026-08-01T02:46:00+00:00,44.22,4292.91,Diesel,50487.4
V007,2026-08-27T20:41:00+00:00,37.69,3715.93,Petrol,11458.6
V061,2026-08-07T15:57:00+00:00,38.68,3950.04,Petrol,43099.2
V099,2026-08-03T18:13:00+00:00,18.29,1736.76,Diesel,176646.3
V012,2026-09-21T06:42:00+00:00,37.54,3845.5,Diesel,160398.9
V005,2026-09-23T18:16:00+00:00,18.52,1763.4,Diesel,29422.4
V054,2026-09-20T11:38:00+00:00,35.55,3480.82,Diesel,66320.2
V057,2026-08-09T07:37:00+00:00,16.44,1552.16,Diesel,165864.8
V086,2026-08-09T20:50:00+00:00,25.28,2530.44,Diesel,170682.9
V068,2026-08-21T03:17:00+00:00,15.23,1482.79,Diesel,92179.4
V078,2026-08-23T05:07:00+00:00,43.36,4241.99,Diesel,122398.6
V080,2026-09-03T14:18:00+00:00,16.17,1662.26,Diesel,40227.0
V046,2026-08-16T18:32:00+00:00,6.3,595.69,Diesel,46346.9
V090,2026-08-22T23:12:00+00:00,34.1,3291.65,Petrol,36531.5
V044,2026-09-07T00:52:00+00:00,27.27,2571.22,Petrol,16173.3
V015,2026-09-06T16:32:00+00:00,12.48,1253.47,Diesel,118802.4
V037,2026-08-29T17:36:00+00:00,41.76,3898.77,Diesel,99114.1
V073,2026-08-04T04:22:00+00:00,29.57,3001.24,Petrol,55751.8
V052,2026-08-21T12:45:00+00:00,17.97,1685.3,Petrol,99732.1
V022,2026-08-27T23:33:00+00:00,23.79,2409.36,Diesel,38183.8
V037,2026-08-29T07:37:00+00:00,40.91,3768.27,Diesel,47849.5
V065,2026-09-14T08:44:00+00:00,29.49,2720.66,Petrol,11899.2
V052,2026-09-03T00:37:00+00:00,16.74,1666.88,Petrol,51495.1
V079,2026-08-14T05:59:00+00:00,23.27,2210.31,Diesel,155064.7
V027,2026-09-23T22:56:00+00:00,43.83,4402.12,Diesel,123424.2
V010,2026-09-01T07:59:00+00:00,13.27,1359.0,Diesel,48484.9
V010,2026-08-01T07:25:00+00:00,42.25,4333.98,Diesel,168034.6
V042,2026-08-03T06:38:00+00:00,40.17,3887.12,Diesel,84619.7
V050,2026-09-04T04:50:00+00:00,5.63,523.64,Diesel,29534.7
V058,2026-08-08T10:52:00+00:00,42.46,4369.01,Petrol,176342.3
V004,2026-08-27T18:29:00+00:00,39.53,3785.06,Diesel,104654.3
V060,2026-08-21T02:54:00+00:00,20.48,1917.0,Diesel,144513.1
V015,2026-09-08T20:27:00+00:00,22.87,2321.07,Diesel,121033.0
V048,2026-09-18T12:51:00+00:00,20.17,1997.55,Diesel,127168.7
V066,2026-08-08T12:26:00+00:00,27.7,2796.78,Diesel,27236.5
V020,2026-09-04T01:07:00+00:00,39.33,3690.44,Diesel,44389.6
V007,2026-08-19T20:10:00+00:00,16.34,1666.69,Petrol,160051.5
V075,2026-08-12T16:35:00+00:00,24.82,2415.89,Diesel,157131.9
V028,2026-08-06T18:31:00+00:00,33.43,3171.83,Diesel,15114.1
V086,2026-08-18T21:32:00+00:00,43.6,4203.21,Diesel,82468.0
V091,2026-08-11T03:09:00+00:00,25.36,2398.47,Petrol,47539.4
V007,2026-09-03T01:23:00+00:00,28.86,2936.23,Petrol,88510.4
V004,2026-08-20T00:26:00+00:00,9.96,944.93,Diesel,106195.3
V030,2026-08-12T17:43:00+00:00,17.27,1715.67,Diesel,105254.7
V010,2026-09-23T22:07:00+00:00,24.8,2421.49,Diesel,163081.4
V033,2026-09-24T11:43:00+00:00,43.04,4382.99,Diesel,81881.3
V086,2026-09-17T06:36:00+00:00,21.27,1964.21,Diesel,137822.0
V089,2026-08-21T11:20:00+00:00,42.23,4011.81,Diesel,153778.9
V061,2026-08-17T16:33:00+00:00,31.23,3199.31,Petrol,41942.2
V049,2026-09-07T06:43:00+00:00,5.54,519.21,Diesel,58475.6
V074,2026-09-03T21:39:00+00:00,39.21,3618.62,Diesel,97873.6
V036,2026-09-01T08:17:00+00:00,27.94,2749.31,Petrol,64226.5
V050,2026-08-31T23:17:00+00:00,29.97,2910.24,Diesel,103951.7
V037,2026-08-13T21:13:00+00:00,15.9,1628.87,Diesel,152138.3
V080,2026-08-04T05:18:00+00:00,23.32,2342.62,Diesel,119944.5
V038,2026-08-31T17:13:00+00:00,23.12,2378.08,Petrol,135946.0
V007,2026-08-15T06:11:00+00:00,36.96,3503.35,Petrol,128626.1
V042,2026-08-25T19:30:00+00:00,35.39,3269.79,Diesel,109353.7
V077,2026-09-07T20:38:00+00:00,11.43,1079.09,Diesel,100327.3
V027,2026-08-24T11:44:00+00:00,17.99,1758.02,Diesel,141882.6
V036,2026-08-31T17:56:00+00:00,29.01,2796.45,Petrol,77093.6
V074,2026-09-23T00:52:00+00:00,36.01,3359.38,Diesel,82546.3
V072,2026-08-26T04:59:00+00:00,12.8,1218.65,Diesel,114550.9
V005,2026-08-29T03:25:00+00:00,21.33,2086.42,Diesel,29198.1
V071,2026-08-27T05:47:00+00:00,21.22,2047.29,Diesel,61960.8
V046,2026-08-07T12:57:00+00:00,44.04,4262.67,Diesel,56567.9
V030,2026-08-08T19:04:00+00:00,42.55,4345.89,Diesel,56404.8
V029,2026-08-12T20:19:00+00:00,26.87,2514.43,Diesel,136803.1
V076,2026-08-31T23:29:00+00:00,7.92,741.08,Diesel,145398.3
V055,2026-08-10T15:14:00+00:00,37.11,3429.01,Diesel,119072.9
V048,2026-08-08T18:27:00+00:00,27.17,2579.8,Diesel,52170.0
V015,2026-09-10T23:20:00+00:00,38.45,3664.5,Diesel,33040.6
V012,2026-09-15T12:04:00+00:00,19.37,1852.22,Diesel,143676.8
V054,2026-09-11T12:12:00+00:00,31.04,3018.2,Diesel,132527.4
V005,2026-08-04T18:04:00+00:00,19.73,1904.27,Diesel,88641.9
V082,2026-08-21T18:20:00+00:00,29.57,2928.58,Diesel,172230.9
V090,2026-08-14T04:55:00+00:00,19.52,1807.39,Petrol,121328.8
V072,2026-08-03T01:34:00+00:00,17.74,1674.76,Diesel,72302.0
V085,2026-08-21T06:04:00+00:00,18.61,1730.05,Diesel,174785.5
V041,2026-08-26T11:26:00+00:00,43.06,4393.61,Diesel,63961.7
V091,2026-08-19T15:32:00+00:00,33.16,3381.63,Petrol,53964.1
V082,2026-08-28T18:52:00+00:00,39.83,3759.06,Diesel,153242.4
V048,2026-09-17T04:56:00+00:00,25.84,2585.07,Diesel,55880.8
V084,2026-09-20T23:34:00+00:00,30.52,3033.42,Petrol,113055.5
V015,2026-08-03T17:00:00+00:00,23.49,2186.11,Diesel,15039.9
V009,2026-08-06T21:18:00+00:00,39.17,3708.61,Petrol,166037.5
V054,2026-09-11T12:32:00+00:00,33.95,3344.72,Diesel,88352.5
V010,2026-09-02T23:34:00+00:00,39.42,3700.03,Diesel,51158.2
V014,2026-09-18T14:00:00+00:00,42.11,4174.66,Diesel,156437.9
V027,2026-08-15T21:33:00+00:00,21.84,2068.01,Diesel,73297.7
V065,2026-08-09T15:55:00+00:00,27.08,2700.73,Petrol,178624.9
V090,2026-08-26T22:16:00+00:00,25.18,2427.45,Petrol,69462.0
V039,2026-08-06T12:07:00+00:00,27.41,2536.31,Diesel,177893.7
V071,2026-08-11T08:03:00+00:00,26.9,2533.42,Diesel,45623.3
V037,2026-08-31T09:08:00+00:00,22.92,2146.12,Diesel,60994.5
V029,2026-08-15T06:46:00+00:00,40.07,4079.84,Diesel,87884.2
V033,2026-09-03T17:03:00+00:00,35.16,3400.25,Diesel,68169.0
V068,2026-08-27T10:14:00+00:00,29.81,2935.02,Diesel,152339.1
V068,2026-09-14T22:00:00+00:00,7.28,694.96,Diesel,116192.9
V062,2026-09-19T11:46:00+00:00,24.68,2364.92,Diesel,67706.2
V038,2026-09-22T04:33:00+00:00,38.59,3730.96,Petrol,46372.0
V014,2026-08-14T02:55:00+00:00,22.06,2151.32,Diesel,99567.0
V098,2026-08-19T00:09:00+00:00,40.73,4084.25,Diesel,97906.2
V016,2026-09-06T05:19:00+00:00,7.0,671.6,Diesel,86320.3
V092,2026-08-15T11:14:00+00:00,8.73,806.6,Diesel,61502.6
V026,2026-08-10T11:58:00+00:00,5.65,533.59,Petrol,170937.4
V053,2026-08-05T22:58:00+00:00,24.78,2320.33,Diesel,130205.9
V055,2026-08-31T12:08:00+00:00,35.38,3425.83,Diesel,70337.6
V089,2026-08-01T08:38:00+00:00,33.34,3125.49,Diesel,29326.8
V021,2026-08-31T22:29:00+00:00,12.81,1199.0,Diesel,75161.3
V017,2026-09-12T21:29:00+00:00,36.49,3596.49,Diesel,166036.0
V077,2026-09-09T08:10:00+00:00,19.54,1913.51,Diesel,145575.0
V015,2026-08-12T04:25:00+00:00,10.57,1045.77,Diesel,168420.6
V042,2026-08-24T05:38:00+00:00,43.65,4436.76,Diesel,16207.2
V030,2026-08-17T13:20:00+00:00,43.34,4299.4,Diesel,127480.8
V054,2026-08-23T05:25:00+00:00,14.8,1401.08,Diesel,54836.4
V057,2026-09-13T17:19:00+00:00,10.47,1001.37,Diesel,107246.4
V040,2026-08-25T12:33:00+00:00,39.65,3909.11,Diesel,84359.9
V007,2026-08-07T17:59:00+00:00,6.57,660.85,Petrol,12430.2
V089,2026-09-08T04:11:00+00:00,12.82,1250.13,Diesel,135865.1
V070,2026-08-08T11:01:00+00:00,30.78,2882.13,Diesel,5751.3
V059,2026-09-15T15:20:00+00:00,19.22,1901.59,Diesel,169406.2
V059,2026-08-25T05:34:00+00:00,30.03,2821.58,Diesel,116386.3
V027,2026-09-14T10:04:00+00:00,26.06,2415.8,Diesel,86535.1
V005,2026-08-16T12:22:00+00:00,9.93,971.16,Diesel,92947.4
V041,2026-09-23T06:40:00+00:00,12.59,1175.61,Diesel,98558.3
V042,2026-08-05T18:27:00+00:00,18.82,1909.74,Diesel,42799.3
V005,2026-09-06T10:18:00+00:00,17.69,1810.62,Diesel,33115.4
V007,2026-09-12T00:50:00+00:00,6.05,620.41,Petrol,10075.9
V079,2026-08-29T12:29:00+00:00,6.11,565.63,Diesel,24200.3
V019,2026-08-10T18:19:00+00:00,6.4,603.14,Diesel,91984.0
V053,2026-08-11T13:16:00+00:00,39.95,3936.81,Diesel,57178.2
V045,2026-08-10T19:22:00+00:00,20.22,1882.77,Diesel,175191.0
V014,2026-09-17T06:31:00+00:00,23.84,2300.08,Diesel,109991.9
V100,2026-09-03T19:39:00+00:00,34.94,3554.74,Diesel,178699.7
V016,2026-09-23T09:53:00+00:00,5.66,534.94,Diesel,8517.3
V062,2026-08-03T19:46:00+00:00,29.3,2729.56,Diesel,60270.4
V012,2026-08-25T23:10:00+00:00,42.65,4188.94,Diesel,7631.9
V071,2026-09-07T18:23:00+00:00,15.03,1493.34,Diesel,155244.5
V001,2026-08-06T10:18:00+00:00,44.55,4519.35,Petrol,98032.3
V054,2026-08-10T03:22:00+00:00,8.51,810.15,Diesel,20528.9
V048,2026-09-15T11:08:00+00:00,33.19,3329.72,Diesel,87915.8
V037,2026-08-03T16:37:00+00:00,6.74,633.02,Diesel,116364.1
V069,2026-08-27T15:07:00+00:00,44.14,4500.05,Petrol,14739.9
V083,2026-09-10T09:10:00+00:00,43.34,4065.36,Petrol,17852.9
V001,2026-08-08T11:19:00+00:00,14.11,1450.52,Petrol,166242.7
V063,2026-08-20T19:52:00+00:00,42.51,3947.23,Diesel,26207.9
V033,2026-09-19T03:13:00+00:00,42.7,4254.97,Diesel,91478.2
V028,2026-08-24T23:28:00+00:00,26.58,2700.85,Diesel,44298.9
V081,2026-09-19T03:11:00+00:00,13.7,1338.06,Diesel,31947.5
V034,2026-09-21T12:52:00+00:00,15.1,1514.85,Diesel,119489.2
V060,2026-09-01T00:01:00+00:00,23.32,2266.82,Diesel,164398.3
V091,2026-08-05T08:50:00+00:00,28.6,2925.84,Petrol,110501.2
V045,2026-09-16T21:05:00+00:00,38.65,3903.57,Diesel,79720.8
V066,2026-08-06T04:38:00+00:00,37.9,3734.99,Diesel,20949.7
V031,2026-08-23T15:29:00+00:00,44.73,4575.46,Diesel,153587.2
V055,2026-08-09T23:58:00+00:00,34.68,3537.26,Diesel,54039.9
V050,2026-09-20T18:31:00+00:00,22.69,2235.28,Diesel,76606.4
V018,2026-08-19T12:59:00+00:00,42.28,4205.14,Diesel,37456.9
V048,2026-08-22T03:46:00+00:00,30.07,2798.8,Diesel,117644.8
V093,2026-09-09T02:15:00+00:00,22.6,2210.19,Diesel,177311.9
V018,2026-08-22T10:59:00+00:00,12.88,1310.0,Diesel,87801.5
V002,2026-09-22T23:54:00+00:00,19.4,1876.89,Petrol,41133.5
V072,2026-08-03T14:55:00+00:00,35.98,3378.87,Diesel,151973.5
V090,2026-09-01T13:04:00+00:00,28.61,2898.68,Petrol,144805.7
V046,2026-08-07T00:55:00+00:00,5.75,559.8,Diesel,37603.8
V028,2026-09-17T23:57:00+00:00,19.94,1849.16,Diesel,143606.1
V005,2026-08-20T16:59:00+00:00,37.23,3460.98,Diesel,158603.6
V057,2026-09-17T09:07:00+00:00,19.42,1875.47,Diesel,22440.2
V087,2026-08-20T04:11:00+00:00,36.39,3503.11,Petrol,54377.0
V080,2026-08-06T11:10:00+00:00,41.75,3868.0,Diesel,28142.1
V091,2026-09-08T16:35:00+00:00,42.2,4146.48,Petrol,122971.6
V037,2026-09-18T06:09:00+00:00,26.37,2464.24,Diesel,103648.5
V065,2026-09-01T18:52:00+00:00,17.71,1698.71,Petrol,71346.2
V098,2026-09-02T09:52:00+00:00,33.27,3405.27,Diesel,39797.6
V091,2026-09-20T03:17:00+00:00,19.07,1862.82,Petrol,48947.7
V069,2026-08-20T18:26:00+00:00,39.47,3693.49,Petrol,12160.4
V051,2026-08-11T18:33:00+00:00,42.72,4004.39,Diesel,38400.5
V044,2026-08-16T02:20:00+00:00,44.84,4454.07,Petrol,133247.0
V005,2026-08-10T08:24:00+00:00,30.66,3080.91,Diesel,30460.4
V020,2026-08-17T20:04:00+00:00,24.72,2337.07,Diesel,166679.8
V006,2026-08-08T04:36:00+00:00,8.43,806.69,Diesel,6338.9
V093,2026-09-13T18:10:00+00:00,7.77,720.36,Diesel,57798.3
V098,2026-09-09T05:48:00+00:00,24.78,2418.98,Diesel,80379.3
V079,2026-09-06T11:14:00+00:00,25.48,2503.88,Diesel,145812.7
V090,2026-09-22T18:17:00+00:00,7.28,721.99,Petrol,83204.9
V099,2026-08-24T00:04:00+00:00,30.42,2809.33,Diesel,28293.2
V080,2026-08-02T11:09:00+00:00,14.39,1444.0,Diesel,85801.2
V064,2026-08-12T21:36:00+00:00,10.99,1055.98,Petrol,33559.7
V078,2026-09-03T21:35:00+00:00,36.31,3654.01,Diesel,56349.7
V001,2026-09-11T07:38:00+00:00,14.1,1382.13,Petrol,161776.5
V049,2026-08-22T10:08:00+00:00,42.39,4004.85,Diesel,57657.7
V048,2026-09-19T23:50:00+00:00,37.13,3518.44,Diesel,60705.5
V053,2026-08-23T10:06:00+00:00,29.89,2773.59,Diesel,21463.4
V073,2026-08-14T08:19:00+00:00,9.63,953.98,Petrol,143913.3
V046,2026-08-22T16:27:00+00:00,16.44,1553.97,Diesel,175388.6
V038,2026-08-13T17:59:00+00:00,10.46,986.23,Petrol,94760.5
V081,2026-09-16T20:39:00+00:00,38.06,3896.9,Diesel,169352.6
V096,2026-09-03T00:29:00+00:00,41.52,4083.11,Petrol,152448.7
V074,2026-09-21T23:53:00+00:00,43.19,4010.38,Diesel,171994.5
V057,2026-08-02T02:27:00+00:00,14.07,1408.99,Diesel,127414.7
V087,2026-08-20T23:54:00+00:00,16.42,1648.79,Petrol,45781.8
V068,2026-08-04T18:21:00+00:00,34.53,3514.82,Diesel,87332.9
V016,2026-09-04T23:07:00+00:00,22.4,2264.43,Diesel,92254.7
V063,2026-08-12T09:57:00+00:00,30.36,3001.96,Diesel,17266.3
V094,2026-09-08T21:35:00+00:00,28.36,2721.2,Diesel,9185.6
V063,2026-08-05T19:52:00+00:00,22.24,2108.76,Diesel,147484.1
V076,2026-08-22T15:19:00+00:00,14.52,1408.02,Diesel,30155.3
V008,2026-09-18T14:25:00+00:00,23.43,2215.86,Diesel,23325.5
V025,2026-08-05T04:02:00+00:00,40.67,3993.58,Diesel,139230.6
V060,2026-09-03T20:40:00+00:00,27.24,2658.0,Diesel,96079.3
V027,2026-08-27T04:25:00+00:00,41.82,3945.7,Diesel,79921.6
V062,2026-08-08T19:45:00+00:00,33.8,3141.85,Diesel,41681.7
V041,2026-09-08T05:58:00+00:00,41.22,4013.92,Diesel,123245.7
V009,2026-08-10T15:34:00+00:00,22.8,2275.72,Petrol,127572.2
V032,2026-09-01T16:42:00+00:00,36.99,3602.43,Petrol,76675.0
V059,2026-09-13T07:46:00+00:00,27.57,2658.58,Diesel,166606.0
V058,2026-08-23T16:00:00+00:00,15.54,1454.28,Petrol,68595.4
V076,2026-08-15T03:40:00+00:00,32.22,3100.07,Diesel,11054.4
V098,2026-08-24T23:52:00+00:00,18.83,1895.69,Diesel,145781.3
V085,2026-09-03T03:05:00+00:00,28.73,2796.43,Diesel,87087.6
V089,2026-08-29T10:22:00+00:00,5.08,513.54,Diesel,51498.0
V049,2026-09-16T08:10:00+00:00,13.22,1255.99,Diesel,7580.1
V037,2026-09-11T15:22:00+00:00,39.14,3691.81,Diesel,83917.2
V081,2026-09-16T20:33:00+00:00,36.44,3537.4,Diesel,62645.4
V032,2026-08-17T22:52:00+00:00,17.79,1742.11,Petrol,176653.4
V021,2026-09-18T20:24:00+00:00,7.0,699.74,Diesel,73558.8
V097,2026-09-03T10:23:00+00:00,5.76,540.04,Diesel,34747.0
V062,2026-09-21T03:56:00+00:00,37.28,3600.11,Diesel,62989.3
V086,2026-08-12T01:57:00+00:00,8.85,871.22,Diesel,66291.3
V024,2026-08-24T13:38:00+00:00,39.05,3881.62,Diesel,127400.2
V079,2026-08-15T21:35:00+00:00,29.39,3003.41,Diesel,136047.5
V063,2026-08-29T00:39:00+00:00,39.24,3877.23,Diesel,110157.8
V078,2026-08-31T18:43:00+00:00,21.07,2038.88,Diesel,120959.8
V084,2026-09-15T20:00:00+00:00,10.05,943.63,Petrol,93482.1
V006,2026-08-20T08:16:00+00:00,16.86,1567.08,Diesel,125125.5
V009,2026-08-26T19:45:00+00:00,19.25,1867.71,Petrol,92084.5
V053,2026-08-27T03:11:00+00:00,14.29,1371.21,Diesel,171084.4
V077,2026-08-25T13:31:00+00:00,14.4,1448.24,Diesel,156891.0
V031,2026-09-01T22:02:00+00:00,31.49,3172.84,Diesel,19184.9
V052,2026-08-17T06:37:00+00:00,15.16,1552.67,Petrol,106400.8
V060,2026-09-11T21:54:00+00:00,20.96,1945.14,Diesel,128674.2
V051,2026-09-20T05:10:00+00:00,25.97,2553.83,Diesel,59809.0
V034,2026-09-04T19:04:00+00:00,25.05,2316.98,Diesel,46201.4
V064,2026-08-01T07:53:00+00:00,22.28,2205.59,Petrol,166415.6
V025,2026-09-20T15:43:00+00:00,38.14,3916.29,Diesel,129552.2
V050,2026-09-02T13:00:00+00:00,22.57,2141.67,Diesel,90556.5
V056,2026-08-09T02:54:00+00:00,22.85,2303.4,Diesel,38312.1
V079,2026-08-22T15:29:00+00:00,23.26,2325.7,Diesel,134262.3
V099,2026-09-09T05:11:00+00:00,38.37,3543.13,Diesel,71282.4
V074,2026-08-19T23:21:00+00:00,24.8,2410.73,Diesel,77882.6
V045,2026-08-15T12:31:00+00:00,28.44,2800.15,Diesel,30949.1
V046,2026-09-01T17:18:00+00:00,22.73,2129.38,Diesel,168938.8
V077,2026-08-20T13:08:00+00:00,24.24,2321.69,Diesel,131708.1
V007,2026-09-15T05:14:00+00:00,15.78,1461.3,Petrol,119579.4
V031,2026-09-19T20:30:00+00:00,12.24,1170.85,Diesel,83771.5
V069,2026-08-27T10:44:00+00:00,38.46,3696.95,Petrol,168680.9
V099,2026-09-08T16:25:00+00:00,18.32,1844.24,Diesel,61546.2
V022,2026-09-19T19:41:00+00:00,12.58,1246.45,Diesel,60405.0
V097,2026-08-29T00:24:00+00:00,36.84,3430.09,Diesel,89238.4
V076,2026-09-06T16:45:00+00:00,35.62,3325.87,Diesel,169306.9
V021,2026-08-11T13:29:00+00:00,13.29,1360.18,Diesel,167983.8
V063,2026-09-05T06:10:00+00:00,36.18,3483.05,Diesel,81708.3
V067,2026-08-13T05:08:00+00:00,24.17,2225.03,Petrol,87702.4
V049,2026-08-28T16:02:00+00:00,28.74,2751.24,Diesel,161425.8
V071,2026-08-22T22:06:00+00:00,17.96,1660.05,Diesel,65642.8
V001,2026-08-24T03:16:00+00:00,11.68,1121.26,Petrol,72835.7
V050,2026-08-04T00:51:00+00:00,9.95,977.03,Diesel,57932.1
V098,2026-09-01T02:07:00+00:00,13.81,1276.61,Diesel,39527.8
V038,2026-09-07T09:38:00+00:00,44.1,4201.07,Petrol,172495.8
V068,2026-08-30T20:22:00+00:00,19.62,2005.59,Diesel,28143.3
V024,2026-09-04T01:51:00+00:00,10.34,984.41,Diesel,93190.6
V093,2026-09-17T00:49:00+00:00,35.76,3625.63,Diesel,28466.5
V039,2026-09-01T03:41:00+00:00,40.08,3796.3,Diesel,32507.1
V047,2026-08-12T23:35:00+00:00,12.95,1297.94,Petrol,46703.6
V076,2026-09-10T09:49:00+00:00,26.49,2651.89,Diesel,144234.6
V081,2026-09-19T05:15:00+00:00,16.56,1646.61,Diesel,16618.6
V041,2026-09-12T00:50:00+00:00,28.47,2781.36,Diesel,157025.5
V095,2026-09-14T09:42:00+00:00,39.24,3885.87,Diesel,102521.3
V085,2026-09-04T15:02:00+00:00,11.19,1059.48,Diesel,37733.2
V027,2026-09-14T21:44:00+00:00,9.03,913.02,Diesel,108979.6
V021,2026-08-29T23:25:00+00:00,18.14,1809.94,Diesel,111564.8
V082,2026-08-07T22:56:00+00:00,7.59,735.21,Diesel,144925.7
V086,2026-09-05T14:26:00+00:00,37.51,3761.33,Diesel,129137.3
V067,2026-08-13T11:52:00+00:00,8.91,831.67,Petrol,37848.2
V084,2026-08-20T13:01:00+00:00,8.33,824.16,Petrol,176817.5
V052,2026-08-18T05:59:00+00:00,31.25,3112.74,Petrol,173340.9
V020,2026-09-09T04:05:00+00:00,5.69,537.52,Diesel,48395.3
V057,2026-08-04T06:45:00+00:00,15.31,1416.44,Diesel,142888.0
V016,2026-09-03T09:56:00+00:00,19.39,1924.51,Diesel,129253.7
V057,2026-09-09T17:52:00+00:00,24.42,2273.26,Diesel,59340.2
V052,2026-08-04T00:16:00+00:00,29.06,2716.96,Petrol,78237.4
V046,2026-08-16T16:37:00+00:00,25.7,2535.79,Diesel,53264.7
V091,2026-09-16T13:44:00+00:00,43.8,4085.71,Petrol,115066.7
V061,2026-09-10T05:12:00+00:00,34.5,3471.37,Petrol,179356.1
V044,2026-08-24T12:03:00+00:00,20.17,1951.83,Petrol,37525.6
V040,2026-08-10T18:05:00+00:00,43.63,4469.23,Diesel,75180.4
V030,2026-09-01T13:14:00+00:00,42.13,3927.76,Diesel,43959.4
V054,2026-09-21T02:26:00+00:00,20.12,1933.53,Diesel,154988.9
V079,2026-08-26T23:59:00+00:00,32.59,3102.74,Diesel,43761.1
V095,2026-08-02T15:46:00+00:00,42.75,4276.11,Diesel,8838.2
V009,2026-09-15T08:50:00+00:00,15.0,1515.67,Petrol,30187.1
V040,2026-08-19T07:28:00+00:00,31.27,3144.75,Diesel,91265.9
V085,2026-09-16T01:03:00+00:00,34.1,3415.75,Diesel,38138.4
V042,2026-08-19T08:18:00+00:00,44.47,4139.11,Diesel,141819.0
V009,2026-08-22T12:29:00+00:00,16.83,1608.91,Petrol,147840.1
V044,2026-08-01T17:12:00+00:00,26.85,2656.16,Petrol,124030.6
V001,2026-09-01T14:10:00+00:00,37.54,3726.08,Petrol,21263.3
V073,2026-09-13T14:40:00+00:00,7.03,656.66,Petrol,108637.7
V017,2026-08-26T14:50:00+00:00,17.34,1600.51,Diesel,124573.5
V042,2026-08-24T16:31:00+00:00,28.56,2939.74,Diesel,10365.9
V018,2026-09-12T16:11:00+00:00,13.45,1298.7,Diesel,139436.5
V047,2026-09-13T08:55:00+00:00,33.32,3394.43,Petrol,76510.4
V048,2026-08-13T19:01:00+00:00,18.07,1758.99,Diesel,179406.6
V010,2026-08-23T20:53:00+00:00,31.88,2938.98,Diesel,20936.1
V029,2026-09-15T17:23:00+00:00,26.0,2549.64,Diesel,70384.2
V026,2026-09-22T17:33:00+00:00,40.0,3744.12,Petrol,127883.4
V064,2026-09-23T20:27:00+00:00,16.22,1596.02,Petrol,154806.2
V053,2026-08-16T11:15:00+00:00,17.08,1637.53,Diesel,42039.5
V059,2026-09-03T12:21:00+00:00,39.35,3705.17,Diesel,95450.8
V009,2026-08-25T06:19:00+00:00,7.94,782.22,Petrol,163089.9
V063,2026-08-29T22:49:00+00:00,35.16,3522.02,Diesel,62545.0
V100,2026-09-16T14:11:00+00:00,40.73,3756.82,Diesel,14287.2
V014,2026-09-09T18:22:00+00:00,36.68,3603.53,Diesel,93148.7
V049,2026-08-26T09:17:00+00:00,35.22,3598.77,Diesel,176265.8
V034,2026-09-01T11:16:00+00:00,15.52,1509.28,Diesel,149036.9
V080,2026-08-28T19:49:00+00:00,8.3,787.02,Diesel,45073.1
V045,2026-09-07T21:44:00+00:00,34.66,3555.34,Diesel,103114.8
V015,2026-09-10T08:31:00+00:00,17.11,1658.08,Diesel,75241.4
V031,2026-08-19T01:24:00+00:00,39.67,3943.08,Diesel,32124.9
V070,2026-08-01T01:47:00+00:00,12.26,1140.01,Diesel,140641.2
V097,2026-09-13T17:13:00+00:00,44.7,4234.13,Diesel,16188.9
V012,2026-09-19T15:01:00+00:00,17.82,1808.52,Diesel,10898.2
V029,2026-09-08T08:29:00+00:00,11.8,1171.95,Diesel,90878.4
V089,2026-09-07T01:33:00+00:00,25.42,2451.58,Diesel,162811.5
V029,2026-08-27T14:48:00+00:00,34.85,3427.34,Diesel,20782.3
V083,2026-08-18T18:41:00+00:00,12.93,1278.26,Petrol,176019.4
V024,2026-09-10T07:03:00+00:00,17.9,1688.66,Diesel,108431.6
V033,2026-08-09T00:40:00+00:00,42.3,4135.49,Diesel,60457.9
V055,2026-08-17T04:59:00+00:00,5.7,572.49,Diesel,13122.7
V095,2026-09-04T02:17:00+00:00,8.63,827.92,Diesel,125778.5
V068,2026-09-23T21:19:00+00:00,18.05,1736.07,Diesel,168491.0
V009,2026-09-03T17:44:00+00:00,35.85,3298.42,Petrol,124546.6
V017,2026-08-06T09:50:00+00:00,41.94,4115.76,Diesel,33957.7
V078,2026-09-03T01:08:00+00:00,40.03,3919.71,Diesel,143492.3
V044,2026-09-21T03:05:00+00:00,25.75,2496.07,Petrol,61667.4
V073,2026-08-23T11:38:00+00:00,17.94,1721.14,Petrol,77013.7
V075,2026-08-02T05:28:00+00:00,32.54,3119.48,Diesel,48714.4
V089,2026-08-19T23:32:00+00:00,10.86,1049.91,Diesel,38853.5
V072,2026-08-21T06:13:00+00:00,18.59,1721.67,Diesel,12180.1
V075,2026-08-01T16:12:00+00:00,17.24,1654.98,Diesel,27404.9
V012,2026-08-25T22:02:00+00:00,19.25,1821.83,Diesel,167698.3
V066,2026-08-17T01:26:00+00:00,35.67,3335.18,Diesel,17907.1
V015,2026-09-05T21:52:00+00:00,12.63,1272.1,Diesel,33561.2
V009,2026-09-23T23:33:00+00:00,24.62,2319.88,Petrol,112983.6
V081,2026-08-08T10:34:00+00:00,10.27,1049.43,Diesel,119379.6
V027,2026-09-05T12:37:00+00:00,41.69,4242.2,Diesel,38316.5
V023,2026-09-14T07:27:00+00:00,7.28,709.59,Diesel,153506.3
V073,2026-09-03T06:43:00+00:00,36.63,3592.76,Petrol,63004.6
V095,2026-09-13T06:07:00+00:00,5.47,535.87,Diesel,55147.1
V060,2026-09-16T14:29:00+00:00,13.11,1225.63,Diesel,107229.5
V095,2026-09-07T03:21:00+00:00,32.34,3154.41,Diesel,30735.7
V017,2026-09-24T16:15:00+00:00,23.46,2407.41,Diesel,96477.1
V015,2026-08-10T16:21:00+00:00,15.68,1527.08,Diesel,137688.7
V091,2026-08-20T11:17:00+00:00,7.39,741.78,Petrol,36400.5
V075,2026-09-10T02:10:00+00:00,42.18,4053.61,Diesel,105591.6
V008,2026-08-30T03:56:00+00:00,22.37,2167.43,Diesel,71004.4
V016,2026-08-06T12:13:00+00:00,32.69,3285.74,Diesel,33860.7
V015,2026-09-07T07:17:00+00:00,35.09,3235.24,Diesel,141509.7
V051,2026-08-25T22:28:00+00:00,27.73,2643.08,Diesel,99042.8
V031,2026-08-25T23:52:00+00:00,16.26,1624.55,Diesel,121897.8
V054,2026-09-21T23:45:00+00:00,8.37,774.65,Diesel,81742.6
V015,2026-08-26T18:51:00+00:00,28.81,2671.3,Diesel,52340.5
V073,2026-08-21T05:49:00+00:00,28.27,2673.88,Petrol,119700.2
V078,2026-08-05T05:44:00+00:00,38.1,3828.91,Diesel,125241.8
V049,2026-09-17T03:56:00+00:00,14.88,1402.23,Diesel,163589.7
V058,2026-09-04T12:06:00+00:00,19.47,1793.91,Petrol,22220.9
V059,2026-08-27T11:08:00+00:00,35.98,3691.15,Diesel,167517.6
V080,2026-09-24T21:17:00+00:00,6.51,643.78,Diesel,89889.6
V052,2026-08-16T03:49:00+00:00,15.16,1558.13,Petrol,151331.8
V015,2026-08-26T22:07:00+00:00,14.9,1528.92,Diesel,167794.7
V084,2026-08-04T13:31:00+00:00,42.56,4200.39,Petrol,170685.9
V018,2026-08-19T03:59:00+00:00,36.5,3395.92,Diesel,20432.3
V024,2026-08-06T01:34:00+00:00,19.27,1880.18,Diesel,61618.0
V049,2026-08-27T01:26:00+00:00,19.36,1969.69,Diesel,132785.2
V011,2026-09-03T00:39:00+00:00,41.21,4177.47,Diesel,24648.8
V048,2026-09-06T16:38:00+00:00,22.1,2249.65,Diesel,63918.8
V095,2026-09-04T00:30:00+00:00,16.45,1623.22,Diesel,164691.8
V001,2026-08-12T09:47:00+00:00,13.66,1334.32,Petrol,100871.0
V015,2026-09-07T11:18:00+00:00,15.31,1451.22,Diesel,147084.6
V031,2026-09-19T16:44:00+00:00,31.06,3123.91,Diesel,166248.5
V082,2026-08-19T02:44:00+00:00,21.66,2117.85,Diesel,94873.8
V067,2026-08-04T23:11:00+00:00,22.15,2086.8,Petrol,30576.5
V092,2026-09-21T05:39:00+00:00,17.51,1643.37,Diesel,132990.3
V018,2026-09-05T22:49:00+00:00,13.87,1412.89,Diesel,114407.0
V086,2026-09-02T18:25:00+00:00,41.91,4180.03,Diesel,123106.2
V032,2026-09-15T07:05:00+00:00,28.38,2877.8,Petrol,62032.6
V022,2026-08-24T20:33:00+00:00,22.42,2179.44,Diesel,123236.3
V057,2026-09-13T07:09:00+00:00,18.35,1774.53,Diesel,38927.0
V076,2026-09-02T17:27:00+00:00,20.45,1911.85,Diesel,146960.5
V050,2026-08-11T20:05:00+00:00,35.8,3454.27,Diesel,40851.1
V030,2026-08-02T19:21:00+00:00,21.1,2091.89,Diesel,161525.9
V011,2026-09-24T20:24:00+00:00,18.46,1863.62,Diesel,57104.1
V093,2026-08-19T17:43:00+00:00,12.82,1208.36,Diesel,125167.2
V052,2026-08-11T22:17:00+00:00,21.64,2002.2,Petrol,173972.6
V096,2026-09-15T17:07:00+00:00,14.8,1516.98,Petrol,58169.7
V014,2026-09-21T02:34:00+00:00,9.85,954.77,Diesel,160432.1
V012,2026-09-06T17:10:00+00:00,19.35,1946.83,Diesel,119744.9
V007,2026-08-05T04:44:00+00:00,42.0,4046.96,Petrol,94650.7
V010,2026-09-15T06:33:00+00:00,19.9,2004.63,Diesel,99041.3
V007,2026-08-16T15:05:00+00:00,33.02,3227.07,Petrol,30150.0
V052,2026-09-21T07:14:00+00:00,6.88,674.19,Petrol,100626.8
V069,2026-09-17T13:53:00+00:00,5.51,516.5,Petrol,112841.2
V076,2026-08-13T16:25:00+00:00,20.09,2027.3,Diesel,6817.2
V076,2026-09-05T17:35:00+00:00,27.35,2815.12,Diesel,131275.5
V028,2026-09-13T06:32:00+00:00,39.18,3762.89,Diesel,172012.9
V033,2026-08-24T13:46:00+00:00,37.8,3853.01,Diesel,136833.0
V076,2026-08-12T04:21:00+00:00,9.88,924.74,Diesel,144721.4
V084,2026-09-10T09:41:00+00:00,15.95,1610.6,Petrol,84472.5
V011,2026-08-13T21:05:00+00:00,21.09,2103.17,Diesel,43707.3
V042,2026-08-26T17:41:00+00:00,18.71,1779.34,Diesel,174788.2
V051,2026-08-20T19:56:00+00:00,28.12,2633.66,Diesel,78063.2
V066,2026-09-19T00:13:00+00:00,38.57,3698.28,Diesel,121575.5
V050,2026-08-11T08:58:00+00:00,26.84,2519.86,Diesel,5676.9
V007,2026-09-10T15:29:00+00:00,29.37,2970.04,Petrol,97513.1
V036,2026-08-25T19:17:00+00:00,25.37,2384.23,Petrol,46399.1
V079,2026-08-30T04:36:00+00:00,6.09,585.42,Diesel,17590.0
V065,2026-08-24T06:21:00+00:00,21.02,1971.19,Petrol,150857.9
V026,2026-09-10T06:47:00+00:00,8.65,863.06,Petrol,70487.8
V068,2026-09-20T12:38:00+00:00,15.79,1452.96,Diesel,136012.3
V018,2026-08-26T15:17:00+00:00,34.24,3373.75,Diesel,40802.9
V086,2026-08-08T00:44:00+00:00,43.62,4455.48,Diesel,153793.7
V054,2026-08-20T23:09:00+00:00,28.32,2840.85,Diesel,5992.7
V023,2026-09-03T03:03:00+00:00,27.56,2750.36,Diesel,173078.0
V069,2026-09-18T00:22:00+00:00,27.17,2783.02,Petrol,83060.0
V001,2026-08-20T00:06:00+00:00,33.22,3062.71,Petrol,24636.3
V038,2026-09-16T04:46:00+00:00,42.29,4157.03,Petrol,139347.3
V097,2026-08-26T09:58:00+00:00,41.08,4161.82,Diesel,127046.9
V092,2026-08-22T13:29:00+00:00,34.33,3262.08,Diesel,152392.7
V014,2026-09-05T14:04:00+00:00,43.61,4211.92,Diesel,23161.4
V081,2026-09-03T01:18:00+00:00,20.43,1959.7,Diesel,136433.9
V027,2026-08-22T12:07:00+00:00,18.96,1920.13,Diesel,14507.9
V056,2026-09-04T22:00:00+00:00,19.31,1840.98,Diesel,178813.5
V069,2026-09-19T07:37:00+00:00,40.19,3796.28,Petrol,88114.2
V028,2026-09-03T04:30:00+00:00,40.6,3905.47,Diesel,97184.4
V051,2026-09-16T10:29:00+00:00,6.24,585.04,Diesel,174935.2
V034,2026-09-11T09:04:00+00:00,25.68,2638.03,Diesel,137367.5
V067,2026-08-10T17:44:00+00:00,41.65,4093.39,Petrol,150846.5
V019,2026-09-14T22:10:00+00:00,30.32,2892.55,Diesel,36824.6
V059,2026-08-02T22:26:00+00:00,8.92,820.74,Diesel,54572.6
V048,2026-09-09T04:25:00+00:00,15.16,1504.65,Diesel,14788.1
V030,2026-08-19T00:31:00+00:00,13.78,1318.82,Diesel,51593.0
V044,2026-08-26T18:09:00+00:00,23.01,2352.22,Petrol,75737.8
V037,2026-08-15T08:52:00+00:00,21.84,2094.15,Diesel,34975.1
V063,2026-09-16T20:57:00+00:00,21.66,2155.87,Diesel,60367.3
V096,2026-08-15T12:10:00+00:00,31.9,3245.53,Petrol,119169.1
V050,2026-08-27T18:53:00+00:00,5.89,587.97,Diesel,143506.5
V016,2026-09-06T22:32:00+00:00,10.12,943.35,Diesel,9938.4
V003,2026-09-08T13:16:00+00:00,31.98,3040.74,Diesel,64100.9
V040,2026-09-19T16:39:00+00:00,7.46,758.93,Diesel,32453.5
V076,2026-08-18T01:49:00+00:00,36.63,3673.96,Diesel,171443.9
V016,2026-09-04T23:48:00+00:00,20.23,1872.06,Diesel,88656.5
V007,2026-09-14T20:48:00+00:00,30.19,2854.28,Petrol,28921.9
V090,2026-08-14T17:47:00+00:00,40.75,4169.49,Petrol,143694.9
V078,2026-08-31T19:29:00+00:00,24.13,2425.47,Diesel,8290.6
V030,2026-08-05T01:13:00+00:00,43.12,4388.4,Diesel,152056.2
V088,2026-09-21T07:58:00+00:00,23.42,2408.02,Petrol,100767.6
V048,2026-08-29T14:38:00+00:00,23.07,2135.54,Diesel,44549.5
V079,2026-08-29T06:36:00+00:00,19.96,1963.28,Diesel,77307.3
V057,2026-08-01T13:18:00+00:00,6.17,632.48,Diesel,101646.2
V005,2026-09-09T05:57:00+00:00,23.69,2281.29,Diesel,151855.6
V033,2026-08-05T07:09:00+00:00,6.74,620.86,Diesel,178036.9
V033,2026-09-23T21:54:00+00:00,21.14,1952.22,Diesel,121114.5
V077,2026-08-13T14:05:00+00:00,19.26,1856.99,Diesel,72368.4
V057,2026-09-21T12:52:00+00:00,31.31,3159.86,Diesel,125314.9
V001,2026-08-16T23:03:00+00:00,32.59,3322.47,Petrol,99016.2
V041,2026-09-17T08:51:00+00:00,6.85,647.55,Diesel,102725.8
V058,2026-09-13T19:22:00+00:00,19.32,1947.68,Petrol,38009.8
V015,2026-09-12T09:53:00+00:00,30.89,3163.11,Diesel,168877.7
V001,2026-09-02T13:16:00+00:00,26.37,2619.15,Petrol,94320.8
V033,2026-08-07T21:22:00+00:00,21.69,2028.77,Diesel,34181.0
V084,2026-09-06T02:06:00+00:00,29.85,2879.1,Petrol,178240.8
V071,2026-08-02T23:23:00+00:00,44.09,4212.25,Diesel,50415.2
V052,2026-08-30T14:05:00+00:00,18.29,1849.43,Petrol,111074.6
V039,2026-08-22T00:30:00+00:00,29.59,2902.88,Diesel,36910.4
V020,2026-08-11T17:18:00+00:00,43.57,4439.79,Diesel,11171.8
V069,2026-08-08T14:06:00+00:00,16.94,1737.12,Petrol,106749.4
V069,2026-09-05T00:14:00+00:00,34.82,3319.21,Petrol,14855.8
V087,2026-08-12T03:22:00+00:00,9.65,892.59,Petrol,38734.9
V087,2026-08-15T09:02:00+00:00,41.11,3945.67,Petrol,128065.2
V055,2026-08-12T12:42:00+00:00,14.93,1395.62,Diesel,84761.1
V052,2026-08-22T12:05:00+00:00,37.06,3746.74,Petrol,66183.1
V034,2026-08-06T00:27:00+00:00,19.57,1917.8,Diesel,165555.2
V039,2026-09-21T18:50:00+00:00,21.95,2238.67,Diesel,90626.7
V011,2026-08-15T10:09:00+00:00,5.93,559.93,Diesel,41784.1
V053,2026-08-14T00:03:00+00:00,16.95,1605.76,Diesel,126041.3
V088,2026-08-15T12:32:00+00:00,31.57,2955.25,Petrol,60762.5
V038,2026-09-05T00:45:00+00:00,16.51,1603.14,Petrol,67899.2
V054,2026-09-16T20:33:00+00:00,39.51,3811.79,Diesel,108798.1
V032,2026-08-06T20:52:00+00:00,15.67,1561.44,Petrol,144856.8
V100,2026-09-13T05:45:00+00:00,19.7,1972.05,Diesel,55459.1
V065,2026-08-26T00:43:00+00:00,37.58,3653.77,Petrol,154423.0
V003,2026-09-07T12:36:00+00:00,17.42,1630.48,Diesel,141866.4
V048,2026-09-20T20:18:00+00:00,20.76,2086.41,Diesel,90247.9
V064,2026-08-12T23:28:00+00:00,39.13,3895.0,Petrol,27792.4
V078,2026-08-01T10:50:00+00:00,10.9,1076.66,Diesel,31935.4
V043,2026-08-20T03:09:00+00:00,12.38,1202.78,Diesel,76177.7
V074,2026-08-01T02:42:00+00:00,15.56,1582.0,Diesel,69665.9
V063,2026-09-09T10:29:00+00:00,26.44,2445.25,Diesel,108938.6
V022,2026-08-27T14:21:00+00:00,19.28,1902.52,Diesel,75394.8
V003,2026-08-02T13:06:00+00:00,38.73,3910.54,Diesel,85114.6
V074,2026-09-03T22:46:00+00:00,30.77,3106.52,Diesel,85362.5
V032,2026-09-23T13:08:00+00:00,20.02,1944.3,Petrol,61426.0
V095,2026-08-16T19:59:00+00:00,13.1,1330.45,Diesel,141754.7
V097,2026-08-22T18:41:00+00:00,29.65,3008.59,Diesel,64684.1
V017,2026-08-31T02:01:00+00:00,23.32,2202.83,Diesel,127752.3
V094,2026-08-21T12:44:00+00:00,9.23,895.62,Diesel,130308.5
V068,2026-08-02T11:27:00+00:00,38.67,3701.71,Diesel,7090.2
V037,2026-09-15T07:02:00+00:00,32.72,3016.73,Diesel,29924.9
V028,2026-08-14T11:47:00+00:00,24.08,2272.97,Diesel,62312.7
V079,2026-08-01T15:05:00+00:00,11.71,1200.15,Diesel,46016.0
V036,2026-09-09T20:38:00+00:00,26.31,2575.04,Petrol,96570.5
V038,2026-08-20T22:46:00+00:00,36.46,3637.32,Petrol,128674.9
V096,2026-09-19T13:36:00+00:00,44.64,4590.34,Petrol,178965.8
V012,2026-08-05T06:24:00+00:00,21.49,2151.89,Diesel,67304.5
V037,2026-09-03T12:59:00+00:00,7.92,791.65,Diesel,69494.9
V080,2026-08-22T20:50:00+00:00,9.76,967.48,Diesel,134116.9
V044,2026-08-12T15:52:00+00:00,27.67,2643.66,Petrol,36946.2
V065,2026-09-15T17:07:00+00:00,39.96,3742.52,Petrol,101702.3
V059,2026-09-22T12:52:00+00:00,6.93,691.23,Diesel,42646.4
V057,2026-08-08T08:26:00+00:00,17.84,1659.55,Diesel,41091.2
V011,2026-08-28T18:50:00+00:00,43.17,4169.16,Diesel,116578.5
V022,2026-08-23T10:48:00+00:00,22.64,2162.52,Diesel,111901.0
V087,2026-09-22T12:40:00+00:00,16.55,1560.71,Petrol,9963.8
V025,2026-09-07T07:17:00+00:00,33.95,3303.55,Diesel,136120.2
V045,2026-09-09T23:08:00+00:00,44.1,4531.06,Diesel,137626.6
V088,2026-08-06T06:44:00+00:00,40.08,3772.36,Petrol,8374.3
V047,2026-08-01T02:30:00+00:00,40.29,4071.75,Petrol,141211.0
V018,2026-09-09T05:16:00+00:00,33.73,3303.57,Diesel,52308.3
V094,2026-09-08T02:24:00+00:00,44.46,4329.12,Diesel,84556.6
V023,2026-09-17T06:05:00+00:00,32.38,3080.64,Diesel,97923.2
V073,2026-08-13T04:08:00+00:00,16.91,1618.99,Petrol,9356.2
V068,2026-08-07T20:16:00+00:00,43.69,4218.79,Diesel,166214.8
V018,2026-08-14T22:36:00+00:00,7.95,785.58,Diesel,94219.2
V086,2026-08-16T03:50:00+00:00,38.87,3944.22,Diesel,155048.0
V060,2026-09-11T00:11:00+00:00,43.18,4384.18,Diesel,178435.2
V068,2026-08-02T01:36:00+00:00,6.43,637.95,Diesel,168160.4
V008,2026-09-05T20:28:00+00:00,21.14,2145.34,Diesel,113966.2
V049,2026-08-22T03:09:00+00:00,33.44,3312.83,Diesel,41789.7
V035,2026-08-15T04:26:00+00:00,35.13,3538.2,Petrol,36302.6
V008,2026-09-19T08:19:00+00:00,13.19,1339.07,Diesel,45291.2
V057,2026-08-09T13:04:00+00:00,25.75,2379.17,Diesel,120164.8
V005,2026-08-17T02:30:00+00:00,10.64,1058.2,Diesel,22052.5
V071,2026-09-10T23:02:00+00:00,23.63,2286.83,Diesel,152362.0
V066,2026-09-10T03:39:00+00:00,22.51,2221.64,Diesel,156319.9
V075,2026-08-26T04:58:00+00:00,37.19,3634.06,Diesel,119829.7
V019,2026-08-18T21:51:00+00:00,8.47,855.98,Diesel,22845.0
V039,2026-08-24T19:02:00+00:00,36.93,3466.16,Diesel,5811.8
V016,2026-09-21T14:48:00+00:00,26.4,2458.45,Diesel,148994.3
V031,2026-09-20T07:10:00+00:00,15.21,1418.29,Diesel,174068.3
V036,2026-08-01T11:52:00+00:00,18.34,1823.81,Petrol,65552.4
V033,2026-08-16T07:09:00+00:00,24.6,2265.33,Diesel,174319.3
V068,2026-08-16T02:33:00+00:00,35.29,3370.82,Diesel,14813.8
V073,2026-08-11T15:16:00+00:00,34.8,3247.44,Petrol,92113.6
V046,2026-09-18T18:12:00+00:00,11.01,1055.53,Diesel,113965.7
V017,2026-09-19T14:31:00+00:00,7.58,733.28,Diesel,77490.9
V022,2026-08-16T08:46:00+00:00,41.23,3945.07,Diesel,70951.7
V036,2026-09-08T15:51:00+00:00,16.09,1504.65,Petrol,38055.2
V037,2026-09-22T11:38:00+00:00,41.85,4125.91,Diesel,34623.9
V046,2026-09-20T06:24:00+00:00,20.07,1889.92,Diesel,178307.5
V052,2026-09-06T16:36:00+00:00,31.25,3086.33,Petrol,107968.4
V016,2026-09-02T04:45:00+00:00,20.39,1934.99,Diesel,70368.9
V037,2026-08-28T03:58:00+00:00,33.13,3123.56,Diesel,41978.1
V006,2026-08-08T04:07:00+00:00,18.82,1935.87,Diesel,148868.5
V030,2026-08-15T14:42:00+00:00,21.45,2106.02,Diesel,107815.2
V014,2026-08-26T18:17:00+00:00,20.97,2116.88,Diesel,165338.1
V034,2026-08-29T23:48:00+00:00,21.33,2047.98,Diesel,121864.3
V057,2026-09-09T17:04:00+00:00,5.88,602.9,Diesel,42089.7
V081,2026-08-23T08:08:00+00:00,34.57,3509.73,Diesel,119061.6
V086,2026-08-08T11:53:00+00:00,30.85,2967.13,Diesel,144944.3
V055,2026-08-11T16:14:00+00:00,32.62,3137.61,Diesel,5490.5
V029,2026-09-14T03:58:00+00:00,10.54,980.73,Diesel,67332.6
V010,2026-08-05T13:17:00+00:00,33.08,3341.38,Diesel,112822.6
V020,2026-09-21T02:25:00+00:00,28.6,2847.87,Diesel,152910.9
V085,2026-08-11T11:05:00+00:00,30.76,3018.72,Diesel,113923.6
V031,2026-09-18T09:32:00+00:00,42.14,4192.61,Diesel,131403.4
V085,2026-08-18T23:48:00+00:00,33.41,3356.86,Diesel,117508.9
V057,2026-08-10T04:32:00+00:00,18.96,1888.61,Diesel,136614.8
V017,2026-09-21T18:46:00+00:00,28.44,2810.75,Diesel,70112.2
V053,2026-08-01T05:32:00+00:00,27.45,2577.09,Diesel,152615.6
V007,2026-09-16T21:01:00+00:00,11.29,1049.69,Petrol,151024.9
V056,2026-08-26T02:47:00+00:00,22.57,2311.73,Diesel,121314.6
V088,2026-09-15T22:25:00+00:00,37.06,3659.1,Petrol,36999.1
V031,2026-08-01T08:34:00+00:00,42.21,4202.26,Diesel,10167.0
V028,2026-09-08T19:56:00+00:00,25.66,2520.42,Diesel,46693.9
V056,2026-09-14T12:04:00+00:00,23.1,2322.67,Diesel,92845.5
V054,2026-09-17T21:49:00+00:00,26.7,2466.71,Diesel,51083.9
V043,2026-09-19T13:32:00+00:00,27.94,2648.88,Diesel,83534.4
V029,2026-08-15T16:22:00+00:00,13.67,1330.21,Diesel,34014.5
V086,2026-08-08T09:32:00+00:00,36.82,3591.8,Diesel,96637.4
V012,2026-08-23T19:58:00+00:00,10.77,1018.57,Diesel,113796.8
V022,2026-08-28T23:59:00+00:00,36.38,3539.3,Diesel,167292.8
V033,2026-08-17T03:24:00+00:00,15.89,1634.38,Diesel,49260.0
V015,2026-09-17T03:49:00+00:00,24.73,2478.67,Diesel,76522.8
V084,2026-08-14T19:26:00+00:00,35.27,3558.81,Petrol,17422.6
V034,2026-08-06T14:37:00+00:00,32.54,3120.58,Diesel,177468.6
V059,2026-09-12T06:34:00+00:00,26.86,2662.05,Diesel,104601.0
V029,2026-08-01T08:55:00+00:00,32.19,3203.59,Diesel,111044.2
V083,2026-08-05T17:22:00+00:00,28.25,2625.26,Petrol,75836.5
V073,2026-08-08T22:39:00+00:00,16.97,1631.92,Petrol,108907.3
V050,2026-08-20T16:11:00+00:00,29.28,2808.88,Diesel,164874.1
V025,2026-09-17T00:14:00+00:00,31.62,3119.33,Diesel,7254.4
V002,2026-09-12T02:49:00+00:00,23.75,2365.94,Petrol,159165.8
V035,2026-08-21T20:39:00+00:00,41.39,3986.44,Petrol,14370.3
V041,2026-09-13T13:14:00+00:00,14.88,1520.44,Diesel,26251.2
V008,2026-08-08T01:24:00+00:00,5.38,527.2,Diesel,138158.6
V099,2026-08-01T15:09:00+00:00,23.74,2396.41,Diesel,114954.5
V057,2026-08-10T11:04:00+00:00,32.36,3035.34,Diesel,140558.6
V087,2026-08-30T20:56:00+00:00,20.1,1920.22,Petrol,95448.2
V043,2026-08-13T05:01:00+00:00,12.31,1137.91,Diesel,64165.6
V050,2026-08-09T19:07:00+00:00,14.18,1414.78,Diesel,57699.3
V017,2026-09-10T09:32:00+00:00,35.66,3439.75,Diesel,169356.7
V043,2026-08-22T14:25:00+00:00,20.75,2103.62,Diesel,33662.1
V087,2026-08-24T22:16:00+00:00,10.86,1021.99,Petrol,83023.2
V083,2026-08-27T08:43:00+00:00,23.55,2168.6,Petrol,109718.6
V008,2026-09-02T15:47:00+00:00,27.42,2667.97,Diesel,156637.5
V011,2026-08-24T19:41:00+00:00,17.59,1676.16,Diesel,37971.8
V015,2026-08-19T12:51:00+00:00,43.81,4283.84,Diesel,140871.7
V034,2026-08-16T10:55:00+00:00,40.13,3773.63,Diesel,96726.0
V019,2026-08-18T17:42:00+00:00,10.09,935.98,Diesel,88032.3
V025,2026-09-15T07:23:00+00:00,33.24,3272.06,Diesel,9924.3
V023,2026-09-14T15:19:00+00:00,23.56,2339.26,Diesel,74954.8
V079,2026-09-18T09:07:00+00:00,27.57,2790.85,Diesel,81938.3
V071,2026-08-17T17:17:00+00:00,26.24,2465.03,Diesel,5295.2
V040,2026-09-13T21:49:00+00:00,32.2,3266.26,Diesel,72020.8
V042,2026-09-16T04:25:00+00:00,25.69,2584.31,Diesel,41052.2
V084,2026-08-10T08:01:00+00:00,44.51,4143.29,Petrol,133993.9
V033,2026-09-13T05:02:00+00:00,28.88,2673.12,Diesel,55752.8
V060,2026-08-16T01:24:00+00:00,31.94,2981.8,Diesel,78592.8
V055,2026-08-28T20:06:00+00:00,11.54,1101.15,Diesel,156620.8
V003,2026-08-05T16:19:00+00:00,11.16,1055.25,Diesel,153083.8
V003,2026-08-13T21:19:00+00:00,8.41,850.96,Diesel,141461.9
V048,2026-08-14T15:41:00+00:00,23.82,2357.06,Diesel,75905.4
V014,2026-08-03T18:54:00+00:00,38.93,3894.6,Diesel,171000.0
V066,2026-08-14T23:58:00+00:00,7.88,740.79,Diesel,128746.3
V083,2026-09-05T12:15:00+00:00,17.78,1797.63,Petrol,64655.1
V078,2026-09-09T20:15:00+00:00,38.04,3647.89,Diesel,175354.9
V071,2026-09-08T03:27:00+00:00,44.59,4451.33,Diesel,35547.6
V062,2026-08-21T04:52:00+00:00,30.18,3040.92,Diesel,80293.7
V033,2026-09-14T00:04:00+00:00,35.49,3444.03,Diesel,59380.1
V002,2026-08-10T19:50:00+00:00,9.05,888.96,Petrol,174155.5
V006,2026-08-16T10:39:00+00:00,31.95,3230.04,Diesel,173687.0
V010,2026-09-09T17:41:00+00:00,40.23,3977.09,Diesel,82871.7
V061,2026-09-22T04:24:00+00:00,19.57,1920.54,Petrol,93956.8
V084,2026-08-09T21:01:00+00:00,16.93,1653.79,Petrol,38541.4
V034,2026-09-01T14:03:00+00:00,24.36,2390.01,Diesel,149304.9
V009,2026-08-26T12:43:00+00:00,26.12,2624.07,Petrol,144325.8
V026,2026-09-09T01:16:00+00:00,35.04,3317.14,Petrol,44838.4
V100,2026-09-11T05:56:00+00:00,36.17,3696.38,Diesel,6329.7
V059,2026-08-10T18:23:00+00:00,29.98,3048.88,Diesel,8554.9
V096,2026-09-22T11:50:00+00:00,11.17,1066.48,Petrol,80041.7
V016,2026-09-11T15:54:00+00:00,35.18,3580.74,Diesel,131061.3
V089,2026-09-24T10:09:00+00:00,8.03,749.67,Diesel,25175.4
V085,2026-08-10T09:47:00+00:00,14.14,1455.08,Diesel,127205.8
V058,2026-09-17T04:28:00+00:00,37.69,3619.64,Petrol,174027.0
V046,2026-08-28T15:46:00+00:00,41.18,3819.33,Diesel,101291.6
V068,2026-08-15T06:29:00+00:00,32.8,3357.07,Diesel,66465.9
V028,2026-08-23T08:53:00+00:00,30.98,2964.04,Diesel,10404.7
V065,2026-08-04T00:12:00+00:00,31.93,2942.44,Petrol,23482.8
V097,2026-08-23T01:14:00+00:00,39.32,3680.23,Diesel,113741.1
V093,2026-09-12T17:45:00+00:00,9.37,873.65,Diesel,148725.8
V082,2026-09-19T22:05:00+00:00,8.19,792.04,Diesel,56226.6
V088,2026-08-18T03:19:00+00:00,12.63,1291.63,Petrol,99879.7
V083,2026-08-08T20:19:00+00:00,13.72,1373.68,Petrol,105921.6
V039,2026-09-03T19:54:00+00:00,27.54,2747.72,Diesel,151987.3
V056,2026-08-05T17:10:00+00:00,13.16,1322.6,Diesel,132405.3
V045,2026-08-01T05:17:00+00:00,27.17,2699.37,Diesel,146500.6
V088,2026-08-01T00:26:00+00:00,36.93,3614.11,Petrol,78355.4
V016,2026-08-16T07:32:00+00:00,16.37,1578.97,Diesel,153275.2
V079,2026-09-03T05:49:00+00:00,34.94,3237.08,Diesel,26122.7
V008,2026-09-07T05:01:00+00:00,14.35,1463.79,Diesel,72015.2
V078,2026-09-12T02:39:00+00:00,23.35,2155.03,Diesel,126689.3
V070,2026-08-28T02:09:00+00:00,35.25,3611.39,Diesel,152512.0
V068,2026-09-22T05:58:00+00:00,35.17,3351.96,Diesel,165008.9
V054,2026-08-08T06:11:00+00:00,34.56,3465.58,Diesel,147421.1
V045,2026-08-05T23:32:00+00:00,40.11,4044.54,Diesel,43515.5
V098,2026-09-06T08:22:00+00:00,21.79,2004.79,Diesel,69879.2
V080,2026-09-24T08:50:00+00:00,26.36,2511.24,Diesel,83509.6
V007,2026-08-07T21:24:00+00:00,18.83,1893.67,Petrol,56462.0
V072,2026-09-14T10:17:00+00:00,21.55,2014.06,Diesel,147956.3
V058,2026-08-30T07:36:00+00:00,10.59,1065.29,Petrol,133449.6
V099,2026-08-14T07:20:00+00:00,11.02,1124.52,Diesel,118950.3
V093,2026-08-26T21:09:00+00:00,37.35,3641.51,Diesel,63592.8
V072,2026-09-15T02:22:00+00:00,24.5,2421.56,Diesel,92546.5
V004,2026-08-31T21:09:00+00:00,23.27,2195.3,Diesel,131786.1
V086,2026-09-15T01:57:00+00:00,10.1,939.07,Diesel,140578.7
V084,2026-09-09T13:50:00+00:00,30.39,3110.07,Petrol,132891.6
V013,2026-08-04T04:49:00+00:00,32.8,3042.29,Petrol,140327.3
V065,2026-08-05T12:44:00+00:00,39.44,3660.5,Petrol,97456.2
V002,2026-09-08T06:07:00+00:00,39.73,3849.9,Petrol,42824.1
V087,2026-08-03T12:16:00+00:00,33.51,3236.3,Petrol,174419.2
V074,2026-09-06T04:35:00+00:00,28.86,2821.07,Diesel,63424.3
V098,2026-08-19T14:34:00+00:00,14.28,1383.57,Diesel,13009.7
V032,2026-08-01T01:23:00+00:00,11.83,1176.4,Petrol,168452.4
V067,2026-09-05T18:12:00+00:00,42.29,4326.09,Petrol,55269.8
V059,2026-09-05T20:04:00+00:00,16.43,1622.29,Diesel,107387.7
V047,2026-08-12T12:48:00+00:00,25.44,2512.89,Petrol,103472.2
V068,2026-09-20T09:58:00+00:00,23.86,2436.14,Diesel,15776.9
V026,2026-08-22T15:02:00+00:00,29.98,3036.3,Petrol,31464.0
V062,2026-08-19T04:30:00+00:00,31.55,3228.06,Diesel,158092.2
V086,2026-09-11T18:30:00+00:00,24.22,2431.76,Diesel,137273.5
V006,2026-08-31T09:46:00+00:00,39.38,3656.18,Diesel,67691.6
V018,2026-09-16T19:27:00+00:00,21.69,2226.9,Diesel,30048.8
V055,2026-08-07T18:31:00+00:00,18.07,1823.72,Diesel,133459.2
V066,2026-08-02T02:04:00+00:00,28.39,2690.24,Diesel,64170.5
V050,2026-09-17T06:10:00+00:00,29.02,2879.48,Diesel,110370.5
V082,2026-08-02T10:29:00+00:00,20.8,1995.7,Diesel,66453.1
V090,2026-09-14T17:18:00+00:00,38.52,3599.85,Petrol,120988.2
V041,2026-08-11T11:37:00+00:00,19.39,1834.57,Diesel,28414.1
V029,2026-09-18T07:52:00+00:00,43.4,4012.03,Diesel,163836.5
V052,2026-08-31T23:29:00+00:00,35.19,3476.46,Petrol,14937.1
V086,2026-09-16T20:01:00+00:00,30.85,3044.3,Diesel,26409.8
V046,2026-08-10T05:36:00+00:00,26.6,2653.66,Diesel,98580.2
V037,2026-08-07T05:06:00+00:00,18.01,1835.28,Diesel,88847.4
V029,2026-09-13T23:46:00+00:00,15.7,1555.21,Diesel,100280.0
V067,2026-09-04T12:19:00+00:00,9.56,967.03,Petrol,86316.2
V018,2026-09-18T20:09:00+00:00,22.57,2231.23,Diesel,176232.1
V013,2026-09-11T21:33:00+00:00,30.58,3071.24,Petrol,170127.2
V079,2026-08-07T10:32:00+00:00,28.19,2654.84,Diesel,91998.6
V051,2026-09-05T19:58:00+00:00,33.16,3381.93,Diesel,64356.6
V090,2026-09-03T21:03:00+00:00,21.71,2000.41,Petrol,176374.1
V013,2026-09-14T01:18:00+00:00,13.44,1263.64,Petrol,161702.8
V095,2026-08-23T08:25:00+00:00,25.15,2555.5,Diesel,52228.8
V033,2026-08-01T04:52:00+00:00,32.79,3169.89,Diesel,16497.7
V014,2026-09-02T10:14:00+00:00,38.43,3840.84,Diesel,73134.8
V057,2026-09-11T22:59:00+00:00,33.15,3375.74,Diesel,135118.4
V016,2026-08-25T20:34:00+00:00,34.79,3384.86,Diesel,152143.3
V057,2026-09-14T01:52:00+00:00,42.13,3885.51,Diesel,43914.3
V091,2026-08-15T12:14:00+00:00,31.85,2942.98,Petrol,25396.9
V077,2026-08-06T10:59:00+00:00,40.92,4133.7,Diesel,177968.2
V007,2026-08-08T20:01:00+00:00,9.55,949.64,Petrol,177849.2
V068,2026-08-08T00:48:00+00:00,13.82,1358.55,Diesel,106891.6
V021,2026-08-31T09:35:00+00:00,14.3,1447.06,Diesel,16907.7
V098,2026-08-07T22:01:00+00:00,5.54,561.83,Diesel,147521.6
V031,2026-08-03T20:17:00+00:00,16.8,1656.13,Diesel,173856.4
V052,2026-08-14T10:07:00+00:00,37.86,3624.74,Petrol,178314.6
V040,2026-09-13T22:01:00+00:00,34.25,3204.86,Diesel,159983.5
V095,2026-08-10T02:17:00+00:00,28.89,2925.6,Diesel,45854.9
V055,2026-08-08T22:15:00+00:00,29.52,2795.51,Diesel,77973.7
V048,2026-08-08T16:28:00+00:00,31.01,2996.2,Diesel,146346.4
V097,2026-08-04T17:26:00+00:00,8.38,859.24,Diesel,155645.5
V051,2026-09-24T00:15:00+00:00,39.72,4018.52,Diesel,156818.4
V013,2026-08-29T19:11:00+00:00,9.89,912.24,Petrol,9160.5
V072,2026-08-14T05:08:00+00:00,32.49,3067.81,Diesel,99061.1
V019,2026-08-27T03:53:00+00:00,21.33,1987.11,Diesel,108117.9
V094,2026-09-22T20:33:00+00:00,8.41,774.36,Diesel,168290.8
V089,2026-09-12T01:17:00+00:00,26.87,2766.29,Diesel,150350.3
V003,2026-08-01T01:08:00+00:00,28.42,2635.32,Diesel,48464.7
V076,2026-08-16T22:52:00+00:00,38.41,3702.14,Diesel,29039.6
V034,2026-08-06T03:01:00+00:00,23.02,2161.35,Diesel,110897.4
V054,2026-08-11T08:37:00+00:00,20.84,2144.63,Diesel,26736.6
V021,2026-08-09T20:46:00+00:00,31.78,3241.39,Diesel,115980.7
V049,2026-08-23T23:36:00+00:00,19.93,1942.06,Diesel,139849.2
V043,2026-09-09T02:07:00+00:00,39.65,3917.06,Diesel,110559.8
V049,2026-08-26T09:40:00+00:00,42.1,4159.99,Diesel,72294.6
V100,2026-08-17T09:15:00+00:00,23.42,2272.41,Diesel,55304.0
V100,2026-08-14T17:14:00+00:00,20.26,1958.56,Diesel,159980.9
V010,2026-08-11T05:50:00+00:00,35.19,3329.12,Diesel,62591.0
V071,2026-08-14T15:39:00+00:00,11.55,1150.7,Diesel,77684.5
V085,2026-08-07T18:26:00+00:00,17.92,1741.75,Diesel,7539.7
V004,2026-08-16T00:48:00+00:00,34.07,3435.67,Diesel,28879.2
V053,2026-08-04T10:07:00+00:00,18.83,1758.58,Diesel,131905.6
V042,2026-08-02T18:39:00+00:00,25.33,2511.11,Diesel,166243.4
V021,2026-09-07T18:15:00+00:00,31.85,3251.5,Diesel,23865.3
V066,2026-08-26T10:54:00+00:00,38.79,3605.64,Diesel,54665.5
V063,2026-08-16T20:07:00+00:00,41.63,4140.02,Diesel,56474.2
V042,2026-08-29T14:40:00+00:00,33.59,3203.69,Diesel,76758.8
V053,2026-08-07T21:27:00+00:00,39.02,3815.59,Diesel,143905.9
V005,2026-08-27T18:39:00+00:00,7.59,732.62,Diesel,79582.4
V019,2026-09-05T00:14:00+00:00,23.18,2387.46,Diesel,77245.0
V019,2026-08-22T06:35:00+00:00,36.5,3472.14,Diesel,11787.6
V051,2026-08-26T23:23:00+00:00,26.66,2483.5,Diesel,18099.6
V024,2026-09-09T20:12:00+00:00,31.13,3129.94,Diesel,124348.8
V025,2026-08-03T08:48:00+00:00,44.49,4301.75,Diesel,174832.8
V019,2026-08-07T07:23:00+00:00,36.9,3707.38,Diesel,111541.3
V061,2026-08-11T23:28:00+00:00,14.04,1345.27,Petrol,135196.1
V001,2026-08-27T00:45:00+00:00,21.08,1963.96,Petrol,42333.6
V051,2026-08-12T02:34:00+00:00,37.43,3717.65,Diesel,55568.6
V049,2026-08-10T10:36:00+00:00,9.28,939.52,Diesel,134469.2
V093,2026-09-01T00:03:00+00:00,20.45,2071.95,Diesel,82641.5
V076,2026-09-02T08:48:00+00:00,13.19,1227.28,Diesel,93249.8
V057,2026-08-19T01:20:00+00:00,8.21,806.91,Diesel,75186.4
V083,2026-09-23T10:14:00+00:00,21.97,2192.18,Petrol,163298.4
V085,2026-08-30T14:18:00+00:00,44.96,4610.05,Diesel,9951.1
V058,2026-08-31T06:04:00+00:00,41.9,4117.6,Petrol,160144.0
V016,2026-09-20T04:41:00+00:00,18.27,1850.35,Diesel,23162.3
V077,2026-08-20T11:32:00+00:00,14.04,1434.77,Diesel,147446.6
V005,2026-08-26T12:49:00+00:00,17.71,1670.92,Diesel,35011.9
V072,2026-08-19T12:13:00+00:00,11.91,1140.88,Diesel,166351.2
V085,2026-09-15T13:44:00+00:00,20.48,1951.56,Diesel,159439.8
V017,2026-08-03T06:04:00+00:00,6.82,669.15,Diesel,167760.5
V063,2026-08-12T20:56:00+00:00,14.35,1353.47,Diesel,43917.5
V013,2026-09-07T08:33:00+00:00,40.49,4037.63,Petrol,165915.6
V018,2026-09-17T06:51:00+00:00,18.69,1728.72,Diesel,16950.5
V063,2026-09-09T01:55:00+00:00,16.17,1651.16,Diesel,150353.6
V002,2026-09-04T07:05:00+00:00,42.77,4305.23,Petrol,91905.1
V067,2026-08-04T07:03:00+00:00,34.19,3361.65,Petrol,129317.8
V098,2026-08-27T11:40:00+00:00,44.84,4525.58,Diesel,75598.2
V097,2026-08-09T06:16:00+00:00,16.67,1603.3,Diesel,175231.2
V013,2026-08-27T16:56:00+00:00,35.52,3603.4,Petrol,10092.2
V015,2026-08-23T13:14:00+00:00,40.59,3795.37,Diesel,85229.3
V015,2026-09-09T08:24:00+00:00,32.66,3072.59,Diesel,25526.4
V074,2026-08-12T12:55:00+00:00,40.85,3841.17,Diesel,148427.0
V035,2026-08-02T04:43:00+00:00,44.72,4115.55,Petrol,103194.6
V062,2026-09-19T08:03:00+00:00,30.11,2816.69,Diesel,166386.9
V001,2026-09-18T16:46:00+00:00,16.07,1615.35,Petrol,15957.7
V048,2026-08-31T19:21:00+00:00,24.63,2511.73,Diesel,162925.4
V057,2026-08-11T13:08:00+00:00,16.01,1632.8,Diesel,151821.6
V071,2026-08-12T15:33:00+00:00,11.55,1143.7,Diesel,21643.9
V077,2026-08-10T08:17:00+00:00,24.9,2496.98,Diesel,134480.1
V031,2026-09-09T13:57:00+00:00,26.04,2422.22,Diesel,62152.5
V098,2026-09-19T20:48:00+00:00,41.52,4262.85,Diesel,114284.7
V021,2026-08-26T21:34:00+00:00,36.66,3628.36,Diesel,68136.8
V083,2026-09-02T02:59:00+00:00,10.91,1046.54,Petrol,101587.1
V094,2026-09-21T14:42:00+00:00,18.27,1805.39,Diesel,21827.6
V076,2026-09-23T22:17:00+00:00,18.54,1845.82,Diesel,20463.8
V095,2026-09-22T19:53:00+00:00,41.26,4107.72,Diesel,129830.5
V091,2026-08-30T01:34:00+00:00,44.17,4288.41,Petrol,141547.1
V016,2026-08-22T01:05:00+00:00,35.3,3415.58,Diesel,12802.1
V008,2026-09-22T04:30:00+00:00,30.49,2930.86,Diesel,98586.4
V029,2026-09-21T09:53:00+00:00,24.42,2366.8,Diesel,173378.2
V081,2026-09-19T14:36:00+00:00,11.28,1089.58,Diesel,119744.8
V076,2026-09-08T04:01:00+00:00,30.23,2784.51,Diesel,109038.3
V100,2026-08-09T09:23:00+00:00,25.92,2616.93,Diesel,80313.5
V099,2026-08-20T04:25:00+00:00,5.33,536.59,Diesel,18765.4
V018,2026-08-07T11:13:00+00:00,43.89,4489.02,Diesel,45848.2
V056,2026-08-17T03:25:00+00:00,25.64,2462.83,Diesel,34061.8
V076,2026-08-25T05:23:00+00:00,34.25,3452.07,Diesel,83477.4
V025,2026-09-15T16:29:00+00:00,38.66,3955.86,Diesel,54499.2
V060,2026-08-22T09:56:00+00:00,10.63,1040.49,Diesel,134113.3
V069,2026-09-19T16:03:00+00:00,36.66,3585.06,Petrol,126142.8
V021,2026-09-09T00:18:00+00:00,41.31,3963.7,Diesel,133213.6
V084,2026-09-06T15:15:00+00:00,10.15,993.72,Petrol,130084.7
V031,2026-09-06T14:30:00+00:00,15.57,1528.38,Diesel,155003.8
V093,2026-08-19T20:49:00+00:00,12.11,1177.04,Diesel,109323.7
V051,2026-09-11T15:50:00+00:00,29.07,2715.06,Diesel,117857.6
V073,2026-09-03T20:24:00+00:00,16.98,1703.66,Petrol,166500.7
V090,2026-09-07T03:50:00+00:00,16.37,1633.05,Petrol,14278.4
V049,2026-09-22T03:23:00+00:00,8.6,848.79,Diesel,69853.2
V062,2026-08-17T23:14:00+00:00,36.6,3682.71,Diesel,33834.3
V027,2026-08-15T21:55:00+00:00,11.81,1175.42,Diesel,139530.9
V098,2026-08-14T12:32:00+00:00,23.59,2413.75,Diesel,138741.2
V056,2026-08-30T15:02:00+00:00,35.06,3276.43,Diesel,162353.8
V078,2026-09-19T14:30:00+00:00,12.89,1207.54,Diesel,121099.2
V036,2026-08-27T21:49:00+00:00,29.24,2895.64,Petrol,94002.8
V037,2026-09-09T20:57:00+00:00,25.55,2484.36,Diesel,142534.8
V062,2026-08-20T12:44:00+00:00,9.66,934.23,Diesel,23680.8
V001,2026-08-27T00:32:00+00:00,7.17,679.61,Petrol,103408.1
V087,2026-09-11T22:53:00+00:00,15.76,1568.48,Petrol,77225.4
V025,2026-09-09T20:47:00+00:00,43.81,4160.11,Diesel,145451.6
V099,2026-08-31T02:10:00+00:00,42.21,4249.92,Diesel,14517.6
V010,2026-09-06T20:15:00+00:00,39.52,3833.14,Diesel,118323.0
V046,2026-09-02T18:36:00+00:00,25.62,2504.37,Diesel,138032.6
V075,2026-08-26T18:47:00+00:00,33.67,3177.84,Diesel,170539.2
V053,2026-08-08T03:14:00+00:00,42.36,4348.31,Diesel,173383.4
V062,2026-09-10T00:10:00+00:00,25.26,2541.68,Diesel,74660.2
V087,2026-08-14T19:43:00+00:00,11.37,1148.86,Petrol,155934.0
V023,2026-09-21T22:45:00+00:00,26.08,2424.24,Diesel,115988.4
V045,2026-08-04T08:48:00+00:00,12.2,1241.7,Diesel,127519.6
V036,2026-08-14T03:25:00+00:00,20.57,2107.51,Petrol,29727.1
V071,2026-09-10T09:45:00+00:00,36.18,3562.77,Diesel,89731.0
V067,2026-08-16T16:52:00+00:00,14.66,1413.05,Petrol,125504.4
V010,2026-08-07T05:10:00+00:00,29.74,3040.85,Diesel,174487.2
V034,2026-08-06T06:01:00+00:00,39.24,4024.88,Diesel,19398.5
V068,2026-08-29T02:41:00+00:00,6.33,631.81,Diesel,39274.0
V060,2026-08-23T08:58:00+00:00,44.5,4566.49,Diesel,161968.4
V063,2026-09-14T01:16:00+00:00,8.21,837.08,Diesel,46609.7
V076,2026-09-05T19:11:00+00:00,41.88,4303.45,Diesel,61122.2
V094,2026-09-23T11:56:00+00:00,9.46,953.51,Diesel,97845.0
V042,2026-08-13T14:52:00+00:00,32.65,3012.05,Diesel,29674.0
V035,2026-08-05T14:06:00+00:00,17.44,1775.45,Petrol,107690.6
V051,2026-08-30T17:30:00+00:00,43.09,4046.47,Diesel,174538.5
V035,2026-08-13T20:06:00+00:00,24.64,2372.24,Petrol,103967.6
V039,2026-09-19T13:18:00+00:00,11.99,1164.84,Diesel,43283.6
V065,2026-09-01T01:10:00+00:00,39.42,3853.84,Petrol,160266.7
V096,2026-08-24T22:41:00+00:00,41.72,4070.94,Petrol,90912.7
V029,2026-08-29T16:41:00+00:00,20.72,2007.48,Diesel,95933.7
V017,2026-09-23T05:15:00+00:00,25.21,2323.79,Diesel,116176.0
V095,2026-08-18T17:01:00+00:00,12.78,1247.27,Diesel,61901.4
V012,2026-08-14T03:47:00+00:00,26.24,2554.93,Diesel,49755.6
V026,2026-08-12T15:26:00+00:00,30.84,3022.66,Petrol,57443.4
V019,2026-08-31T15:29:00+00:00,11.34,1058.54,Diesel,74463.2
V077,2026-08-22T14:54:00+00:00,30.09,2935.64,Diesel,93120.5
V091,2026-09-19T03:52:00+00:00,27.32,2786.21,Petrol,32900.1
V079,2026-09-21T04:38:00+00:00,30.55,3089.22,Diesel,70262.6
V037,2026-08-25T06:40:00+00:00,32.61,3054.82,Diesel,126109.6
V079,2026-08-17T10:04:00+00:00,17.01,1677.49,Diesel,107294.2
V079,2026-09-04T10:03:00+00:00,41.55,4102.24,Diesel,6554.6
V088,2026-08-21T14:22:00+00:00,32.31,3130.12,Petrol,77463.2
V073,2026-08-07T01:22:00+00:00,37.23,3650.78,Petrol,53961.8
V077,2026-09-24T19:31:00+00:00,13.72,1313.72,Diesel,104646.8
V073,2026-08-15T11:46:00+00:00,24.3,2403.79,Petrol,6310.9
V009,2026-08-29T02:17:00+00:00,32.47,3200.17,Petrol,54014.5
V052,2026-08-06T03:30:00+00:00,18.73,1830.29,Petrol,86872.0
V026,2026-09-05T19:50:00+00:00,40.93,4049.24,Petrol,57636.4
V096,2026-08-15T14:18:00+00:00,23.66,2222.58,Petrol,119558.6
V052,2026-08-25T07:30:00+00:00,17.16,1657.06,Petrol,24732.2
V066,2026-09-09T05:18:00+00:00,33.6,3252.83,Diesel,165873.0
V098,2026-08-28T22:29:00+00:00,19.77,2028.48,Diesel,120380.2
V077,2026-09-07T01:32:00+00:00,44.58,4182.87,Diesel,46669.9
V076,2026-08-19T17:27:00+00:00,18.85,1805.89,Diesel,33260.7
V100,2026-08-25T02:56:00+00:00,11.23,1035.62,Diesel,20980.6
V092,2026-08-22T01:02:00+00:00,27.81,2738.48,Diesel,97417.9
V063,2026-09-02T23:22:00+00:00,23.43,2379.57,Diesel,13278.1
V012,2026-09-09T00:19:00+00:00,30.27,2803.87,Diesel,101143.9
V035,2026-09-08T00:06:00+00:00,44.96,4393.74,Petrol,65307.0
V009,2026-08-06T23:49:00+00:00,32.27,3270.58,Petrol,20979.6
V008,2026-08-28T03:34:00+00:00,17.36,1600.88,Diesel,117267.8
V029,2026-09-05T05:39:00+00:00,7.22,664.32,Diesel,79881.0
V079,2026-08-12T22:07:00+00:00,16.4,1583.86,Diesel,8661.0
V077,2026-09-20T03:38:00+00:00,34.94,3215.18,Diesel,14423.5
V099,2026-09-22T14:38:00+00:00,27.15,2524.89,Diesel,156646.7
V023,2026-08-13T21:56:00+00:00,18.31,1804.76,Diesel,66565.7
V025,2026-08-08T01:40:00+00:00,14.5,1351.59,Diesel,74826.9
V100,2026-08-06T09:13:00+00:00,10.85,1117.13,Diesel,87798.8
V024,2026-08-20T17:40:00+00:00,6.41,621.67,Diesel,155540.3
V061,2026-09-21T05:16:00+00:00,25.15,2458.73,Petrol,46042.1
V040,2026-08-03T00:31:00+00:00,22.79,2152.15,Diesel,12447.8
V003,2026-08-14T20:37:00+00:00,24.47,2387.73,Diesel,5786.3
V078,2026-08-29T14:53:00+00:00,34.36,3355.36,Diesel,29238.6
V005,2026-08-13T12:58:00+00:00,40.03,3989.88,Diesel,35354.5
V082,2026-08-13T09:00:00+00:00,42.87,4036.12,Diesel,155089.8
V084,2026-09-07T13:45:00+00:00,33.51,3193.73,Petrol,50775.2
V009,2026-09-14T21:08:00+00:00,7.09,718.14,Petrol,52020.2
V039,2026-08-06T17:08:00+00:00,9.45,933.67,Diesel,83300.8
V090,2026-09-19T11:50:00+00:00,36.48,3562.11,Petrol,159497.2
V032,2026-09-19T15:44:00+00:00,40.33,4128.73,Petrol,61940.7
V054,2026-08-21T16:47:00+00:00,18.5,1722.91,Diesel,42137.4
V083,2026-08-12T14:00:00+00:00,30.92,3004.89,Petrol,6155.5
V100,2026-08-23T09:07:00+00:00,28.83,2770.81,Diesel,38685.2
V072,2026-08-24T19:51:00+00:00,9.24,926.66,Diesel,149197.7
V031,2026-09-03T17:12:00+00:00,17.82,1787.44,Diesel,90512.9
V009,2026-09-02T01:42:00+00:00,25.54,2480.45,Petrol,104877.9
V021,2026-08-13T09:00:00+00:00,20.31,1963.41,Diesel,28115.6
V006,2026-09-23T19:36:00+00:00,22.79,2312.63,Diesel,61589.7
V016,2026-08-15T01:40:00+00:00,44.77,4436.0,Diesel,156749.4
V071,2026-08-26T07:55:00+00:00,11.92,1210.19,Diesel,83336.5
V065,2026-09-19T20:59:00+00:00,8.78,888.34,Petrol,110367.4
V031,2026-08-29T23:38:00+00:00,43.55,4475.87,Diesel,37742.4
V072,2026-09-10T14:49:00+00:00,6.33,618.81,Diesel,101137.4
V070,2026-09-10T04:24:00+00:00,23.49,2200.52,Diesel,132155.7
V095,2026-08-28T22:23:00+00:00,35.4,3299.07,Diesel,170297.7
V094,2026-09-02T03:32:00+00:00,31.78,3224.12,Diesel,145645.3
V016,2026-09-24T05:35:00+00:00,8.55,833.59,Diesel,40343.6
V047,2026-08-08T10:52:00+00:00,8.16,768.75,Petrol,74017.2
V044,2026-09-17T16:28:00+00:00,16.62,1667.77,Petrol,36106.4
V041,2026-09-10T14:26:00+00:00,32.31,3155.16,Diesel,134734.8
V082,2026-08-01T21:04:00+00:00,36.04,3664.14,Diesel,151752.3
V028,2026-08-23T17:08:00+00:00,8.9,905.4,Diesel,126190.6
V034,2026-08-22T22:35:00+00:00,6.26,594.39,Diesel,166521.9
V056,2026-08-18T07:39:00+00:00,27.3,2647.5,Diesel,54510.6
V090,2026-08-10T04:35:00+00:00,44.1,4357.86,Petrol,123377.3
V094,2026-09-11T08:33:00+00:00,5.73,549.06,Diesel,92264.7
V046,2026-09-02T04:39:00+00:00,20.15,1992.79,Diesel,8456.4
V060,2026-09-17T23:42:00+00:00,29.67,2790.62,Diesel,17480.0
V093,2026-08-02T01:33:00+00:00,43.04,4349.55,Diesel,95783.9
V002,2026-08-16T22:13:00+00:00,16.17,1497.7,Petrol,19178.6
V069,2026-08-08T22:38:00+00:00,12.78,1276.08,Petrol,64492.3
V100,2026-09-06T04:05:00+00:00,8.65,836.88,Diesel,133242.9
V062,2026-08-06T08:09:00+00:00,19.06,1876.94,Diesel,67417.6
V069,2026-08-17T22:05:00+00:00,35.86,3518.3,Petrol,132629.5
V036,2026-09-01T18:59:00+00:00,29.19,2906.09,Petrol,31086.6
V095,2026-08-31T20:26:00+00:00,15.42,1431.71,Diesel,75153.9
V056,2026-08-16T23:31:00+00:00,33.32,3193.98,Diesel,134042.5
V031,2026-08-15T18:16:00+00:00,17.2,1623.06,Diesel,110122.1
V035,2026-08-16T18:06:00+00:00,11.31,1146.0,Petrol,120356.0
V018,2026-09-16T23:54:00+00:00,40.05,4045.78,Diesel,149493.4
V069,2026-08-15T13:49:00+00:00,18.17,1703.92,Petrol,9539.5
V041,2026-08-18T05:38:00+00:00,35.52,3477.03,Diesel,66412.9
V028,2026-08-28T23:53:00+00:00,39.41,3817.97,Diesel,157413.1
V085,2026-08-07T06:28:00+00:00,38.98,3752.61,Diesel,65628.0
V096,2026-08-03T20:19:00+00:00,7.82,760.36,Petrol,18206.8
V010,2026-09-01T12:32:00+00:00,34.37,3369.15,Diesel,45055.7
V068,2026-09-23T14:24:00+00:00,41.56,3932.62,Diesel,128715.8
V030,2026-08-30T08:35:00+00:00,17.22,1743.51,Diesel,65653.9
V027,2026-09-22T00:57:00+00:00,8.72,872.33,Diesel,92851.1
V098,2026-09-01T19:04:00+00:00,35.68,3591.73,Diesel,136827.1
V025,2026-09-07T10:27:00+00:00,13.46,1374.28,Diesel,83506.1
V014,2026-08-02T10:00:00+00:00,5.85,542.71,Diesel,123637.6
V024,2026-08-04T07:00:00+00:00,29.06,2872.4,Diesel,20550.6
V058,2026-09-10T13:01:00+00:00,25.32,2373.39,Petrol,143588.6
V085,2026-09-02T02:01:00+00:00,16.27,1617.17,Diesel,13718.9
V007,2026-08-23T19:37:00+00:00,42.26,3938.81,Petrol,151596.4
V079,2026-09-24T08:03:00+00:00,32.95,3363.57,Diesel,15872.5
V052,2026-08-10T02:56:00+00:00,27.23,2713.66,Petrol,123289.2
V024,2026-09-06T10:00:00+00:00,21.97,2175.82,Diesel,127475.0
V052,2026-08-10T15:04:00+00:00,20.81,2054.81,Petrol,9735.4
V040,2026-08-26T13:02:00+00:00,14.89,1422.81,Diesel,31836.4
V087,2026-08-28T11:41:00+00:00,31.78,3206.87,Petrol,34685.3
V021,2026-08-12T10:45:00+00:00,21.72,2216.44,Diesel,175498.8
V047,2026-08-27T03:58:00+00:00,14.37,1401.89,Petrol,143222.3
V081,2026-09-05T21:53:00+00:00,30.05,2777.77,Diesel,36454.9
V059,2026-09-02T02:45:00+00:00,41.47,3978.63,Diesel,146200.8
V097,2026-08-09T13:15:00+00:00,30.57,2864.96,Diesel,121515.9
V089,2026-09-04T21:48:00+00:00,39.28,3962.67,Diesel,46505.5
V014,2026-09-08T19:30:00+00:00,8.06,817.75,Diesel,75096.8
V025,2026-08-17T18:49:00+00:00,42.22,3987.4,Diesel,73815.4
V084,2026-08-15T23:49:00+00:00,11.62,1102.23,Petrol,53993.6
V087,2026-09-20T12:03:00+00:00,12.53,1239.54,Petrol,79855.1
V100,2026-08-10T07:05:00+00:00,21.62,2196.96,Diesel,98977.0
V026,2026-08-18T23:58:00+00:00,19.07,1877.58,Petrol,154515.0
V089,2026-09-04T10:19:00+00:00,42.2,3902.54,Diesel,157031.5
V056,2026-09-14T02:15:00+00:00,30.19,2923.08,Diesel,101969.0
V059,2026-08-21T20:12:00+00:00,11.5,1141.83,Diesel,86543.3
V093,2026-09-10T22:18:00+00:00,12.57,1234.52,Diesel,34325.4
V071,2026-08-28T03:03:00+00:00,11.43,1087.5,Diesel,173166.6
V024,2026-08-14T01:55:00+00:00,33.69,3242.51,Diesel,159721.3
V091,2026-09-19T11:28:00+00:00,27.65,2724.17,Petrol,89438.4
V076,2026-08-19T08:39:00+00:00,28.71,2728.84,Diesel,148387.3
V093,2026-09-02T10:28:00+00:00,26.92,2612.22,Diesel,115509.5
V037,2026-08-16T06:54:00+00:00,33.24,3333.24,Diesel,107689.8
V066,2026-09-23T06:29:00+00:00,33.13,3290.98,Diesel,65244.5
V040,2026-08-06T20:07:00+00:00,14.76,1442.55,Diesel,9996.8
V096,2026-09-22T23:23:00+00:00,38.13,3570.19,Petrol,148261.2
V081,2026-08-12T08:08:00+00:00,36.1,3380.15,Diesel,66095.9
V025,2026-09-13T22:47:00+00:00,23.06,2254.02,Diesel,7009.5
V038,2026-08-04T23:55:00+00:00,5.19,502.58,Petrol,145046.5
V006,2026-09-17T09:30:00+00:00,17.62,1695.8,Diesel,114313.0
V008,2026-08-24T16:20:00+00:00,33.12,3144.2,Diesel,163854.1
V097,2026-08-12T20:12:00+00:00,31.08,2947.04,Diesel,110454.3
V019,2026-08-13T06:30:00+00:00,22.7,2281.06,Diesel,97450.2
V088,2026-08-10T07:30:00+00:00,9.48,973.94,Petrol,7681.0
V019,2026-08-20T22:52:00+00:00,20.4,1893.26,Diesel,75369.3
V079,2026-08-12T23:02:00+00:00,39.22,3881.97,Diesel,152114.5
V050,2026-09-21T10:23:00+00:00,31.43,3144.37,Diesel,158993.9
V074,2026-08-12T11:52:00+00:00,31.65,3116.97,Diesel,58236.0
V082,2026-08-06T08:21:00+00:00,15.65,1469.37,Diesel,78910.8
V015,2026-09-19T03:03:00+00:00,37.34,3580.64,Diesel,117468.7
V040,2026-08-24T14:43:00+00:00,22.91,2189.8,Diesel,69330.6
V013,2026-08-17T12:32:00+00:00,11.54,1071.86,Petrol,104221.0
V079,2026-09-04T11:03:00+00:00,43.71,4109.95,Diesel,155617.9
V026,2026-09-11T10:52:00+00:00,11.2,1112.58,Petrol,129057.7
V075,2026-09-18T13:29:00+00:00,22.63,2124.53,Diesel,176111.8
V042,2026-08-10T01:32:00+00:00,16.77,1696.77,Diesel,110343.8
V092,2026-09-06T06:45:00+00:00,28.66,2776.64,Diesel,20283.0
V014,2026-09-18T15:37:00+00:00,39.13,3937.31,Diesel,47331.9
V007,2026-08-17T21:09:00+00:00,17.62,1691.02,Petrol,114974.0
V001,2026-08-14T11:28:00+00:00,37.98,3754.8,Petrol,159878.2
V035,2026-09-01T12:27:00+00:00,29.73,3007.92,Petrol,32915.7
V095,2026-08-13T22:33:00+00:00,19.18,1952.87,Diesel,177722.9
V065,2026-09-22T08:12:00+00:00,30.4,3081.1,Petrol,34249.6
V052,2026-09-21T05:35:00+00:00,5.47,560.13,Petrol,73884.6
V010,2026-09-06T22:24:00+00:00,7.48,714.21,Diesel,56325.7
V069,2026-08-10T08:58:00+00:00,10.5,1057.18,Petrol,151042.5
V081,2026-09-09T16:58:00+00:00,23.33,2249.47,Diesel,153360.9
V089,2026-08-31T04:46:00+00:00,41.0,4033.34,Diesel,155663.8
V033,2026-09-13T14:32:00+00:00,40.15,3991.1,Diesel,44283.0
V073,2026-08-19T14:53:00+00:00,20.08,1904.97,Petrol,90607.6
V074,2026-09-07T07:00:00+00:00,23.33,2176.0,Diesel,38837.5
V030,2026-08-16T08:55:00+00:00,15.38,1449.12,Diesel,139202.5
V083,2026-09-01T08:29:00+00:00,30.81,3062.05,Petrol,62062.7
V042,2026-08-31T09:50:00+00:00,43.09,4344.28,Diesel,51080.0
V033,2026-08-13T03:01:00+00:00,35.28,3601.99,Diesel,17958.5
V019,2026-08-17T02:14:00+00:00,16.56,1681.21,Diesel,30814.1
V067,2026-09-17T15:29:00+00:00,29.0,2720.57,Petrol,69630.0
V048,2026-09-10T03:32:00+00:00,15.3,1554.16,Diesel,118379.4
V042,2026-09-20T22:39:00+00:00,8.22,799.42,Diesel,81996.6
V097,2026-09-19T00:00:00+00:00,20.97,2132.2,Diesel,132496.5
V081,2026-08-20T09:19:00+00:00,38.41,3793.85,Diesel,108925.4
V039,2026-08-24T03:44:00+00:00,36.37,3392.69,Diesel,76461.0
V057,2026-09-19T19:10:00+00:00,29.37,3021.69,Diesel,120902.5
V020,2026-09-07T19:38:00+00:00,14.03,1373.03,Diesel,78628.9
V065,2026-08-11T09:26:00+00:00,21.11,2113.75,Petrol,17210.5
V064,2026-09-16T12:07:00+00:00,28.88,2882.41,Petrol,82784.9
V081,2026-09-10T10:20:00+00:00,6.13,629.53,Diesel,40446.3
V048,2026-09-06T01:44:00+00:00,24.37,2398.55,Diesel,13459.3
V067,2026-08-12T08:51:00+00:00,39.07,3849.61,Petrol,30422.7
V066,2026-09-12T15:54:00+00:00,5.56,523.14,Diesel,178139.4
V016,2026-08-25T06:00:00+00:00,24.86,2389.72,Diesel,167399.7
V029,2026-09-03T15:44:00+00:00,21.57,2117.86,Diesel,32492.1
V075,2026-09-21T07:43:00+00:00,39.29,3755.95,Diesel,48902.9
V084,2026-08-03T05:24:00+00:00,16.87,1589.45,Petrol,9604.1
V066,2026-08-31T04:40:00+00:00,43.88,4284.99,Diesel,83189.2
V062,2026-08-29T10:04:00+00:00,32.63,3215.77,Diesel,114633.0
V082,2026-08-29T00:47:00+00:00,44.11,4262.37,Diesel,151871.7
V073,2026-08-06T18:24:00+00:00,34.83,3269.63,Petrol,115415.6
V064,2026-08-06T15:17:00+00:00,22.35,2100.05,Petrol,68246.3
V043,2026-09-12T20:57:00+00:00,40.57,4149.27,Diesel,99789.8
V079,2026-08-10T08:14:00+00:00,11.45,1076.43,Diesel,61973.7
V007,2026-09-13T22:29:00+00:00,19.91,1850.7,Petrol,40050.9
V034,2026-08-02T00:11:00+00:00,7.89,779.15,Diesel,15002.3
V047,2026-08-15T06:05:00+00:00,12.31,1217.69,Petrol,47592.4
V043,2026-08-17T06:57:00+00:00,20.18,2026.41,Diesel,71755.0
V019,2026-08-03T14:41:00+00:00,37.77,3824.17,Diesel,131214.8
V095,2026-08-24T23:45:00+00:00,34.25,3159.9,Diesel,7158.8
V021,2026-09-24T16:10:00+00:00,37.11,3717.61,Diesel,58105.4
V066,2026-08-17T17:17:00+00:00,14.05,1317.25,Diesel,173498.6
V046,2026-09-21T11:58:00+00:00,16.9,1621.46,Diesel,142114.2
V044,2026-08-08T15:12:00+00:00,9.62,972.46,Petrol,77567.4
V073,2026-08-27T20:13:00+00:00,18.11,1741.69,Petrol,118044.6
V028,2026-08-29T12:08:00+00:00,27.73,2687.16,Diesel,139332.5
V078,2026-09-01T04:42:00+00:00,35.55,3345.33,Diesel,28265.5
V014,2026-08-15T22:03:00+00:00,8.36,845.98,Diesel,7871.7
V096,2026-08-12T09:52:00+00:00,24.46,2409.56,Petrol,31568.7
V037,2026-08-21T03:24:00+00:00,11.72,1192.19,Diesel,46376.6
V075,2026-08-11T02:59:00+00:00,11.79,1150.78,Diesel,170213.2
V050,2026-09-21T10:28:00+00:00,18.28,1793.37,Diesel,117203.0
V011,2026-08-27T23:01:00+00:00,39.93,3729.0,Diesel,160565.3
V027,2026-08-16T08:01:00+00:00,21.05,2151.94,Diesel,71809.4
V022,2026-09-19T09:29:00+00:00,20.42,1904.17,Diesel,91607.2
V014,2026-09-14T10:02:00+00:00,32.17,3306.63,Diesel,104753.1
V018,2026-09-17T05:09:00+00:00,15.31,1549.41,Diesel,100939.9
V030,2026-08-04T19:04:00+00:00,21.81,2038.65,Diesel,15598.5
V018,2026-09-04T09:47:00+00:00,11.82,1115.05,Diesel,178025.1
V080,2026-09-02T02:37:00+00:00,25.63,2405.98,Diesel,67647.3
V057,2026-09-22T03:52:00+00:00,41.07,4091.94,Diesel,162211.2
V019,2026-08-01T00:15:00+00:00,32.05,3191.79,Diesel,176717.7
V050,2026-08-14T08:26:00+00:00,39.78,3842.19,Diesel,108281.3
V083,2026-09-16T01:07:00+00:00,36.52,3672.94,Petrol,148105.7
V061,2026-09-19T10:35:00+00:00,32.73,3314.05,Petrol,133516.3
V044,2026-08-15T08:31:00+00:00,19.16,1852.25,Petrol,9484.3
V003,2026-09-22T22:11:00+00:00,40.06,3814.01,Diesel,106400.3
V041,2026-08-05T07:04:00+00:00,20.13,1886.95,Diesel,102258.9
V093,2026-08-12T14:41:00+00:00,28.78,2667.64,Diesel,133776.8
V088,2026-09-16T12:47:00+00:00,39.91,3850.7,Petrol,61999.7
V079,2026-08-09T20:48:00+00:00,6.98,718.65,Diesel,141705.2
V097,2026-09-22T22:00:00+00:00,39.29,4043.3,Diesel,173583.5
V027,2026-08-12T17:29:00+00:00,21.02,1945.97,Diesel,81282.3
V044,2026-08-03T17:59:00+00:00,44.76,4273.28,Petrol,20065.6
V055,2026-09-08T06:59:00+00:00,21.12,2121.83,Diesel,175741.7
V074,2026-09-23T17:42:00+00:00,31.97,2993.63,Diesel,44482.1
V089,2026-09-12T09:42:00+00:00,30.05,2913.68,Diesel,11730.8
V021,2026-08-17T23:38:00+00:00,41.25,4015.42,Diesel,17433.5
V059,2026-09-15T14:42:00+00:00,22.41,2211.57,Diesel,45875.6
V006,2026-09-01T14:00:00+00:00,42.97,3986.89,Diesel,92263.1
V085,2026-08-04T21:51:00+00:00,32.9,3054.37,Diesel,161796.7
V033,2026-08-23T23:40:00+00:00,21.69,2128.09,Diesel,148854.4
V060,2026-09-02T14:48:00+00:00,33.78,3131.23,Diesel,13754.0
V080,2026-08-07T21:54:00+00:00,10.86,1059.66,Diesel,68304.5
V034,2026-08-22T01:57:00+00:00,35.24,3396.17,Diesel,74604.0
V039,2026-08-27T07:13:00+00:00,44.15,4435.77,Diesel,46264.9
V077,2026-08-28T21:35:00+00:00,16.99,1732.06,Diesel,26617.7
V091,2026-09-03T22:24:00+00:00,34.93,3532.41,Petrol,104994.1
V082,2026-09-17T10:41:00+00:00,6.34,612.39,Diesel,39276.0
V007,2026-09-19T07:58:00+00:00,38.36,3641.25,Petrol,77591.5
V089,2026-08-27T16:23:00+00:00,8.02,739.67,Diesel,156131.6
V081,2026-08-10T10:36:00+00:00,21.75,2069.64,Diesel,142515.9
V053,2026-08-13T13:14:00+00:00,28.85,2814.43,Diesel,11787.4
V008,2026-09-03T15:28:00+00:00,24.97,2335.78,Diesel,124743.6
V050,2026-08-15T00:27:00+00:00,32.51,3280.09,Diesel,111540.1
V084,2026-09-17T12:11:00+00:00,17.45,1774.73,Petrol,14029.1
V041,2026-08-24T17:57:00+00:00,36.87,3450.28,Diesel,94970.6
V021,2026-08-08T21:43:00+00:00,31.06,2906.67,Diesel,92664.0
V007,2026-09-22T05:14:00+00:00,28.56,2701.35,Petrol,103916.6
V085,2026-09-10T04:21:00+00:00,31.19,3204.64,Diesel,23188.4
V061,2026-08-03T10:30:00+00:00,36.05,3679.6,Petrol,23509.4
V049,2026-08-03T21:12:00+00:00,42.69,4231.43,Diesel,164268.7
V059,2026-09-10T03:42:00+00:00,34.72,3515.94,Diesel,137830.7
V088,2026-09-15T21:57:00+00:00,26.53,2592.53,Petrol,108146.7
V004,2026-08-28T14:28:00+00:00,37.5,3463.42,Diesel,138989.1
V019,2026-08-15T05:08:00+00:00,16.47,1655.2,Diesel,116817.8
V069,2026-08-10T09:25:00+00:00,16.97,1659.52,Petrol,154651.4
V038,2026-08-12T03:10:00+00:00,8.13,762.54,Petrol,106613.7
V007,2026-08-09T22:51:00+00:00,23.33,2155.0,Petrol,102553.6
V085,2026-09-20T04:52:00+00:00,35.65,3313.18,Diesel,73448.3
V050,2026-09-07T19:00:00+00:00,43.8,4261.6,Diesel,63872.3
V019,2026-09-12T05:50:00+00:00,20.95,2002.68,Diesel,38855.6
V034,2026-09-14T13:29:00+00:00,15.72,1540.5,Diesel,159523.1
V083,2026-08-20T10:20:00+00:00,19.42,1965.1,Petrol,178562.0
V091,2026-09-05T10:36:00+00:00,37.0,3652.03,Petrol,122620.7
V024,2026-08-21T13:22:00+00:00,29.22,2995.63,Diesel,178675.4
V084,2026-08-07T18:30:00+00:00,24.31,2275.6,Petrol,110271.6
V011,2026-09-02T05:13:00+00:00,21.74,2080.03,Diesel,132632.5
V063,2026-09-17T23:07:00+00:00,33.88,3452.38,Diesel,39590.9
V052,2026-09-22T12:39:00+00:00,34.71,3224.4,Petrol,46995.3
V068,2026-08-31T17:05:00+00:00,13.74,1362.33,Diesel,94294.7
V010,2026-09-01T15:11:00+00:00,14.16,1340.56,Diesel,157916.5
V077,2026-09-21T21:49:00+00:00,33.99,3314.67,Diesel,67520.9
V099,2026-08-23T17:13:00+00:00,42.27,3940.07,Diesel,75081.7
V073,2026-08-25T15:09:00+00:00,35.56,3391.87,Petrol,27247.8
V055,2026-08-25T23:06:00+00:00,5.56,518.34,Diesel,143303.6
V046,2026-08-27T03:59:00+00:00,11.23,1048.93,Diesel,58296.0
V082,2026-08-02T19:15:00+00:00,36.18,3713.81,Diesel,93413.9
V059,2026-09-23T17:48:00+00:00,17.83,1817.96,Diesel,115001.8
V069,2026-08-15T14:19:00+00:00,10.6,1004.41,Petrol,142442.3
V031,2026-09-07T01:31:00+00:00,40.02,3854.17,Diesel,77949.9
V028,2026-09-04T12:49:00+00:00,16.16,1546.04,Diesel,32733.5
V038,2026-08-28T13:29:00+00:00,38.86,3992.09,Petrol,31383.5
V068,2026-09-14T03:36:00+00:00,40.37,3771.89,Diesel,88623.4
V065,2026-08-09T00:40:00+00:00,41.69,4136.17,Petrol,124431.9
V073,2026-08-27T09:20:00+00:00,32.98,3277.97,Petrol,174973.1
V039,2026-08-06T18:28:00+00:00,29.26,2799.58,Diesel,153914.4
V083,2026-09-15T14:26:00+00:00,22.58,2274.28,Petrol,121339.7
V060,2026-09-03T16:02:00+00:00,29.95,3056.23,Diesel,77247.3
V051,2026-09-23T05:39:00+00:00,9.07,900.91,Diesel,161631.0
V071,2026-09-21T05:23:00+00:00,42.75,4350.22,Diesel,148327.6
V008,2026-09-21T20:43:00+00:00,22.48,2191.89,Diesel,55079.0
V071,2026-09-02T04:32:00+00:00,19.51,1925.27,Diesel,50911.8
V089,2026-09-04T22:57:00+00:00,28.79,2870.88,Diesel,169415.1
V024,2026-08-02T20:32:00+00:00,16.23,1496.96,Diesel,133587.7
V001,2026-08-16T12:54:00+00:00,18.54,1884.84,Petrol,69795.6
V046,2026-08-17T06:42:00+00:00,32.42,3106.29,Diesel,155429.1
V011,2026-09-05T16:37:00+00:00,36.78,3683.26,Diesel,73650.0
V013,2026-08-17T04:15:00+00:00,24.58,2407.1,Petrol,164893.9
V096,2026-08-22T16:02:00+00:00,35.62,3296.98,Petrol,134070.8
V007,2026-09-06T01:07:00+00:00,28.5,2720.88,Petrol,132584.7
V047,2026-08-06T06:59:00+00:00,32.6,3286.4,Petrol,65944.4
V058,2026-09-15T15:50:00+00:00,41.14,3896.52,Petrol,45983.6
V096,2026-09-07T01:32:00+00:00,34.11,3150.9,Petrol,147775.5
V054,2026-09-01T16:58:00+00:00,33.68,3307.25,Diesel,98150.5
V074,2026-08-14T15:59:00+00:00,10.05,958.35,Diesel,41967.3
V084,2026-08-02T12:37:00+00:00,5.21,481.57,Petrol,104658.2
V006,2026-08-24T04:58:00+00:00,12.57,1165.07,Diesel,59676.4
V020,2026-08-30T08:00:00+00:00,8.8,883.31,Diesel,150622.7
V039,2026-08-22T16:46:00+00:00,7.57,701.1,Diesel,124399.5
V055,2026-08-06T03:53:00+00:00,15.28,1483.8,Diesel,166924.6
V093,2026-09-10T14:14:00+00:00,15.15,1505.67,Diesel,155025.5
V093,2026-09-05T11:12:00+00:00,37.11,3552.95,Diesel,104710.5
V035,2026-08-02T04:16:00+00:00,11.87,1118.07,Petrol,176191.6
V087,2026-09-02T10:14:00+00:00,7.03,668.12,Petrol,111646.6
V049,2026-09-07T09:11:00+00:00,29.97,2911.98,Diesel,176276.1
V089,2026-09-20T14:48:00+00:00,44.71,4130.09,Diesel,151598.6
V017,2026-09-22T06:35:00+00:00,33.06,3233.86,Diesel,76376.5
V073,2026-09-12T01:38:00+00:00,16.96,1690.66,Petrol,122961.6
V038,2026-09-14T09:25:00+00:00,32.78,3095.6,Petrol,106917.6
V065,2026-08-28T14:58:00+00:00,36.04,3707.68,Petrol,128257.6
V010,2026-08-27T13:06:00+00:00,10.81,1109.66,Diesel,137338.8
V012,2026-08-10T05:57:00+00:00,13.7,1383.49,Diesel,55823.9
V019,2026-09-23T04:36:00+00:00,6.41,638.01,Diesel,45245.6
V069,2026-08-04T19:19:00+00:00,9.27,863.98,Petrol,175176.7
V034,2026-09-15T20:43:00+00:00,42.64,4045.81,Diesel,169338.0
V036,2026-08-29T15:19:00+00:00,31.43,3127.37,Petrol,70383.2
V030,2026-08-19T21:58:00+00:00,30.49,2940.04,Diesel,67594.2
V065,2026-08-12T12:11:00+00:00,29.33,2852.26,Petrol,103198.5
V069,2026-08-30T22:33:00+00:00,19.39,1917.56,Petrol,73250.3
V077,2026-09-01T15:54:00+00:00,31.37,2905.25,Diesel,76563.7
V046,2026-08-26T14:28:00+00:00,20.45,1892.71,Diesel,45392.2
V011,2026-09-04T13:39:00+00:00,23.51,2172.98,Diesel,22154.3
V028,2026-08-17T06:23:00+00:00,42.54,4216.69,Diesel,177072.0
V092,2026-08-16T01:03:00+00:00,36.89,3527.52,Diesel,62716.7
V046,2026-08-23T00:40:00+00:00,32.64,3150.06,Diesel,157142.6
V002,2026-08-22T21:36:00+00:00,28.96,2883.24,Petrol,43824.1
V005,2026-08-28T04:31:00+00:00,34.4,3240.27,Diesel,16504.5
V003,2026-09-01T06:39:00+00:00,5.1,496.78,Diesel,79395.8
V019,2026-08-21T06:01:00+00:00,42.32,4132.15,Diesel,40670.0
V019,2026-09-13T04:20:00+00:00,8.2,776.71,Diesel,16170.0
V013,2026-09-07T12:00:00+00:00,22.34,2117.97,Petrol,105993.9
V031,2026-08-30T09:57:00+00:00,23.62,2202.92,Diesel,100373.6
V088,2026-09-06T05:14:00+00:00,16.3,1599.55,Petrol,174717.9
V008,2026-08-09T15:26:00+00:00,27.59,2745.03,Diesel,75435.0
V003,2026-09-08T05:34:00+00:00,42.83,3981.85,Diesel,43730.4
V010,2026-09-02T01:40:00+00:00,33.64,3312.65,Diesel,57398.1
V069,2026-08-28T14:01:00+00:00,37.8,3590.68,Petrol,170638.7
V022,2026-09-03T06:37:00+00:00,35.57,3306.03,Diesel,36677.6
V016,2026-08-03T08:40:00+00:00,10.82,1041.58,Diesel,131390.2
V001,2026-09-19T14:47:00+00:00,28.8,2723.9,Petrol,29983.3
V045,2026-08-01T13:29:00+00:00,14.65,1428.7,Diesel,65995.0
V024,2026-08-27T04:36:00+00:00,38.02,3532.29,Diesel,152801.8
V047,2026-09-18T15:08:00+00:00,8.54,838.39,Petrol,48760.2
V022,2026-08-21T21:36:00+00:00,24.53,2378.09,Diesel,44391.6
V100,2026-08-03T23:04:00+00:00,7.4,713.84,Diesel,116668.1
V053,2026-09-23T03:08:00+00:00,16.41,1565.78,Diesel,11401.5
V084,2026-08-04T07:28:00+00:00,36.48,3639.53,Petrol,64863.6
V037,2026-08-08T12:27:00+00:00,41.52,4103.1,Diesel,55942.8
V008,2026-08-21T18:53:00+00:00,34.89,3385.61,Diesel,98559.5
V098,2026-09-20T00:53:00+00:00,27.94,2621.04,Diesel,121956.6
V061,2026-09-24T08:51:00+00:00,43.52,4089.62,Petrol,73680.8
V014,2026-08-23T00:04:00+00:00,35.6,3441.11,Diesel,113203.5
V022,2026-09-08T23:07:00+00:00,28.98,2696.44,Diesel,37941.3
V057,2026-09-03T04:22:00+00:00,32.54,3194.93,Diesel,150324.5
V024,2026-08-20T03:12:00+00:00,23.6,2427.47,Diesel,74779.3
V008,2026-08-01T00:30:00+00:00,28.57,2891.03,Diesel,135430.6
V014,2026-09-05T01:44:00+00:00,13.0,1308.28,Diesel,58258.0
V023,2026-09-13T15:32:00+00:00,44.57,4182.93,Diesel,11560.6
V054,2026-08-21T07:32:00+00:00,23.34,2395.45,Diesel,136240.4
V064,2026-08-23T03:40:00+00:00,20.43,1879.65,Petrol,166078.5
V083,2026-09-04T20:58:00+00:00,17.25,1611.73,Petrol,41457.6
V096,2026-09-11T12:25:00+00:00,18.8,1754.2,Petrol,55860.9
V010,2026-08-10T14:34:00+00:00,30.49,3043.48,Diesel,134773.8
V037,2026-09-04T18:03:00+00:00,18.33,1693.1,Diesel,67784.1
V069,2026-09-02T07:54:00+00:00,29.22,2863.48,Petrol,114023.1
V043,2026-08-04T15:23:00+00:00,43.38,4326.78,Diesel,101073.3
V067,2026-08-25T17:28:00+00:00,30.43,2947.06,Petrol,27945.6
V001,2026-08-29T02:27:00+00:00,30.05,2808.0,Petrol,50032.7
V057,2026-08-27T16:55:00+00:00,11.2,1086.64,Diesel,129168.0
V059,2026-08-10T07:45:00+00:00,34.51,3476.59,Diesel,81735.9
V042,2026-08-23T02:42:00+00:00,17.12,1586.16,Diesel,91848.8
V015,2026-08-07T02:02:00+00:00,29.92,2768.65,Diesel,84353.5
V006,2026-08-25T07:51:00+00:00,28.88,2884.25,Diesel,29568.3
V016,2026-09-10T02:46:00+00:00,7.84,758.1,Diesel,117676.9
V039,2026-08-05T22:44:00+00:00,24.07,2351.4,Diesel,77431.7
V068,2026-09-24T03:42:00+00:00,43.85,4443.24,Diesel,68506.9
V043,2026-08-20T07:15:00+00:00,28.52,2680.63,Diesel,163063.3
V007,2026-09-10T22:39:00+00:00,9.72,980.59,Petrol,161577.9
V093,2026-09-20T19:16:00+00:00,26.07,2432.17,Diesel,17125.6
V071,2026-08-13T03:39:00+00:00,28.84,2882.06,Diesel,22538.3
V098,2026-09-14T15:52:00+00:00,11.86,1102.83,Diesel,171482.3
V090,2026-09-01T22:56:00+00:00,36.9,3479.1,Petrol,162934.2
V089,2026-08-03T01:46:00+00:00,10.14,965.66,Diesel,100018.0
V099,2026-08-21T15:19:00+00:00,22.5,2283.64,Diesel,30433.4
V032,2026-08-19T22:48:00+00:00,37.12,3661.57,Petrol,139514.3
V008,2026-09-15T17:49:00+00:00,22.99,2141.57,Diesel,177380.1
V008,2026-08-13T15:29:00+00:00,24.73,2386.8,Diesel,12091.0
V011,2026-08-02T14:21:00+00:00,42.77,4218.48,Diesel,26801.1
V054,2026-09-17T01:02:00+00:00,44.32,4460.99,Diesel,105739.2
V094,2026-09-13T08:56:00+00:00,14.46,1368.91,Diesel,101754.9
V072,2026-08-08T22:51:00+00:00,40.1,3699.28,Diesel,13377.5
V095,2026-08-01T15:23:00+00:00,26.9,2479.72,Diesel,119878.7
V031,2026-08-30T14:16:00+00:00,44.07,4283.57,Diesel,113830.2
V074,2026-09-06T00:49:00+00:00,41.17,4044.01,Diesel,134724.3
V015,2026-08-22T05:49:00+00:00,42.85,4063.44,Diesel,36758.1
V075,2026-08-22T13:31:00+00:00,37.78,3571.93,Diesel,21942.6
V075,2026-09-23T23:44:00+00:00,16.0,1627.72,Diesel,29779.9
V012,2026-08-16T23:55:00+00:00,40.48,3797.13,Diesel,117502.8
V011,2026-09-12T13:33:00+00:00,42.13,4243.18,Diesel,11174.5
V099,2026-08-15T08:30:00+00:00,6.37,622.53,Diesel,155221.7
V096,2026-09-21T02:19:00+00:00,19.45,1839.6,Petrol,48889.5
V081,2026-08-31T02:22:00+00:00,27.35,2534.81,Diesel,43177.6
V017,2026-09-12T14:36:00+00:00,30.63,2879.55,Diesel,112108.6
V069,2026-09-17T10:14:00+00:00,20.72,1945.38,Petrol,6064.2
V079,2026-08-07T16:53:00+00:00,42.54,4115.73,Diesel,76603.7
V060,2026-08-11T16:20:00+00:00,27.75,2583.42,Diesel,31381.1
V043,2026-09-21T17:59:00+00:00,18.13,1699.44,Diesel,102959.8
V079,2026-08-27T21:29:00+00:00,13.63,1298.3,Diesel,73388.6
V013,2026-08-12T23:05:00+00:00,10.45,984.85,Petrol,62915.8
V008,2026-09-02T17:19:00+00:00,21.01,2087.22,Diesel,138302.0
V023,2026-09-17T18:59:00+00:00,30.84,2938.98,Diesel,30416.4
V096,2026-08-07T00:13:00+00:00,7.02,697.32,Petrol,71225.2
V016,2026-08-06T14:04:00+00:00,22.28,2269.97,Diesel,35356.6
V007,2026-08-07T01:23:00+00:00,5.1,516.2,Petrol,65856.4
V018,2026-08-30T18:28:00+00:00,24.15,2462.29,Diesel,107844.1
V020,2026-09-20T06:05:00+00:00,43.52,4136.33,Diesel,126810.4
V002,2026-08-04T00:39:00+00:00,25.36,2444.97,Petrol,115349.9
V054,2026-09-19T14:54:00+00:00,38.99,3957.97,Diesel,158131.6
V077,2026-08-08T17:00:00+00:00,10.58,1074.45,Diesel,21397.1
V002,2026-09-14T15:44:00+00:00,36.08,3394.1,Petrol,58076.0
V061,2026-08-05T03:32:00+00:00,27.89,2627.07,Petrol,84374.8
V055,2026-08-02T04:19:00+00:00,10.65,1005.13,Diesel,62300.4
V002,2026-09-18T18:30:00+00:00,10.09,956.48,Petrol,145132.7
V056,2026-08-20T04:16:00+00:00,17.02,1575.48,Diesel,59759.4
V070,2026-08-09T21:57:00+00:00,11.21,1033.92,Diesel,167548.2
V043,2026-08-12T00:42:00+00:00,39.73,3856.39,Diesel,11084.9
V078,2026-08-15T05:27:00+00:00,21.49,2068.33,Diesel,147478.8
V030,2026-09-05T01:45:00+00:00,44.08,4254.04,Diesel,141964.5
V009,2026-08-04T05:33:00+00:00,25.26,2358.84,Petrol,125523.4
V066,2026-09-22T22:11:00+00:00,21.48,2019.26,Diesel,23578.3
V035,2026-09-17T10:47:00+00:00,13.96,1318.7,Petrol,28155.6
V017,2026-09-07T08:47:00+00:00,37.69,3502.18,Diesel,17840.0
V013,2026-09-11T22:39:00+00:00,11.73,1160.91,Petrol,100483.0
V049,2026-08-16T04:13:00+00:00,44.03,4057.8,Diesel,158635.1
V068,2026-09-15T09:31:00+00:00,41.77,4227.38,Diesel,75079.7
V017,2026-09-20T19:46:00+00:00,22.21,2073.36,Diesel,36088.1
V080,2026-09-10T15:19:00+00:00,31.9,3261.46,Diesel,7258.4
V093,2026-08-05T07:00:00+00:00,27.75,2570.04,Diesel,17113.0
V005,2026-08-13T15:39:00+00:00,21.7,2000.06,Diesel,129700.7
V023,2026-08-03T05:10:00+00:00,20.49,1930.54,Diesel,121198.0
V006,2026-09-09T04:39:00+00:00,41.84,4181.48,Diesel,138753.5
V008,2026-09-23T01:59:00+00:00,5.39,525.69,Diesel,81771.2
V011,2026-08-13T04:00:00+00:00,5.98,601.58,Diesel,77723.6
V096,2026-09-24T12:27:00+00:00,42.13,3892.14,Petrol,112091.3
V080,2026-08-02T21:31:00+00:00,39.92,3939.56,Diesel,127074.7
V076,2026-09-20T07:56:00+00:00,15.36,1523.65,Diesel,66952.0
V050,2026-09-22T05:27:00+00:00,23.06,2185.18,Diesel,32956.9
V009,2026-09-24T08:21:00+00:00,34.33,3236.68,Petrol,34878.0
V058,2026-09-13T20:58:00+00:00,31.72,2965.3,Petrol,40377.8
V031,2026-09-20T01:33:00+00:00,7.85,794.71,Diesel,7844.3
V072,2026-08-24T01:40:00+00:00,25.94,2664.54,Diesel,83964.8
V007,2026-09-07T11:07:00+00:00,26.8,2688.52,Petrol,10262.4
V078,2026-09-10T22:38:00+00:00,24.36,2364.15,Diesel,53253.3
V087,2026-09-02T10:12:00+00:00,32.9,3304.33,Petrol,178299.9
V076,2026-08-20T17:17:00+00:00,6.06,563.59,Diesel,66838.3
V010,2026-08-15T18:52:00+00:00,24.84,2373.5,Diesel,172334.1
V032,2026-09-19T06:53:00+00:00,33.6,3193.27,Petrol,33193.0
V027,2026-08-22T17:41:00+00:00,38.31,3825.8,Diesel,131856.4
V019,2026-08-31T18:44:00+00:00,25.31,2385.74,Diesel,21825.0
V022,2026-08-11T09:57:00+00:00,9.41,866.35,Diesel,11309.5
V011,2026-08-23T17:06:00+00:00,12.17,1153.71,Diesel,46324.1
V080,2026-08-17T20:37:00+00:00,9.93,965.94,Diesel,67637.6
V099,2026-08-27T18:05:00+00:00,34.97,3534.77,Diesel,49424.2
V071,2026-08-18T04:54:00+00:00,17.95,1753.15,Diesel,95099.2
V062,2026-08-26T19:35:00+00:00,15.21,1508.11,Diesel,25510.8
V036,2026-08-08T05:53:00+00:00,28.41,2819.48,Petrol,140127.4
V035,2026-09-24T11:26:00+00:00,36.11,3340.15,Petrol,13651.9
V067,2026-09-21T12:14:00+00:00,25.81,2609.77,Petrol,171786.6
V041,2026-08-21T01:54:00+00:00,21.93,2136.62,Diesel,38583.3
V032,2026-08-01T17:36:00+00:00,19.31,1961.81,Petrol,98128.1
V035,2026-08-13T11:32:00+00:00,30.06,2885.73,Petrol,151001.3
V083,2026-08-21T10:11:00+00:00,43.43,4449.06,Petrol,74626.7
V018,2026-09-23T14:52:00+00:00,36.31,3652.63,Diesel,44315.6
V086,2026-08-16T16:48:00+00:00,8.65,818.86,Diesel,86129.2
V089,2026-08-02T12:03:00+00:00,15.98,1480.73,Diesel,18526.0
V083,2026-08-05T06:57:00+00:00,10.46,963.56,Petrol,57670.4
V100,2026-09-18T20:28:00+00:00,28.22,2760.7,Diesel,66970.1
V032,2026-08-06T05:32:00+00:00,36.2,3642.7,Petrol,81348.0
V059,2026-09-09T07:02:00+00:00,33.02,3206.01,Diesel,163804.8
V098,2026-09-18T15:39:00+00:00,22.14,2202.28,Diesel,52020.7
V085,2026-08-14T05:16:00+00:00,18.59,1747.94,Diesel,63949.0
V069,2026-08-14T08:49:00+00:00,25.79,2477.71,Petrol,74368.5
V016,2026-08-21T08:40:00+00:00,40.66,3969.06,Diesel,33789.7
V079,2026-08-31T15:25:00+00:00,16.6,1690.92,Diesel,103115.3
V072,2026-08-26T14:17:00+00:00,8.63,832.52,Diesel,172421.5
V062,2026-08-07T15:33:00+00:00,21.47,2206.46,Diesel,25379.5
V022,2026-09-13T05:58:00+00:00,14.75,1382.28,Diesel,141179.0
V092,2026-09-01T05:02:00+00:00,10.97,1072.41,Diesel,165757.5
V005,2026-08-20T21:05:00+00:00,5.03,506.75,Diesel,86773.3
V042,2026-09-11T13:46:00+00:00,44.26,4511.02,Diesel,101755.4
V014,2026-09-19T05:56:00+00:00,6.64,643.55,Diesel,49809.1
V083,2026-08-30T09:20:00+00:00,12.13,1164.71,Petrol,7741.2
V005,2026-08-19T11:32:00+00:00,22.93,2208.76,Diesel,16980.7
V063,2026-08-06T10:08:00+00:00,29.76,2947.04,Diesel,44043.0
V038,2026-08-29T04:34:00+00:00,13.87,1330.87,Petrol,68570.1
V024,2026-09-10T11:16:00+00:00,11.67,1091.12,Diesel,16665.4
V052,2026-09-08T00:35:00+00:00,43.25,4305.93,Petrol,95136.7
V043,2026-09-06T19:09:00+00:00,41.26,4130.42,Diesel,5256.3
V042,2026-09-12T10:11:00+00:00,14.31,1430.99,Diesel,162259.0
V090,2026-08-16T16:35:00+00:00,15.02,1407.65,Petrol,97613.7
V067,2026-08-15T16:11:00+00:00,34.13,3252.01,Petrol,151617.6
V096,2026-08-15T11:26:00+00:00,36.8,3605.72,Petrol,76153.2
V009,2026-08-10T21:54:00+00:00,37.22,3684.15,Petrol,30938.6
V006,2026-09-16T11:42:00+00:00,19.74,1888.95,Diesel,95784.9
V070,2026-08-21T04:22:00+00:00,22.8,2280.19,Diesel,128783.6
V075,2026-09-23T06:41:00+00:00,19.55,1934.91,Diesel,44667.5
V046,2026-09-18T23:08:00+00:00,43.91,4083.11,Diesel,102341.8
V030,2026-08-26T04:05:00+00:00,38.69,3595.45,Diesel,16956.3
V093,2026-08-19T20:15:00+00:00,7.68,738.35,Diesel,133083.2
V087,2026-08-16T01:25:00+00:00,39.5,4003.46,Petrol,10809.4
V066,2026-08-18T09:31:00+00:00,10.14,1018.26,Diesel,33198.2
V045,2026-09-16T16:06:00+00:00,16.24,1514.87,Diesel,129758.1
V045,2026-08-04T17:54:00+00:00,29.36,2730.25,Diesel,160382.6
V026,2026-08-04T16:02:00+00:00,39.76,3659.45,Petrol,67132.4
V083,2026-08-11T05:06:00+00:00,6.46,639.57,Petrol,93498.6
V085,2026-09-12T06:22:00+00:00,5.86,560.53,Diesel,35197.9
V060,2026-08-19T13:42:00+00:00,42.03,3962.56,Diesel,33671.2
V070,2026-09-03T01:31:00+00:00,8.06,796.96,Diesel,88525.5
V005,2026-08-01T16:21:00+00:00,13.08,1232.12,Diesel,174620.0
V007,2026-08-15T08:01:00+00:00,8.45,810.62,Petrol,97357.5
V020,2026-08-27T22:06:00+00:00,13.72,1360.58,Diesel,49884.0
V016,2026-08-24T04:10:00+00:00,38.26,3846.34,Diesel,129395.8
V054,2026-09-16T13:04:00+00:00,16.51,1688.61,Diesel,150991.1
V092,2026-09-03T22:27:00+00:00,19.1,1808.59,Diesel,79279.2
V093,2026-09-04T14:17:00+00:00,34.38,3500.16,Diesel,171311.4
V052,2026-08-26T20:03:00+00:00,23.48,2318.59,Petrol,94330.0
V050,2026-09-16T06:10:00+00:00,5.37,508.71,Diesel,81713.4
V096,2026-09-06T04:42:00+00:00,24.39,2394.03,Petrol,141513.4
V028,2026-09-20T01:21:00+00:00,29.59,2820.15,Diesel,169901.2
V008,2026-08-22T04:05:00+00:00,8.16,790.02,Diesel,158647.6
V086,2026-08-23T01:23:00+00:00,15.35,1537.46,Diesel,144733.8
V010,2026-08-24T19:10:00+00:00,11.29,1149.51,Diesel,10435.2
V025,2026-09-04T00:43:00+00:00,18.12,1733.17,Diesel,21979.8
V054,2026-08-24T16:57:00+00:00,31.48,3019.23,Diesel,163048.4
V016,2026-08-06T05:26:00+00:00,8.78,844.35,Diesel,59763.7
V032,2026-08-16T19:16:00+00:00,8.57,798.09,Petrol,155371.1
V068,2026-08-16T05:07:00+00:00,15.58,1600.73,Diesel,144847.7
V022,2026-09-24T21:30:00+00:00,39.62,3648.81,Diesel,10688.6
V057,2026-09-15T17:11:00+00:00,43.13,4276.22,Diesel,160575.1
V047,2026-09-17T15:03:00+00:00,32.25,3115.78,Petrol,64529.4
V040,2026-08-12T22:03:00+00:00,6.12,602.73,Diesel,90800.1
V027,2026-08-22T02:52:00+00:00,22.41,2197.81,Diesel,142602.4
V080,2026-08-30T06:16:00+00:00,28.48,2670.29,Diesel,37341.6
V054,2026-08-31T20:52:00+00:00,25.9,2436.73,Diesel,155786.2
V011,2026-09-19T01:57:00+00:00,35.64,3304.32,Diesel,101952.8
V060,2026-09-17T15:06:00+00:00,10.66,984.38,Diesel,170928.4
V036,2026-09-16T04:19:00+00:00,28.8,2736.53,Petrol,23137.2
V093,2026-08-13T12:44:00+00:00,32.92,3081.92,Diesel,31115.6
V025,2026-08-07T22:22:00+00:00,26.07,2645.65,Diesel,38173.0
V036,2026-09-21T18:39:00+00:00,22.92,2221.78,Petrol,14795.0
V003,2026-09-04T04:21:00+00:00,7.15,709.07,Diesel,107441.1
V003,2026-08-05T12:10:00+00:00,21.36,2133.34,Diesel,159451.6
V096,2026-09-23T23:46:00+00:00,17.07,1632.1,Petrol,80292.6
V099,2026-09-24T00:49:00+00:00,18.52,1836.49,Diesel,10840.7
V044,2026-08-19T22:27:00+00:00,26.62,2711.14,Petrol,115567.0
V080,2026-08-31T11:25:00+00:00,13.54,1352.23,Diesel,63479.4
V018,2026-08-20T02:23:00+00:00,23.71,2328.09,Diesel,125365.6
V055,2026-08-28T23:07:00+00:00,11.91,1216.13,Diesel,45226.8
V002,2026-09-15T12:39:00+00:00,16.01,1544.43,Petrol,33738.7
V031,2026-09-09T14:10:00+00:00,19.98,1852.53,Diesel,138727.5
V070,2026-09-14T17:20:00+00:00,33.2,3269.01,Diesel,138095.0
V034,2026-08-12T23:23:00+00:00,16.08,1641.0,Diesel,96783.5
V008,2026-09-19T19:55:00+00:00,7.08,715.37,Diesel,138731.6
V092,2026-09-04T22:31:00+00:00,43.01,4284.5,Diesel,123268.3
V037,2026-08-25T13:26:00+00:00,20.95,2104.35,Diesel,54216.9
V030,2026-09-02T03:32:00+00:00,42.8,4213.97,Diesel,84586.1
V079,2026-08-18T16:01:00+00:00,18.56,1808.5,Diesel,33000.6
V100,2026-09-19T11:05:00+00:00,7.99,801.52,Diesel,163304.4
V007,2026-08-31T19:49:00+00:00,41.91,4242.72,Petrol,129447.2
V068,2026-08-20T00:37:00+00:00,28.37,2643.86,Diesel,76214.8
V018,2026-08-16T19:39:00+00:00,18.93,1837.6,Diesel,88917.3
V088,2026-08-13T06:44:00+00:00,27.98,2658.91,Petrol,171995.3
V057,2026-09-19T12:53:00+00:00,24.43,2432.03,Diesel,74572.4
V076,2026-08-24T20:42:00+00:00,40.48,3810.37,Diesel,148843.8
V085,2026-09-09T03:09:00+00:00,34.44,3427.67,Diesel,157162.8
V032,2026-08-11T22:23:00+00:00,17.51,1619.17,Petrol,171759.4
V025,2026-08-09T15:37:00+00:00,20.73,2112.32,Diesel,140676.3
V092,2026-09-07T10:17:00+00:00,38.83,3744.16,Diesel,61436.5
V027,2026-09-17T16:15:00+00:00,15.5,1566.47,Diesel,119799.1
V049,2026-08-14T00:23:00+00:00,28.73,2839.72,Diesel,156768.3
V087,2026-08-07T07:00:00+00:00,6.5,640.92,Petrol,138740.0
V047,2026-08-23T15:12:00+00:00,17.3,1637.95,Petrol,97362.3
V083,2026-08-11T14:27:00+00:00,31.87,3205.84,Petrol,32074.3
V083,2026-08-01T18:19:00+00:00,38.93,3729.68,Petrol,110078.0
V008,2026-08-02T07:09:00+00:00,37.31,3581.74,Diesel,26759.7
V075,2026-09-18T22:47:00+00:00,34.19,3436.24,Diesel,23644.0
V019,2026-08-21T17:55:00+00:00,29.87,2873.82,Diesel,53153.7
V021,2026-09-08T14:17:00+00:00,5.64,560.4,Diesel,174017.0
V058,2026-08-05T05:55:00+00:00,27.91,2678.41,Petrol,174058.5
V024,2026-08-12T19:26:00+00:00,17.02,1636.7,Diesel,52908.0
V015,2026-08-24T13:00:00+00:00,8.85,836.52,Diesel,141236.2
V023,2026-08-24T21:33:00+00:00,21.49,2155.05,Diesel,28219.0
V052,2026-08-22T03:13:00+00:00,44.44,4141.75,Petrol,62960.5
V098,2026-08-01T12:45:00+00:00,18.81,1896.17,Diesel,15140.2
V010,2026-08-25T22:11:00+00:00,15.09,1512.48,Diesel,19135.3
V075,2026-08-20T06:32:00+00:00,30.97,3051.48,Diesel,175983.1
V067,2026-08-24T02:58:00+00:00,27.25,2701.42,Petrol,124338.1
V019,2026-09-19T02:58:00+00:00,44.64,4140.06,Diesel,106993.9
V011,2026-08-05T22:32:00+00:00,36.79,3770.93,Diesel,139030.9
V057,2026-09-12T19:09:00+00:00,32.87,3305.45,Diesel,64955.1
V046,2026-09-04T14:35:00+00:00,32.61,3007.33,Diesel,43494.2
V077,2026-08-21T07:54:00+00:00,14.79,1423.98,Diesel,132963.9
V094,2026-09-06T16:30:00+00:00,41.86,4242.79,Diesel,68869.1
V018,2026-08-11T00:29:00+00:00,23.92,2329.09,Diesel,174314.1
V061,2026-08-12T13:05:00+00:00,8.62,842.69,Petrol,62910.6
V001,2026-08-05T03:02:00+00:00,26.55,2689.17,Petrol,114120.1
V052,2026-08-15T22:39:00+00:00,30.61,2904.35,Petrol,61087.2
V095,2026-08-03T22:03:00+00:00,9.79,923.62,Diesel,137349.9
V054,2026-09-22T04:54:00+00:00,12.68,1192.84,Diesel,101330.8
V082,2026-09-13T08:17:00+00:00,23.55,2343.67,Diesel,112187.9
V065,2026-09-13T12:59:00+00:00,25.1,2562.25,Petrol,85663.7
V071,2026-08-08T23:04:00+00:00,7.91,782.67,Diesel,44857.9
V099,2026-08-16T22:03:00+00:00,14.63,1484.75,Diesel,147235.8
V008,2026-09-20T03:47:00+00:00,23.92,2370.59,Diesel,138770.4
V077,2026-09-18T23:31:00+00:00,10.0,943.63,Diesel,87029.8
V042,2026-08-26T19:49:00+00:00,14.29,1318.04,Diesel,8487.8
V032,2026-08-23T04:04:00+00:00,31.92,3177.58,Petrol,89782.0
V047,2026-08-13T21:01:00+00:00,30.85,2934.31,Petrol,150091.0
V013,2026-08-17T04:01:00+00:00,29.43,2806.12,Petrol,83314.1
V006,2026-08-30T16:47:00+00:00,26.32,2693.04,Diesel,26209.1
V093,2026-08-27T17:21:00+00:00,26.89,2498.71,Diesel,5806.6
V037,2026-09-06T16:02:00+00:00,20.12,2043.45,Diesel,129964.2
V020,2026-08-27T21:09:00+00:00,38.57,3699.89,Diesel,142943.9
V062,2026-08-06T12:34:00+00:00,11.67,1180.98,Diesel,25054.9
V022,2026-08-13T01:29:00+00:00,31.85,2976.45,Diesel,160245.1
V084,2026-09-05T12:51:00+00:00,11.44,1081.23,Petrol,36686.9
V022,2026-08-24T04:38:00+00:00,13.79,1310.8,Diesel,144483.6
V047,2026-08-10T12:45:00+00:00,8.01,737.61,Petrol,42613.6
V017,2026-08-30T19:27:00+00:00,33.19,3332.05,Diesel,120587.5
V027,2026-08-30T20:56:00+00:00,42.74,4340.63,Diesel,105382.4
V059,2026-08-28T02:41:00+00:00,31.89,3175.14,Diesel,53308.9
V096,2026-08-20T08:18:00+00:00,10.89,1074.58,Petrol,101317.0
V099,2026-09-21T13:56:00+00:00,12.36,1154.44,Diesel,177487.9
V055,2026-09-17T13:12:00+00:00,35.13,3302.56,Diesel,16711.3
V071,2026-09-23T15:05:00+00:00,44.98,4271.73,Diesel,96087.9
V007,2026-09-03T09:16:00+00:00,40.68,3910.05,Petrol,26123.7
V030,2026-08-28T10:43:00+00:00,15.56,1575.36,Diesel,86732.7
V089,2026-09-04T18:23:00+00:00,7.95,751.79,Diesel,48457.5
V072,2026-08-06T00:53:00+00:00,23.41,2251.17,Diesel,130854.6
V052,2026-09-24T16:16:00+00:00,28.69,2900.66,Petrol,58563.8
V092,2026-08-03T19:53:00+00:00,34.21,3410.11,Diesel,7241.3
V011,2026-09-09T12:46:00+00:00,12.52,1282.87,Diesel,157672.4
V052,2026-08-12T03:57:00+00:00,37.77,3496.88,Petrol,50111.6
V069,2026-09-05T00:31:00+00:00,19.31,1911.19,Petrol,170519.0
V022,2026-09-14T00:06:00+00:00,43.2,4085.87,Diesel,110883.0
V018,2026-09-11T21:33:00+00:00,16.3,1655.3,Diesel,113885.6
V043,2026-09-04T03:09:00+00:00,7.45,693.28,Diesel,99181.1
V043,2026-08-28T15:03:00+00:00,12.02,1109.43,Diesel,161130.2
V080,2026-09-18T18:24:00+00:00,40.49,3869.87,Diesel,59897.0
V006,2026-08-16T04:02:00+00:00,24.62,2512.01,Diesel,30883.1
V050,2026-08-02T21:15:00+00:00,27.43,2625.52,Diesel,112820.7
V073,2026-08-18T09:27:00+00:00,43.86,4056.71,Petrol,69952.5
V077,2026-09-14T07:59:00+00:00,25.01,2518.16,Diesel,170229.9
V083,2026-08-29T05:22:00+00:00,32.63,3196.06,Petrol,46998.4
V035,2026-09-13T15:35:00+00:00,40.63,3959.24,Petrol,37249.3
V001,2026-08-16T04:42:00+00:00,12.7,1276.78,Petrol,56904.8
V063,2026-09-17T04:56:00+00:00,9.21,923.36,Diesel,28510.5
V042,2026-08-11T01:52:00+00:00,19.41,1974.48,Diesel,178183.9
V083,2026-08-19T22:47:00+00:00,43.81,4444.12,Petrol,61713.8
V032,2026-09-16T07:58:00+00:00,25.94,2396.94,Petrol,134186.7
V095,2026-09-09T21:51:00+00:00,34.94,3409.0,Diesel,101453.3
V025,2026-08-10T13:30:00+00:00,33.87,3336.42,Diesel,147244.5
V005,2026-08-06T18:42:00+00:00,32.52,3308.28,Diesel,102007.5
V053,2026-09-08T12:36:00+00:00,41.18,3807.54,Diesel,74378.0
V099,2026-08-06T21:42:00+00:00,13.49,1292.85,Diesel,142720.9
V015,2026-09-02T07:21:00+00:00,23.8,2391.25,Diesel,83352.2
V040,2026-08-05T08:11:00+00:00,37.94,3646.28,Diesel,17111.7
V043,2026-08-14T04:08:00+00:00,33.84,3125.01,Diesel,61317.3
V083,2026-09-20T17:45:00+00:00,41.36,4190.43,Petrol,52496.7
V051,2026-08-18T14:02:00+00:00,27.86,2587.56,Diesel,102350.8
V091,2026-09-12T11:21:00+00:00,41.63,4224.79,Petrol,138978.9
V081,2026-09-21T03:24:00+00:00,14.22,1404.31,Diesel,108159.9
V065,2026-08-22T17:27:00+00:00,21.05,2161.08,Petrol,140088.6
V012,2026-08-23T12:07:00+00:00,21.25,2040.28,Diesel,19724.0
V075,2026-09-11T23:00:00+00:00,40.38,3809.04,Diesel,56075.3
V050,2026-09-11T03:23:00+00:00,44.34,4323.13,Diesel,16382.5
V013,2026-08-16T17:46:00+00:00,40.23,3817.53,Petrol,70447.4
V100,2026-09-22T23:10:00+00:00,13.51,1302.4,Diesel,101092.5
V041,2026-09-15T04:22:00+00:00,27.39,2528.89,Diesel,39762.0
V043,2026-09-20T08:31:00+00:00,40.07,4016.02,Diesel,136891.2
V011,2026-09-01T04:16:00+00:00,12.0,1106.6,Diesel,136522.8
V033,2026-09-21T05:06:00+00:00,34.38,3377.95,Diesel,68979.9
V079,2026-08-18T19:21:00+00:00,20.17,2067.63,Diesel,132100.5
V033,2026-08-03T21:54:00+00:00,36.65,3489.47,Diesel,92041.0
V034,2026-08-06T04:10:00+00:00,20.75,2098.87,Diesel,55530.9
V007,2026-09-07T23:33:00+00:00,12.32,1185.49,Petrol,44547.2
V098,2026-09-01T19:09:00+00:00,24.66,2359.85,Diesel,131857.5
V079,2026-09-21T14:29:00+00:00,39.52,3682.96,Diesel,11173.8
V050,2026-08-17T19:24:00+00:00,25.21,2466.53,Diesel,49572.8
V017,2026-09-19T16:28:00+00:00,24.48,2515.9,Diesel,140604.4
V012,2026-09-11T08:36:00+00:00,29.3,2993.89,Diesel,46628.7
V079,2026-09-16T19:17:00+00:00,7.06,688.43,Diesel,23593.9
V022,2026-08-08T21:45:00+00:00,37.33,3749.17,Diesel,41798.6
V097,2026-08-30T00:08:00+00:00,36.34,3647.56,Diesel,39736.9
V021,2026-08-03T10:20:00+00:00,31.37,3125.23,Diesel,132404.9
V012,2026-08-18T19:28:00+00:00,20.29,1987.11,Diesel,177898.2
V094,2026-09-18T10:49:00+00:00,11.18,1101.83,Diesel,19848.4
V018,2026-09-13T20:26:00+00:00,6.16,619.07,Diesel,48692.0
V100,2026-09-19T16:10:00+00:00,40.09,3746.36,Diesel,15940.8
V014,2026-09-23T06:54:00+00:00,40.78,4028.54,Diesel,155235.6
