work_order_id,vehicle_id,issue,opened_at,closed_at,priority,cost
WO00001,V052,Brake inspection,2026-09-12T08:42:00+00:00,2026-09-14T00:42:00+00:00,High,17198.38
WO00002,V096,Engine service,2026-08-29T23:56:00+00:00,2026-09-03T23:56:00+00:00,Medium,27371.99
WO00003,V099,Battery issue,2026-08-05T06:20:00+00:00,2026-08-10T04:20:00+00:00,Medium,11594.6
WO00004,V071,Cooling system,2026-09-16T05:35:00+00:00,2026-09-20T06:35:00+00:00,Medium,12245.54
WO00005,V078,Electrical issue,2026-08-20T03:38:00+00:00,2026-08-24T05:38:00+00:00,Low,25975.8
WO00006,V077,Electrical issue,2026-08-28T01:38:00+00:00,2026-08-31T08:38:00+00:00,Low,3380.17
WO00007,V084,Oil change,2026-08-23T14:24:00+00:00,2026-08-25T13:24:00+00:00,Low,4458.15
WO00008,V094,Battery issue,2026-08-02T10:44:00+00:00,2026-08-05T04:44:00+00:00,Low,16216.87
WO00009,V079,Brake inspection,2026-09-14T18:15:00+00:00,2026-09-16T18:15:00+00:00,Low,16705.64
WO00010,V071,Battery issue,2026-08-14T19:08:00+00:00,2026-08-15T11:08:00+00:00,High,31970.5
WO00011,V100,Cooling system,2026-08-19T11:43:00+00:00,2026-08-23T00:43:00+00:00,Medium,12705.96
WO00012,V043,Engine service,2026-09-24T05:08:00+00:00,2026-09-26T03:08:00+00:00,Medium,15716.8
WO00013,V072,Oil change,2026-08-26T22:08:00+00:00,2026-08-27T18:08:00+00:00,High,24846.73
WO00014,V053,Oil change,2026-09-10T20:18:00+00:00,2026-09-14T23:18:00+00:00,High,27063.36
WO00015,V017,Tyre replacement,2026-08-03T12:20:00+00:00,2026-08-03T20:20:00+00:00,Low,34700.23
WO00016,V086,Tyre replacement,2026-09-20T15:06:00+00:00,2026-09-22T07:06:00+00:00,Medium,19350.85
WO00017,V068,Brake inspection,2026-08-02T08:59:00+00:00,2026-08-02T19:59:00+00:00,High,7483.04
WO00018,V069,Oil change,2026-08-05T15:09:00+00:00,2026-08-09T22:09:00+00:00,Low,21976.06
WO00019,V004,Oil change,2026-09-08T21:59:00+00:00,2026-09-13T02:59:00+00:00,Medium,34055.34
WO00020,V041,Engine service,2026-09-20T13:47:00+00:00,2026-09-20T20:47:00+00:00,Low,5470.65
WO00021,V062,Electrical issue,2026-09-11T09:43:00+00:00,2026-09-16T07:43:00+00:00,Low,8792.31
WO00022,V081,Cooling system,2026-08-22T01:00:00+00:00,2026-08-22T14:00:00+00:00,Low,7820.86
WO00023,V057,Engine service,2026-09-14T21:02:00+00:00,2026-09-17T09:02:00+00:00,Medium,14178.86
WO00024,V023,Brake inspection,2026-08-30T13:30:00+00:00,2026-09-04T11:30:00+00:00,Medium,30527.0
WO00025,V057,Cooling system,2026-09-18T03:37:00+00:00,2026-09-19T09:37:00+00:00,Medium,32938.43
WO00026,V058,Electrical issue,2026-08-31T18:20:00+00:00,2026-09-03T05:20:00+00:00,High,12923.82
WO00027,V024,Battery issue,2026-09-06T23:38:00+00:00,2026-09-10T17:38:00+00:00,High,19101.41
WO00028,V090,Brake inspection,2026-08-15T19:48:00+00:00,2026-08-19T23:48:00+00:00,Medium,30545.65
WO00029,V022,Tyre replacement,2026-09-14T02:06:00+00:00,2026-09-15T13:06:00+00:00,Low,3513.18
WO00030,V033,Tyre replacement,2026-08-15T09:09:00+00:00,2026-08-20T04:09:00+00:00,Low,16074.55
WO00031,V041,Battery issue,2026-09-04T01:31:00+00:00,2026-09-04T17:31:00+00:00,High,33408.71
WO00032,V049,Engine service,2026-08-08T19:51:00+00:00,2026-08-09T08:51:00+00:00,Medium,14617.5
WO00033,V010,Tyre replacement,2026-09-19T00:03:00+00:00,2026-09-23T20:03:00+00:00,Medium,8721.86
WO00034,V067,Engine service,2026-09-09T07:18:00+00:00,2026-09-12T20:18:00+00:00,Medium,3375.8
WO00035,V077,Electrical issue,2026-09-02T07:45:00+00:00,2026-09-06T00:45:00+00:00,High,23487.33
WO00036,V082,Electrical issue,2026-08-12T06:47:00+00:00,2026-08-13T19:47:00+00:00,Low,12531.07
WO00037,V030,Cooling system,2026-09-18T18:38:00+00:00,2026-09-20T10:38:00+00:00,Low,2954.14
WO00038,V070,Battery issue,2026-08-07T08:30:00+00:00,2026-08-11T08:30:00+00:00,Medium,28949.15
WO00039,V054,Engine service,2026-09-16T09:24:00+00:00,2026-09-16T18:24:00+00:00,Medium,26747.78
WO00040,V020,Cooling system,2026-09-02T06:11:00+00:00,2026-09-07T02:11:00+00:00,Low,11610.9
WO00041,V096,Battery issue,2026-09-18T17:23:00+00:00,2026-09-22T01:23:00+00:00,Medium,26208.87
WO00042,V005,Tyre replacement,2026-09-16T23:27:00+00:00,2026-09-21T07:27:00+00:00,High,4713.23
WO00043,V010,Electrical issue,2026-08-10T17:24:00+00:00,2026-08-13T17:24:00+00:00,High,14540.7
WO00044,V006,Cooling system,2026-09-07T07:04:00+00:00,2026-09-11T13:04:00+00:00,High,7495.38
WO00045,V047,Electrical issue,2026-08-13T10:32:00+00:00,2026-08-17T04:32:00+00:00,Low,16301.25
WO00046,V051,Tyre replacement,2026-08-20T05:07:00+00:00,2026-08-24T23:07:00+00:00,High,15606.59
WO00047,V045,Engine service,2026-09-08T04:17:00+00:00,2026-09-12T23:17:00+00:00,High,19042.47
WO00048,V028,Brake inspection,2026-08-19T16:09:00+00:00,2026-08-22T15:09:00+00:00,Medium,11206.16
WO00049,V077,Electrical issue,2026-09-17T20:32:00+00:00,2026-09-20T23:32:00+00:00,High,11962.38
WO00050,V094,Electrical issue,2026-08-15T14:25:00+00:00,2026-08-16T18:25:00+00:00,Medium,12744.88
WO00051,V080,Battery issue,2026-09-14T18:18:00+00:00,2026-09-16T04:18:00+00:00,Medium,16972.37
WO00052,V017,Tyre replacement,2026-09-10T08:41:00+00:00,2026-09-10T16:41:00+00:00,High,18714.43
WO00053,V023,Oil change,2026-08-28T09:40:00+00:00,2026-08-29T21:40:00+00:00,High,7577.89
WO00054,V064,Electrical issue,2026-08-24T22:20:00+00:00,2026-08-27T12:20:00+00:00,High,30001.49
WO00055,V034,Tyre replacement,2026-09-07T21:19:00+00:00,2026-09-10T20:19:00+00:00,High,28441.51
WO00056,V043,Cooling system,2026-08-12T04:47:00+00:00,2026-08-15T06:47:00+00:00,Low,21669.32
WO00057,V062,Cooling system,2026-08-12T17:54:00+00:00,2026-08-17T06:54:00+00:00,Medium,17368.82
WO00058,V091,Battery issue,2026-08-31T07:23:00+00:00,2026-09-03T12:23:00+00:00,High,26087.83
WO00059,V018,Cooling system,2026-08-11T02:59:00+00:00,2026-08-14T13:59:00+00:00,Low,25130.14
WO00060,V070,Brake inspection,2026-09-13T02:20:00+00:00,2026-09-17T01:20:00+00:00,High,9647.55
WO00061,V039,Electrical issue,2026-08-17T21:07:00+00:00,2026-08-21T14:07:00+00:00,Medium,19983.86
WO00062,V060,Brake inspection,2026-08-19T17:19:00+00:00,2026-08-24T15:19:00+00:00,Medium,25099.06
WO00063,V052,Oil change,2026-08-04T08:06:00+00:00,2026-08-04T21:06:00+00:00,Low,17985.5
WO00064,V080,Electrical issue,2026-09-02T01:25:00+00:00,2026-09-04T14:25:00+00:00,Medium,30365.86
WO00065,V016,Electrical issue,2026-08-31T14:32:00+00:00,2026-09-03T18:32:00+00:00,Low,10112.99
WO00066,V021,Brake inspection,2026-08-17T02:25:00+00:00,2026-08-17T16:25:00+00:00,High,18555.21
WO00067,V043,Oil change,2026-08-14T12:20:00+00:00,2026-08-17T00:20:00+00:00,High,7510.38
WO00068,V081,Tyre replacement,2026-09-10T13:24:00+00:00,2026-09-15T01:24:00+00:00,High,21648.7
WO00069,V007,Oil change,2026-09-02T14:07:00+00:00,2026-09-03T12:07:00+00:00,High,18624.95
WO00070,V078,Engine service,2026-08-10T12:46:00+00:00,2026-08-11T21:46:00+00:00,Low,12053.74
WO00071,V097,Oil change,2026-09-20T13:27:00+00:00,2026-09-22T04:27:00+00:00,Low,21487.45
WO00072,V098,Battery issue,2026-09-13T08:35:00+00:00,2026-09-15T13:35:00+00:00,High,27281.32
WO00073,V020,Cooling system,2026-09-18T06:56:00+00:00,2026-09-20T09:56:00+00:00,High,17748.18
WO00074,V019,Oil change,2026-09-16T14:29:00+00:00,2026-09-21T04:29:00+00:00,Low,2064.36
WO00075,V060,Battery issue,2026-09-05T22:33:00+00:00,2026-09-10T02:33:00+00:00,High,28848.8
WO00076,V029,Oil change,2026-08-04T03:41:00+00:00,2026-08-05T05:41:00+00:00,Medium,22680.61
WO00077,V065,Oil change,2026-08-18T04:03:00+00:00,2026-08-19T09:03:00+00:00,Low,6811.24
WO00078,V059,Cooling system,2026-08-11T13:45:00+00:00,2026-08-12T21:45:00+00:00,Low,11679.72
WO00079,V039,Battery issue,2026-08-01T05:14:00+00:00,2026-08-03T21:14:00+00:00,Low,6188.93
WO00080,V002,Oil change,2026-08-11T04:55:00+00:00,2026-08-12T14:55:00+00:00,Medium,32293.15
WO00081,V070,Oil change,2026-08-05T15:24:00+00:00,2026-08-10T15:24:00+00:00,Low,24254.66
WO00082,V034,Brake inspection,2026-09-03T12:03:00+00:00,2026-09-08T05:03:00+00:00,Medium,12587.2
WO00083,V038,Brake inspection,2026-09-17T19:56:00+00:00,2026-09-19T20:56:00+00:00,High,26741.96
WO00084,V014,Engine service,2026-08-29T07:58:00+00:00,2026-09-03T01:58:00+00:00,Low,4070.86
WO00085,V082,Cooling system,2026-09-07T08:18:00+00:00,2026-09-11T22:18:00+00:00,Medium,6348.94
WO00086,V090,Engine service,2026-09-10T12:40:00+00:00,2026-09-11T18:40:00+00:00,Medium,1365.05
WO00087,V053,Battery issue,2026-08-19T23:29:00+00:00,2026-08-23T04:29:00+00:00,High,29955.22
WO00088,V059,Brake inspection,2026-08-19T23:37:00+00:00,2026-08-22T16:37:00+00:00,High,29987.31
WO00089,V099,Tyre replacement,2026-08-25T01:29:00+00:00,2026-08-29T02:29:00+00:00,Medium,26015.9
WO00090,V045,Battery issue,2026-08-02T11:00:00+00:00,2026-08-06T08:00:00+00:00,High,32707.79
WO00091,V054,Battery issue,2026-09-10T13:46:00+00:00,2026-09-12T20:46:00+00:00,Low,19245.1
WO00092,V041,Cooling system,2026-08-06T07:11:00+00:00,2026-08-07T10:11:00+00:00,Low,26678.69
WO00093,V024,Battery issue,2026-09-23T18:44:00+00:00,2026-09-24T08:44:00+00:00,Low,3798.65
WO00094,V081,Tyre replacement,2026-08-25T10:36:00+00:00,2026-08-29T10:36:00+00:00,High,32765.01
WO00095,V062,Tyre replacement,2026-09-11T22:16:00+00:00,2026-09-16T10:16:00+00:00,Low,10409.33
WO00096,V049,Cooling system,2026-09-03T11:35:00+00:00,2026-09-04T00:35:00+00:00,Medium,16290.18
WO00097,V070,Oil change,2026-08-13T20:38:00+00:00,2026-08-14T18:38:00+00:00,Medium,3821.72
WO00098,V079,Brake inspection,2026-09-22T13:23:00+00:00,2026-09-26T06:23:00+00:00,Low,26316.88
WO00099,V002,Battery issue,2026-08-02T15:55:00+00:00,2026-08-03T17:55:00+00:00,Low,11132.79
WO00100,V046,Electrical issue,2026-08-26T11:55:00+00:00,2026-08-26T23:55:00+00:00,High,3049.01
WO00101,V031,Battery issue,2026-09-19T14:51:00+00:00,2026-09-23T16:51:00+00:00,Medium,24140.89
WO00102,V009,Brake inspection,2026-09-03T02:48:00+00:00,2026-09-06T13:48:00+00:00,Medium,13249.31
WO00103,V092,Battery issue,2026-09-23T04:47:00+00:00,2026-09-27T06:47:00+00:00,Low,32450.01
WO00104,V039,Cooling system,2026-08-11T09:10:00+00:00,2026-08-15T13:10:00+00:00,Medium,20022.66
WO00105,V031,Tyre replacement,2026-09-18T13:47:00+00:00,2026-09-21T01:47:00+00:00,High,8042.18
WO00106,V028,Brake inspection,2026-08-25T13:10:00+00:00,2026-08-29T00:10:00+00:00,Low,16056.81
WO00107,V025,Cooling system,2026-08-27T11:43:00+00:00,2026-08-30T14:43:00+00:00,Low,17935.72
WO00108,V064,Tyre replacement,2026-08-16T18:51:00+00:00,2026-08-19T03:51:00+00:00,Low,18443.61
WO00109,V018,Cooling system,2026-08-02T01:05:00+00:00,2026-08-06T21:05:00+00:00,Low,1916.85
WO00110,V051,Brake inspection,2026-09-21T15:02:00+00:00,2026-09-24T13:02:00+00:00,Medium,8561.37
WO00111,V041,Engine service,2026-09-03T09:52:00+00:00,2026-09-07T00:52:00+00:00,Medium,32194.45
WO00112,V059,Brake inspection,2026-09-03T23:55:00+00:00,2026-09-07T12:55:00+00:00,Medium,34655.37
WO00113,V047,Oil change,2026-09-14T05:30:00+00:00,2026-09-19T03:30:00+00:00,Medium,10156.84
WO00114,V070,Brake inspection,2026-09-02T17:35:00+00:00,2026-09-05T12:35:00+00:00,High,2861.27
WO00115,V029,Tyre replacement,2026-09-20T01:06:00+00:00,2026-09-23T22:06:00+00:00,Medium,29370.64
WO00116,V043,Battery issue,2026-08-29T16:54:00+00:00,2026-08-30T10:54:00+00:00,High,34904.66
WO00117,V062,Oil change,2026-08-27T23:30:00+00:00,2026-08-30T18:30:00+00:00,High,7615.58
WO00118,V027,Tyre replacement,2026-08-05T10:10:00+00:00,2026-08-07T21:10:00+00:00,Medium,5705.63
WO00119,V092,Cooling system,2026-09-07T05:53:00+00:00,2026-09-11T07:53:00+00:00,Medium,22214.39
WO00120,V015,Engine service,2026-08-16T14:36:00+00:00,2026-08-17T03:36:00+00:00,Medium,16468.43
WO00121,V095,Battery issue,2026-09-16T22:41:00+00:00,2026-09-21T16:41:00+00:00,Low,18726.73
WO00122,V047,Engine service,2026-09-11T22:52:00+00:00,2026-09-14T08:52:00+00:00,High,32694.67
WO00123,V049,Cooling system,2026-09-10T16:55:00+00:00,2026-09-13T08:55:00+00:00,High,23924.75
WO00124,V039,Cooling system,2026-08-16T12:10:00+00:00,2026-08-17T11:10:00+00:00,High,31329.14
WO00125,V042,Oil change,2026-09-07T11:28:00+00:00,2026-09-12T11:28:00+00:00,Medium,2635.93
WO00126,V073,Tyre replacement,2026-08-24T05:24:00+00:00,2026-08-25T12:24:00+00:00,Medium,24967.99
WO00127,V044,Electrical issue,2026-08-18T11:43:00+00:00,2026-08-22T23:43:00+00:00,Low,31006.11
WO00128,V053,Engine service,2026-09-17T21:05:00+00:00,2026-09-19T13:05:00+00:00,Medium,31706.72
WO00129,V044,Battery issue,2026-09-02T04:43:00+00:00,2026-09-02T17:43:00+00:00,Low,27753.23
WO00130,V005,Brake inspection,2026-08-28T13:33:00+00:00,2026-08-30T03:33:00+00:00,Low,24793.53
WO00131,V049,Cooling system,2026-08-19T09:14:00+00:00,2026-08-24T09:14:00+00:00,High,13092.08
WO00132,V061,Engine service,2026-08-12T00:01:00+00:00,2026-08-14T03:01:00+00:00,Medium,18038.72
WO00133,V093,Engine service,2026-08-21T03:20:00+00:00,2026-08-23T16:20:00+00:00,Low,3652.52
WO00134,V036,Oil change,2026-09-20T00:27:00+00:00,2026-09-24T10:27:00+00:00,High,26227.95
WO00135,V025,Electrical issue,2026-09-01T04:09:00+00:00,2026-09-01T13:09:00+00:00,Low,25632.61
WO00136,V088,Oil change,2026-09-09T19:01:00+00:00,2026-09-11T12:01:00+00:00,High,20507.52
WO00137,V039,Electrical issue,2026-08-02T11:43:00+00:00,2026-08-06T06:43:00+00:00,Low,3296.82
WO00138,V096,Electrical issue,2026-08-21T02:10:00+00:00,2026-08-23T00:10:00+00:00,Low,16063.65
WO00139,V089,Electrical issue,2026-08-21T23:09:00+00:00,2026-08-22T14:09:00+00:00,High,15822.32
WO00140,V100,Electrical issue,2026-08-15T07:23:00+00:00,2026-08-17T02:23:00+00:00,Medium,18098.48
WO00141,V073,Battery issue,2026-08-21T01:21:00+00:00,2026-08-24T21:21:00+00:00,Low,16025.93
WO00142,V014,Oil change,2026-08-09T13:55:00+00:00,2026-08-13T22:55:00+00:00,High,25572.17
WO00143,V002,Engine service,2026-09-20T13:12:00+00:00,2026-09-21T13:12:00+00:00,Medium,8680.88
WO00144,V022,Tyre replacement,2026-09-18T14:23:00+00:00,2026-09-19T22:23:00+00:00,High,24048.66
WO00145,V020,Tyre replacement,2026-09-23T18:02:00+00:00,2026-09-25T15:02:00+00:00,High,2455.14
WO00146,V013,Cooling system,2026-09-17T21:08:00+00:00,2026-09-18T13:08:00+00:00,High,15781.65
WO00147,V072,Oil change,2026-08-18T04:55:00+00:00,2026-08-22T03:55:00+00:00,High,3973.9
WO00148,V100,Tyre replacement,2026-09-04T19:47:00+00:00,2026-09-07T23:47:00+00:00,Low,16998.77
WO00149,V038,Battery issue,2026-09-23T08:48:00+00:00,2026-09-24T08:48:00+00:00,High,33486.07
WO00150,V040,Tyre replacement,2026-09-01T10:05:00+00:00,2026-09-05T06:05:00+00:00,High,20601.95
WO00151,V084,Battery issue,2026-08-18T07:23:00+00:00,2026-08-21T19:23:00+00:00,Low,32585.28
WO00152,V086,Oil change,2026-08-12T16:13:00+00:00,2026-08-17T03:13:00+00:00,Medium,20506.1
WO00153,V100,Oil change,2026-08-12T15:46:00+00:00,2026-08-15T09:46:00+00:00,Medium,34255.43
WO00154,V024,Battery issue,2026-09-01T12:07:00+00:00,2026-09-04T13:07:00+00:00,Medium,14009.35
WO00155,V032,Brake inspection,2026-09-22T22:38:00+00:00,2026-09-25T09:38:00+00:00,Low,25352.45
WO00156,V049,Brake inspection,2026-08-12T04:58:00+00:00,2026-08-13T03:58:00+00:00,Low,4822.44
WO00157,V025,Cooling system,2026-09-21T22:13:00+00:00,2026-09-22T16:13:00+00:00,High,5828.09
WO00158,V029,Cooling system,2026-09-17T18:26:00+00:00,2026-09-22T00:26:00+00:00,Medium,34193.31
WO00159,V084,Electrical issue,2026-09-11T17:57:00+00:00,2026-09-14T12:57:00+00:00,Medium,12724.72
WO00160,V036,Engine service,2026-08-18T11:54:00+00:00,2026-08-21T03:54:00+00:00,Low,29361.76
WO00161,V059,Brake inspection,2026-09-18T18:35:00+00:00,2026-09-21T23:35:00+00:00,Medium,33322.29
WO00162,V095,Cooling system,2026-09-24T07:56:00+00:00,2026-09-24T21:56:00+00:00,Medium,3452.26
WO00163,V014,Cooling system,2026-08-10T15:38:00+00:00,2026-08-15T11:38:00+00:00,High,25602.85
WO00164,V056,Tyre replacement,2026-09-12T17:42:00+00:00,2026-09-15T11:42:00+00:00,Low,29279.67
WO00165,V055,Tyre replacement,2026-08-17T19:42:00+00:00,2026-08-22T17:42:00+00:00,Low,23049.19
WO00166,V019,Cooling system,2026-08-30T00:29:00+00:00,2026-08-30T18:29:00+00:00,High,29646.69
WO00167,V049,Engine service,2026-08-16T18:30:00+00:00,2026-08-17T17:30:00+00:00,Medium,29765.46
WO00168,V064,Electrical issue,2026-09-14T22:35:00+00:00,2026-09-15T15:35:00+00:00,Low,20216.19
WO00169,V001,Oil change,2026-09-18T21:05:00+00:00,2026-09-20T05:05:00+00:00,High,3181.3
WO00170,V080,Brake inspection,2026-08-14T06:24:00+00:00,2026-08-14T15:24:00+00:00,Low,32663.19
WO00171,V007,Cooling system,2026-08-06T21:50:00+00:00,2026-08-07T05:50:00+00:00,Medium,4336.56
WO00172,V019,Brake inspection,2026-08-05T17:27:00+00:00,2026-08-06T09:27:00+00:00,Medium,30028.25
WO00173,V050,Electrical issue,2026-09-21T23:51:00+00:00,2026-09-25T12:51:00+00:00,Medium,21269.7
WO00174,V069,Tyre replacement,2026-09-22T10:09:00+00:00,2026-09-23T11:09:00+00:00,Medium,19126.86
WO00175,V062,Electrical issue,2026-08-19T22:12:00+00:00,2026-08-24T15:12:00+00:00,High,11819.34
WO00176,V036,Oil change,2026-09-03T09:57:00+00:00,2026-09-07T08:57:00+00:00,Low,21584.57
WO00177,V080,Battery issue,2026-08-23T07:35:00+00:00,2026-08-26T21:35:00+00:00,Medium,13129.62
WO00178,V026,Brake inspection,2026-08-13T02:36:00+00:00,2026-08-16T13:36:00+00:00,Low,26332.28
WO00179,V095,Tyre replacement,2026-08-28T08:40:00+00:00,2026-09-01T02:40:00+00:00,Low,20836.43
WO00180,V044,Cooling system,2026-09-12T09:25:00+00:00,2026-09-16T08:25:00+00:00,High,25479.61
WO00181,V092,Tyre replacement,2026-08-29T03:53:00+00:00,2026-09-01T17:53:00+00:00,High,7650.14
WO00182,V077,Oil change,2026-09-01T14:35:00+00:00,2026-09-02T23:35:00+00:00,Low,15568.14
WO00183,V022,Oil change,2026-09-02T22:17:00+00:00,2026-09-05T08:17:00+00:00,Low,23868.36
WO00184,V017,Brake inspection,2026-08-22T03:55:00+00:00,2026-08-24T10:55:00+00:00,High,10767.61
WO00185,V048,Battery issue,2026-09-02T12:53:00+00:00,2026-09-04T18:53:00+00:00,Medium,25598.06
WO00186,V034,Electrical issue,2026-09-03T19:42:00+00:00,2026-09-04T13:42:00+00:00,Low,23095.11
WO00187,V081,Cooling system,2026-08-23T01:01:00+00:00,2026-08-25T01:01:00+00:00,Low,1487.11
WO00188,V062,Battery issue,2026-08-30T02:50:00+00:00,2026-08-31T19:50:00+00:00,Medium,25195.13
WO00189,V064,Electrical issue,2026-08-02T03:49:00+00:00,2026-08-04T16:49:00+00:00,Low,26561.38
WO00190,V039,Battery issue,2026-08-30T23:30:00+00:00,2026-09-04T22:30:00+00:00,Medium,14759.79
WO00191,V026,Oil change,2026-08-16T02:29:00+00:00,2026-08-18T15:29:00+00:00,High,5985.38
WO00192,V073,Tyre replacement,2026-08-24T16:21:00+00:00,2026-08-25T16:21:00+00:00,Medium,4370.66
WO00193,V021,Battery issue,2026-08-22T17:42:00+00:00,2026-08-24T03:42:00+00:00,Medium,11680.41
WO00194,V079,Brake inspection,2026-09-19T19:06:00+00:00,2026-09-21T12:06:00+00:00,Low,25769.02
WO00195,V013,Tyre replacement,2026-08-21T18:13:00+00:00,2026-08-23T10:13:00+00:00,Low,23445.54
WO00196,V085,Tyre replacement,2026-08-14T03:53:00+00:00,2026-08-15T08:53:00+00:00,Low,11106.83
WO00197,V032,Engine service,2026-08-19T02:01:00+00:00,2026-08-22T11:01:00+00:00,High,21343.37
WO00198,V020,Oil change,2026-08-27T03:30:00+00:00,2026-08-28T05:30:00+00:00,Low,8844.3
WO00199,V076,Brake inspection,2026-09-23T18:55:00+00:00,2026-09-28T03:55:00+00:00,Medium,8286.14
WO00200,V097,Tyre replacement,2026-08-07T08:32:00+00:00,2026-08-07T18:32:00+00:00,Low,33785.77
WO00201,V053,Tyre replacement,2026-08-01T16:25:00+00:00,2026-08-02T14:25:00+00:00,Low,826.99
WO00202,V093,Electrical issue,2026-08-05T11:52:00+00:00,2026-08-05T16:52:00+00:00,High,9854.37
WO00203,V006,Oil change,2026-08-28T16:51:00+00:00,2026-08-29T04:51:00+00:00,High,12774.49
WO00204,V090,Engine service,2026-09-16T22:59:00+00:00,2026-09-20T02:59:00+00:00,Medium,5920.32
WO00205,V095,Electrical issue,2026-08-26T04:42:00+00:00,2026-08-26T12:42:00+00:00,Low,5580.37
WO00206,V088,Brake inspection,2026-08-17T15:51:00+00:00,2026-08-21T13:51:00+00:00,Medium,24442.88
WO00207,V062,Battery issue,2026-08-26T21:05:00+00:00,2026-08-29T10:05:00+00:00,High,9995.92
WO00208,V061,Brake inspection,2026-09-15T05:47:00+00:00,2026-09-17T17:47:00+00:00,Low,33386.06
WO00209,V002,Oil change,2026-08-12T06:14:00+00:00,2026-08-16T14:14:00+00:00,Low,14349.42
WO00210,V007,Battery issue,2026-08-29T07:16:00+00:00,2026-08-31T07:16:00+00:00,High,8865.24
WO00211,V090,Tyre replacement,2026-09-21T20:56:00+00:00,2026-09-22T13:56:00+00:00,High,26244.66
WO00212,V024,Brake inspection,2026-08-31T15:54:00+00:00,2026-09-04T15:54:00+00:00,Low,31902.53
WO00213,V058,Engine service,2026-09-05T02:36:00+00:00,2026-09-05T13:36:00+00:00,High,14170.94
WO00214,V057,Cooling system,2026-09-19T09:38:00+00:00,2026-09-24T06:38:00+00:00,Low,3014.12
WO00215,V084,Tyre replacement,2026-09-04T10:37:00+00:00,2026-09-09T00:37:00+00:00,Medium,11381.07
WO00216,V044,Battery issue,2026-09-23T10:27:00+00:00,2026-09-26T20:27:00+00:00,Low,28906.53
WO00217,V079,Battery issue,2026-09-21T09:58:00+00:00,2026-09-22T09:58:00+00:00,Medium,1991.32
WO00218,V014,Tyre replacement,2026-08-29T09:17:00+00:00,2026-08-31T15:17:00+00:00,Low,10219.73
WO00219,V052,Engine service,2026-08-17T23:10:00+00:00,2026-08-20T09:10:00+00:00,Medium,19676.37
WO00220,V100,Brake inspection,2026-08-30T07:21:00+00:00,2026-08-31T13:21:00+00:00,Low,9149.69
WO00221,V071,Cooling system,2026-09-04T23:53:00+00:00,2026-09-07T03:53:00+00:00,Medium,1970.73
WO00222,V069,Battery issue,2026-09-21T15:08:00+00:00,2026-09-25T18:08:00+00:00,High,20853.7
WO00223,V044,Oil change,2026-09-13T11:31:00+00:00,2026-09-15T08:31:00+00:00,High,3928.53
WO00224,V036,Battery issue,2026-09-18T13:10:00+00:00,2026-09-19T02:10:00+00:00,Medium,23512.74
WO00225,V058,Oil change,2026-08-01T11:50:00+00:00,2026-08-05T06:50:00+00:00,Medium,33598.34
WO00226,V098,Cooling system,2026-09-24T18:43:00+00:00,2026-09-29T00:43:00+00:00,Medium,27107.85
WO00227,V058,Cooling system,2026-09-16T00:22:00+00:00,2026-09-20T20:22:00+00:00,Medium,17889.87
WO00228,V053,Battery issue,2026-08-24T06:16:00+00:00,2026-08-29T03:16:00+00:00,Medium,33131.65
WO00229,V067,Engine service,2026-09-05T21:23:00+00:00,2026-09-09T00:23:00+00:00,Low,9590.84
WO00230,V037,Cooling system,2026-09-24T13:35:00+00:00,2026-09-27T15:35:00+00:00,High,11312.97
WO00231,V093,Electrical issue,2026-09-13T16:54:00+00:00,2026-09-17T11:54:00+00:00,High,13218.33
WO00232,V071,Oil change,2026-08-20T15:31:00+00:00,2026-08-22T11:31:00+00:00,Low,7125.43
WO00233,V091,Tyre replacement,2026-08-16T22:57:00+00:00,2026-08-19T01:57:00+00:00,Medium,5285.89
WO00234,V015,Brake inspection,2026-09-06T09:53:00+00:00,2026-09-08T22:53:00+00:00,Low,17084.7
WO00235,V046,Battery issue,2026-08-20T18:07:00+00:00,2026-08-23T17:07:00+00:00,High,13827.49
WO00236,V015,Cooling system,2026-09-02T10:50:00+00:00,2026-09-03T12:50:00+00:00,Medium,2298.65
WO00237,V023,Engine service,2026-09-22T07:39:00+00:00,2026-09-25T14:39:00+00:00,Low,21962.28
WO00238,V059,Battery issue,2026-08-27T00:13:00+00:00,2026-08-29T19:13:00+00:00,Medium,11688.46
WO00239,V054,Engine service,2026-09-22T23:14:00+00:00,2026-09-27T19:14:00+00:00,Low,29149.51
WO00240,V019,Battery issue,2026-09-22T00:18:00+00:00,2026-09-22T13:18:00+00:00,High,33249.83
WO00241,V015,Engine service,2026-08-06T10:38:00+00:00,2026-08-09T09:38:00+00:00,Low,16136.01
WO00242,V096,Oil change,2026-08-08T18:04:00+00:00,2026-08-11T10:04:00+00:00,Medium,5297.49
WO00243,V086,Engine service,2026-09-11T22:32:00+00:00,2026-09-16T19:32:00+00:00,Medium,12102.05
WO00244,V032,Tyre replacement,2026-09-20T22:02:00+00:00,2026-09-24T06:02:00+00:00,Medium,17063.04
WO00245,V024,Oil change,2026-08-21T17:20:00+00:00,2026-08-24T00:20:00+00:00,Medium,32768.39
WO00246,V012,Electrical issue,2026-08-24T00:03:00+00:00,2026-08-25T08:03:00+00:00,Low,31326.86
WO00247,V049,Battery issue,2026-09-07T10:00:00+00:00,2026-09-09T15:00:00+00:00,High,26465.35
WO00248,V099,Oil change,2026-08-14T12:45:00+00:00,2026-08-19T07:45:00+00:00,Low,15177.05
WO00249,V004,Tyre replacement,2026-08-12T13:23:00+00:00,2026-08-15T23:23:00+00:00,High,10281.79
WO00250,V062,Oil change,2026-08-20T21:40:00+00:00,2026-08-21T09:40:00+00:00,High,1756.35
WO00251,V063,Oil change,2026-08-17T17:48:00+00:00,2026-08-21T08:48:00+00:00,Medium,11874.58
WO00252,V061,Oil change,2026-08-17T10:16:00+00:00,2026-08-19T12:16:00+00:00,Medium,9029.85
WO00253,V005,Cooling system,2026-09-04T02:58:00+00:00,2026-09-04T11:58:00+00:00,Medium,30370.61
WO00254,V013,Cooling system,2026-08-09T17:27:00+00:00,2026-08-13T08:27:00+00:00,Medium,6683.8
WO00255,V068,Battery issue,2026-09-22T08:52:00+00:00,2026-09-22T15:52:00+00:00,Medium,19717.81
WO00256,V045,Battery issue,2026-09-06T15:46:00+00:00,2026-09-08T10:46:00+00:00,Medium,20338.57
WO00257,V021,Brake inspection,2026-08-11T17:32:00+00:00,2026-08-13T18:32:00+00:00,High,21134.07
WO00258,V100,Electrical issue,2026-09-01T12:00:00+00:00,2026-09-03T03:00:00+00:00,Low,27615.37
WO00259,V097,Electrical issue,2026-08-02T07:44:00+00:00,2026-08-07T01:44:00+00:00,Low,5258.97
WO00260,V081,Cooling system,2026-09-09T01:06:00+00:00,2026-09-11T22:06:00+00:00,High,15899.84
WO00261,V054,Battery issue,2026-09-13T18:01:00+00:00,2026-09-18T15:01:00+00:00,Medium,7414.83
WO00262,V083,Tyre replacement,2026-09-13T22:17:00+00:00,2026-09-15T18:17:00+00:00,High,2432.97
WO00263,V024,Oil change,2026-09-01T20:18:00+00:00,2026-09-03T14:18:00+00:00,High,20855.57
WO00264,V082,Oil change,2026-09-15T01:44:00+00:00,2026-09-18T14:44:00+00:00,High,4813.54
WO00265,V098,Brake inspection,2026-09-24T03:03:00+00:00,2026-09-26T11:03:00+00:00,High,2344.69
WO00266,V078,Brake inspection,2026-08-30T01:49:00+00:00,2026-09-01T04:49:00+00:00,Medium,17275.76
WO00267,V089,Battery issue,2026-08-10T16:05:00+00:00,2026-08-13T07:05:00+00:00,Low,17485.31
WO00268,V021,Tyre replacement,2026-08-26T06:16:00+00:00,2026-08-30T20:16:00+00:00,Low,20651.33
WO00269,V084,Oil change,2026-08-15T12:19:00+00:00,2026-08-18T07:19:00+00:00,Medium,5796.32
WO00270,V013,Engine service,2026-08-02T12:22:00+00:00,2026-08-05T23:22:00+00:00,Low,9256.42
WO00271,V038,Tyre replacement,2026-09-17T21:24:00+00:00,2026-09-19T01:24:00+00:00,Medium,11140.73
WO00272,V039,Tyre replacement,2026-08-16T09:43:00+00:00,2026-08-17T17:43:00+00:00,High,7482.13
WO00273,V019,Electrical issue,2026-08-18T05:57:00+00:00,2026-08-21T21:57:00+00:00,High,26501.11
WO00274,V024,Engine service,2026-08-29T22:17:00+00:00,2026-08-31T18:17:00+00:00,Low,28462.73
WO00275,V097,Oil change,2026-08-22T17:13:00+00:00,2026-08-25T22:13:00+00:00,Medium,28940.64
WO00276,V028,Brake inspection,2026-08-18T00:30:00+00:00,2026-08-22T17:30:00+00:00,Low,16637.92
WO00277,V030,Battery issue,2026-08-06T16:26:00+00:00,2026-08-08T17:26:00+00:00,High,33632.59
WO00278,V023,Brake inspection,2026-08-01T13:19:00+00:00,2026-08-02T16:19:00+00:00,High,33779.59
WO00279,V007,Tyre replacement,2026-08-12T21:42:00+00:00,2026-08-16T05:42:00+00:00,Medium,16498.51
WO00280,V045,Engine service,2026-08-05T06:38:00+00:00,2026-08-06T04:38:00+00:00,Medium,21801.21
WO00281,V009,Engine service,2026-08-26T06:20:00+00:00,2026-08-27T15:20:00+00:00,Low,11045.74
WO00282,V069,Cooling system,2026-08-29T03:57:00+00:00,2026-09-02T18:57:00+00:00,Medium,32680.25
WO00283,V078,Brake inspection,2026-08-10T19:04:00+00:00,2026-08-14T00:04:00+00:00,High,23142.76
WO00284,V090,Engine service,2026-08-16T23:02:00+00:00,2026-08-18T21:02:00+00:00,High,13068.56
WO00285,V010,Cooling system,2026-09-24T05:58:00+00:00,2026-09-25T02:58:00+00:00,Low,32392.88
WO00286,V070,Brake inspection,2026-09-19T10:46:00+00:00,2026-09-22T13:46:00+00:00,Medium,16845.52
WO00287,V096,Cooling system,2026-09-23T12:32:00+00:00,2026-09-26T12:32:00+00:00,Medium,24157.46
WO00288,V013,Engine service,2026-09-16T06:51:00+00:00,2026-09-16T10:51:00+00:00,High,24760.52
WO00289,V010,Tyre replacement,2026-09-16T23:23:00+00:00,2026-09-17T13:23:00+00:00,High,32570.56
WO00290,V045,Engine service,2026-08-20T17:16:00+00:00,2026-08-22T02:16:00+00:00,High,12572.92
WO00291,V043,Electrical issue,2026-09-24T12:09:00+00:00,2026-09-28T08:09:00+00:00,High,34720.57
WO00292,V006,Cooling system,2026-08-31T00:57:00+00:00,2026-08-31T07:57:00+00:00,Medium,25974.84
WO00293,V015,Cooling system,2026-08-18T11:23:00+00:00,2026-08-20T10:23:00+00:00,High,3829.77
WO00294,V082,Tyre replacement,2026-09-13T12:33:00+00:00,2026-09-16T01:33:00+00:00,High,24736.43
WO00295,V089,Oil change,2026-08-26T03:10:00+00:00,2026-08-26T19:10:00+00:00,Low,17361.31
WO00296,V019,Cooling system,2026-09-11T08:22:00+00:00,2026-09-13T08:22:00+00:00,Low,21458.11
WO00297,V031,Battery issue,2026-09-24T23:58:00+00:00,2026-09-29T22:58:00+00:00,Medium,22439.86
WO00298,V046,Tyre replacement,2026-09-16T09:29:00+00:00,2026-09-17T15:29:00+00:00,Low,29474.29
WO00299,V064,Tyre replacement,2026-08-07T23:55:00+00:00,2026-08-10T10:55:00+00:00,High,9033.76
WO00300,V082,Electrical issue,2026-08-27T22:07:00+00:00,2026-08-28T08:07:00+00:00,Low,7791.0
WO00301,V007,Electrical issue,2026-08-04T19:42:00+00:00,2026-08-06T10:42:00+00:00,Medium,28970.66
WO00302,V092,Cooling system,2026-08-23T01:13:00+00:00,2026-08-26T18:13:00+00:00,Medium,7809.05
WO00303,V066,Battery issue,2026-09-06T20:34:00+00:00,2026-09-07T15:34:00+00:00,High,22110.65
WO00304,V081,Brake inspection,2026-08-05T09:54:00+00:00,2026-08-06T21:54:00+00:00,Medium,20457.03
WO00305,V014,Tyre replacement,2026-08-22T10:14:00+00:00,2026-08-24T13:14:00+00:00,High,12752.57
WO00306,V072,Oil change,2026-09-09T17:52:00+00:00,2026-09-13T03:52:00+00:00,High,12101.89
WO00307,V062,Cooling system,2026-08-07T22:26:00+00:00,2026-08-12T11:26:00+00:00,Low,13288.31
WO00308,V029,Cooling system,2026-08-24T19:28:00+00:00,2026-08-26T02:28:00+00:00,Low,31225.62
WO00309,V063,Battery issue,2026-08-14T05:10:00+00:00,2026-08-15T10:10:00+00:00,Low,11782.19
WO00310,V016,Cooling system,2026-09-13T10:52:00+00:00,2026-09-17T12:52:00+00:00,Medium,32388.14
WO00311,V066,Engine service,2026-08-28T07:32:00+00:00,2026-08-31T21:32:00+00:00,High,21010.39
WO00312,V051,Brake inspection,2026-08-05T16:50:00+00:00,2026-08-10T14:50:00+00:00,Medium,9890.12
WO00313,V022,Cooling system,2026-08-02T16:20:00+00:00,2026-08-06T17:20:00+00:00,High,23468.09
WO00314,V070,Cooling system,2026-08-27T09:05:00+00:00,2026-08-31T13:05:00+00:00,High,6942.3
WO00315,V080,Tyre replacement,2026-09-16T18:55:00+00:00,2026-09-21T12:55:00+00:00,High,10592.88
WO00316,V084,Electrical issue,2026-09-21T00:20:00+00:00,2026-09-22T10:20:00+00:00,Medium,1824.07
WO00317,V008,Engine service,2026-08-20T15:47:00+00:00,2026-08-24T10:47:00+00:00,Medium,9748.67
WO00318,V081,Battery issue,2026-08-07T22:05:00+00:00,2026-08-12T00:05:00+00:00,Medium,29152.56
WO00319,V096,Battery issue,2026-08-14T09:11:00+00:00,2026-08-14T14:11:00+00:00,High,24821.57
WO00320,V002,Cooling system,2026-09-04T16:56:00+00:00,2026-09-08T14:56:00+00:00,Medium,23945.33
WO00321,V042,Battery issue,2026-08-30T22:33:00+00:00,2026-09-03T09:33:00+00:00,High,8207.42
WO00322,V072,Brake inspection,2026-09-07T14:58:00+00:00,2026-09-11T07:58:00+00:00,Low,28106.66
WO00323,V042,Engine service,2026-09-08T03:31:00+00:00,2026-09-08T09:31:00+00:00,Low,7601.06
WO00324,V072,Oil change,2026-08-03T08:21:00+00:00,2026-08-05T09:21:00+00:00,High,29484.02
WO00325,V099,Tyre replacement,2026-09-08T10:33:00+00:00,2026-09-10T15:33:00+00:00,High,24091.36
WO00326,V058,Oil change,2026-09-04T13:47:00+00:00,2026-09-05T10:47:00+00:00,Medium,20986.26
WO00327,V012,Tyre replacement,2026-08-31T09:31:00+00:00,2026-09-02T00:31:00+00:00,High,11464.9
WO00328,V038,Battery issue,2026-09-19T20:14:00+00:00,2026-09-22T08:14:00+00:00,High,9406.47
WO00329,V042,Tyre replacement,2026-09-22T22:09:00+00:00,2026-09-23T19:09:00+00:00,High,27061.85
WO00330,V025,Electrical issue,2026-08-21T15:27:00+00:00,2026-08-25T21:27:00+00:00,Medium,10847.86
WO00331,V016,Electrical issue,2026-08-07T14:51:00+00:00,2026-08-09T05:51:00+00:00,High,19813.44
WO00332,V090,Engine service,2026-08-11T13:51:00+00:00,2026-08-15T05:51:00+00:00,High,25019.21
WO00333,V042,Cooling system,2026-09-04T08:40:00+00:00,2026-09-06T23:40:00+00:00,Medium,13320.54
WO00334,V086,Battery issue,2026-09-06T18:13:00+00:00,2026-09-11T04:13:00+00:00,Medium,16666.9
WO00335,V039,Oil change,2026-08-24T05:04:00+00:00,2026-08-26T22:04:00+00:00,Medium,5946.79
WO00336,V071,Cooling system,2026-08-15T10:12:00+00:00,2026-08-16T22:12:00+00:00,Low,3755.84
WO00337,V088,Oil change,2026-09-18T08:55:00+00:00,2026-09-19T20:55:00+00:00,High,24913.78
WO00338,V083,Battery issue,2026-08-11T01:02:00+00:00,2026-08-15T03:02:00+00:00,Medium,33617.73
WO00339,V074,Electrical issue,2026-09-19T13:59:00+00:00,2026-09-20T13:59:00+00:00,Low,29739.13
WO00340,V065,Oil change,2026-08-13T02:52:00+00:00,2026-08-17T08:52:00+00:00,Low,32021.87
WO00341,V062,Battery issue,2026-08-07T21:26:00+00:00,2026-08-09T16:26:00+00:00,High,6276.62
WO00342,V094,Engine service,2026-09-19T06:10:00+00:00,2026-09-20T08:10:00+00:00,Medium,4251.55
WO00343,V009,Engine service,2026-08-11T18:00:00+00:00,2026-08-14T04:00:00+00:00,High,15605.53
WO00344,V011,Tyre replacement,2026-09-17T14:36:00+00:00,2026-09-18T03:36:00+00:00,Medium,20241.76
WO00345,V056,Battery issue,2026-08-03T06:23:00+00:00,2026-08-07T04:23:00+00:00,High,21087.35
WO00346,V073,Engine service,2026-08-27T16:11:00+00:00,2026-08-31T00:11:00+00:00,Medium,21973.25
WO00347,V024,Cooling system,2026-08-15T04:23:00+00:00,2026-08-19T14:23:00+00:00,High,26872.63
WO00348,V024,Tyre replacement,2026-08-02T14:12:00+00:00,2026-08-03T03:12:00+00:00,Low,12950.56
WO00349,V042,Oil change,2026-09-02T23:42:00+00:00,2026-09-05T15:42:00+00:00,Low,2183.64
WO00350,V021,Cooling system,2026-09-07T12:09:00+00:00,2026-09-09T12:09:00+00:00,High,6711.69
WO00351,V094,Electrical issue,2026-08-10T01:47:00+00:00,2026-08-14T03:47:00+00:00,High,26271.31
WO00352,V063,Electrical issue,2026-08-30T00:57:00+00:00,2026-08-31T02:57:00+00:00,Medium,29687.69
WO00353,V037,Cooling system,2026-09-18T03:59:00+00:00,2026-09-19T22:59:00+00:00,High,1323.0
WO00354,V021,Battery issue,2026-09-13T07:59:00+00:00,2026-09-16T21:59:00+00:00,Low,32583.33
WO00355,V020,Brake inspection,2026-09-08T15:07:00+00:00,2026-09-13T01:07:00+00:00,Medium,34793.95
WO00356,V023,Engine service,2026-09-11T06:39:00+00:00,2026-09-16T03:39:00+00:00,Low,31597.68
WO00357,V011,Battery issue,2026-09-18T12:18:00+00:00,2026-09-21T00:18:00+00:00,High,12393.91
WO00358,V045,Cooling system,2026-08-22T08:05:00+00:00,2026-08-27T04:05:00+00:00,Low,15050.92
WO00359,V042,Electrical issue,2026-08-19T04:56:00+00:00,2026-08-23T01:56:00+00:00,Low,5802.37
WO00360,V009,Tyre replacement,2026-08-07T16:16:00+00:00,2026-08-08T20:16:00+00:00,Medium,26727.83
WO00361,V091,Oil change,2026-09-02T13:57:00+00:00,2026-09-06T17:57:00+00:00,High,24691.36
WO00362,V099,Brake inspection,2026-08-26T08:17:00+00:00,2026-08-29T13:17:00+00:00,Medium,22425.75
WO00363,V030,Electrical issue,2026-08-15T03:38:00+00:00,2026-08-15T20:38:00+00:00,Medium,25963.41
WO00364,V072,Tyre replacement,2026-09-08T15:13:00+00:00,2026-09-11T14:13:00+00:00,High,25563.86
WO00365,V032,Cooling system,2026-09-15T02:31:00+00:00,2026-09-19T01:31:00+00:00,Medium,16973.86
WO00366,V011,Electrical issue,2026-08-10T18:24:00+00:00,2026-08-11T03:24:00+00:00,High,9079.38
WO00367,V023,Cooling system,2026-08-01T11:13:00+00:00,2026-08-05T22:13:00+00:00,Low,26582.96
WO00368,V035,Brake inspection,2026-08-12T22:47:00+00:00,2026-08-17T04:47:00+00:00,High,20604.4
WO00369,V074,Oil change,2026-08-18T01:38:00+00:00,2026-08-18T10:38:00+00:00,High,33418.12
WO00370,V046,Battery issue,2026-09-17T10:53:00+00:00,2026-09-21T05:53:00+00:00,Medium,31845.89
WO00371,V055,Cooling system,2026-09-22T11:30:00+00:00,2026-09-26T14:30:00+00:00,Medium,1362.76
WO00372,V071,Engine service,2026-09-09T07:50:00+00:00,2026-09-10T03:50:00+00:00,Low,2223.75
WO00373,V008,Battery issue,2026-08-19T17:59:00+00:00,2026-08-24T11:59:00+00:00,Low,7147.03
WO00374,V094,Electrical issue,2026-08-24T21:06:00+00:00,2026-08-25T01:06:00+00:00,High,33001.39
WO00375,V074,Battery issue,2026-08-14T16:58:00+00:00,2026-08-17T07:58:00+00:00,Medium,1368.78
WO00376,V050,Tyre replacement,2026-08-22T18:37:00+00:00,2026-08-26T08:37:00+00:00,Medium,17814.92
WO00377,V020,Electrical issue,2026-08-22T08:07:00+00:00,2026-08-23T17:07:00+00:00,Medium,12641.93
WO00378,V097,Brake inspection,2026-09-04T07:44:00+00:00,2026-09-08T22:44:00+00:00,Medium,6208.79
WO00379,V063,Battery issue,2026-09-03T08:37:00+00:00,2026-09-05T13:37:00+00:00,High,6097.65
WO00380,V051,Engine service,2026-09-14T13:46:00+00:00,2026-09-17T10:46:00+00:00,Low,30709.99
WO00381,V060,Electrical issue,2026-09-08T17:51:00+00:00,2026-09-11T15:51:00+00:00,Medium,20117.68
WO00382,V034,Engine service,2026-08-04T14:07:00+00:00,2026-08-08T07:07:00+00:00,High,2059.78
WO00383,V099,Brake inspection,2026-08-06T05:29:00+00:00,2026-08-10T15:29:00+00:00,High,31664.77
WO00384,V007,Engine service,2026-08-09T04:18:00+00:00,2026-08-10T12:18:00+00:00,Medium,6786.72
WO00385,V090,Brake inspection,2026-08-29T12:06:00+00:00,2026-08-31T02:06:00+00:00,High,9730.66
WO00386,V085,Battery issue,2026-08-03T07:02:00+00:00,2026-08-06T02:02:00+00:00,Medium,4084.67
WO00387,V039,Oil change,2026-08-16T05:44:00+00:00,2026-08-20T05:44:00+00:00,Low,16278.77
WO00388,V031,Battery issue,2026-08-25T02:57:00+00:00,2026-08-27T05:57:00+00:00,High,19427.61
WO00389,V059,Electrical issue,2026-08-28T20:17:00+00:00,2026-08-31T07:17:00+00:00,Low,20336.72
WO00390,V093,Oil change,2026-09-09T11:35:00+00:00,2026-09-09T16:35:00+00:00,Low,16943.09
WO00391,V077,Battery issue,2026-08-05T19:34:00+00:00,2026-08-10T03:34:00+00:00,Low,25833.98
WO00392,V018,Engine service,2026-09-24T07:50:00+00:00,2026-09-24T11:50:00+00:00,Low,34613.73
WO00393,V088,Brake inspection,2026-08-29T01:24:00+00:00,2026-08-29T11:24:00+00:00,Low,19648.21
WO00394,V044,Brake inspection,2026-09-06T22:45:00+00:00,2026-09-11T21:45:00+00:00,High,6297.07
WO00395,V062,Brake inspection,2026-09-09T23:32:00+00:00,2026-09-12T11:32:00+00:00,Medium,20073.47
WO00396,V058,Brake inspection,2026-09-17T08:07:00+00:00,2026-09-22T00:07:00+00:00,Medium,26015.24
WO00397,V088,Engine service,2026-08-29T02:18:00+00:00,2026-09-01T20:18:00+00:00,High,6735.13
WO00398,V065,Brake inspection,2026-08-23T03:15:00+00:00,2026-08-23T15:15:00+00:00,Medium,17351.69
WO00399,V015,Battery issue,2026-09-02T00:37:00+00:00,2026-09-03T18:37:00+00:00,Low,30893.6
WO00400,V074,Battery issue,2026-08-12T04:32:00+00:00,2026-08-15T16:32:00+00:00,Medium,15390.75
WO00401,V035,Tyre replacement,2026-08-18T08:54:00+00:00,2026-08-21T20:54:00+00:00,Low,999.23
WO00402,V036,Engine service,2026-08-16T18:03:00+00:00,2026-08-19T16:03:00+00:00,High,27818.06
WO00403,V047,Tyre replacement,2026-09-01T22:52:00+00:00,2026-09-04T07:52:00+00:00,Low,10572.31
WO00404,V014,Cooling system,2026-09-08T19:03:00+00:00,2026-09-09T16:03:00+00:00,High,26649.46
WO00405,V047,Battery issue,2026-08-13T13:50:00+00:00,2026-08-17T00:50:00+00:00,Medium,17478.29
WO00406,V092,Oil change,2026-08-07T09:21:00+00:00,2026-08-11T05:21:00+00:00,Low,27503.26
WO00407,V002,Battery issue,2026-08-17T16:26:00+00:00,2026-08-22T01:26:00+00:00,High,33896.8
WO00408,V015,Electrical issue,2026-08-15T02:15:00+00:00,2026-08-16T18:15:00+00:00,Medium,23674.98
WO00409,V055,Battery issue,2026-08-13T19:44:00+00:00,2026-08-16T04:44:00+00:00,Medium,31719.35
WO00410,V046,Battery issue,2026-08-08T10:08:00+00:00,2026-08-11T08:08:00+00:00,Medium,16989.98
WO00411,V098,Brake inspection,2026-09-07T09:00:00+00:00,2026-09-09T22:00:00+00:00,Low,6263.52
WO00412,V008,Cooling system,2026-08-27T02:13:00+00:00,2026-08-28T05:13:00+00:00,Low,29172.14
WO00413,V095,Oil change,2026-08-01T14:50:00+00:00,2026-08-03T07:50:00+00:00,Medium,7435.5
WO00414,V060,Battery issue,2026-08-05T16:25:00+00:00,2026-08-10T01:25:00+00:00,High,7336.53
WO00415,V081,Electrical issue,2026-08-04T13:17:00+00:00,2026-08-06T12:17:00+00:00,Low,33247.89
WO00416,V045,Tyre replacement,2026-08-24T01:15:00+00:00,2026-08-26T10:15:00+00:00,High,1199.25
WO00417,V008,Battery issue,2026-09-14T01:04:00+00:00,2026-09-14T11:04:00+00:00,High,20414.27
WO00418,V066,Oil change,2026-09-19T04:49:00+00:00,2026-09-19T23:49:00+00:00,Medium,15536.58
WO00419,V086,Oil change,2026-09-01T03:32:00+00:00,2026-09-04T03:32:00+00:00,High,30828.36
WO00420,V073,Battery issue,2026-09-22T16:26:00+00:00,2026-09-27T13:26:00+00:00,Low,3689.71
WO00421,V015,Battery issue,2026-08-10T06:13:00+00:00,2026-08-12T18:13:00+00:00,High,31734.94
WO00422,V011,Electrical issue,2026-08-14T15:49:00+00:00,2026-08-18T08:49:00+00:00,High,2545.16
WO00423,V002,Tyre replacement,2026-08-09T22:13:00+00:00,2026-08-14T03:13:00+00:00,Low,26722.44
WO00424,V028,Oil change,2026-09-11T02:01:00+00:00,2026-09-15T04:01:00+00:00,High,13930.35
WO00425,V061,Battery issue,2026-08-15T12:43:00+00:00,2026-08-18T15:43:00+00:00,Low,3981.6
WO00426,V017,Brake inspection,2026-08-11T05:10:00+00:00,2026-08-13T11:10:00+00:00,Low,13484.11
WO00427,V087,Battery issue,2026-08-02T11:14:00+00:00,2026-08-05T12:14:00+00:00,High,20913.48
WO00428,V094,Cooling system,2026-08-11T20:51:00+00:00,2026-08-15T01:51:00+00:00,Low,13868.32
WO00429,V085,Cooling system,2026-09-19T08:43:00+00:00,2026-09-20T02:43:00+00:00,Low,25279.83
WO00430,V051,Tyre replacement,2026-08-03T21:37:00+00:00,2026-08-06T21:37:00+00:00,Medium,31683.15
WO00431,V069,Battery issue,2026-08-30T03:18:00+00:00,2026-09-02T19:18:00+00:00,Low,31457.77
WO00432,V077,Engine service,2026-08-08T06:44:00+00:00,2026-08-12T22:44:00+00:00,High,19094.67
WO00433,V090,Engine service,2026-09-09T02:54:00+00:00,2026-09-13T09:54:00+00:00,Medium,34131.01
WO00434,V058,Brake inspection,2026-08-14T14:58:00+00:00,2026-08-17T22:58:00+00:00,Medium,1223.16
WO00435,V093,Battery issue,2026-08-27T05:08:00+00:00,2026-08-31T03:08:00+00:00,Low,1879.29
WO00436,V008,Engine service,2026-08-24T23:45:00+00:00,2026-08-26T06:45:00+00:00,Low,17383.01
WO00437,V041,Engine service,2026-08-03T11:34:00+00:00,2026-08-07T14:34:00+00:00,Medium,26945.24
WO00438,V071,Oil change,2026-09-24T05:57:00+00:00,2026-09-28T20:57:00+00:00,Low,22420.43
WO00439,V036,Engine service,2026-08-15T12:56:00+00:00,2026-08-16T18:56:00+00:00,Low,15853.54
WO00440,V015,Engine service,2026-08-27T05:34:00+00:00,2026-08-31T11:34:00+00:00,Medium,34273.96
WO00441,V074,Cooling system,2026-08-28T20:52:00+00:00,2026-08-29T11:52:00+00:00,High,33113.89
WO00442,V053,Electrical issue,2026-08-02T15:36:00+00:00,2026-08-07T05:36:00+00:00,High,12121.75
WO00443,V060,Brake inspection,2026-08-05T11:21:00+00:00,2026-08-06T16:21:00+00:00,High,4483.27
WO00444,V010,Electrical issue,2026-08-06T20:06:00+00:00,2026-08-08T05:06:00+00:00,Medium,31382.77
WO00445,V026,Cooling system,2026-09-04T20:33:00+00:00,2026-09-08T11:33:00+00:00,Low,31377.02
WO00446,V088,Engine service,2026-09-20T10:11:00+00:00,2026-09-23T10:11:00+00:00,Low,5653.79
WO00447,V068,Cooling system,2026-09-08T12:09:00+00:00,2026-09-11T12:09:00+00:00,Low,1694.14
WO00448,V056,Battery issue,2026-09-09T15:00:00+00:00,2026-09-13T01:00:00+00:00,High,8335.61
WO00449,V077,Battery issue,2026-09-22T23:30:00+00:00,2026-09-23T20:30:00+00:00,Low,2774.12
WO00450,V089,Oil change,2026-09-02T18:01:00+00:00,2026-09-03T02:01:00+00:00,Medium,5303.2
WO00451,V064,Battery issue,2026-09-23T00:40:00+00:00,2026-09-27T14:40:00+00:00,Low,18848.52
WO00452,V085,Brake inspection,2026-08-26T00:55:00+00:00,2026-08-26T11:55:00+00:00,Low,23004.28
WO00453,V024,Engine service,2026-09-15T08:33:00+00:00,2026-09-18T04:33:00+00:00,Medium,34508.4
WO00454,V005,Brake inspection,2026-08-05T06:24:00+00:00,2026-08-07T07:24:00+00:00,Low,29184.37
WO00455,V079,Engine service,2026-08-16T17:23:00+00:00,2026-08-20T04:23:00+00:00,High,23903.76
WO00456,V031,Cooling system,2026-09-21T04:18:00+00:00,2026-09-21T12:18:00+00:00,Low,7199.55
WO00457,V091,Brake inspection,2026-08-14T23:57:00+00:00,2026-08-17T00:57:00+00:00,Medium,11771.05
WO00458,V019,Battery issue,2026-08-05T21:22:00+00:00,2026-08-08T16:22:00+00:00,Medium,26727.72
WO00459,V080,Cooling system,2026-09-04T23:25:00+00:00,2026-09-09T12:25:00+00:00,Medium,22693.13
WO00460,V018,Electrical issue,2026-09-18T03:17:00+00:00,2026-09-19T13:17:00+00:00,Low,27191.35
WO00461,V084,Brake inspection,2026-08-21T15:15:00+00:00,2026-08-24T09:15:00+00:00,High,3787.89
WO00462,V089,Cooling system,2026-09-24T06:18:00+00:00,2026-09-27T02:18:00+00:00,Low,33605.64
WO00463,V100,Oil change,2026-09-21T02:58:00+00:00,2026-09-22T03:58:00+00:00,High,9491.71
WO00464,V095,Battery issue,2026-09-05T19:32:00+00:00,2026-09-10T00:32:00+00:00,High,5543.56
WO00465,V040,Oil change,2026-09-13T14:43:00+00:00,2026-09-16T08:43:00+00:00,Medium,18090.2
WO00466,V045,Tyre replacement,2026-08-09T17:31:00+00:00,2026-08-12T08:31:00+00:00,Low,16581.04
WO00467,V017,Battery issue,2026-09-05T00:43:00+00:00,2026-09-06T06:43:00+00:00,Low,14386.84
WO00468,V027,Engine service,2026-08-03T21:17:00+00:00,2026-08-04T09:17:00+00:00,High,13801.49
WO00469,V093,Cooling system,2026-08-01T18:17:00+00:00,2026-08-05T02:17:00+00:00,Medium,20437.3
WO00470,V094,Engine service,2026-09-20T18:35:00+00:00,2026-09-25T02:35:00+00:00,Medium,25966.71
WO00471,V094,Cooling system,2026-09-01T20:15:00+00:00,2026-09-06T10:15:00+00:00,Low,15556.12
WO00472,V012,Brake inspection,2026-08-11T10:05:00+00:00,2026-08-15T16:05:00+00:00,Low,4724.97
WO00473,V070,Engine service,2026-09-04T21:44:00+00:00,2026-09-06T19:44:00+00:00,Low,9024.29
WO00474,V052,Battery issue,2026-08-03T09:42:00+00:00,2026-08-03T18:42:00+00:00,Low,12831.18
WO00475,V098,Brake inspection,2026-08-09T11:32:00+00:00,2026-08-10T01:32:00+00:00,High,1552.58
WO00476,V050,Electrical issue,2026-09-20T12:29:00+00:00,2026-09-23T21:29:00+00:00,Low,33096.86
WO00477,V046,Engine service,2026-09-13T18:23:00+00:00,2026-09-18T16:23:00+00:00,Medium,15061.85
WO00478,V010,Electrical issue,2026-08-28T05:50:00+00:00,2026-09-01T20:50:00+00:00,Low,3803.3
WO00479,V019,Engine service,2026-08-28T17:48:00+00:00,2026-09-02T17:48:00+00:00,High,21397.34
WO00480,V006,Electrical issue,2026-08-04T17:53:00+00:00,2026-08-05T13:53:00+00:00,Medium,18944.7
WO00481,V010,Oil change,2026-08-24T13:30:00+00:00,2026-08-29T04:30:00+00:00,Low,15475.32
WO00482,V052,Electrical issue,2026-08-22T04:32:00+00:00,2026-08-24T12:32:00+00:00,Medium,12299.53
WO00483,V033,Tyre replacement,2026-09-21T16:05:00+00:00,2026-09-25T20:05:00+00:00,High,14208.47
WO00484,V059,Engine service,2026-09-17T00:43:00+00:00,2026-09-20T09:43:00+00:00,High,23679.49
WO00485,V058,Battery issue,2026-08-01T05:06:00+00:00,2026-08-01T20:06:00+00:00,Low,10652.63
WO00486,V094,Cooling system,2026-09-02T21:00:00+00:00,2026-09-03T02:00:00+00:00,High,14922.87
WO00487,V038,Tyre replacement,2026-08-16T19:44:00+00:00,2026-08-19T04:44:00+00:00,Low,32538.08
WO00488,V089,Battery issue,2026-08-03T22:37:00+00:00,2026-08-05T02:37:00+00:00,Medium,24111.86
WO00489,V002,Oil change,2026-08-03T11:51:00+00:00,2026-08-04T18:51:00+00:00,Low,26050.65
WO00490,V084,Engine service,2026-09-14T11:06:00+00:00,2026-09-18T06:06:00+00:00,High,10622.3
WO00491,V081,Oil change,2026-08-23T06:51:00+00:00,2026-08-25T00:51:00+00:00,Medium,18612.48
WO00492,V046,Tyre replacement,2026-09-12T06:24:00+00:00,2026-09-14T10:24:00+00:00,Low,28052.0
WO00493,V080,Engine service,2026-08-05T01:32:00+00:00,2026-08-09T19:32:00+00:00,Medium,9939.35
WO00494,V044,Cooling system,2026-08-18T05:11:00+00:00,2026-08-23T00:11:00+00:00,High,25344.32
WO00495,V017,Engine service,2026-08-09T18:59:00+00:00,2026-08-14T08:59:00+00:00,High,2858.78
WO00496,V055,Tyre replacement,2026-08-27T12:58:00+00:00,2026-08-30T10:58:00+00:00,Low,16492.81
WO00497,V033,Brake inspection,2026-09-10T23:51:00+00:00,2026-09-15T05:51:00+00:00,High,3154.26
WO00498,V089,Tyre replacement,2026-08-30T03:52:00+00:00,2026-08-30T18:52:00+00:00,Medium,15566.14
WO00499,V044,Electrical issue,2026-09-02T02:31:00+00:00,2026-09-05T01:31:00+00:00,Low,10457.46
WO00500,V057,Oil change,2026-08-04T12:40:00+00:00,2026-08-06T11:40:00+00:00,Low,23781.04
WO00501,V062,Tyre replacement,2026-08-12T01:51:00+00:00,2026-08-16T14:51:00+00:00,High,31530.96
WO00502,V039,Brake inspection,2026-08-30T11:42:00+00:00,2026-09-01T07:42:00+00:00,Low,20263.74
WO00503,V100,Tyre replacement,2026-08-05T11:27:00+00:00,2026-08-08T05:27:00+00:00,Medium,17422.0
WO00504,V037,Oil change,2026-09-15T00:42:00+00:00,2026-09-16T04:42:00+00:00,High,29253.35
WO00505,V086,Electrical issue,2026-08-02T17:35:00+00:00,2026-08-05T14:35:00+00:00,High,15259.51
WO00506,V013,Battery issue,2026-09-05T08:55:00+00:00,2026-09-08T13:55:00+00:00,High,34435.65
WO00507,V010,Tyre replacement,2026-09-14T13:24:00+00:00,2026-09-16T14:24:00+00:00,High,9479.6
WO00508,V078,Brake inspection,2026-08-27T04:04:00+00:00,2026-08-31T01:04:00+00:00,High,10430.11
WO00509,V033,Tyre replacement,2026-09-03T00:11:00+00:00,2026-09-04T19:11:00+00:00,Medium,2713.24
WO00510,V071,Tyre replacement,2026-09-06T20:44:00+00:00,2026-09-11T15:44:00+00:00,Medium,9920.36
WO00511,V069,Electrical issue,2026-08-27T21:13:00+00:00,2026-08-29T22:13:00+00:00,High,19237.03
WO00512,V014,Brake inspection,2026-09-16T16:21:00+00:00,2026-09-16T20:21:00+00:00,High,19189.4
WO00513,V093,Electrical issue,2026-09-13T15:56:00+00:00,2026-09-17T23:56:00+00:00,Medium,2241.23
WO00514,V076,Battery issue,2026-08-17T07:21:00+00:00,2026-08-19T23:21:00+00:00,Low,8387.35
WO00515,V097,Brake inspection,2026-08-11T23:16:00+00:00,2026-08-12T15:16:00+00:00,Low,19643.24
WO00516,V037,Cooling system,2026-08-25T22:36:00+00:00,2026-08-29T12:36:00+00:00,Low,24365.31
WO00517,V096,Battery issue,2026-08-23T19:26:00+00:00,2026-08-26T00:26:00+00:00,Medium,19185.63
WO00518,V006,Brake inspection,2026-09-17T12:18:00+00:00,2026-09-22T08:18:00+00:00,High,20707.43
WO00519,V095,Engine service,2026-08-09T21:56:00+00:00,2026-08-13T17:56:00+00:00,Medium,32173.89
WO00520,V090,Tyre replacement,2026-09-13T19:22:00+00:00,2026-09-16T06:22:00+00:00,Medium,28811.31
WO00521,V053,Battery issue,2026-08-08T22:06:00+00:00,2026-08-10T16:06:00+00:00,Low,11337.76
WO00522,V018,Oil change,2026-09-20T09:45:00+00:00,2026-09-20T19:45:00+00:00,Medium,2233.5
WO00523,V014,Electrical issue,2026-08-24T00:55:00+00:00,2026-08-28T11:55:00+00:00,Medium,1531.28
WO00524,V086,Tyre replacement,2026-09-12T15:16:00+00:00,2026-09-15T08:16:00+00:00,High,20359.88
WO00525,V022,Battery issue,2026-08-24T05:59:00+00:00,2026-08-28T13:59:00+00:00,Medium,30340.89
WO00526,V099,Tyre replacement,2026-08-31T16:55:00+00:00,2026-09-03T19:55:00+00:00,Low,18955.79
WO00527,V047,Engine service,2026-08-29T15:21:00+00:00,2026-08-30T06:21:00+00:00,Low,8808.47
WO00528,V086,Battery issue,2026-08-18T23:27:00+00:00,2026-08-19T10:27:00+00:00,High,32085.47
WO00529,V069,Tyre replacement,2026-08-04T16:53:00+00:00,2026-08-06T13:53:00+00:00,Low,24377.54
WO00530,V060,Cooling system,2026-09-19T13:36:00+00:00,2026-09-20T11:36:00+00:00,Medium,14785.65
WO00531,V064,Brake inspection,2026-08-22T10:17:00+00:00,2026-08-25T22:17:00+00:00,Medium,5124.98
WO00532,V021,Brake inspection,2026-09-16T06:38:00+00:00,2026-09-17T19:38:00+00:00,Low,17922.51
WO00533,V018,Tyre replacement,2026-08-28T20:53:00+00:00,2026-08-29T12:53:00+00:00,Low,5518.94
WO00534,V064,Tyre replacement,2026-08-28T03:21:00+00:00,2026-08-31T01:21:00+00:00,High,25426.96
WO00535,V100,Tyre replacement,2026-09-04T21:40:00+00:00,2026-09-07T11:40:00+00:00,Low,29617.89
WO00536,V023,Battery issue,2026-08-28T01:27:00+00:00,2026-09-02T01:27:00+00:00,Low,31532.85
WO00537,V033,Brake inspection,2026-08-06T13:58:00+00:00,2026-08-07T01:58:00+00:00,Medium,16442.03
WO00538,V039,Tyre replacement,2026-08-28T07:50:00+00:00,2026-08-30T17:50:00+00:00,High,31456.55
WO00539,V073,Brake inspection,2026-09-24T10:45:00+00:00,2026-09-27T13:45:00+00:00,Low,5900.01
WO00540,V051,Cooling system,2026-09-12T08:43:00+00:00,2026-09-14T13:43:00+00:00,Medium,19035.72
WO00541,V096,Engine service,2026-09-11T07:38:00+00:00,2026-09-14T09:38:00+00:00,High,1315.87
WO00542,V016,Cooling system,2026-08-04T07:49:00+00:00,2026-08-06T13:49:00+00:00,High,14628.43
WO00543,V033,Tyre replacement,2026-09-05T11:59:00+00:00,2026-09-09T20:59:00+00:00,Medium,2214.42
WO00544,V081,Oil change,2026-09-18T02:44:00+00:00,2026-09-20T16:44:00+00:00,Low,17123.26
WO00545,V016,Electrical issue,2026-08-09T03:45:00+00:00,2026-08-11T23:45:00+00:00,High,18990.99
WO00546,V058,Brake inspection,2026-08-22T06:36:00+00:00,2026-08-26T21:36:00+00:00,Medium,12387.36
WO00547,V084,Oil change,2026-08-26T11:40:00+00:00,2026-08-28T08:40:00+00:00,Low,32641.93
WO00548,V051,Brake inspection,2026-09-20T02:04:00+00:00,2026-09-24T13:04:00+00:00,High,33052.75
WO00549,V026,Electrical issue,2026-09-13T22:55:00+00:00,2026-09-18T20:55:00+00:00,Medium,29774.16
WO00550,V026,Oil change,2026-08-18T09:56:00+00:00,2026-08-21T22:56:00+00:00,Low,7899.54
WO00551,V012,Brake inspection,2026-09-01T23:49:00+00:00,2026-09-05T13:49:00+00:00,Medium,7052.59
WO00552,V023,Electrical issue,2026-09-15T07:14:00+00:00,2026-09-20T04:14:00+00:00,High,33889.55
WO00553,V028,Oil change,2026-09-02T07:36:00+00:00,2026-09-03T08:36:00+00:00,Low,1867.66
WO00554,V058,Tyre replacement,2026-08-31T15:51:00+00:00,2026-09-01T10:51:00+00:00,High,9161.88
WO00555,V028,Tyre replacement,2026-08-08T03:08:00+00:00,2026-08-10T12:08:00+00:00,Low,5737.73
WO00556,V028,Brake inspection,2026-09-08T07:13:00+00:00,2026-09-11T23:13:00+00:00,High,19261.24
WO00557,V002,Cooling system,2026-08-01T06:53:00+00:00,2026-08-02T07:53:00+00:00,Medium,26066.48
WO00558,V006,Oil change,2026-08-24T06:37:00+00:00,2026-08-28T17:37:00+00:00,Medium,1085.57
WO00559,V059,Electrical issue,2026-09-09T08:18:00+00:00,2026-09-13T16:18:00+00:00,Low,8426.14
WO00560,V021,Tyre replacement,2026-09-02T13:23:00+00:00,2026-09-06T11:23:00+00:00,Medium,21240.53
WO00561,V024,Electrical issue,2026-08-26T18:04:00+00:00,2026-08-28T15:04:00+00:00,High,14158.09
WO00562,V080,Brake inspection,2026-09-05T21:06:00+00:00,2026-09-09T14:06:00+00:00,High,22517.26
WO00563,V005,Oil change,2026-08-26T16:27:00+00:00,2026-08-29T05:27:00+00:00,Low,19937.37
WO00564,V040,Engine service,2026-09-21T02:35:00+00:00,2026-09-23T11:35:00+00:00,High,10895.95
WO00565,V060,Engine service,2026-08-06T03:54:00+00:00,2026-08-06T13:54:00+00:00,High,18474.96
WO00566,V003,Oil change,2026-09-09T02:03:00+00:00,2026-09-11T17:03:00+00:00,High,8512.74
WO00567,V031,Battery issue,2026-09-05T05:26:00+00:00,2026-09-09T00:26:00+00:00,Medium,27650.59
WO00568,V062,Oil change,2026-09-24T15:41:00+00:00,2026-09-28T11:41:00+00:00,High,17140.34
WO00569,V038,Tyre replacement,2026-09-20T12:23:00+00:00,2026-09-22T21:23:00+00:00,High,16073.18
WO00570,V052,Engine service,2026-08-29T17:57:00+00:00,2026-09-03T16:57:00+00:00,High,14672.96
WO00571,V059,Tyre replacement,2026-08-13T22:55:00+00:00,2026-08-15T01:55:00+00:00,Low,22396.75
WO00572,V001,Engine service,2026-09-17T13:12:00+00:00,2026-09-18T23:12:00+00:00,Medium,7460.89
WO00573,V035,Brake inspection,2026-08-28T02:59:00+00:00,2026-08-31T02:59:00+00:00,Medium,25894.99
WO00574,V024,Tyre replacement,2026-08-24T20:33:00+00:00,2026-08-29T10:33:00+00:00,Medium,27122.23
WO00575,V014,Cooling system,2026-08-16T12:58:00+00:00,2026-08-18T11:58:00+00:00,Medium,4360.15
WO00576,V067,Electrical issue,2026-09-01T11:58:00+00:00,2026-09-02T04:58:00+00:00,High,10389.95
WO00577,V089,Brake inspection,2026-09-14T19:27:00+00:00,2026-09-19T15:27:00+00:00,Low,32989.16
WO00578,V026,Electrical issue,2026-09-05T12:31:00+00:00,2026-09-10T09:31:00+00:00,Low,17071.03
WO00579,V080,Tyre replacement,2026-08-07T19:02:00+00:00,2026-08-08T07:02:00+00:00,Medium,20660.88
WO00580,V063,Brake inspection,2026-08-25T20:37:00+00:00,2026-08-26T17:37:00+00:00,Medium,15370.33
WO00581,V027,Cooling system,2026-09-12T21:12:00+00:00,2026-09-17T08:12:00+00:00,High,34136.67
WO00582,V028,Oil change,2026-09-02T22:35:00+00:00,2026-09-05T20:35:00+00:00,Low,27647.84
WO00583,V034,Battery issue,2026-08-12T19:27:00+00:00,2026-08-15T21:27:00+00:00,High,14459.59
WO00584,V087,Oil change,2026-08-25T09:51:00+00:00,2026-08-25T20:51:00+00:00,High,28516.09
WO00585,V049,Engine service,2026-09-08T13:35:00+00:00,2026-09-12T04:35:00+00:00,Medium,20425.67
WO00586,V058,Engine service,2026-08-07T10:42:00+00:00,2026-08-09T19:42:00+00:00,Medium,3081.47
WO00587,V029,Engine service,2026-08-01T03:25:00+00:00,2026-08-04T12:25:00+00:00,High,27927.47
WO00588,V014,Electrical issue,2026-09-15T06:33:00+00:00,2026-09-17T15:33:00+00:00,Medium,1025.1
WO00589,V060,Oil change,2026-09-01T11:55:00+00:00,2026-09-01T17:55:00+00:00,High,23513.08
WO00590,V065,Oil change,2026-09-17T04:18:00+00:00,2026-09-17T15:18:00+00:00,High,26420.51
WO00591,V064,Cooling system,2026-09-22T15:07:00+00:00,2026-09-26T23:07:00+00:00,Low,11946.68
WO00592,V005,Oil change,2026-08-31T14:42:00+00:00,2026-09-03T20:42:00+00:00,Medium,27016.34
WO00593,V072,Brake inspection,2026-08-16T20:47:00+00:00,2026-08-17T23:47:00+00:00,Medium,11131.19
WO00594,V079,Oil change,2026-08-27T06:36:00+00:00,2026-09-01T01:36:00+00:00,High,12751.23
WO00595,V051,Battery issue,2026-09-23T15:29:00+00:00,2026-09-24T20:29:00+00:00,Medium,21687.08
WO00596,V052,Battery issue,2026-09-06T08:59:00+00:00,2026-09-10T23:59:00+00:00,Medium,13736.3
WO00597,V034,Oil change,2026-08-24T20:00:00+00:00,2026-08-29T11:00:00+00:00,High,11602.36
WO00598,V040,Cooling system,2026-09-06T00:15:00+00:00,2026-09-07T08:15:00+00:00,Low,8785.59
WO00599,V033,Cooling system,2026-08-03T16:37:00+00:00,2026-08-06T04:37:00+00:00,High,22449.68
WO00600,V034,Brake inspection,2026-08-01T19:39:00+00:00,2026-08-02T09:39:00+00:00,Low,25962.15
WO00601,V093,Cooling system,2026-09-18T22:18:00+00:00,2026-09-20T06:18:00+00:00,Medium,27655.6
WO00602,V027,Brake inspection,2026-09-21T09:54:00+00:00,2026-09-26T05:54:00+00:00,Medium,14321.02
WO00603,V024,Tyre replacement,2026-09-13T16:51:00+00:00,2026-09-18T07:51:00+00:00,Medium,7458.61
WO00604,V065,Electrical issue,2026-08-01T09:28:00+00:00,2026-08-04T22:28:00+00:00,Low,13201.24
WO00605,V026,Electrical issue,2026-09-17T12:09:00+00:00,2026-09-18T15:09:00+00:00,Low,11440.89
WO00606,V033,Cooling system,2026-09-10T21:28:00+00:00,2026-09-15T04:28:00+00:00,Low,23482.69
WO00607,V062,Tyre replacement,2026-09-19T01:11:00+00:00,2026-09-19T17:11:00+00:00,Low,12368.07
WO00608,V035,Electrical issue,2026-09-10T19:30:00+00:00,2026-09-13T22:30:00+00:00,Low,34860.2
WO00609,V018,Cooling system,2026-08-17T07:21:00+00:00,2026-08-19T02:21:00+00:00,High,2326.9
WO00610,V086,Cooling system,2026-09-08T20:45:00+00:00,2026-09-11T12:45:00+00:00,Low,27899.14
WO00611,V026,Electrical issue,2026-09-17T13:29:00+00:00,2026-09-18T16:29:00+00:00,High,4137.49
WO00612,V055,Engine service,2026-08-23T02:01:00+00:00,2026-08-24T01:01:00+00:00,Low,29597.97
WO00613,V057,Cooling system,2026-09-22T23:20:00+00:00,2026-09-25T13:20:00+00:00,Low,6763.87
WO00614,V100,Electrical issue,2026-09-24T11:50:00+00:00,2026-09-29T09:50:00+00:00,High,18924.29
WO00615,V080,Cooling system,2026-08-31T14:52:00+00:00,2026-09-02T18:52:00+00:00,Low,6058.91
WO00616,V033,Oil change,2026-08-05T02:28:00+00:00,2026-08-07T10:28:00+00:00,High,27009.06
WO00617,V099,Battery issue,2026-09-07T04:30:00+00:00,2026-09-09T06:30:00+00:00,Medium,24685.88
WO00618,V006,Oil change,2026-08-13T18:36:00+00:00,2026-08-17T12:36:00+00:00,Medium,11767.48
WO00619,V056,Brake inspection,2026-09-05T21:55:00+00:00,2026-09-06T20:55:00+00:00,Low,3241.49
WO00620,V098,Brake inspection,2026-09-03T21:43:00+00:00,2026-09-07T21:43:00+00:00,Low,21121.53
WO00621,V086,Brake inspection,2026-08-25T04:46:00+00:00,2026-08-26T06:46:00+00:00,Medium,23598.98
WO00622,V013,Electrical issue,2026-09-01T12:05:00+00:00,2026-09-06T08:05:00+00:00,Low,18500.92
WO00623,V047,Cooling system,2026-09-07T04:02:00+00:00,2026-09-11T02:02:00+00:00,Low,8140.07
WO00624,V036,Brake inspection,2026-08-09T14:40:00+00:00,2026-08-13T05:40:00+00:00,Low,32262.44
WO00625,V019,Oil change,2026-09-23T09:26:00+00:00,2026-09-28T05:26:00+00:00,Low,27769.13
WO00626,V079,Brake inspection,2026-09-15T04:23:00+00:00,2026-09-15T23:23:00+00:00,Medium,8937.49
WO00627,V050,Battery issue,2026-08-12T17:10:00+00:00,2026-08-13T20:10:00+00:00,High,6119.74
WO00628,V012,Oil change,2026-09-17T06:12:00+00:00,2026-09-17T11:12:00+00:00,Low,13457.85
WO00629,V074,Battery issue,2026-09-07T11:34:00+00:00,2026-09-12T02:34:00+00:00,Medium,15432.57
WO00630,V027,Engine service,2026-09-07T17:19:00+00:00,2026-09-09T10:19:00+00:00,Low,31895.36
WO00631,V036,Electrical issue,2026-09-17T22:58:00+00:00,2026-09-19T11:58:00+00:00,Medium,20593.17
WO00632,V074,Electrical issue,2026-08-12T14:25:00+00:00,2026-08-14T06:25:00+00:00,High,1500.49
WO00633,V003,Battery issue,2026-08-22T03:24:00+00:00,2026-08-25T16:24:00+00:00,Medium,32168.27
WO00634,V022,Brake inspection,2026-08-10T11:31:00+00:00,2026-08-14T20:31:00+00:00,High,31031.16
WO00635,V078,Electrical issue,2026-09-11T10:29:00+00:00,2026-09-14T04:29:00+00:00,High,23389.67
WO00636,V013,Cooling system,2026-09-23T01:57:00+00:00,2026-09-25T05:57:00+00:00,High,17615.26
WO00637,V100,Battery issue,2026-09-07T21:51:00+00:00,2026-09-10T23:51:00+00:00,High,32216.75
WO00638,V020,Electrical issue,2026-09-03T11:27:00+00:00,2026-09-07T20:27:00+00:00,High,23326.4
WO00639,V083,Battery issue,2026-08-10T16:11:00+00:00,2026-08-11T00:11:00+00:00,High,13263.91
WO00640,V020,Tyre replacement,2026-09-04T12:51:00+00:00,2026-09-08T22:51:00+00:00,Medium,31145.45
WO00641,V038,Electrical issue,2026-09-22T19:59:00+00:00,2026-09-24T19:59:00+00:00,High,26338.85
WO00642,V033,Tyre replacement,2026-09-12T14:58:00+00:00,2026-09-16T19:58:00+00:00,Low,25917.69
WO00643,V055,Tyre replacement,2026-08-19T16:32:00+00:00,2026-08-21T04:32:00+00:00,High,6405.14
WO00644,V078,Engine service,2026-09-01T19:57:00+00:00,2026-09-05T19:57:00+00:00,Medium,5033.93
WO00645,V080,Oil change,2026-08-06T00:21:00+00:00,2026-08-08T06:21:00+00:00,High,11224.54
WO00646,V072,Battery issue,2026-09-12T15:58:00+00:00,2026-09-14T06:58:00+00:00,Medium,14528.41
WO00647,V089,Battery issue,2026-08-07T12:52:00+00:00,2026-08-10T19:52:00+00:00,Medium,12604.91
WO00648,V030,Electrical issue,2026-08-18T06:19:00+00:00,2026-08-20T23:19:00+00:00,Low,31590.36
WO00649,V002,Cooling system,2026-08-17T03:00:00+00:00,2026-08-17T16:00:00+00:00,Medium,13570.94
WO00650,V024,Tyre replacement,2026-09-24T01:21:00+00:00,2026-09-26T13:21:00+00:00,Low,33877.6
WO00651,V031,Cooling system,2026-09-11T19:18:00+00:00,2026-09-14T04:18:00+00:00,High,10682.45
WO00652,V040,Oil change,2026-08-11T02:49:00+00:00,2026-08-14T11:49:00+00:00,Medium,15431.67
WO00653,V028,Electrical issue,2026-09-13T11:35:00+00:00,2026-09-14T16:35:00+00:00,Low,14178.08
WO00654,V071,Battery issue,2026-08-13T06:22:00+00:00,2026-08-13T22:22:00+00:00,Low,10794.83
WO00655,V051,Tyre replacement,2026-08-20T08:54:00+00:00,2026-08-24T04:54:00+00:00,Medium,30439.2
WO00656,V077,Electrical issue,2026-08-20T16:58:00+00:00,2026-08-22T07:58:00+00:00,High,31264.57
WO00657,V012,Tyre replacement,2026-08-12T12:24:00+00:00,2026-08-15T14:24:00+00:00,Low,27527.4
WO00658,V016,Brake inspection,2026-08-30T09:54:00+00:00,2026-08-31T20:54:00+00:00,Low,16807.97
WO00659,V012,Battery issue,2026-09-15T09:44:00+00:00,2026-09-17T03:44:00+00:00,Medium,31188.8
WO00660,V082,Brake inspection,2026-08-10T08:23:00+00:00,2026-08-15T03:23:00+00:00,Medium,30444.79
WO00661,V099,Oil change,2026-08-17T14:33:00+00:00,2026-08-18T19:33:00+00:00,High,8638.05
WO00662,V001,Tyre replacement,2026-08-06T09:19:00+00:00,2026-08-06T23:19:00+00:00,Medium,15593.07
WO00663,V057,Battery issue,2026-09-09T04:06:00+00:00,2026-09-09T20:06:00+00:00,High,33892.63
WO00664,V032,Cooling system,2026-08-05T03:14:00+00:00,2026-08-05T08:14:00+00:00,Low,24602.05
WO00665,V016,Brake inspection,2026-08-29T19:05:00+00:00,2026-08-30T07:05:00+00:00,Low,19595.95
WO00666,V091,Brake inspection,2026-09-22T22:18:00+00:00,2026-09-25T04:18:00+00:00,Medium,26711.53
WO00667,V063,Engine service,2026-08-22T03:15:00+00:00,2026-08-25T21:15:00+00:00,Low,21505.06
WO00668,V049,Electrical issue,2026-09-10T05:12:00+00:00,2026-09-14T22:12:00+00:00,Low,12142.97
WO00669,V056,Engine service,2026-08-25T18:02:00+00:00,2026-08-27T06:02:00+00:00,Low,29574.47
WO00670,V056,Oil change,2026-08-23T04:46:00+00:00,2026-08-25T12:46:00+00:00,High,12539.02
WO00671,V028,Battery issue,2026-09-16T23:40:00+00:00,2026-09-20T02:40:00+00:00,Low,13527.7
WO00672,V034,Battery issue,2026-08-04T07:14:00+00:00,2026-08-05T08:14:00+00:00,Medium,13361.36
WO00673,V007,Engine service,2026-08-20T08:59:00+00:00,2026-08-25T00:59:00+00:00,High,16475.39
WO00674,V063,Engine service,2026-09-17T07:03:00+00:00,2026-09-20T05:03:00+00:00,Medium,33276.2
WO00675,V030,Tyre replacement,2026-09-17T11:24:00+00:00,2026-09-18T21:24:00+00:00,High,9159.47
WO00676,V094,Electrical issue,2026-08-20T03:21:00+00:00,2026-08-21T02:21:00+00:00,High,17931.34
WO00677,V018,Oil change,2026-09-17T20:11:00+00:00,2026-09-18T19:11:00+00:00,Low,6613.98
WO00678,V013,Tyre replacement,2026-08-30T20:32:00+00:00,2026-09-01T12:32:00+00:00,Low,32002.57
WO00679,V006,Engine service,2026-08-26T20:35:00+00:00,2026-08-29T15:35:00+00:00,Medium,17129.54
WO00680,V086,Electrical issue,2026-08-06T09:49:00+00:00,2026-08-09T11:49:00+00:00,High,24514.19
WO00681,V064,Tyre replacement,2026-08-15T03:43:00+00:00,2026-08-18T21:43:00+00:00,High,23663.59
WO00682,V016,Electrical issue,2026-08-03T15:10:00+00:00,2026-08-05T03:10:00+00:00,High,22377.78
WO00683,V050,Brake inspection,2026-08-31T19:22:00+00:00,2026-09-03T12:22:00+00:00,High,20113.25
WO00684,V010,Brake inspection,2026-09-08T18:37:00+00:00,2026-09-13T02:37:00+00:00,Medium,27429.03
WO00685,V075,Cooling system,2026-09-02T02:01:00+00:00,2026-09-05T10:01:00+00:00,Low,16161.22
WO00686,V093,Engine service,2026-09-21T14:18:00+00:00,2026-09-23T20:18:00+00:00,Low,30190.4
WO00687,V020,Engine service,2026-08-24T16:38:00+00:00,2026-08-27T04:38:00+00:00,Medium,10835.03
WO00688,V022,Engine service,2026-08-26T13:11:00+00:00,2026-08-28T20:11:00+00:00,Medium,30687.57
WO00689,V062,Oil change,2026-08-18T15:30:00+00:00,2026-08-21T20:30:00+00:00,High,13018.78
WO00690,V084,Cooling system,2026-08-17T15:24:00+00:00,2026-08-18T23:24:00+00:00,High,10832.32
WO00691,V016,Oil change,2026-08-27T12:01:00+00:00,2026-08-27T17:01:00+00:00,High,18244.3
WO00692,V050,Battery issue,2026-09-19T22:19:00+00:00,2026-09-22T12:19:00+00:00,Medium,13796.25
WO00693,V098,Cooling system,2026-09-16T18:10:00+00:00,2026-09-18T18:10:00+00:00,Low,28122.94
WO00694,V046,Battery issue,2026-09-07T04:24:00+00:00,2026-09-10T10:24:00+00:00,Low,4359.57
WO00695,V053,Brake inspection,2026-08-05T00:13:00+00:00,2026-08-08T01:13:00+00:00,High,825.84
WO00696,V033,Brake inspection,2026-09-05T14:22:00+00:00,2026-09-09T17:22:00+00:00,High,26157.7
WO00697,V061,Battery issue,2026-08-10T21:43:00+00:00,2026-08-12T06:43:00+00:00,Low,27239.07
WO00698,V066,Tyre replacement,2026-09-17T15:45:00+00:00,2026-09-20T10:45:00+00:00,Low,4075.31
WO00699,V029,Tyre replacement,2026-08-17T22:15:00+00:00,2026-08-19T18:15:00+00:00,High,2364.98
WO00700,V035,Tyre replacement,2026-08-29T17:37:00+00:00,2026-09-01T15:37:00+00:00,Medium,13638.7
WO00701,V004,Brake inspection,2026-09-07T17:47:00+00:00,2026-09-11T13:47:00+00:00,Medium,812.62
WO00702,V062,Tyre replacement,2026-09-03T15:10:00+00:00,2026-09-03T21:10:00+00:00,Medium,19575.61
WO00703,V078,Oil change,2026-09-10T13:54:00+00:00,2026-09-15T09:54:00+00:00,Low,26706.26
WO00704,V093,Cooling system,2026-09-06T05:01:00+00:00,2026-09-06T13:01:00+00:00,Medium,4437.32
WO00705,V081,Brake inspection,2026-09-08T12:39:00+00:00,2026-09-13T09:39:00+00:00,Low,18957.88
WO00706,V088,Battery issue,2026-08-10T17:53:00+00:00,2026-08-12T10:53:00+00:00,Medium,9743.11
WO00707,V005,Brake inspection,2026-08-06T21:19:00+00:00,2026-08-08T18:19:00+00:00,Medium,19039.44
WO00708,V037,Oil change,2026-08-08T23:37:00+00:00,2026-08-13T02:37:00+00:00,Medium,22077.04
WO00709,V025,Brake inspection,2026-08-13T16:51:00+00:00,2026-08-14T10:51:00+00:00,High,1749.33
WO00710,V025,Oil change,2026-08-22T07:34:00+00:00,2026-08-22T14:34:00+00:00,Medium,20930.67
WO00711,V009,Cooling system,2026-09-04T01:53:00+00:00,2026-09-05T13:53:00+00:00,Medium,17741.1
WO00712,V004,Engine service,2026-08-03T21:00:00+00:00,2026-08-06T09:00:00+00:00,High,16359.79
WO00713,V014,Tyre replacement,2026-08-02T00:57:00+00:00,2026-08-04T00:57:00+00:00,Medium,26620.1
WO00714,V073,Cooling system,2026-08-14T02:15:00+00:00,2026-08-15T08:15:00+00:00,Low,23511.67
WO00715,V022,Oil change,2026-08-20T08:29:00+00:00,2026-08-23T17:29:00+00:00,High,27007.37
WO00716,V036,Oil change,2026-09-17T11:18:00+00:00,2026-09-19T09:18:00+00:00,Medium,34248.5
WO00717,V045,Tyre replacement,2026-09-12T17:21:00+00:00,2026-09-17T04:21:00+00:00,Low,8522.51
WO00718,V021,Cooling system,2026-09-19T09:27:00+00:00,2026-09-22T18:27:00+00:00,Medium,31340.58
WO00719,V099,Electrical issue,2026-08-06T08:36:00+00:00,2026-08-08T13:36:00+00:00,Medium,1904.12
WO00720,V045,Brake inspection,2026-08-14T05:00:00+00:00,2026-08-19T01:00:00+00:00,Medium,22481.88
WO00721,V093,Brake inspection,2026-09-08T11:07:00+00:00,2026-09-10T19:07:00+00:00,High,6146.89
WO00722,V087,Cooling system,2026-08-25T13:24:00+00:00,2026-08-27T04:24:00+00:00,Medium,16804.61
WO00723,V035,Brake inspection,2026-09-01T07:50:00+00:00,2026-09-02T04:50:00+00:00,High,9656.07
WO00724,V086,Brake inspection,2026-08-22T04:05:00+00:00,2026-08-25T05:05:00+00:00,Medium,15158.72
WO00725,V003,Brake inspection,2026-09-15T10:36:00+00:00,2026-09-20T06:36:00+00:00,High,33061.59
WO00726,V004,Battery issue,2026-08-15T18:40:00+00:00,2026-08-16T08:40:00+00:00,Medium,22853.63
WO00727,V075,Electrical issue,2026-08-15T02:57:00+00:00,2026-08-15T15:57:00+00:00,Low,32815.38
WO00728,V074,Battery issue,2026-09-02T10:34:00+00:00,2026-09-05T05:34:00+00:00,Medium,8639.91
WO00729,V033,Brake inspection,2026-08-12T02:18:00+00:00,2026-08-15T23:18:00+00:00,Medium,11862.99
WO00730,V069,Electrical issue,2026-09-08T10:07:00+00:00,2026-09-12T09:07:00+00:00,Medium,6494.55
WO00731,V055,Battery issue,2026-08-12T17:02:00+00:00,2026-08-16T06:02:00+00:00,High,28919.22
WO00732,V016,Tyre replacement,2026-09-10T06:13:00+00:00,2026-09-13T00:13:00+00:00,Medium,32611.08
WO00733,V015,Electrical issue,2026-08-08T01:38:00+00:00,2026-08-08T11:38:00+00:00,Low,8347.27
WO00734,V009,Battery issue,2026-08-04T00:28:00+00:00,2026-08-07T09:28:00+00:00,Low,15758.69
WO00735,V023,Electrical issue,2026-08-26T05:04:00+00:00,2026-08-29T12:04:00+00:00,Medium,22714.73
WO00736,V059,Tyre replacement,2026-09-08T00:09:00+00:00,2026-09-11T09:09:00+00:00,Low,8334.04
WO00737,V084,Engine service,2026-08-23T13:03:00+00:00,2026-08-26T22:03:00+00:00,Medium,22726.38
WO00738,V008,Brake inspection,2026-09-22T10:39:00+00:00,2026-09-23T20:39:00+00:00,Low,5859.77
WO00739,V053,Brake inspection,2026-08-15T00:01:00+00:00,2026-08-19T00:01:00+00:00,Low,5717.76
WO00740,V029,Engine service,2026-08-30T19:11:00+00:00,2026-09-02T10:11:00+00:00,High,24802.51
WO00741,V079,Electrical issue,2026-09-06T23:33:00+00:00,2026-09-08T10:33:00+00:00,Low,17168.07
WO00742,V001,Brake inspection,2026-09-01T07:23:00+00:00,2026-09-02T03:23:00+00:00,High,23585.76
WO00743,V059,Tyre replacement,2026-09-03T03:49:00+00:00,2026-09-04T02:49:00+00:00,Medium,20882.96
WO00744,V010,Engine service,2026-09-09T17:10:00+00:00,2026-09-12T21:10:00+00:00,Low,28184.57
WO00745,V098,Oil change,2026-09-11T11:40:00+00:00,2026-09-12T01:40:00+00:00,Medium,22035.05
WO00746,V049,Electrical issue,2026-09-08T22:29:00+00:00,2026-09-09T08:29:00+00:00,High,13877.23
WO00747,V027,Cooling system,2026-09-01T17:54:00+00:00,2026-09-06T05:54:00+00:00,High,11494.75
WO00748,V043,Engine service,2026-08-23T02:47:00+00:00,2026-08-23T19:47:00+00:00,Low,27811.62
WO00749,V080,Brake inspection,2026-08-28T12:39:00+00:00,2026-09-01T15:39:00+00:00,Low,19304.08
WO00750,V090,Electrical issue,2026-09-05T08:36:00+00:00,2026-09-10T00:36:00+00:00,Medium,30675.11
WO00751,V086,Tyre replacement,2026-09-13T22:51:00+00:00,2026-09-15T03:51:00+00:00,High,12685.56
WO00752,V066,Cooling system,2026-09-15T13:44:00+00:00,2026-09-19T16:44:00+00:00,Medium,31913.88
WO00753,V049,Battery issue,2026-08-06T10:02:00+00:00,2026-08-09T07:02:00+00:00,Medium,18841.37
WO00754,V004,Tyre replacement,2026-08-19T15:05:00+00:00,2026-08-21T09:05:00+00:00,Medium,5108.93
WO00755,V021,Electrical issue,2026-09-12T18:10:00+00:00,2026-09-17T10:10:00+00:00,Medium,27561.68
WO00756,V038,Brake inspection,2026-08-15T21:17:00+00:00,2026-08-19T08:17:00+00:00,Medium,9003.86
WO00757,V047,Cooling system,2026-08-13T15:21:00+00:00,2026-08-15T15:21:00+00:00,High,32080.54
WO00758,V091,Brake inspection,2026-09-09T21:15:00+00:00,2026-09-11T14:15:00+00:00,Low,33889.93
WO00759,V090,Oil change,2026-08-16T15:06:00+00:00,2026-08-17T22:06:00+00:00,Low,26193.97
WO00760,V057,Tyre replacement,2026-09-05T22:15:00+00:00,2026-09-08T18:15:00+00:00,High,24186.67
WO00761,V034,Brake inspection,2026-08-10T00:49:00+00:00,2026-08-12T06:49:00+00:00,Low,14273.88
WO00762,V022,Battery issue,2026-09-17T16:12:00+00:00,2026-09-20T01:12:00+00:00,Low,2175.64
WO00763,V098,Brake inspection,2026-09-15T09:00:00+00:00,2026-09-18T15:00:00+00:00,High,5545.59
WO00764,V001,Brake inspection,2026-09-12T16:26:00+00:00,2026-09-13T12:26:00+00:00,High,18168.14
WO00765,V019,Cooling system,2026-09-06T08:53:00+00:00,2026-09-09T17:53:00+00:00,Medium,5848.71
WO00766,V010,Engine service,2026-08-01T06:21:00+00:00,2026-08-02T03:21:00+00:00,High,10756.96
WO00767,V059,Tyre replacement,2026-08-29T03:29:00+00:00,2026-09-01T13:29:00+00:00,High,19205.01
WO00768,V047,Brake inspection,2026-09-06T14:08:00+00:00,2026-09-09T03:08:00+00:00,High,23882.46
WO00769,V029,Oil change,2026-09-18T13:45:00+00:00,2026-09-21T00:45:00+00:00,High,28529.28
WO00770,V045,Brake inspection,2026-08-29T16:01:00+00:00,2026-08-30T10:01:00+00:00,Low,33771.51
WO00771,V082,Electrical issue,2026-09-04T04:08:00+00:00,2026-09-05T02:08:00+00:00,Low,1342.26
WO00772,V092,Electrical issue,2026-09-18T05:38:00+00:00,2026-09-20T06:38:00+00:00,High,28499.4
WO00773,V046,Battery issue,2026-09-17T05:39:00+00:00,2026-09-18T17:39:00+00:00,Medium,27212.89
WO00774,V091,Tyre replacement,2026-08-01T04:07:00+00:00,2026-08-01T15:07:00+00:00,Low,25877.69
WO00775,V096,Brake inspection,2026-08-09T19:09:00+00:00,2026-08-10T19:09:00+00:00,High,5029.92
WO00776,V016,Engine service,2026-09-18T23:47:00+00:00,2026-09-23T19:47:00+00:00,Medium,10308.27
WO00777,V046,Cooling system,2026-08-25T23:55:00+00:00,2026-08-30T20:55:00+00:00,Medium,19165.05
WO00778,V040,Electrical issue,2026-08-25T11:09:00+00:00,2026-08-30T11:09:00+00:00,Medium,6900.5
WO00779,V001,Brake inspection,2026-09-11T23:11:00+00:00,2026-09-12T05:11:00+00:00,Medium,17675.08
WO00780,V045,Electrical issue,2026-08-18T03:28:00+00:00,2026-08-23T01:28:00+00:00,Low,23235.34
WO00781,V094,Cooling system,2026-08-12T17:34:00+00:00,2026-08-14T18:34:00+00:00,High,34184.42
WO00782,V040,Engine service,2026-09-24T12:28:00+00:00,2026-09-27T11:28:00+00:00,High,5235.91
WO00783,V037,Tyre replacement,2026-09-16T16:27:00+00:00,2026-09-18T18:27:00+00:00,Low,29079.4
WO00784,V095,Oil change,2026-09-18T21:07:00+00:00,2026-09-22T06:07:00+00:00,Medium,1427.62
WO00785,V054,Battery issue,2026-09-18T23:08:00+00:00,2026-09-22T10:08:00+00:00,Low,28360.57
WO00786,V072,Oil change,2026-08-14T02:15:00+00:00,2026-08-17T22:15:00+00:00,Low,22738.43
WO00787,V055,Oil change,2026-08-30T13:33:00+00:00,2026-09-01T15:33:00+00:00,Low,33818.01
WO00788,V023,Brake inspection,2026-08-15T05:11:00+00:00,2026-08-15T16:11:00+00:00,Medium,22894.82
WO00789,V018,Tyre replacement,2026-08-18T02:49:00+00:00,2026-08-21T21:49:00+00:00,Medium,28615.55
WO00790,V035,Engine service,2026-08-22T23:44:00+00:00,2026-08-27T04:44:00+00:00,Low,28548.04
WO00791,V088,Tyre replacement,2026-09-20T06:01:00+00:00,2026-09-23T06:01:00+00:00,Low,17182.43
WO00792,V054,Battery issue,2026-08-23T11:20:00+00:00,2026-08-26T07:20:00+00:00,High,29634.97
WO00793,V054,Oil change,2026-08-27T04:26:00+00:00,2026-08-29T00:26:00+00:00,Medium,23833.87
WO00794,V037,Electrical issue,2026-08-18T21:08:00+00:00,2026-08-22T03:08:00+00:00,Low,1703.03
WO00795,V012,Tyre replacement,2026-08-16T19:43:00+00:00,2026-08-19T17:43:00+00:00,High,16552.19
WO00796,V098,Battery issue,2026-09-15T03:53:00+00:00,2026-09-18T18:53:00+00:00,Low,10105.88
WO00797,V026,Electrical issue,2026-09-10T06:12:00+00:00,2026-09-15T02:12:00+00:00,Medium,17002.13
WO00798,V014,Tyre replacement,2026-08-25T07:34:00+00:00,2026-08-28T19:34:00+00:00,High,32016.73
WO00799,V075,Brake inspection,2026-08-10T16:27:00+00:00,2026-08-11T11:27:00+00:00,Medium,34696.73
WO00800,V025,Battery issue,2026-09-18T18:11:00+00:00,2026-09-22T18:11:00+00:00,High,22490.54
WO00801,V068,Oil change,2026-08-17T15:55:00+00:00,2026-08-17T21:55:00+00:00,Medium,2517.31
WO00802,V049,Engine service,2026-08-27T22:24:00+00:00,2026-08-31T16:24:00+00:00,Low,21364.82
WO00803,V009,Engine service,2026-09-23T07:23:00+00:00,2026-09-23T16:23:00+00:00,High,15594.94
WO00804,V072,Electrical issue,2026-08-29T19:30:00+00:00,2026-09-03T12:30:00+00:00,Medium,7912.91
WO00805,V069,Engine service,2026-09-03T04:23:00+00:00,2026-09-05T23:23:00+00:00,Medium,1208.19
WO00806,V001,Electrical issue,2026-08-15T13:25:00+00:00,2026-08-19T02:25:00+00:00,High,14334.65
WO00807,V052,Tyre replacement,2026-08-06T18:23:00+00:00,2026-08-10T14:23:00+00:00,Medium,14072.22
WO00808,V017,Electrical issue,2026-09-20T06:37:00+00:00,2026-09-23T15:37:00+00:00,Low,25629.91
WO00809,V073,Engine service,2026-08-06T23:57:00+00:00,2026-08-11T06:57:00+00:00,Low,17134.91
WO00810,V009,Engine service,2026-08-16T10:36:00+00:00,2026-08-17T14:36:00+00:00,Low,20731.22
WO00811,V024,Brake inspection,2026-08-15T17:14:00+00:00,2026-08-17T20:14:00+00:00,Low,18810.36
WO00812,V081,Brake inspection,2026-08-07T06:17:00+00:00,2026-08-07T23:17:00+00:00,Low,10521.7
WO00813,V004,Oil change,2026-09-18T12:48:00+00:00,2026-09-20T10:48:00+00:00,High,13044.91
WO00814,V090,Electrical issue,2026-08-26T11:22:00+00:00,2026-08-30T06:22:00+00:00,Low,7421.43
WO00815,V074,Cooling system,2026-08-28T17:33:00+00:00,2026-08-31T12:33:00+00:00,Medium,6130.3
WO00816,V097,Tyre replacement,2026-09-03T09:37:00+00:00,2026-09-06T07:37:00+00:00,Medium,13667.88
WO00817,V091,Cooling system,2026-08-23T17:34:00+00:00,2026-08-27T11:34:00+00:00,Low,32546.04
WO00818,V067,Engine service,2026-08-08T05:06:00+00:00,2026-08-11T14:06:00+00:00,Medium,28022.72
WO00819,V014,Tyre replacement,2026-08-15T22:03:00+00:00,2026-08-19T10:03:00+00:00,High,16589.27
WO00820,V012,Engine service,2026-08-06T15:18:00+00:00,2026-08-06T19:18:00+00:00,Low,7932.41
WO00821,V082,Cooling system,2026-09-06T18:27:00+00:00,2026-09-10T17:27:00+00:00,Low,34350.78
WO00822,V013,Cooling system,2026-08-15T11:59:00+00:00,2026-08-18T23:59:00+00:00,Medium,16003.29
WO00823,V090,Engine service,2026-09-10T11:15:00+00:00,2026-09-14T15:15:00+00:00,High,3412.32
WO00824,V066,Battery issue,2026-09-03T11:28:00+00:00,2026-09-04T13:28:00+00:00,High,24792.33
WO00825,V094,Oil change,2026-08-08T19:00:00+00:00,2026-08-12T22:00:00+00:00,Medium,9710.49
WO00826,V016,Cooling system,2026-08-20T15:59:00+00:00,2026-08-23T10:59:00+00:00,High,4454.0
WO00827,V008,Battery issue,2026-09-19T05:42:00+00:00,2026-09-21T00:42:00+00:00,Low,1322.68
WO00828,V030,Brake inspection,2026-09-07T22:53:00+00:00,2026-09-11T18:53:00+00:00,High,5593.47
WO00829,V063,Oil change,2026-08-24T05:14:00+00:00,2026-08-25T05:14:00+00:00,High,835.49
WO00830,V066,Electrical issue,2026-08-31T04:07:00+00:00,2026-09-04T09:07:00+00:00,Medium,30846.44
WO00831,V086,Oil change,2026-08-29T05:52:00+00:00,2026-09-01T11:52:00+00:00,Medium,10218.91
WO00832,V093,Engine service,2026-08-28T23:16:00+00:00,2026-08-29T20:16:00+00:00,Medium,19648.91
WO00833,V038,Tyre replacement,2026-09-05T12:09:00+00:00,2026-09-08T03:09:00+00:00,Low,2735.89
WO00834,V068,Battery issue,2026-09-18T09:06:00+00:00,2026-09-20T10:06:00+00:00,High,32985.0
WO00835,V098,Battery issue,2026-08-20T11:50:00+00:00,2026-08-24T00:50:00+00:00,Low,29944.94
WO00836,V013,Battery issue,2026-08-05T01:57:00+00:00,2026-08-08T07:57:00+00:00,High,16720.67
WO00837,V100,Oil change,2026-09-09T20:59:00+00:00,2026-09-10T01:59:00+00:00,Low,32684.6
WO00838,V070,Electrical issue,2026-09-12T18:49:00+00:00,2026-09-16T06:49:00+00:00,High,28450.58
WO00839,V081,Tyre replacement,2026-08-07T13:19:00+00:00,2026-08-08T07:19:00+00:00,Medium,944.01
WO00840,V005,Cooling system,2026-09-16T14:52:00+00:00,2026-09-19T21:52:00+00:00,Medium,33511.71
WO00841,V063,Tyre replacement,2026-09-07T04:18:00+00:00,2026-09-07T09:18:00+00:00,Low,14227.8
WO00842,V094,Battery issue,2026-09-18T04:27:00+00:00,2026-09-22T08:27:00+00:00,Low,9701.24
WO00843,V018,Oil change,2026-08-20T19:26:00+00:00,2026-08-22T18:26:00+00:00,Medium,20761.86
WO00844,V004,Oil change,2026-09-18T07:59:00+00:00,2026-09-21T13:59:00+00:00,Low,32226.59
WO00845,V072,Cooling system,2026-08-07T12:45:00+00:00,2026-08-09T00:45:00+00:00,High,29378.03
WO00846,V074,Engine service,2026-09-07T23:57:00+00:00,2026-09-08T08:57:00+00:00,Medium,15704.02
WO00847,V085,Electrical issue,2026-08-02T19:33:00+00:00,2026-08-06T14:33:00+00:00,Medium,17459.01
WO00848,V063,Battery issue,2026-08-27T18:23:00+00:00,2026-08-29T22:23:00+00:00,Low,18708.15
WO00849,V060,Engine service,2026-09-13T01:33:00+00:00,2026-09-14T03:33:00+00:00,Medium,21254.98
WO00850,V018,Tyre replacement,2026-08-15T09:38:00+00:00,2026-08-17T09:38:00+00:00,Medium,14821.28
WO00851,V032,Battery issue,2026-09-15T03:12:00+00:00,2026-09-18T23:12:00+00:00,Medium,4934.28
WO00852,V081,Tyre replacement,2026-08-03T06:42:00+00:00,2026-08-08T03:42:00+00:00,High,4334.37
WO00853,V089,Tyre replacement,2026-09-06T06:39:00+00:00,2026-09-09T18:39:00+00:00,Low,19555.66
WO00854,V048,Tyre replacement,2026-09-12T02:05:00+00:00,2026-09-15T20:05:00+00:00,High,23219.74
WO00855,V064,Battery issue,2026-09-07T04:09:00+00:00,2026-09-08T04:09:00+00:00,Low,9520.38
WO00856,V011,Engine service,2026-08-06T07:26:00+00:00,2026-08-08T17:26:00+00:00,Low,22942.14
WO00857,V077,Brake inspection,2026-09-23T03:55:00+00:00,2026-09-26T06:55:00+00:00,High,30561.47
WO00858,V006,Battery issue,2026-08-23T04:42:00+00:00,2026-08-26T11:42:00+00:00,High,13390.13
WO00859,V044,Cooling system,2026-08-09T04:41:00+00:00,2026-08-12T00:41:00+00:00,High,20297.67
WO00860,V060,Battery issue,2026-08-05T15:14:00+00:00,2026-08-09T23:14:00+00:00,High,29744.09
WO00861,V100,Battery issue,2026-08-16T05:26:00+00:00,2026-08-19T05:26:00+00:00,High,14816.2
WO00862,V043,Oil change,2026-08-08T19:30:00+00:00,2026-08-12T02:30:00+00:00,Low,29142.59
WO00863,V002,Oil change,2026-08-31T01:58:00+00:00,2026-08-31T11:58:00+00:00,High,33226.42
WO00864,V044,Battery issue,2026-08-18T06:11:00+00:00,2026-08-19T19:11:00+00:00,Low,6593.28
WO00865,V067,Brake inspection,2026-09-06T08:10:00+00:00,2026-09-10T15:10:00+00:00,Low,6208.05
WO00866,V094,Brake inspection,2026-09-22T10:37:00+00:00,2026-09-26T00:37:00+00:00,High,28479.74
WO00867,V046,Oil change,2026-08-03T18:52:00+00:00,2026-08-07T20:52:00+00:00,Medium,2011.58
WO00868,V053,Tyre replacement,2026-09-02T02:23:00+00:00,2026-09-06T16:23:00+00:00,High,11300.38
WO00869,V086,Brake inspection,2026-08-04T09:31:00+00:00,2026-08-08T16:31:00+00:00,Low,19126.56
WO00870,V079,Tyre replacement,2026-09-22T02:21:00+00:00,2026-09-24T01:21:00+00:00,High,3052.95
WO00871,V039,Cooling system,2026-08-08T14:19:00+00:00,2026-08-10T01:19:00+00:00,Medium,15217.67
WO00872,V043,Brake inspection,2026-08-22T11:22:00+00:00,2026-08-27T06:22:00+00:00,Medium,13483.45
WO00873,V009,Brake inspection,2026-08-26T04:51:00+00:00,2026-08-26T22:51:00+00:00,High,2833.07
WO00874,V003,Engine service,2026-08-31T08:09:00+00:00,2026-08-31T16:09:00+00:00,High,9382.53
WO00875,V047,Oil change,2026-08-27T13:22:00+00:00,2026-08-28T16:22:00+00:00,Low,1875.27
WO00876,V009,Battery issue,2026-09-04T05:18:00+00:00,2026-09-06T16:18:00+00:00,Medium,6316.87
WO00877,V054,Electrical issue,2026-08-25T07:53:00+00:00,2026-08-26T10:53:00+00:00,Medium,18989.41
WO00878,V013,Electrical issue,2026-09-14T02:18:00+00:00,2026-09-15T09:18:00+00:00,High,34994.7
WO00879,V071,Oil change,2026-08-11T15:02:00+00:00,2026-08-13T11:02:00+00:00,Medium,30021.08
WO00880,V049,Brake inspection,2026-08-26T15:40:00+00:00,2026-08-27T16:40:00+00:00,Medium,27590.12
WO00881,V031,Battery issue,2026-08-31T22:23:00+00:00,2026-09-04T04:23:00+00:00,High,10601.43
WO00882,V024,Battery issue,2026-09-10T23:13:00+00:00,2026-09-12T18:13:00+00:00,Medium,4671.59
WO00883,V041,Brake inspection,2026-08-14T09:54:00+00:00,2026-08-15T09:54:00+00:00,High,4732.94
WO00884,V003,Battery issue,2026-09-13T18:05:00+00:00,2026-09-17T19:05:00+00:00,High,11385.74
WO00885,V027,Oil change,2026-08-28T11:37:00+00:00,2026-08-29T07:37:00+00:00,Medium,16737.39
WO00886,V051,Engine service,2026-09-16T20:59:00+00:00,2026-09-18T20:59:00+00:00,High,15848.05
WO00887,V091,Brake inspection,2026-09-11T20:33:00+00:00,2026-09-16T04:33:00+00:00,Low,1896.9
WO00888,V003,Battery issue,2026-08-07T23:58:00+00:00,2026-08-10T11:58:00+00:00,Low,21656.51
WO00889,V045,Cooling system,2026-08-30T16:58:00+00:00,2026-09-01T15:58:00+00:00,Low,26445.23
WO00890,V051,Tyre replacement,2026-08-06T20:00:00+00:00,2026-08-09T20:00:00+00:00,Low,11907.14
WO00891,V002,Electrical issue,2026-08-03T21:53:00+00:00,2026-08-05T01:53:00+00:00,High,28967.76
WO00892,V094,Electrical issue,2026-08-30T21:40:00+00:00,2026-08-31T12:40:00+00:00,Medium,12433.19
WO00893,V012,Tyre replacement,2026-09-11T07:17:00+00:00,2026-09-11T15:17:00+00:00,Low,28084.33
WO00894,V007,Battery issue,2026-09-20T16:13:00+00:00,2026-09-21T19:13:00+00:00,Low,24552.5
WO00895,V021,Engine service,2026-08-25T00:14:00+00:00,2026-08-29T17:14:00+00:00,Low,6758.87
WO00896,V029,Cooling system,2026-08-31T17:21:00+00:00,2026-09-05T01:21:00+00:00,Low,14505.77
WO00897,V003,Engine service,2026-08-03T01:35:00+00:00,2026-08-04T03:35:00+00:00,High,8149.89
WO00898,V047,Cooling system,2026-09-16T06:54:00+00:00,2026-09-19T01:54:00+00:00,Medium,7928.13
WO00899,V078,Electrical issue,2026-08-29T23:32:00+00:00,2026-09-02T10:32:00+00:00,Low,2252.05
WO00900,V089,Engine service,2026-08-06T04:06:00+00:00,2026-08-06T14:06:00+00:00,Low,26599.81
WO00901,V082,Brake inspection,2026-08-21T00:59:00+00:00,2026-08-25T09:59:00+00:00,Low,27893.25
WO00902,V032,Cooling system,2026-09-07T20:51:00+00:00,2026-09-09T18:51:00+00:00,Medium,32713.98
WO00903,V081,Engine service,2026-08-24T00:54:00+00:00,2026-08-25T00:54:00+00:00,Medium,4538.96
WO00904,V010,Brake inspection,2026-08-03T10:31:00+00:00,2026-08-05T01:31:00+00:00,High,28682.93
WO00905,V047,Electrical issue,2026-08-28T09:23:00+00:00,2026-08-29T16:23:00+00:00,Low,34376.01
WO00906,V093,Brake inspection,2026-08-22T12:40:00+00:00,2026-08-25T11:40:00+00:00,High,8701.24
WO00907,V089,Brake inspection,2026-08-01T17:34:00+00:00,2026-08-05T08:34:00+00:00,High,10807.72
WO00908,V014,Battery issue,2026-08-25T02:13:00+00:00,2026-08-28T16:13:00+00:00,High,19011.48
WO00909,V060,Brake inspection,2026-09-17T17:36:00+00:00,2026-09-21T10:36:00+00:00,Low,17875.52
WO00910,V017,Cooling system,2026-08-08T18:37:00+00:00,2026-08-12T20:37:00+00:00,Medium,14986.13
WO00911,V026,Tyre replacement,2026-08-02T12:55:00+00:00,2026-08-07T02:55:00+00:00,Medium,9121.78
WO00912,V013,Oil change,2026-09-14T21:35:00+00:00,2026-09-17T22:35:00+00:00,Medium,1019.69
WO00913,V009,Brake inspection,2026-09-23T00:02:00+00:00,2026-09-27T11:02:00+00:00,High,12104.62
WO00914,V008,Battery issue,2026-09-05T17:23:00+00:00,2026-09-09T06:23:00+00:00,Low,29308.28
WO00915,V077,Electrical issue,2026-08-29T02:44:00+00:00,2026-09-01T09:44:00+00:00,High,18196.45
WO00916,V029,Oil change,2026-08-15T12:15:00+00:00,2026-08-20T05:15:00+00:00,Low,23926.56
WO00917,V057,Oil change,2026-08-02T13:59:00+00:00,2026-08-06T10:59:00+00:00,Low,14916.45
WO00918,V088,Cooling system,2026-08-13T14:04:00+00:00,2026-08-18T07:04:00+00:00,Low,24013.94
WO00919,V050,Engine service,2026-08-24T15:32:00+00:00,2026-08-25T00:32:00+00:00,Medium,16251.73
WO00920,V031,Engine service,2026-08-15T11:48:00+00:00,2026-08-17T06:48:00+00:00,Medium,30738.92
WO00921,V038,Engine service,2026-08-07T10:16:00+00:00,2026-08-09T17:16:00+00:00,High,30334.29
WO00922,V030,Brake inspection,2026-08-07T01:54:00+00:00,2026-08-07T11:54:00+00:00,Medium,1895.41
WO00923,V068,Cooling system,2026-08-31T00:07:00+00:00,2026-09-04T04:07:00+00:00,High,17658.23
WO00924,V046,Engine service,2026-09-14T02:05:00+00:00,2026-09-15T15:05:00+00:00,High,20087.73
WO00925,V019,Engine service,2026-09-02T02:15:00+00:00,2026-09-03T13:15:00+00:00,Low,7378.64
WO00926,V018,Brake inspection,2026-08-09T20:38:00+00:00,2026-08-14T16:38:00+00:00,Low,7652.15
WO00927,V003,Oil change,2026-08-11T01:09:00+00:00,2026-08-12T20:09:00+00:00,High,19679.88
WO00928,V047,Battery issue,2026-08-25T09:00:00+00:00,2026-08-26T15:00:00+00:00,Medium,20758.95
WO00929,V069,Electrical issue,2026-09-09T13:23:00+00:00,2026-09-14T00:23:00+00:00,Low,20172.96
WO00930,V054,Cooling system,2026-08-13T22:53:00+00:00,2026-08-18T03:53:00+00:00,High,31100.15
WO00931,V037,Engine service,2026-08-16T06:29:00+00:00,2026-08-16T11:29:00+00:00,High,26247.0
WO00932,V025,Engine service,2026-08-10T21:41:00+00:00,2026-08-14T07:41:00+00:00,High,34931.93
WO00933,V065,Oil change,2026-09-19T14:54:00+00:00,2026-09-23T22:54:00+00:00,Medium,5932.24
WO00934,V013,Battery issue,2026-09-03T18:50:00+00:00,2026-09-04T16:50:00+00:00,High,25275.92
WO00935,V095,Engine service,2026-08-20T02:26:00+00:00,2026-08-21T08:26:00+00:00,Medium,17671.35
WO00936,V056,Brake inspection,2026-09-20T10:53:00+00:00,2026-09-23T06:53:00+00:00,High,26731.16
WO00937,V029,Engine service,2026-08-12T00:22:00+00:00,2026-08-14T19:22:00+00:00,Medium,10071.23
WO00938,V052,Cooling system,2026-09-03T19:38:00+00:00,2026-09-07T19:38:00+00:00,High,32533.18
WO00939,V033,Brake inspection,2026-09-17T03:42:00+00:00,2026-09-19T19:42:00+00:00,High,5441.25
WO00940,V030,Brake inspection,2026-09-09T00:47:00+00:00,2026-09-12T23:47:00+00:00,High,27862.99
WO00941,V067,Cooling system,2026-08-09T01:12:00+00:00,2026-08-14T01:12:00+00:00,High,22297.71
WO00942,V052,Engine service,2026-09-24T10:10:00+00:00,2026-09-27T05:10:00+00:00,High,23710.34
WO00943,V069,Brake inspection,2026-08-24T02:20:00+00:00,2026-08-25T07:20:00+00:00,High,20850.05
WO00944,V001,Tyre replacement,2026-08-06T21:43:00+00:00,2026-08-10T13:43:00+00:00,High,29360.38
WO00945,V023,Oil change,2026-08-12T02:58:00+00:00,2026-08-15T21:58:00+00:00,High,20610.0
WO00946,V068,Engine service,2026-08-28T08:26:00+00:00,2026-09-01T19:26:00+00:00,Low,5962.53
WO00947,V048,Tyre replacement,2026-08-29T07:40:00+00:00,2026-09-01T18:40:00+00:00,High,14799.67
WO00948,V066,Electrical issue,2026-09-23T08:17:00+00:00,2026-09-25T21:17:00+00:00,High,3679.45
WO00949,V088,Oil change,2026-09-13T06:20:00+00:00,2026-09-14T16:20:00+00:00,Low,19152.52
WO00950,V013,Cooling system,2026-09-06T19:34:00+00:00,2026-09-08T02:34:00+00:00,Low,2491.68
WO00951,V099,Battery issue,2026-09-15T06:43:00+00:00,2026-09-15T15:43:00+00:00,High,25431.84
WO00952,V014,Cooling system,2026-08-23T18:45:00+00:00,2026-08-26T16:45:00+00:00,Low,25730.07
WO00953,V004,Electrical issue,2026-09-06T21:30:00+00:00,2026-09-09T13:30:00+00:00,Low,3676.48
WO00954,V037,Battery issue,2026-09-17T08:46:00+00:00,2026-09-19T02:46:00+00:00,Medium,1824.52
WO00955,V065,Brake inspection,2026-09-16T23:28:00+00:00,2026-09-17T06:28:00+00:00,Low,29688.88
WO00956,V092,Brake inspection,2026-09-09T13:09:00+00:00,2026-09-10T23:09:00+00:00,High,4182.63
WO00957,V022,Brake inspection,2026-08-09T07:24:00+00:00,2026-08-09T22:24:00+00:00,High,23591.17
WO00958,V032,Cooling system,2026-08-16T13:28:00+00:00,2026-08-17T20:28:00+00:00,Medium,20903.93
WO00959,V069,Battery issue,2026-08-13T18:46:00+00:00,2026-08-14T16:46:00+00:00,Medium,8273.77
WO00960,V080,Engine service,2026-08-29T01:11:00+00:00,2026-09-01T04:11:00+00:00,Low,32791.19
WO00961,V059,Brake inspection,2026-09-12T16:25:00+00:00,2026-09-13T21:25:00+00:00,Low,4276.08
WO00962,V013,Brake inspection,2026-09-22T19:42:00+00:00,2026-09-27T13:42:00+00:00,Medium,7938.72
WO00963,V063,Battery issue,2026-08-18T11:54:00+00:00,2026-08-22T01:54:00+00:00,Low,20844.51
WO00964,V051,Oil change,2026-09-05T18:31:00+00:00,2026-09-07T18:31:00+00:00,Low,1586.42
WO00965,V049,Engine service,2026-09-12T10:19:00+00:00,2026-09-16T11:19:00+00:00,Medium,25093.17
WO00966,V041,Brake inspection,2026-09-14T04:25:00+00:00,2026-09-18T18:25:00+00:00,Medium,3878.31
WO00967,V082,Tyre replacement,2026-08-23T20:25:00+00:00,2026-08-25T03:25:00+00:00,Low,13406.4
WO00968,V070,Cooling system,2026-08-12T06:02:00+00:00,2026-08-15T02:02:00+00:00,High,21668.4
WO00969,V085,Tyre replacement,2026-08-12T05:43:00+00:00,2026-08-14T09:43:00+00:00,High,7797.39
WO00970,V094,Engine service,2026-09-12T09:59:00+00:00,2026-09-13T11:59:00+00:00,High,21225.31
WO00971,V010,Electrical issue,2026-09-09T21:06:00+00:00,2026-09-12T23:06:00+00:00,Medium,14287.49
WO00972,V078,Cooling system,2026-08-08T01:53:00+00:00,2026-08-09T18:53:00+00:00,Low,24980.86
WO00973,V058,Cooling system,2026-08-25T04:15:00+00:00,2026-08-27T05:15:00+00:00,Low,31695.74
WO00974,V019,Electrical issue,2026-08-16T09:47:00+00:00,2026-08-19T14:47:00+00:00,Low,5711.32
WO00975,V034,Electrical issue,2026-09-13T02:14:00+00:00,2026-09-17T20:14:00+00:00,Medium,23063.19
WO00976,V100,Electrical issue,2026-08-13T08:48:00+00:00,2026-08-15T23:48:00+00:00,Low,24290.57
WO00977,V081,Electrical issue,2026-08-30T22:43:00+00:00,2026-09-02T09:43:00+00:00,Medium,5405.8
WO00978,V006,Engine service,2026-09-03T14:49:00+00:00,2026-09-04T14:49:00+00:00,Low,34847.79
WO00979,V058,Brake inspection,2026-08-23T18:41:00+00:00,2026-08-24T17:41:00+00:00,Low,31537.69
WO00980,V013,Cooling system,2026-08-03T10:47:00+00:00,2026-08-07T16:47:00+00:00,Low,19838.47
WO00981,V064,Electrical issue,2026-08-05T15:23:00+00:00,2026-08-07T22:23:00+00:00,Medium,26369.08
WO00982,V008,Engine service,2026-08-25T22:33:00+00:00,2026-08-29T07:33:00+00:00,Low,14409.94
WO00983,V021,Brake inspection,2026-09-12T11:13:00+00:00,2026-09-15T05:13:00+00:00,Medium,11737.35
WO00984,V029,Brake inspection,2026-09-14T15:50:00+00:00,2026-09-16T00:50:00+00:00,Low,32880.23
WO00985,V061,Battery issue,2026-09-04T02:11:00+00:00,2026-09-08T23:11:00+00:00,Medium,8081.94
WO00986,V003,Cooling system,2026-08-24T16:24:00+00:00,2026-08-27T09:24:00+00:00,Low,17551.58
WO00987,V064,Tyre replacement,2026-09-03T18:02:00+00:00,2026-09-05T16:02:00+00:00,High,10991.18
WO00988,V094,Electrical issue,2026-09-10T06:16:00+00:00,2026-09-14T10:16:00+00:00,Medium,4743.32
WO00989,V005,Oil change,2026-09-23T05:25:00+00:00,2026-09-25T03:25:00+00:00,High,31106.96
WO00990,V079,Brake inspection,2026-08-24T16:54:00+00:00,2026-08-29T01:54:00+00:00,High,13523.64
WO00991,V100,Oil change,2026-08-12T08:36:00+00:00,2026-08-12T15:36:00+00:00,Medium,24022.59
WO00992,V053,Cooling system,2026-09-03T03:22:00+00:00,2026-09-07T17:22:00+00:00,Medium,3170.32
WO00993,V095,Oil change,2026-08-06T17:22:00+00:00,2026-08-09T23:22:00+00:00,Medium,24851.98
WO00994,V061,Battery issue,2026-09-02T18:01:00+00:00,2026-09-04T19:01:00+00:00,Low,14825.54
WO00995,V090,Electrical issue,2026-08-10T14:09:00+00:00,2026-08-11T12:09:00+00:00,Medium,13694.95
WO00996,V053,Battery issue,2026-08-05T05:29:00+00:00,2026-08-07T18:29:00+00:00,Medium,10667.39
WO00997,V046,Cooling system,2026-08-10T08:03:00+00:00,2026-08-12T10:03:00+00:00,Medium,32939.09
WO00998,V091,Cooling system,2026-08-20T04:15:00+00:00,2026-08-21T11:15:00+00:00,Low,18490.58
WO00999,V055,Battery issue,2026-08-23T02:30:00+00:00,2026-08-24T19:30:00+00:00,Low,11464.71
WO01000,V022,Brake inspection,2026-08-25T01:40:00+00:00,2026-08-28T03:40:00+00:00,Medium,17587.74
WO01001,V028,Oil change,2026-09-22T13:54:00+00:00,2026-09-24T06:54:00+00:00,High,3700.97
WO01002,V011,Battery issue,2026-09-05T08:08:00+00:00,2026-09-09T05:08:00+00:00,High,12579.7
WO01003,V048,Oil change,2026-08-26T04:06:00+00:00,2026-08-29T02:06:00+00:00,High,31616.51
WO01004,V091,Engine service,2026-09-11T19:41:00+00:00,2026-09-16T11:41:00+00:00,High,8745.01
WO01005,V026,Cooling system,2026-09-01T11:00:00+00:00,2026-09-04T14:00:00+00:00,Low,6271.15
WO01006,V048,Brake inspection,2026-08-29T04:52:00+00:00,2026-08-30T05:52:00+00:00,Medium,9688.93
WO01007,V012,Engine service,2026-09-16T00:31:00+00:00,2026-09-19T18:31:00+00:00,Low,1522.85
WO01008,V021,Engine service,2026-09-11T03:26:00+00:00,2026-09-14T16:26:00+00:00,Medium,19997.32
WO01009,V035,Engine service,2026-08-19T19:45:00+00:00,2026-08-22T08:45:00+00:00,Low,14136.62
WO01010,V029,Oil change,2026-09-05T20:55:00+00:00,2026-09-07T04:55:00+00:00,High,23597.39
WO01011,V064,Oil change,2026-08-22T05:16:00+00:00,2026-08-25T01:16:00+00:00,High,11328.24
WO01012,V070,Electrical issue,2026-09-02T13:19:00+00:00,2026-09-04T07:19:00+00:00,Medium,8706.63
WO01013,V074,Electrical issue,2026-09-02T06:17:00+00:00,2026-09-05T09:17:00+00:00,Medium,19747.71
WO01014,V082,Engine service,2026-08-10T03:15:00+00:00,2026-08-14T13:15:00+00:00,Medium,34637.17
WO01015,V010,Electrical issue,2026-08-04T19:52:00+00:00,2026-08-07T14:52:00+00:00,Medium,9324.32
WO01016,V095,Battery issue,2026-08-12T15:22:00+00:00,2026-08-12T22:22:00+00:00,Medium,21695.78
WO01017,V002,Electrical issue,2026-08-12T19:50:00+00:00,2026-08-16T18:50:00+00:00,High,11836.28
WO01018,V036,Brake inspection,2026-09-02T22:43:00+00:00,2026-09-05T19:43:00+00:00,Medium,28230.58
WO01019,V091,Engine service,2026-09-13T21:55:00+00:00,2026-09-14T04:55:00+00:00,Low,13444.63
WO01020,V001,Engine service,2026-08-25T15:48:00+00:00,2026-08-25T20:48:00+00:00,Low,28786.95
WO01021,V022,Brake inspection,2026-09-18T01:45:00+00:00,2026-09-21T11:45:00+00:00,Medium,22778.37
WO01022,V089,Tyre replacement,2026-09-11T21:03:00+00:00,2026-09-12T12:03:00+00:00,Medium,12817.47
WO01023,V039,Cooling system,2026-09-04T11:48:00+00:00,2026-09-04T19:48:00+00:00,Medium,9859.29
WO01024,V074,Oil change,2026-08-17T01:25:00+00:00,2026-08-17T07:25:00+00:00,Low,3554.58
WO01025,V067,Tyre replacement,2026-08-19T03:29:00+00:00,2026-08-21T03:29:00+00:00,Medium,30450.57
WO01026,V064,Electrical issue,2026-08-24T22:00:00+00:00,2026-08-25T07:00:00+00:00,High,10901.04
WO01027,V050,Electrical issue,2026-09-18T11:30:00+00:00,2026-09-21T07:30:00+00:00,Medium,33477.04
WO01028,V071,Tyre replacement,2026-08-22T19:25:00+00:00,2026-08-25T06:25:00+00:00,High,6360.16
WO01029,V059,Battery issue,2026-08-13T12:59:00+00:00,2026-08-17T16:59:00+00:00,Low,30781.21
WO01030,V043,Electrical issue,2026-08-26T04:19:00+00:00,2026-08-29T19:19:00+00:00,Medium,33698.2
WO01031,V006,Electrical issue,2026-08-31T02:30:00+00:00,2026-08-31T23:30:00+00:00,Low,21720.33
WO01032,V018,Brake inspection,2026-09-12T02:44:00+00:00,2026-09-12T09:44:00+00:00,High,8880.14
WO01033,V064,Cooling system,2026-09-18T08:55:00+00:00,2026-09-20T23:55:00+00:00,Medium,16502.51
WO01034,V086,Battery issue,2026-08-27T07:29:00+00:00,2026-08-28T23:29:00+00:00,Low,14595.07
WO01035,V025,Oil change,2026-09-20T21:59:00+00:00,2026-09-23T04:59:00+00:00,Medium,12510.1
WO01036,V045,Oil change,2026-09-05T15:01:00+00:00,2026-09-10T04:01:00+00:00,Medium,34266.91
WO01037,V046,Tyre replacement,2026-08-11T04:36:00+00:00,2026-08-11T15:36:00+00:00,High,13421.36
WO01038,V027,Cooling system,2026-08-13T08:37:00+00:00,2026-08-14T23:37:00+00:00,High,29252.7
WO01039,V010,Battery issue,2026-08-28T02:25:00+00:00,2026-08-30T14:25:00+00:00,Medium,34515.12
WO01040,V047,Battery issue,2026-08-14T15:39:00+00:00,2026-08-18T15:39:00+00:00,Low,22141.52
WO01041,V056,Cooling system,2026-08-08T15:27:00+00:00,2026-08-12T03:27:00+00:00,Medium,9707.98
WO01042,V002,Cooling system,2026-09-21T18:41:00+00:00,2026-09-25T09:41:00+00:00,High,33250.23
WO01043,V070,Brake inspection,2026-08-08T18:33:00+00:00,2026-08-11T17:33:00+00:00,Medium,16056.95
WO01044,V024,Electrical issue,2026-09-10T10:17:00+00:00,2026-09-12T01:17:00+00:00,High,8211.11
WO01045,V064,Cooling system,2026-08-24T01:23:00+00:00,2026-08-25T21:23:00+00:00,High,30442.65
WO01046,V059,Oil change,2026-09-21T20:06:00+00:00,2026-09-25T21:06:00+00:00,Low,5538.19
WO01047,V006,Tyre replacement,2026-09-16T18:37:00+00:00,2026-09-17T09:37:00+00:00,High,24752.27
WO01048,V084,Electrical issue,2026-08-19T03:04:00+00:00,2026-08-20T22:04:00+00:00,High,8917.34
WO01049,V081,Battery issue,2026-09-18T06:50:00+00:00,2026-09-20T08:50:00+00:00,Medium,30320.37
WO01050,V048,Electrical issue,2026-08-05T14:52:00+00:00,2026-08-08T23:52:00+00:00,Low,26496.46
WO01051,V076,Cooling system,2026-09-19T02:24:00+00:00,2026-09-21T10:24:00+00:00,Medium,23849.0
WO01052,V068,Oil change,2026-09-05T18:06:00+00:00,2026-09-09T13:06:00+00:00,High,15294.56
WO01053,V085,Cooling system,2026-09-01T17:22:00+00:00,2026-09-05T17:22:00+00:00,Low,1150.22
WO01054,V061,Brake inspection,2026-09-01T01:09:00+00:00,2026-09-03T09:09:00+00:00,Low,14829.84
WO01055,V037,Oil change,2026-09-24T20:05:00+00:00,2026-09-27T03:05:00+00:00,Medium,2755.06
WO01056,V016,Cooling system,2026-08-25T19:37:00+00:00,2026-08-27T23:37:00+00:00,Medium,34583.77
WO01057,V094,Engine service,2026-09-09T12:09:00+00:00,2026-09-14T07:09:00+00:00,Low,20152.41
WO01058,V039,Engine service,2026-09-03T19:50:00+00:00,2026-09-05T13:50:00+00:00,High,10332.59
WO01059,V043,Electrical issue,2026-09-07T19:11:00+00:00,2026-09-10T22:11:00+00:00,High,28371.12
WO01060,V085,Oil change,2026-08-08T22:24:00+00:00,2026-08-10T17:24:00+00:00,Low,18135.92
WO01061,V072,Oil change,2026-08-12T08:15:00+00:00,2026-08-14T17:15:00+00:00,Low,6549.56
WO01062,V050,Engine service,2026-09-02T08:02:00+00:00,2026-09-03T14:02:00+00:00,High,5270.12
WO01063,V022,Electrical issue,2026-09-13T18:29:00+00:00,2026-09-17T10:29:00+00:00,Low,2582.12
WO01064,V041,Cooling system,2026-08-16T19:33:00+00:00,2026-08-19T08:33:00+00:00,Low,34186.28
WO01065,V083,Electrical issue,2026-08-08T22:42:00+00:00,2026-08-11T13:42:00+00:00,Medium,34714.86
WO01066,V013,Brake inspection,2026-08-28T02:05:00+00:00,2026-08-28T09:05:00+00:00,High,34242.12
WO01067,V035,Engine service,2026-08-23T03:22:00+00:00,2026-08-27T18:22:00+00:00,High,25234.17
WO01068,V053,Engine service,2026-08-31T03:42:00+00:00,2026-09-02T09:42:00+00:00,Medium,20060.81
WO01069,V031,Tyre replacement,2026-08-09T02:21:00+00:00,2026-08-09T17:21:00+00:00,Medium,23249.98
WO01070,V082,Tyre replacement,2026-09-22T06:37:00+00:00,2026-09-25T02:37:00+00:00,High,14560.5
WO01071,V026,Brake inspection,2026-09-18T05:59:00+00:00,2026-09-22T21:59:00+00:00,Medium,3794.34
WO01072,V012,Oil change,2026-09-13T22:44:00+00:00,2026-09-14T09:44:00+00:00,High,32017.79
WO01073,V099,Electrical issue,2026-08-02T08:58:00+00:00,2026-08-05T15:58:00+00:00,Medium,3672.38
WO01074,V053,Engine service,2026-09-08T09:22:00+00:00,2026-09-08T16:22:00+00:00,Medium,2162.93
WO01075,V024,Electrical issue,2026-09-15T16:17:00+00:00,2026-09-17T13:17:00+00:00,Medium,32102.41
WO01076,V033,Battery issue,2026-08-24T19:12:00+00:00,2026-08-24T23:12:00+00:00,Medium,1665.82
WO01077,V024,Cooling system,2026-08-19T16:53:00+00:00,2026-08-19T23:53:00+00:00,Medium,6512.17
WO01078,V050,Engine service,2026-08-29T00:38:00+00:00,2026-09-01T04:38:00+00:00,Low,24825.08
WO01079,V088,Cooling system,2026-09-13T13:20:00+00:00,2026-09-14T14:20:00+00:00,Medium,24768.12
WO01080,V080,Engine service,2026-09-17T14:05:00+00:00,2026-09-20T14:05:00+00:00,Medium,1426.45
WO01081,V076,Tyre replacement,2026-08-22T10:58:00+00:00,2026-08-23T23:58:00+00:00,Medium,5345.9
WO01082,V041,Tyre replacement,2026-08-26T22:16:00+00:00,2026-08-27T11:16:00+00:00,Medium,29014.22
WO01083,V094,Tyre replacement,2026-08-18T12:07:00+00:00,2026-08-23T03:07:00+00:00,High,15701.14
WO01084,V061,Battery issue,2026-08-06T00:22:00+00:00,2026-08-10T12:22:00+00:00,Low,3940.15
WO01085,V034,Oil change,2026-09-08T03:44:00+00:00,2026-09-11T06:44:00+00:00,High,17771.67
WO01086,V082,Brake inspection,2026-09-16T17:43:00+00:00,2026-09-21T11:43:00+00:00,High,11397.35
WO01087,V004,Electrical issue,2026-09-08T03:06:00+00:00,2026-09-10T17:06:00+00:00,Medium,6083.4
WO01088,V098,Electrical issue,2026-09-13T01:30:00+00:00,2026-09-15T05:30:00+00:00,High,21554.25
WO01089,V040,Tyre replacement,2026-08-17T20:27:00+00:00,2026-08-21T18:27:00+00:00,Low,14366.12
WO01090,V081,Battery issue,2026-08-30T07:31:00+00:00,2026-09-04T00:31:00+00:00,Medium,27223.38
WO01091,V052,Battery issue,2026-09-03T08:56:00+00:00,2026-09-06T08:56:00+00:00,Medium,25009.71
WO01092,V078,Brake inspection,2026-08-20T05:55:00+00:00,2026-08-23T10:55:00+00:00,High,12921.28
WO01093,V072,Battery issue,2026-09-07T06:20:00+00:00,2026-09-09T05:20:00+00:00,Low,12913.63
WO01094,V072,Engine service,2026-09-12T17:51:00+00:00,2026-09-14T03:51:00+00:00,Low,30393.58
WO01095,V072,Engine service,2026-09-05T15:48:00+00:00,2026-09-06T05:48:00+00:00,Medium,3765.96
WO01096,V012,Cooling system,2026-08-13T03:07:00+00:00,2026-08-14T10:07:00+00:00,Medium,2753.37
WO01097,V069,Tyre replacement,2026-09-04T19:31:00+00:00,2026-09-07T19:31:00+00:00,Low,18162.38
WO01098,V081,Engine service,2026-09-08T19:34:00+00:00,2026-09-10T08:34:00+00:00,Medium,20097.81
WO01099,V061,Tyre replacement,2026-09-16T06:07:00+00:00,2026-09-21T03:07:00+00:00,Medium,34172.63
WO01100,V078,Oil change,2026-08-17T11:06:00+00:00,2026-08-20T03:06:00+00:00,High,10844.55
WO01101,V054,Engine service,2026-08-19T23:08:00+00:00,2026-08-23T23:08:00+00:00,High,7887.29
WO01102,V052,Brake inspection,2026-08-15T22:55:00+00:00,2026-08-19T10:55:00+00:00,Low,24437.46
WO01103,V086,Cooling system,2026-08-13T04:05:00+00:00,2026-08-14T23:05:00+00:00,High,5218.51
WO01104,V048,Brake inspection,2026-08-17T22:12:00+00:00,2026-08-22T15:12:00+00:00,High,31742.89
WO01105,V064,Battery issue,2026-09-24T20:07:00+00:00,2026-09-29T14:07:00+00:00,Medium,2479.76
WO01106,V006,Tyre replacement,2026-09-18T21:10:00+00:00,2026-09-20T11:10:00+00:00,Medium,30335.36
WO01107,V037,Cooling system,2026-08-09T02:40:00+00:00,2026-08-12T18:40:00+00:00,Medium,2517.07
WO01108,V027,Brake inspection,2026-08-20T18:48:00+00:00,2026-08-22T11:48:00+00:00,High,34968.64
WO01109,V074,Electrical issue,2026-09-11T08:55:00+00:00,2026-09-13T07:55:00+00:00,Medium,13215.51
WO01110,V005,Oil change,2026-09-16T08:43:00+00:00,2026-09-19T12:43:00+00:00,Medium,12443.01
WO01111,V041,Brake inspection,2026-08-15T08:28:00+00:00,2026-08-17T23:28:00+00:00,Medium,34093.59
WO01112,V029,Engine service,2026-09-02T05:54:00+00:00,2026-09-03T22:54:00+00:00,High,22158.7
WO01113,V089,Engine service,2026-09-11T20:59:00+00:00,2026-09-13T02:59:00+00:00,Medium,19052.06
WO01114,V067,Engine service,2026-08-20T01:47:00+00:00,2026-08-23T02:47:00+00:00,High,34904.25
WO01115,V039,Engine service,2026-09-19T02:14:00+00:00,2026-09-20T11:14:00+00:00,High,31980.36
WO01116,V030,Cooling system,2026-09-17T12:51:00+00:00,2026-09-19T12:51:00+00:00,High,21962.56
WO01117,V008,Oil change,2026-09-23T10:15:00+00:00,2026-09-25T09:15:00+00:00,High,32379.44
WO01118,V025,Battery issue,2026-09-14T09:50:00+00:00,2026-09-19T02:50:00+00:00,High,9840.54
WO01119,V053,Oil change,2026-09-05T13:43:00+00:00,2026-09-08T21:43:00+00:00,Medium,28666.88
WO01120,V091,Cooling system,2026-09-05T06:31:00+00:00,2026-09-07T13:31:00+00:00,Medium,2355.27
WO01121,V004,Oil change,2026-08-09T20:47:00+00:00,2026-08-13T13:47:00+00:00,Medium,1757.36
WO01122,V046,Electrical issue,2026-08-29T06:53:00+00:00,2026-08-31T20:53:00+00:00,Low,15454.54
WO01123,V092,Battery issue,2026-08-28T05:17:00+00:00,2026-08-30T05:17:00+00:00,Medium,1666.71
WO01124,V082,Tyre replacement,2026-08-07T03:54:00+00:00,2026-08-10T10:54:00+00:00,Medium,11619.47
WO01125,V033,Tyre replacement,2026-09-10T01:48:00+00:00,2026-09-11T13:48:00+00:00,Low,33546.9
WO01126,V035,Cooling system,2026-08-11T16:14:00+00:00,2026-08-14T16:14:00+00:00,Medium,24156.67
WO01127,V095,Cooling system,2026-08-01T21:15:00+00:00,2026-08-04T00:15:00+00:00,Medium,9605.4
WO01128,V045,Tyre replacement,2026-08-07T14:55:00+00:00,2026-08-10T01:55:00+00:00,Medium,17838.37
WO01129,V078,Brake inspection,2026-08-04T01:12:00+00:00,2026-08-05T18:12:00+00:00,Medium,21972.0
WO01130,V071,Oil change,2026-09-23T23:21:00+00:00,2026-09-27T00:21:00+00:00,High,13415.19
WO01131,V010,Tyre replacement,2026-08-22T14:56:00+00:00,2026-08-27T10:56:00+00:00,Low,11388.4
WO01132,V064,Brake inspection,2026-08-08T09:46:00+00:00,2026-08-08T20:46:00+00:00,Medium,15060.75
WO01133,V096,Battery issue,2026-08-22T16:45:00+00:00,2026-08-25T13:45:00+00:00,High,5227.98
WO01134,V019,Cooling system,2026-09-18T07:39:00+00:00,2026-09-18T21:39:00+00:00,Low,14839.33
WO01135,V022,Cooling system,2026-08-28T03:51:00+00:00,2026-08-29T10:51:00+00:00,Low,30421.21
WO01136,V009,Electrical issue,2026-09-11T11:20:00+00:00,2026-09-14T05:20:00+00:00,Medium,6870.72
WO01137,V056,Electrical issue,2026-08-23T20:59:00+00:00,2026-08-26T08:59:00+00:00,High,1266.02
WO01138,V011,Engine service,2026-09-21T20:56:00+00:00,2026-09-25T17:56:00+00:00,Low,8724.37
WO01139,V033,Tyre replacement,2026-08-28T03:08:00+00:00,2026-08-31T23:08:00+00:00,Low,2426.49
WO01140,V070,Brake inspection,2026-08-28T18:01:00+00:00,2026-09-01T08:01:00+00:00,Medium,2668.53
WO01141,V053,Brake inspection,2026-08-20T08:06:00+00:00,2026-08-22T23:06:00+00:00,Low,7163.94
WO01142,V046,Oil change,2026-08-12T06:37:00+00:00,2026-08-14T01:37:00+00:00,Low,6001.31
WO01143,V088,Cooling system,2026-08-08T10:49:00+00:00,2026-08-12T02:49:00+00:00,Low,31164.82
WO01144,V074,Tyre replacement,2026-09-02T11:54:00+00:00,2026-09-06T15:54:00+00:00,Medium,28426.39
WO01145,V092,Oil change,2026-08-15T02:47:00+00:00,2026-08-19T20:47:00+00:00,Low,9358.95
WO01146,V030,Battery issue,2026-09-24T07:12:00+00:00,2026-09-27T20:12:00+00:00,Low,29079.9
WO01147,V029,Electrical issue,2026-08-15T13:34:00+00:00,2026-08-19T20:34:00+00:00,Medium,31081.73
WO01148,V054,Engine service,2026-09-10T04:34:00+00:00,2026-09-11T12:34:00+00:00,High,23394.9
WO01149,V100,Battery issue,2026-08-13T04:22:00+00:00,2026-08-17T21:22:00+00:00,Medium,13365.46
WO01150,V069,Cooling system,2026-09-10T00:13:00+00:00,2026-09-11T17:13:00+00:00,Medium,13117.69
WO01151,V098,Brake inspection,2026-08-06T00:03:00+00:00,2026-08-07T13:03:00+00:00,Low,2020.46
WO01152,V099,Battery issue,2026-09-21T00:08:00+00:00,2026-09-25T09:08:00+00:00,High,2358.71
WO01153,V055,Electrical issue,2026-08-25T11:07:00+00:00,2026-08-28T18:07:00+00:00,Medium,13929.95
WO01154,V052,Engine service,2026-08-16T09:53:00+00:00,2026-08-18T13:53:00+00:00,High,3949.53
WO01155,V014,Battery issue,2026-08-22T18:04:00+00:00,2026-08-27T11:04:00+00:00,Medium,16561.42
WO01156,V082,Battery issue,2026-08-27T02:56:00+00:00,2026-08-30T23:56:00+00:00,Low,21282.47
WO01157,V015,Engine service,2026-09-15T11:36:00+00:00,2026-09-19T01:36:00+00:00,High,18294.37
WO01158,V032,Cooling system,2026-08-21T11:20:00+00:00,2026-08-25T22:20:00+00:00,Low,30035.65
WO01159,V100,Brake inspection,2026-08-28T14:17:00+00:00,2026-08-29T04:17:00+00:00,Low,1064.47
WO01160,V024,Battery issue,2026-09-16T22:50:00+00:00,2026-09-21T05:50:00+00:00,Medium,32481.97
WO01161,V018,Brake inspection,2026-09-12T12:55:00+00:00,2026-09-17T09:55:00+00:00,High,7247.73
WO01162,V056,Battery issue,2026-09-09T08:10:00+00:00,2026-09-10T13:10:00+00:00,High,33846.98
WO01163,V032,Engine service,2026-08-16T20:38:00+00:00,2026-08-21T04:38:00+00:00,Low,24718.25
WO01164,V036,Tyre replacement,2026-08-11T15:25:00+00:00,2026-08-16T02:25:00+00:00,Low,16787.17
WO01165,V048,Brake inspection,2026-08-08T16:19:00+00:00,2026-08-09T22:19:00+00:00,Medium,11231.29
WO01166,V012,Cooling system,2026-08-02T06:34:00+00:00,2026-08-02T14:34:00+00:00,High,25390.49
WO01167,V016,Tyre replacement,2026-08-12T07:45:00+00:00,2026-08-16T11:45:00+00:00,High,29233.94
WO01168,V054,Tyre replacement,2026-09-11T04:43:00+00:00,2026-09-16T01:43:00+00:00,Medium,26465.27
WO01169,V045,Tyre replacement,2026-09-20T07:36:00+00:00,2026-09-24T20:36:00+00:00,Low,16381.86
WO01170,V090,Electrical issue,2026-09-22T05:34:00+00:00,2026-09-25T10:34:00+00:00,Low,25254.39
WO01171,V082,Oil change,2026-09-13T16:11:00+00:00,2026-09-13T20:11:00+00:00,Low,1197.09
WO01172,V044,Electrical issue,2026-09-07T20:03:00+00:00,2026-09-08T20:03:00+00:00,High,17152.09
WO01173,V031,Engine service,2026-08-19T19:35:00+00:00,2026-08-20T19:35:00+00:00,Low,27102.8
WO01174,V004,Engine service,2026-09-03T00:52:00+00:00,2026-09-03T10:52:00+00:00,Medium,1188.18
WO01175,V044,Oil change,2026-08-13T06:16:00+00:00,2026-08-18T02:16:00+00:00,High,14697.53
WO01176,V072,Electrical issue,2026-09-17T16:07:00+00:00,2026-09-22T07:07:00+00:00,High,11442.41
WO01177,V094,Oil change,2026-09-12T20:33:00+00:00,2026-09-14T20:33:00+00:00,Low,1609.92
WO01178,V052,Brake inspection,2026-09-24T00:09:00+00:00,2026-09-25T19:09:00+00:00,Low,4617.79
WO01179,V070,Oil change,2026-09-13T13:03:00+00:00,2026-09-17T18:03:00+00:00,High,9840.4
WO01180,V073,Engine service,2026-09-18T05:34:00+00:00,2026-09-21T04:34:00+00:00,Medium,14495.17
WO01181,V035,Engine service,2026-08-11T12:31:00+00:00,2026-08-13T00:31:00+00:00,High,34438.18
WO01182,V027,Tyre replacement,2026-09-01T01:12:00+00:00,2026-09-01T23:12:00+00:00,Low,2321.63
WO01183,V089,Tyre replacement,2026-08-29T16:19:00+00:00,2026-09-01T18:19:00+00:00,Medium,15593.0
WO01184,V003,Tyre replacement,2026-08-21T19:18:00+00:00,2026-08-24T08:18:00+00:00,Medium,31995.8
WO01185,V085,Brake inspection,2026-08-13T16:23:00+00:00,2026-08-14T19:23:00+00:00,Low,23306.72
WO01186,V098,Battery issue,2026-08-18T00:23:00+00:00,2026-08-20T11:23:00+00:00,High,2197.07
WO01187,V023,Cooling system,2026-09-04T06:35:00+00:00,2026-09-05T20:35:00+00:00,Low,5736.0
WO01188,V009,Electrical issue,2026-08-31T04:13:00+00:00,2026-09-02T01:13:00+00:00,Low,12163.49
WO01189,V085,Cooling system,2026-08-13T23:04:00+00:00,2026-08-16T09:04:00+00:00,High,11516.45
WO01190,V040,Cooling system,2026-08-25T02:17:00+00:00,2026-08-29T07:17:00+00:00,Low,26419.98
WO01191,V100,Electrical issue,2026-08-27T18:20:00+00:00,2026-09-01T15:20:00+00:00,High,16466.84
WO01192,V015,Battery issue,2026-09-01T17:50:00+00:00,2026-09-02T01:50:00+00:00,Low,32709.41
WO01193,V062,Oil change,2026-08-10T23:30:00+00:00,2026-08-15T18:30:00+00:00,High,28952.34
WO01194,V084,Cooling system,2026-09-08T02:20:00+00:00,2026-09-09T00:20:00+00:00,Medium,34877.57
WO01195,V007,Electrical issue,2026-09-19T06:25:00+00:00,2026-09-19T22:25:00+00:00,High,25365.47
WO01196,V082,Cooling system,2026-08-03T18:22:00+00:00,2026-08-07T01:22:00+00:00,Low,30130.97
WO01197,V064,Brake inspection,2026-09-24T08:13:00+00:00,2026-09-27T19:13:00+00:00,High,23216.33
WO01198,V088,Tyre replacement,2026-09-03T02:24:00+00:00,2026-09-06T01:24:00+00:00,Low,921.79
WO01199,V073,Oil change,2026-08-29T04:47:00+00:00,2026-09-02T23:47:00+00:00,High,34749.48
WO01200,V086,Oil change,2026-09-10T21:06:00+00:00,2026-09-14T04:06:00+00:00,Medium,18958.5
WO01201,V013,Tyre replacement,2026-08-07T20:47:00+00:00,2026-08-08T21:47:00+00:00,Medium,23376.3
WO01202,V077,Battery issue,2026-08-04T19:27:00+00:00,2026-08-09T00:27:00+00:00,High,14325.26
WO01203,V025,Cooling system,2026-08-05T03:17:00+00:00,2026-08-07T17:17:00+00:00,Low,1589.73
WO01204,V061,Tyre replacement,2026-08-02T08:58:00+00:00,2026-08-07T02:58:00+00:00,High,2374.92
WO01205,V072,Battery issue,2026-09-14T21:52:00+00:00,2026-09-17T09:52:00+00:00,Medium,8011.91
WO01206,V017,Electrical issue,2026-09-22T00:17:00+00:00,2026-09-23T03:17:00+00:00,Low,34381.25
WO01207,V071,Engine service,2026-09-13T15:07:00+00:00,2026-09-16T20:07:00+00:00,Medium,25927.62
WO01208,V010,Cooling system,2026-08-18T06:35:00+00:00,2026-08-20T20:35:00+00:00,High,17390.12
WO01209,V004,Oil change,2026-08-06T12:33:00+00:00,2026-08-07T17:33:00+00:00,Medium,7963.53
WO01210,V033,Engine service,2026-08-04T21:01:00+00:00,2026-08-06T21:01:00+00:00,High,23411.75
WO01211,V040,Engine service,2026-09-16T00:58:00+00:00,2026-09-17T05:58:00+00:00,High,10678.19
WO01212,V087,Oil change,2026-08-06T22:15:00+00:00,2026-08-10T14:15:00+00:00,High,2614.02
WO01213,V034,Tyre replacement,2026-08-11T08:08:00+00:00,2026-08-14T17:08:00+00:00,High,21638.87
WO01214,V065,Engine service,2026-09-20T01:49:00+00:00,2026-09-23T03:49:00+00:00,High,2400.58
WO01215,V059,Battery issue,2026-08-03T03:26:00+00:00,2026-08-07T03:26:00+00:00,Low,3581.17
WO01216,V034,Oil change,2026-08-13T13:14:00+00:00,2026-08-13T19:14:00+00:00,Medium,25980.83
WO01217,V038,Engine service,2026-08-21T08:49:00+00:00,2026-08-24T18:49:00+00:00,Medium,32945.99
WO01218,V064,Brake inspection,2026-08-28T12:33:00+00:00,2026-08-31T21:33:00+00:00,Low,23874.38
WO01219,V062,Tyre replacement,2026-08-06T15:40:00+00:00,2026-08-10T05:40:00+00:00,High,25086.26
WO01220,V058,Brake inspection,2026-09-19T08:16:00+00:00,2026-09-21T13:16:00+00:00,Medium,819.3
WO01221,V024,Electrical issue,2026-09-08T20:35:00+00:00,2026-09-11T17:35:00+00:00,Medium,26274.51
WO01222,V001,Oil change,2026-08-13T23:19:00+00:00,2026-08-14T12:19:00+00:00,Low,32018.45
WO01223,V009,Electrical issue,2026-08-01T09:10:00+00:00,2026-08-02T03:10:00+00:00,Medium,11067.85
WO01224,V074,Oil change,2026-08-28T18:46:00+00:00,2026-08-31T01:46:00+00:00,High,23793.12
WO01225,V056,Engine service,2026-08-22T04:21:00+00:00,2026-08-24T08:21:00+00:00,Low,6036.21
WO01226,V076,Electrical issue,2026-09-05T05:23:00+00:00,2026-09-06T19:23:00+00:00,High,15716.76
WO01227,V047,Battery issue,2026-08-04T09:53:00+00:00,2026-08-05T08:53:00+00:00,Low,12485.46
WO01228,V015,Battery issue,2026-08-01T15:35:00+00:00,2026-08-01T19:35:00+00:00,High,3922.17
WO01229,V078,Cooling system,2026-09-19T06:05:00+00:00,2026-09-19T13:05:00+00:00,Low,26821.86
WO01230,V012,Engine service,2026-08-22T16:22:00+00:00,2026-08-25T19:22:00+00:00,Low,34487.86
WO01231,V036,Tyre replacement,2026-08-14T19:36:00+00:00,2026-08-18T20:36:00+00:00,Medium,11178.43
WO01232,V001,Tyre replacement,2026-09-03T14:50:00+00:00,2026-09-07T23:50:00+00:00,Low,33377.01
WO01233,V044,Electrical issue,2026-08-22T03:04:00+00:00,2026-08-26T03:04:00+00:00,Low,27628.19
WO01234,V021,Battery issue,2026-09-12T17:28:00+00:00,2026-09-14T14:28:00+00:00,Low,1333.27
WO01235,V032,Tyre replacement,2026-09-07T10:20:00+00:00,2026-09-10T18:20:00+00:00,Low,24765.94
WO01236,V029,Oil change,2026-09-10T07:28:00+00:00,2026-09-14T18:28:00+00:00,Medium,7914.85
WO01237,V047,Brake inspection,2026-09-02T21:52:00+00:00,2026-09-05T17:52:00+00:00,Medium,15533.59
WO01238,V045,Battery issue,2026-08-28T23:48:00+00:00,2026-08-31T04:48:00+00:00,High,9964.49
WO01239,V077,Tyre replacement,2026-09-17T22:31:00+00:00,2026-09-19T13:31:00+00:00,High,32177.09
WO01240,V047,Oil change,2026-08-07T12:03:00+00:00,2026-08-07T16:03:00+00:00,Low,31868.38
WO01241,V014,Brake inspection,2026-09-02T12:31:00+00:00,2026-09-05T09:31:00+00:00,High,5457.15
WO01242,V015,Tyre replacement,2026-08-18T13:23:00+00:00,2026-08-23T10:23:00+00:00,Low,26348.95
WO01243,V046,Electrical issue,2026-08-22T15:20:00+00:00,2026-08-25T12:20:00+00:00,Low,23013.45
WO01244,V092,Tyre replacement,2026-08-26T23:12:00+00:00,2026-08-27T13:12:00+00:00,Medium,16842.37
WO01245,V020,Oil change,2026-09-08T07:39:00+00:00,2026-09-08T21:39:00+00:00,Low,4688.42
WO01246,V008,Oil change,2026-09-19T12:08:00+00:00,2026-09-22T14:08:00+00:00,High,12711.12
WO01247,V072,Brake inspection,2026-08-22T08:15:00+00:00,2026-08-23T10:15:00+00:00,Medium,1066.75
WO01248,V069,Battery issue,2026-09-18T15:34:00+00:00,2026-09-23T04:34:00+00:00,Low,25553.95
WO01249,V079,Oil change,2026-09-23T19:17:00+00:00,2026-09-27T22:17:00+00:00,High,3881.23
WO01250,V084,Battery issue,2026-09-04T09:18:00+00:00,2026-09-05T17:18:00+00:00,High,16867.26
WO01251,V057,Tyre replacement,2026-08-17T14:21:00+00:00,2026-08-19T18:21:00+00:00,Medium,21362.98
WO01252,V063,Cooling system,2026-08-01T10:14:00+00:00,2026-08-04T16:14:00+00:00,High,6549.12
WO01253,V005,Oil change,2026-09-22T15:13:00+00:00,2026-09-23T06:13:00+00:00,Low,17470.31
WO01254,V016,Battery issue,2026-09-17T00:26:00+00:00,2026-09-19T12:26:00+00:00,High,28579.54
WO01255,V068,Brake inspection,2026-08-27T14:01:00+00:00,2026-09-01T14:01:00+00:00,High,28397.62
WO01256,V029,Battery issue,2026-09-19T11:09:00+00:00,2026-09-24T00:09:00+00:00,Medium,20474.0
WO01257,V085,Battery issue,2026-09-18T23:37:00+00:00,2026-09-23T11:37:00+00:00,High,32949.96
WO01258,V009,Tyre replacement,2026-09-22T11:43:00+00:00,2026-09-23T12:43:00+00:00,Medium,15910.05
WO01259,V053,Oil change,2026-08-21T22:24:00+00:00,2026-08-25T12:24:00+00:00,Low,26120.73
WO01260,V046,Brake inspection,2026-08-04T12:03:00+00:00,2026-08-07T00:03:00+00:00,Medium,22455.36
WO01261,V100,Tyre replacement,2026-08-14T20:16:00+00:00,2026-08-17T04:16:00+00:00,High,15302.25
WO01262,V068,Engine service,2026-08-18T15:36:00+00:00,2026-08-19T06:36:00+00:00,Medium,16328.76
WO01263,V026,Brake inspection,2026-08-16T18:25:00+00:00,2026-08-21T12:25:00+00:00,Medium,3136.61
WO01264,V003,Cooling system,2026-09-14T14:56:00+00:00,2026-09-17T04:56:00+00:00,High,12960.44
WO01265,V039,Cooling system,2026-08-04T21:24:00+00:00,2026-08-09T20:24:00+00:00,Low,15780.8
WO01266,V023,Cooling system,2026-08-29T22:11:00+00:00,2026-09-03T19:11:00+00:00,Medium,13237.35
WO01267,V039,Tyre replacement,2026-09-03T07:00:00+00:00,2026-09-05T08:00:00+00:00,High,2328.33
WO01268,V050,Battery issue,2026-09-18T21:00:00+00:00,2026-09-22T04:00:00+00:00,High,25396.64
WO01269,V074,Engine service,2026-08-03T08:49:00+00:00,2026-08-05T13:49:00+00:00,High,30177.12
WO01270,V001,Oil change,2026-08-01T10:24:00+00:00,2026-08-05T04:24:00+00:00,Medium,3275.65
WO01271,V071,Tyre replacement,2026-09-02T18:50:00+00:00,2026-09-05T10:50:00+00:00,High,3107.59
WO01272,V040,Tyre replacement,2026-08-30T20:04:00+00:00,2026-09-02T00:04:00+00:00,Low,1072.73
WO01273,V037,Engine service,2026-09-11T15:29:00+00:00,2026-09-12T20:29:00+00:00,Low,5354.19
WO01274,V091,Cooling system,2026-08-17T05:52:00+00:00,2026-08-17T09:52:00+00:00,High,15404.59
WO01275,V064,Brake inspection,2026-09-07T12:55:00+00:00,2026-09-11T07:55:00+00:00,Medium,3235.13
WO01276,V089,Cooling system,2026-08-31T21:29:00+00:00,2026-09-01T01:29:00+00:00,Medium,34621.26
WO01277,V008,Electrical issue,2026-09-11T02:24:00+00:00,2026-09-13T04:24:00+00:00,High,12145.98
WO01278,V095,Engine service,2026-09-24T22:30:00+00:00,2026-09-28T17:30:00+00:00,High,21999.43
WO01279,V067,Tyre replacement,2026-08-13T00:20:00+00:00,2026-08-17T09:20:00+00:00,Low,6489.02
WO01280,V065,Tyre replacement,2026-08-26T23:45:00+00:00,2026-08-27T22:45:00+00:00,Low,25207.62
WO01281,V091,Brake inspection,2026-09-11T20:28:00+00:00,2026-09-13T11:28:00+00:00,High,13219.76
WO01282,V012,Brake inspection,2026-08-28T01:28:00+00:00,2026-08-28T14:28:00+00:00,Medium,8472.6
WO01283,V056,Tyre replacement,2026-08-13T15:40:00+00:00,2026-08-14T21:40:00+00:00,High,820.99
WO01284,V017,Oil change,2026-08-15T21:23:00+00:00,2026-08-20T20:23:00+00:00,Low,14616.72
WO01285,V073,Brake inspection,2026-09-01T05:10:00+00:00,2026-09-03T06:10:00+00:00,Medium,23015.91
WO01286,V009,Engine service,2026-08-10T16:34:00+00:00,2026-08-14T13:34:00+00:00,Low,22546.2
WO01287,V028,Battery issue,2026-09-02T18:53:00+00:00,2026-09-04T01:53:00+00:00,Low,20287.81
WO01288,V070,Tyre replacement,2026-08-13T03:31:00+00:00,2026-08-14T00:31:00+00:00,Medium,3631.44
WO01289,V077,Engine service,2026-08-01T11:12:00+00:00,2026-08-02T10:12:00+00:00,Medium,33790.98
WO01290,V024,Tyre replacement,2026-08-29T15:59:00+00:00,2026-08-31T00:59:00+00:00,Low,18239.59
WO01291,V093,Tyre replacement,2026-09-22T19:15:00+00:00,2026-09-23T20:15:00+00:00,Low,29566.48
WO01292,V008,Tyre replacement,2026-09-15T03:58:00+00:00,2026-09-19T14:58:00+00:00,Low,4840.79
WO01293,V029,Tyre replacement,2026-08-02T17:52:00+00:00,2026-08-04T11:52:00+00:00,High,16157.02
WO01294,V032,Brake inspection,2026-08-12T11:24:00+00:00,2026-08-16T15:24:00+00:00,High,30028.38
WO01295,V007,Electrical issue,2026-09-21T12:53:00+00:00,2026-09-24T10:53:00+00:00,High,16449.33
WO01296,V032,Battery issue,2026-08-11T15:38:00+00:00,2026-08-16T09:38:00+00:00,Low,33236.19
WO01297,V049,Tyre replacement,2026-08-04T04:18:00+00:00,2026-08-08T06:18:00+00:00,High,12966.82
WO01298,V053,Battery issue,2026-09-07T07:19:00+00:00,2026-09-11T08:19:00+00:00,Low,20190.57
WO01299,V073,Oil change,2026-08-07T15:06:00+00:00,2026-08-08T10:06:00+00:00,Low,18444.0
WO01300,V085,Cooling system,2026-09-10T11:36:00+00:00,2026-09-10T20:36:00+00:00,High,21845.47
WO01301,V056,Battery issue,2026-09-18T05:49:00+00:00,2026-09-21T00:49:00+00:00,High,18140.65
WO01302,V052,Oil change,2026-08-29T22:11:00+00:00,2026-08-31T07:11:00+00:00,Low,11615.51
WO01303,V060,Tyre replacement,2026-09-11T15:41:00+00:00,2026-09-14T06:41:00+00:00,Medium,24997.41
WO01304,V035,Battery issue,2026-08-18T16:49:00+00:00,2026-08-21T23:49:00+00:00,High,19234.08
WO01305,V019,Electrical issue,2026-08-08T23:37:00+00:00,2026-08-13T19:37:00+00:00,Medium,25307.63
WO01306,V004,Battery issue,2026-08-27T15:37:00+00:00,2026-08-29T12:37:00+00:00,Medium,9944.37
WO01307,V074,Brake inspection,2026-08-06T01:18:00+00:00,2026-08-06T12:18:00+00:00,Medium,6448.35
WO01308,V079,Battery issue,2026-09-18T00:26:00+00:00,2026-09-21T11:26:00+00:00,High,2260.09
WO01309,V068,Electrical issue,2026-08-15T20:46:00+00:00,2026-08-19T02:46:00+00:00,Medium,24190.57
WO01310,V013,Brake inspection,2026-08-06T00:47:00+00:00,2026-08-09T07:47:00+00:00,Low,12382.68
WO01311,V084,Engine service,2026-09-23T08:44:00+00:00,2026-09-27T14:44:00+00:00,Medium,33675.64
WO01312,V071,Cooling system,2026-08-17T07:51:00+00:00,2026-08-18T16:51:00+00:00,Low,9728.75
WO01313,V080,Cooling system,2026-08-15T23:58:00+00:00,2026-08-18T08:58:00+00:00,Medium,29848.06
WO01314,V093,Battery issue,2026-08-05T16:42:00+00:00,2026-08-08T21:42:00+00:00,Medium,27658.53
WO01315,V047,Oil change,2026-08-23T11:54:00+00:00,2026-08-23T22:54:00+00:00,Medium,32953.1
WO01316,V087,Oil change,2026-09-17T08:08:00+00:00,2026-09-17T16:08:00+00:00,Medium,22343.41
WO01317,V037,Brake inspection,2026-09-11T00:26:00+00:00,2026-09-11T12:26:00+00:00,Medium,11854.7
WO01318,V027,Brake inspection,2026-09-01T06:47:00+00:00,2026-09-05T00:47:00+00:00,Low,20179.9
WO01319,V072,Brake inspection,2026-08-15T23:40:00+00:00,2026-08-16T09:40:00+00:00,Medium,19799.03
WO01320,V012,Cooling system,2026-08-20T19:27:00+00:00,2026-08-25T04:27:00+00:00,Medium,4179.13
WO01321,V045,Tyre replacement,2026-08-04T12:53:00+00:00,2026-08-05T20:53:00+00:00,Medium,19376.3
WO01322,V005,Cooling system,2026-08-19T12:17:00+00:00,2026-08-24T02:17:00+00:00,High,20052.81
WO01323,V049,Tyre replacement,2026-09-06T16:51:00+00:00,2026-09-07T11:51:00+00:00,Low,28293.98
WO01324,V022,Oil change,2026-08-26T17:38:00+00:00,2026-08-28T07:38:00+00:00,Low,20415.84
WO01325,V036,Electrical issue,2026-09-12T19:54:00+00:00,2026-09-15T21:54:00+00:00,Medium,22448.07
WO01326,V016,Brake inspection,2026-08-15T01:09:00+00:00,2026-08-17T03:09:00+00:00,Low,13344.07
WO01327,V031,Battery issue,2026-09-22T22:56:00+00:00,2026-09-26T07:56:00+00:00,High,915.21
WO01328,V073,Brake inspection,2026-09-01T04:29:00+00:00,2026-09-05T04:29:00+00:00,Medium,1251.59
WO01329,V083,Cooling system,2026-08-30T16:24:00+00:00,2026-09-04T11:24:00+00:00,Low,20221.68
WO01330,V073,Engine service,2026-09-09T08:11:00+00:00,2026-09-14T02:11:00+00:00,Medium,20186.34
WO01331,V041,Electrical issue,2026-08-15T18:43:00+00:00,2026-08-17T02:43:00+00:00,Medium,19488.31
WO01332,V043,Oil change,2026-08-26T21:00:00+00:00,2026-08-31T07:00:00+00:00,Low,21780.29
WO01333,V089,Brake inspection,2026-08-02T13:35:00+00:00,2026-08-05T22:35:00+00:00,Medium,18122.35
WO01334,V013,Battery issue,2026-09-07T22:40:00+00:00,2026-09-12T02:40:00+00:00,Medium,30235.72
WO01335,V037,Engine service,2026-08-14T05:24:00+00:00,2026-08-16T07:24:00+00:00,Medium,33468.68
WO01336,V023,Electrical issue,2026-09-16T04:38:00+00:00,2026-09-17T23:38:00+00:00,Low,10568.67
WO01337,V100,Brake inspection,2026-08-13T00:13:00+00:00,2026-08-14T14:13:00+00:00,Low,21570.09
WO01338,V034,Brake inspection,2026-09-03T18:07:00+00:00,2026-09-05T20:07:00+00:00,Low,24210.54
WO01339,V012,Electrical issue,2026-09-11T01:06:00+00:00,2026-09-15T16:06:00+00:00,Low,23490.9
WO01340,V094,Brake inspection,2026-09-16T21:25:00+00:00,2026-09-19T19:25:00+00:00,High,21670.05
WO01341,V040,Tyre replacement,2026-09-21T23:47:00+00:00,2026-09-23T21:47:00+00:00,High,32055.02
WO01342,V014,Cooling system,2026-08-12T05:56:00+00:00,2026-08-16T09:56:00+00:00,Medium,26710.82
WO01343,V098,Tyre replacement,2026-08-04T16:17:00+00:00,2026-08-05T12:17:00+00:00,Medium,6396.48
WO01344,V002,Oil change,2026-08-14T11:26:00+00:00,2026-08-17T09:26:00+00:00,High,18148.07
WO01345,V010,Electrical issue,2026-09-09T04:24:00+00:00,2026-09-09T15:24:00+00:00,Low,27374.16
WO01346,V098,Oil change,2026-09-20T19:16:00+00:00,2026-09-21T10:16:00+00:00,High,21253.39
WO01347,V077,Battery issue,2026-08-24T12:29:00+00:00,2026-08-26T01:29:00+00:00,Medium,12132.02
WO01348,V079,Tyre replacement,2026-08-14T16:18:00+00:00,2026-08-18T17:18:00+00:00,High,31068.6
WO01349,V031,Engine service,2026-08-22T09:57:00+00:00,2026-08-23T22:57:00+00:00,Low,1922.8
WO01350,V007,Battery issue,2026-09-24T22:04:00+00:00,2026-09-29T16:04:00+00:00,High,25437.98
WO01351,V050,Oil change,2026-08-19T02:59:00+00:00,2026-08-19T10:59:00+00:00,High,19486.83
WO01352,V041,Engine service,2026-08-05T15:03:00+00:00,2026-08-08T19:03:00+00:00,Medium,20349.7
WO01353,V031,Brake inspection,2026-08-12T08:48:00+00:00,2026-08-13T16:48:00+00:00,High,21767.7
WO01354,V060,Tyre replacement,2026-09-11T13:45:00+00:00,2026-09-15T14:45:00+00:00,High,29986.19
WO01355,V097,Tyre replacement,2026-09-08T03:29:00+00:00,2026-09-10T23:29:00+00:00,High,33528.67
WO01356,V073,Battery issue,2026-08-21T08:59:00+00:00,2026-08-25T17:59:00+00:00,High,10084.04
WO01357,V018,Tyre replacement,2026-08-25T20:11:00+00:00,2026-08-28T11:11:00+00:00,Low,16128.41
WO01358,V014,Brake inspection,2026-08-23T22:08:00+00:00,2026-08-25T09:08:00+00:00,Low,34642.4
WO01359,V024,Oil change,2026-09-06T14:16:00+00:00,2026-09-09T09:16:00+00:00,Medium,6965.74
WO01360,V013,Battery issue,2026-09-01T08:12:00+00:00,2026-09-04T22:12:00+00:00,Low,2026.2
WO01361,V005,Tyre replacement,2026-09-04T18:24:00+00:00,2026-09-05T22:24:00+00:00,High,12084.33
WO01362,V070,Electrical issue,2026-09-03T19:21:00+00:00,2026-09-03T23:21:00+00:00,High,3355.43
WO01363,V089,Battery issue,2026-09-21T13:45:00+00:00,2026-09-24T18:45:00+00:00,Low,15362.9
WO01364,V084,Brake inspection,2026-08-04T03:12:00+00:00,2026-08-08T10:12:00+00:00,High,22168.2
WO01365,V055,Cooling system,2026-09-16T04:14:00+00:00,2026-09-20T20:14:00+00:00,High,32573.93
WO01366,V078,Battery issue,2026-08-24T16:16:00+00:00,2026-08-27T03:16:00+00:00,Medium,12384.98
WO01367,V048,Engine service,2026-09-13T01:31:00+00:00,2026-09-14T04:31:00+00:00,Low,22942.07
WO01368,V084,Cooling system,2026-08-31T20:50:00+00:00,2026-09-02T07:50:00+00:00,High,20434.86
WO01369,V058,Oil change,2026-09-18T14:40:00+00:00,2026-09-20T20:40:00+00:00,Low,25945.92
WO01370,V075,Oil change,2026-09-07T21:43:00+00:00,2026-09-10T18:43:00+00:00,Low,18828.2
WO01371,V072,Cooling system,2026-09-23T17:32:00+00:00,2026-09-26T10:32:00+00:00,Low,6806.61
WO01372,V033,Cooling system,2026-09-14T19:33:00+00:00,2026-09-17T04:33:00+00:00,High,17947.98
WO01373,V069,Electrical issue,2026-08-15T10:10:00+00:00,2026-08-16T10:10:00+00:00,Low,32247.12
WO01374,V003,Engine service,2026-08-09T02:24:00+00:00,2026-08-09T09:24:00+00:00,Medium,4641.56
WO01375,V024,Cooling system,2026-09-01T15:40:00+00:00,2026-09-03T20:40:00+00:00,Medium,1720.53
WO01376,V003,Engine service,2026-08-05T18:57:00+00:00,2026-08-07T20:57:00+00:00,Medium,34317.3
WO01377,V087,Tyre replacement,2026-08-12T09:22:00+00:00,2026-08-15T08:22:00+00:00,Low,9003.6
WO01378,V063,Electrical issue,2026-09-03T07:22:00+00:00,2026-09-05T22:22:00+00:00,Medium,15193.21
WO01379,V090,Electrical issue,2026-08-20T17:50:00+00:00,2026-08-23T01:50:00+00:00,Medium,23660.38
WO01380,V075,Electrical issue,2026-09-09T20:13:00+00:00,2026-09-13T05:13:00+00:00,High,29197.6
WO01381,V075,Battery issue,2026-08-24T14:55:00+00:00,2026-08-26T12:55:00+00:00,Low,21056.16
WO01382,V056,Cooling system,2026-08-11T16:53:00+00:00,2026-08-15T03:53:00+00:00,High,22622.97
WO01383,V046,Battery issue,2026-09-03T19:11:00+00:00,2026-09-05T16:11:00+00:00,High,21097.18
WO01384,V034,Cooling system,2026-08-21T08:15:00+00:00,2026-08-24T20:15:00+00:00,Medium,15267.75
WO01385,V032,Brake inspection,2026-08-08T13:40:00+00:00,2026-08-11T01:40:00+00:00,High,31077.2
WO01386,V063,Brake inspection,2026-08-08T05:28:00+00:00,2026-08-12T18:28:00+00:00,Medium,11208.77
WO01387,V090,Engine service,2026-08-13T18:38:00+00:00,2026-08-16T20:38:00+00:00,Medium,25367.03
WO01388,V082,Engine service,2026-09-06T12:01:00+00:00,2026-09-09T21:01:00+00:00,High,34808.04
WO01389,V028,Brake inspection,2026-09-23T12:20:00+00:00,2026-09-24T07:20:00+00:00,Low,18235.81
WO01390,V095,Brake inspection,2026-08-02T23:20:00+00:00,2026-08-05T10:20:00+00:00,Medium,22863.5
WO01391,V042,Battery issue,2026-09-16T19:16:00+00:00,2026-09-17T04:16:00+00:00,Medium,17825.67
WO01392,V040,Tyre replacement,2026-08-11T17:09:00+00:00,2026-08-16T11:09:00+00:00,Medium,32395.57
WO01393,V083,Oil change,2026-08-15T19:22:00+00:00,2026-08-19T17:22:00+00:00,Low,23051.29
WO01394,V051,Brake inspection,2026-08-08T17:29:00+00:00,2026-08-11T23:29:00+00:00,Low,2145.81
WO01395,V095,Tyre replacement,2026-09-05T11:51:00+00:00,2026-09-08T01:51:00+00:00,Medium,31116.69
WO01396,V056,Battery issue,2026-08-23T23:36:00+00:00,2026-08-28T16:36:00+00:00,Medium,29846.49
WO01397,V079,Cooling system,2026-08-10T02:55:00+00:00,2026-08-10T23:55:00+00:00,Low,15402.9
WO01398,V042,Tyre replacement,2026-08-04T11:22:00+00:00,2026-08-04T21:22:00+00:00,Medium,4398.09
WO01399,V094,Engine service,2026-09-08T17:16:00+00:00,2026-09-09T14:16:00+00:00,Low,20694.93
WO01400,V066,Electrical issue,2026-09-03T04:08:00+00:00,2026-09-03T16:08:00+00:00,Medium,15687.24
WO01401,V072,Electrical issue,2026-08-12T23:52:00+00:00,2026-08-14T15:52:00+00:00,Low,21535.06
WO01402,V068,Engine service,2026-09-08T23:11:00+00:00,2026-09-10T23:11:00+00:00,High,1238.48
WO01403,V082,Cooling system,2026-08-05T21:59:00+00:00,2026-08-10T09:59:00+00:00,High,12376.33
WO01404,V051,Battery issue,2026-08-26T17:22:00+00:00,2026-08-28T00:22:00+00:00,Low,16604.41
WO01405,V059,Oil change,2026-09-17T10:40:00+00:00,2026-09-18T14:40:00+00:00,Medium,16275.21
WO01406,V099,Cooling system,2026-09-12T20:11:00+00:00,2026-09-14T23:11:00+00:00,Medium,6159.3
WO01407,V022,Brake inspection,2026-08-27T20:48:00+00:00,2026-08-28T12:48:00+00:00,High,13145.52
WO01408,V060,Brake inspection,2026-09-14T20:55:00+00:00,2026-09-15T03:55:00+00:00,High,21974.53
WO01409,V060,Electrical issue,2026-08-06T06:49:00+00:00,2026-08-10T16:49:00+00:00,High,25538.66
WO01410,V036,Cooling system,2026-09-22T16:02:00+00:00,2026-09-25T12:02:00+00:00,High,17541.3
WO01411,V090,Brake inspection,2026-08-01T10:03:00+00:00,2026-08-02T15:03:00+00:00,Medium,26151.09
WO01412,V072,Oil change,2026-09-07T14:56:00+00:00,2026-09-12T04:56:00+00:00,Low,5014.2
WO01413,V053,Oil change,2026-08-09T10:54:00+00:00,2026-08-14T07:54:00+00:00,Medium,13556.15
WO01414,V027,Battery issue,2026-09-16T11:58:00+00:00,2026-09-18T16:58:00+00:00,Low,25230.65
WO01415,V060,Battery issue,2026-09-16T15:23:00+00:00,2026-09-17T16:23:00+00:00,High,17085.28
WO01416,V077,Engine service,2026-08-19T00:02:00+00:00,2026-08-20T16:02:00+00:00,Medium,12814.04
WO01417,V030,Brake inspection,2026-08-15T05:25:00+00:00,2026-08-16T13:25:00+00:00,Low,23237.14
WO01418,V005,Battery issue,2026-09-22T15:07:00+00:00,2026-09-27T13:07:00+00:00,High,5829.71
WO01419,V100,Tyre replacement,2026-09-21T01:20:00+00:00,2026-09-25T23:20:00+00:00,Medium,25496.43
WO01420,V084,Engine service,2026-08-25T06:45:00+00:00,2026-08-29T04:45:00+00:00,High,10768.21
WO01421,V097,Brake inspection,2026-09-10T07:18:00+00:00,2026-09-14T06:18:00+00:00,High,32680.71
WO01422,V080,Brake inspection,2026-09-19T03:56:00+00:00,2026-09-21T20:56:00+00:00,High,23560.25
WO01423,V001,Electrical issue,2026-08-01T08:02:00+00:00,2026-08-05T14:02:00+00:00,Medium,15939.95
WO01424,V061,Engine service,2026-09-10T15:12:00+00:00,2026-09-13T18:12:00+00:00,Low,9636.38
WO01425,V099,Electrical issue,2026-08-29T03:33:00+00:00,2026-08-31T11:33:00+00:00,High,1135.17
WO01426,V034,Battery issue,2026-08-08T14:49:00+00:00,2026-08-11T21:49:00+00:00,Low,21380.5
WO01427,V049,Engine service,2026-08-08T20:27:00+00:00,2026-08-10T06:27:00+00:00,High,25359.42
WO01428,V074,Battery issue,2026-09-05T10:58:00+00:00,2026-09-06T18:58:00+00:00,Medium,17396.05
WO01429,V018,Brake inspection,2026-09-11T06:40:00+00:00,2026-09-11T18:40:00+00:00,High,26739.02
WO01430,V099,Tyre replacement,2026-09-18T13:59:00+00:00,2026-09-19T20:59:00+00:00,Medium,28091.07
WO01431,V029,Electrical issue,2026-09-18T21:35:00+00:00,2026-09-20T01:35:00+00:00,Low,4272.66
WO01432,V086,Battery issue,2026-09-09T06:28:00+00:00,2026-09-11T18:28:00+00:00,Low,31384.41
WO01433,V005,Electrical issue,2026-09-16T22:36:00+00:00,2026-09-18T07:36:00+00:00,Medium,18625.89
WO01434,V097,Oil change,2026-09-03T23:46:00+00:00,2026-09-05T05:46:00+00:00,Medium,6197.21
WO01435,V072,Battery issue,2026-08-13T14:30:00+00:00,2026-08-16T22:30:00+00:00,High,8862.72
WO01436,V062,Electrical issue,2026-08-26T21:32:00+00:00,2026-08-29T14:32:00+00:00,Low,3464.92
WO01437,V024,Brake inspection,2026-09-14T20:57:00+00:00,2026-09-17T02:57:00+00:00,Low,31887.63
WO01438,V097,Electrical issue,2026-08-23T18:27:00+00:00,2026-08-28T02:27:00+00:00,Medium,16680.03
WO01439,V058,Tyre replacement,2026-09-03T02:28:00+00:00,2026-09-03T09:28:00+00:00,High,6494.37
WO01440,V001,Battery issue,2026-08-30T08:07:00+00:00,2026-09-03T00:07:00+00:00,High,1963.29
WO01441,V025,Battery issue,2026-08-10T19:43:00+00:00,2026-08-13T06:43:00+00:00,Low,21787.62
WO01442,V032,Tyre replacement,2026-09-23T03:51:00+00:00,2026-09-25T22:51:00+00:00,High,6614.59
WO01443,V030,Battery issue,2026-08-30T01:24:00+00:00,2026-09-01T02:24:00+00:00,Medium,9557.1
WO01444,V004,Tyre replacement,2026-08-19T19:47:00+00:00,2026-08-24T14:47:00+00:00,Medium,18848.13
WO01445,V038,Oil change,2026-08-06T21:32:00+00:00,2026-08-08T17:32:00+00:00,Low,6248.32
WO01446,V047,Oil change,2026-09-06T05:14:00+00:00,2026-09-07T17:14:00+00:00,High,25556.93
WO01447,V011,Battery issue,2026-08-20T01:40:00+00:00,2026-08-22T20:40:00+00:00,High,23832.69
WO01448,V078,Engine service,2026-08-15T02:09:00+00:00,2026-08-17T02:09:00+00:00,High,15700.69
WO01449,V035,Tyre replacement,2026-09-22T01:45:00+00:00,2026-09-24T10:45:00+00:00,High,10218.72
WO01450,V002,Tyre replacement,2026-08-10T12:37:00+00:00,2026-08-15T02:37:00+00:00,Low,25527.68
WO01451,V059,Brake inspection,2026-09-22T05:51:00+00:00,2026-09-25T02:51:00+00:00,Low,27400.79
WO01452,V089,Oil change,2026-08-27T07:00:00+00:00,2026-08-30T13:00:00+00:00,High,17146.84
WO01453,V021,Electrical issue,2026-08-14T14:40:00+00:00,2026-08-18T06:40:00+00:00,Low,34617.47
WO01454,V038,Battery issue,2026-08-31T11:13:00+00:00,2026-08-31T15:13:00+00:00,Medium,34565.02
WO01455,V075,Electrical issue,2026-08-05T00:20:00+00:00,2026-08-09T07:20:00+00:00,Medium,1703.09
WO01456,V083,Brake inspection,2026-09-07T04:06:00+00:00,2026-09-12T03:06:00+00:00,Low,12770.77
WO01457,V080,Cooling system,2026-08-29T06:38:00+00:00,2026-08-29T13:38:00+00:00,Low,3130.06
WO01458,V090,Engine service,2026-08-13T07:38:00+00:00,2026-08-17T21:38:00+00:00,Medium,3612.08
WO01459,V027,Oil change,2026-09-07T09:26:00+00:00,2026-09-09T21:26:00+00:00,High,18129.19
WO01460,V044,Engine service,2026-08-27T03:35:00+00:00,2026-08-29T12:35:00+00:00,High,8764.4
WO01461,V007,Battery issue,2026-08-11T13:56:00+00:00,2026-08-13T23:56:00+00:00,Low,29072.68
WO01462,V015,Brake inspection,2026-08-31T18:31:00+00:00,2026-09-04T18:31:00+00:00,Medium,17745.13
WO01463,V042,Cooling system,2026-08-11T09:56:00+00:00,2026-08-13T18:56:00+00:00,Medium,22923.57
WO01464,V066,Oil change,2026-08-02T15:58:00+00:00,2026-08-07T15:58:00+00:00,Medium,21166.18
WO01465,V049,Battery issue,2026-08-08T09:49:00+00:00,2026-08-11T11:49:00+00:00,Medium,29244.1
WO01466,V042,Battery issue,2026-08-10T05:00:00+00:00,2026-08-13T07:00:00+00:00,Low,18385.5
WO01467,V080,Cooling system,2026-08-22T08:34:00+00:00,2026-08-22T21:34:00+00:00,Medium,29629.62
WO01468,V005,Electrical issue,2026-08-05T06:21:00+00:00,2026-08-06T09:21:00+00:00,Medium,25044.45
WO01469,V058,Tyre replacement,2026-08-11T10:29:00+00:00,2026-08-16T09:29:00+00:00,Low,11785.51
WO01470,V005,Electrical issue,2026-09-02T03:53:00+00:00,2026-09-04T06:53:00+00:00,Medium,23329.69
WO01471,V029,Engine service,2026-08-23T08:49:00+00:00,2026-08-26T13:49:00+00:00,High,7379.21
WO01472,V075,Tyre replacement,2026-08-27T02:05:00+00:00,2026-08-28T19:05:00+00:00,Medium,12540.4
WO01473,V063,Brake inspection,2026-09-06T08:12:00+00:00,2026-09-10T13:12:00+00:00,High,13563.4
WO01474,V011,Electrical issue,2026-08-16T05:11:00+00:00,2026-08-19T00:11:00+00:00,Medium,11183.06
WO01475,V051,Battery issue,2026-08-14T03:50:00+00:00,2026-08-18T03:50:00+00:00,Medium,7725.52
WO01476,V100,Cooling system,2026-09-23T19:43:00+00:00,2026-09-24T10:43:00+00:00,High,1280.67
WO01477,V014,Tyre replacement,2026-09-15T04:54:00+00:00,2026-09-18T05:54:00+00:00,Medium,2274.81
WO01478,V100,Battery issue,2026-09-16T16:30:00+00:00,2026-09-17T13:30:00+00:00,Low,7115.44
WO01479,V015,Battery issue,2026-08-30T23:56:00+00:00,2026-08-31T09:56:00+00:00,Low,4616.36
WO01480,V082,Engine service,2026-09-22T17:26:00+00:00,2026-09-23T00:26:00+00:00,Medium,16021.01
WO01481,V010,Tyre replacement,2026-08-01T21:39:00+00:00,2026-08-05T01:39:00+00:00,High,34165.58
WO01482,V044,Oil change,2026-09-05T11:25:00+00:00,2026-09-08T05:25:00+00:00,Medium,30503.52
WO01483,V023,Engine service,2026-09-08T20:00:00+00:00,2026-09-10T19:00:00+00:00,Medium,23263.95
WO01484,V035,Oil change,2026-08-02T14:48:00+00:00,2026-08-07T06:48:00+00:00,Low,21470.92
WO01485,V094,Cooling system,2026-09-15T09:31:00+00:00,2026-09-16T08:31:00+00:00,Medium,13891.9
WO01486,V002,Tyre replacement,2026-08-25T18:18:00+00:00,2026-08-26T00:18:00+00:00,Medium,24612.65
WO01487,V022,Battery issue,2026-09-04T09:26:00+00:00,2026-09-09T07:26:00+00:00,High,1680.8
WO01488,V013,Tyre replacement,2026-09-09T01:19:00+00:00,2026-09-12T20:19:00+00:00,High,1529.72
WO01489,V071,Engine service,2026-08-22T04:35:00+00:00,2026-08-22T18:35:00+00:00,Low,11607.87
WO01490,V098,Battery issue,2026-09-11T06:35:00+00:00,2026-09-13T13:35:00+00:00,Medium,22913.15
WO01491,V055,Cooling system,2026-08-23T01:34:00+00:00,2026-08-25T17:34:00+00:00,Medium,9920.12
WO01492,V023,Brake inspection,2026-09-24T13:33:00+00:00,2026-09-25T23:33:00+00:00,High,27431.92
WO01493,V083,Engine service,2026-08-02T15:55:00+00:00,2026-08-06T12:55:00+00:00,Low,4213.6
WO01494,V031,Engine service,2026-08-22T12:15:00+00:00,2026-08-23T00:15:00+00:00,Low,4654.29
WO01495,V076,Battery issue,2026-08-06T23:22:00+00:00,2026-08-11T19:22:00+00:00,Low,10971.55
WO01496,V020,Tyre replacement,2026-09-04T04:27:00+00:00,2026-09-04T16:27:00+00:00,Medium,15704.88
WO01497,V027,Battery issue,2026-08-14T09:20:00+00:00,2026-08-17T09:20:00+00:00,High,32680.09
WO01498,V029,Cooling system,2026-08-05T00:52:00+00:00,2026-08-05T16:52:00+00:00,Medium,2889.39
WO01499,V008,Brake inspection,2026-09-11T20:24:00+00:00,2026-09-16T05:24:00+00:00,Low,5215.66
WO01500,V047,Electrical issue,2026-08-24T21:44:00+00:00,2026-08-26T17:44:00+00:00,High,8716.27
