order_id,customer_id,route_id,promised_time,status,vehicle_id,driver_id
ORD00001,C1231,R077,2026-08-02T14:14:00+00:00,delivered,V039,DRV001
ORD00002,C1131,R041,2026-08-03T01:28:00+00:00,delayed,V089,DRV106
ORD00003,C1504,R005,2026-09-12T00:33:00+00:00,delivered,V018,DRV034
ORD00004,C0891,R033,2026-08-28T09:25:00+00:00,delivered,V052,DRV073
ORD00005,C2361,R062,2026-08-16T19:15:00+00:00,delivered,V089,DRV090
ORD00006,C0322,R039,2026-08-04T10:51:00+00:00,delayed,V074,DRV049
ORD00007,C0929,R045,2026-09-09T13:35:00+00:00,delivered,V016,DRV112
ORD00008,C2212,R049,2026-08-06T00:15:00+00:00,delivered,V006,DRV041
ORD00009,C1610,R065,2026-08-21T06:53:00+00:00,delivered,V087,DRV094
ORD00010,C1616,R074,2026-09-16T00:35:00+00:00,delivered,V056,DRV038
ORD00011,C2246,R044,2026-08-08T16:28:00+00:00,delivered,V096,DRV007
ORD00012,C0535,R011,2026-09-06T08:29:00+00:00,delivered,V100,DRV090
ORD00013,C0804,R072,2026-08-19T03:37:00+00:00,delivered,V084,DRV074
ORD00014,C2360,R010,2026-08-25T07:08:00+00:00,delayed,V042,DRV088
ORD00015,C1412,R053,2026-09-08T14:11:00+00:00,delivered,V025,DRV042
ORD00016,C0598,R022,2026-09-02T00:28:00+00:00,in_transit,V057,DRV080
ORD00017,C0352,R030,2026-08-19T05:55:00+00:00,in_transit,V020,DRV097
ORD00018,C1407,R032,2026-08-14T12:17:00+00:00,picked_up,V037,DRV002
ORD00019,C2204,R058,2026-09-12T23:52:00+00:00,delivered,V027,DRV095
ORD00020,C0579,R070,2026-09-17T15:59:00+00:00,delayed,V071,DRV062
ORD00021,C1164,R075,2026-09-18T01:15:00+00:00,delivered,V022,DRV008
ORD00022,C1592,R035,2026-08-05T23:00:00+00:00,delivered,V002,DRV009
ORD00023,C0947,R047,2026-08-10T23:40:00+00:00,delivered,V084,DRV050
ORD00024,C0361,R013,2026-08-29T19:27:00+00:00,delivered,V077,DRV069
ORD00025,C0163,R065,2026-09-11T19:20:00+00:00,in_transit,V092,DRV003
ORD00026,C0076,R040,2026-08-31T12:23:00+00:00,delivered,V096,DRV021
ORD00027,C0254,R046,2026-08-28T15:22:00+00:00,delivered,V065,DRV036
ORD00028,C1400,R004,2026-09-20T16:23:00+00:00,picked_up,V029,DRV020
ORD00029,C0932,R018,2026-08-09T04:05:00+00:00,delayed,V067,DRV087
ORD00030,C2480,R074,2026-08-15T01:14:00+00:00,delivered,V040,DRV117
ORD00031,C2218,R070,2026-08-13T02:19:00+00:00,delivered,V018,DRV075
ORD00032,C0595,R040,2026-09-17T18:21:00+00:00,picked_up,V056,DRV117
ORD00033,C0755,R009,2026-09-20T20:58:00+00:00,delivered,V093,DRV016
ORD00034,C1243,R004,2026-08-30T04:42:00+00:00,picked_up,V053,DRV053
ORD00035,C0757,R036,2026-08-14T20:55:00+00:00,delayed,V014,DRV017
ORD00036,C2443,R079,2026-08-25T09:41:00+00:00,in_transit,V079,DRV030
ORD00037,C0550,R004,2026-09-02T21:34:00+00:00,delivered,V100,DRV062
ORD00038,C0564,R048,2026-08-17T20:02:00+00:00,picked_up,V063,DRV061
ORD00039,C1106,R029,2026-08-04T02:40:00+00:00,delivered,V002,DRV119
ORD00040,C2007,R026,2026-08-19T18:23:00+00:00,delivered,V057,DRV111
ORD00041,C1559,R032,2026-09-09T01:25:00+00:00,delivered,V006,DRV078
ORD00042,C0158,R079,2026-09-22T03:04:00+00:00,in_transit,V068,DRV083
ORD00043,C2204,R059,2026-08-05T00:46:00+00:00,picked_up,V032,DRV067
ORD00044,C0778,R072,2026-09-05T09:31:00+00:00,delivered,V081,DRV007
ORD00045,C0682,R051,2026-08-28T21:39:00+00:00,delayed,V037,DRV060
ORD00046,C1851,R079,2026-08-06T00:40:00+00:00,in_transit,V019,DRV060
ORD00047,C0555,R015,2026-08-17T12:48:00+00:00,delayed,V090,DRV070
ORD00048,C0828,R042,2026-09-11T05:35:00+00:00,delivered,V059,DRV076
ORD00049,C0672,R033,2026-08-30T13:45:00+00:00,in_transit,V092,DRV102
ORD00050,C1574,R015,2026-09-10T23:49:00+00:00,in_transit,V011,DRV068
ORD00051,C1373,R071,2026-09-04T17:27:00+00:00,delivered,V022,DRV117
ORD00052,C1262,R019,2026-08-17T10:07:00+00:00,delayed,V007,DRV054
ORD00053,C0015,R037,2026-08-17T13:38:00+00:00,delivered,V017,DRV026
ORD00054,C0024,R059,2026-09-15T12:02:00+00:00,picked_up,V070,DRV104
ORD00055,C1810,R028,2026-09-23T15:48:00+00:00,in_transit,V059,DRV053
ORD00056,C2284,R077,2026-08-01T16:52:00+00:00,delivered,V071,DRV036
ORD00057,C0596,R024,2026-08-14T12:53:00+00:00,delivered,V045,DRV005
ORD00058,C0447,R078,2026-08-28T08:15:00+00:00,delivered,V012,DRV007
ORD00059,C2437,R021,2026-08-26T23:29:00+00:00,in_transit,V089,DRV090
ORD00060,C1226,R075,2026-09-02T22:20:00+00:00,picked_up,V012,DRV099
ORD00061,C1200,R049,2026-08-07T08:35:00+00:00,delayed,V071,DRV009
ORD00062,C0860,R016,2026-08-26T02:00:00+00:00,delivered,V053,DRV068
ORD00063,C0360,R008,2026-08-11T03:38:00+00:00,in_transit,V081,DRV068
ORD00064,C2153,R037,2026-09-09T00:40:00+00:00,in_transit,V041,DRV034
ORD00065,C2039,R079,2026-09-21T10:02:00+00:00,delivered,V094,DRV081
ORD00066,C0485,R079,2026-08-22T05:20:00+00:00,delayed,V025,DRV001
ORD00067,C0187,R016,2026-08-20T00:30:00+00:00,delayed,V054,DRV053
ORD00068,C1154,R072,2026-08-20T10:46:00+00:00,delivered,V026,DRV089
ORD00069,C0026,R040,2026-08-28T09:41:00+00:00,delivered,V042,DRV099
ORD00070,C0720,R044,2026-09-06T03:34:00+00:00,delayed,V079,DRV004
ORD00071,C0557,R044,2026-09-13T19:28:00+00:00,picked_up,V005,DRV083
ORD00072,C1696,R059,2026-09-18T22:14:00+00:00,picked_up,V060,DRV101
ORD00073,C2195,R039,2026-09-21T11:02:00+00:00,delayed,V041,DRV072
ORD00074,C0612,R074,2026-08-31T07:47:00+00:00,delayed,V046,DRV009
ORD00075,C2481,R044,2026-09-04T07:47:00+00:00,in_transit,V022,DRV074
ORD00076,C1289,R077,2026-08-11T16:16:00+00:00,picked_up,V097,DRV040
ORD00077,C1852,R053,2026-08-09T00:55:00+00:00,delivered,V031,DRV048
ORD00078,C0154,R068,2026-08-28T14:53:00+00:00,delivered,V048,DRV101
ORD00079,C2049,R057,2026-09-16T03:24:00+00:00,delivered,V062,DRV116
ORD00080,C1341,R044,2026-09-14T02:07:00+00:00,delayed,V068,DRV040
ORD00081,C1588,R067,2026-08-13T03:39:00+00:00,delivered,V005,DRV059
ORD00082,C0357,R040,2026-08-05T03:46:00+00:00,in_transit,V077,DRV112
ORD00083,C1280,R006,2026-08-10T10:09:00+00:00,delivered,V085,DRV096
ORD00084,C1134,R040,2026-08-20T05:52:00+00:00,delivered,V025,DRV037
ORD00085,C0063,R016,2026-08-25T21:14:00+00:00,delivered,V036,DRV015
ORD00086,C1161,R070,2026-09-02T00:06:00+00:00,delivered,V035,DRV019
ORD00087,C1818,R010,2026-08-29T09:22:00+00:00,in_transit,V044,DRV070
ORD00088,C1572,R004,2026-09-12T21:32:00+00:00,picked_up,V007,DRV014
ORD00089,C2428,R055,2026-09-05T20:42:00+00:00,delivered,V077,DRV115
ORD00090,C2186,R046,2026-08-29T11:57:00+00:00,delivered,V026,DRV092
ORD00091,C0399,R073,2026-08-13T04:32:00+00:00,delivered,V090,DRV060
ORD00092,C1057,R060,2026-09-12T23:46:00+00:00,delivered,V029,DRV019
ORD00093,C1997,R024,2026-08-31T02:36:00+00:00,delayed,V042,DRV059
ORD00094,C0700,R061,2026-08-11T09:45:00+00:00,delivered,V060,DRV109
ORD00095,C0439,R078,2026-09-22T10:55:00+00:00,delivered,V014,DRV052
ORD00096,C1694,R010,2026-08-28T14:46:00+00:00,delivered,V052,DRV076
ORD00097,C0271,R032,2026-09-20T00:39:00+00:00,delivered,V062,DRV050
ORD00098,C1402,R076,2026-09-09T08:36:00+00:00,delayed,V056,DRV073
ORD00099,C2442,R010,2026-09-22T11:02:00+00:00,picked_up,V015,DRV076
ORD00100,C1663,R072,2026-08-09T22:39:00+00:00,picked_up,V023,DRV040
ORD00101,C2025,R014,2026-09-24T08:08:00+00:00,delayed,V049,DRV042
ORD00102,C0001,R028,2026-08-13T17:28:00+00:00,picked_up,V097,DRV082
ORD00103,C2368,R020,2026-09-11T10:05:00+00:00,delivered,V050,DRV079
ORD00104,C1781,R027,2026-08-29T23:18:00+00:00,delivered,V087,DRV039
ORD00105,C0523,R075,2026-08-01T20:59:00+00:00,in_transit,V066,DRV052
ORD00106,C2294,R048,2026-09-20T02:51:00+00:00,cancelled,V001,DRV091
ORD00107,C1615,R037,2026-08-03T23:34:00+00:00,delivered,V090,DRV076
ORD00108,C0711,R052,2026-09-04T22:20:00+00:00,delivered,V028,DRV085
ORD00109,C1709,R025,2026-09-20T15:23:00+00:00,delivered,V047,DRV108
ORD00110,C0590,R017,2026-08-13T10:14:00+00:00,delivered,V083,DRV003
ORD00111,C1704,R056,2026-08-13T13:14:00+00:00,delivered,V083,DRV104
ORD00112,C1844,R055,2026-08-17T12:47:00+00:00,delivered,V055,DRV071
ORD00113,C2041,R029,2026-08-18T00:38:00+00:00,delivered,V001,DRV074
ORD00114,C0138,R035,2026-09-07T10:33:00+00:00,picked_up,V074,DRV047
ORD00115,C0328,R062,2026-09-03T15:07:00+00:00,delivered,V062,DRV089
ORD00116,C2499,R036,2026-09-12T09:10:00+00:00,delivered,V067,DRV114
ORD00117,C2375,R061,2026-08-08T05:58:00+00:00,in_transit,V070,DRV103
ORD00118,C1860,R007,2026-09-01T11:14:00+00:00,delivered,V002,DRV061
ORD00119,C0687,R043,2026-09-08T08:46:00+00:00,delivered,V038,DRV038
ORD00120,C2369,R039,2026-09-21T09:37:00+00:00,delivered,V081,DRV061
ORD00121,C1175,R007,2026-08-27T18:13:00+00:00,picked_up,V080,DRV004
ORD00122,C0543,R017,2026-09-16T03:37:00+00:00,delivered,V036,DRV033
ORD00123,C2424,R033,2026-08-02T09:03:00+00:00,delayed,V078,DRV023
ORD00124,C0968,R058,2026-09-03T20:39:00+00:00,picked_up,V034,DRV101
ORD00125,C2440,R068,2026-08-04T02:20:00+00:00,delivered,V011,DRV019
ORD00126,C0686,R053,2026-09-04T23:34:00+00:00,delivered,V057,DRV093
ORD00127,C0476,R045,2026-08-05T23:51:00+00:00,in_transit,V097,DRV105
ORD00128,C2182,R060,2026-09-06T09:48:00+00:00,delivered,V061,DRV096
ORD00129,C1781,R050,2026-09-13T05:36:00+00:00,delivered,V068,DRV112
ORD00130,C0169,R058,2026-09-04T20:04:00+00:00,in_transit,V068,DRV088
ORD00131,C1117,R046,2026-09-09T10:51:00+00:00,in_transit,V084,DRV110
ORD00132,C1889,R035,2026-08-10T01:29:00+00:00,delivered,V075,DRV051
ORD00133,C1284,R025,2026-09-17T08:41:00+00:00,delivered,V089,DRV024
ORD00134,C1827,R009,2026-08-02T05:51:00+00:00,delivered,V068,DRV014
ORD00135,C0377,R037,2026-08-23T23:30:00+00:00,delivered,V004,DRV080
ORD00136,C0354,R028,2026-09-24T15:13:00+00:00,in_transit,V091,DRV016
ORD00137,C1038,R073,2026-08-17T22:52:00+00:00,picked_up,V090,DRV024
ORD00138,C1749,R010,2026-09-11T10:03:00+00:00,picked_up,V036,DRV099
ORD00139,C1592,R021,2026-08-07T21:13:00+00:00,delivered,V008,DRV049
ORD00140,C0822,R034,2026-08-25T06:16:00+00:00,delivered,V009,DRV063
ORD00141,C0895,R063,2026-08-10T22:31:00+00:00,delivered,V099,DRV056
ORD00142,C1027,R034,2026-08-10T14:11:00+00:00,delivered,V010,DRV074
ORD00143,C0155,R064,2026-08-14T17:14:00+00:00,in_transit,V001,DRV120
ORD00144,C2112,R020,2026-08-31T05:27:00+00:00,picked_up,V074,DRV001
ORD00145,C0288,R056,2026-09-06T21:01:00+00:00,picked_up,V100,DRV104
ORD00146,C1471,R050,2026-09-14T00:40:00+00:00,delivered,V069,DRV120
ORD00147,C1497,R052,2026-08-06T04:13:00+00:00,in_transit,V083,DRV012
ORD00148,C0162,R059,2026-08-27T13:26:00+00:00,in_transit,V023,DRV071
ORD00149,C1472,R025,2026-08-28T09:47:00+00:00,in_transit,V014,DRV081
ORD00150,C2429,R057,2026-08-18T08:40:00+00:00,delivered,V025,DRV004
ORD00151,C2047,R050,2026-08-06T22:11:00+00:00,delayed,V083,DRV040
ORD00152,C1661,R005,2026-08-31T22:55:00+00:00,delivered,V093,DRV006
ORD00153,C2374,R067,2026-09-11T20:03:00+00:00,picked_up,V069,DRV020
ORD00154,C0188,R005,2026-08-14T00:07:00+00:00,delivered,V003,DRV061
ORD00155,C1259,R017,2026-08-02T08:56:00+00:00,delivered,V007,DRV116
ORD00156,C0436,R079,2026-08-16T14:35:00+00:00,picked_up,V009,DRV105
ORD00157,C1382,R077,2026-08-21T06:00:00+00:00,delivered,V026,DRV055
ORD00158,C0874,R016,2026-09-22T11:21:00+00:00,delivered,V042,DRV108
ORD00159,C1701,R023,2026-08-31T15:06:00+00:00,delivered,V036,DRV019
ORD00160,C0547,R071,2026-08-16T02:03:00+00:00,delivered,V075,DRV006
ORD00161,C1995,R079,2026-09-04T07:06:00+00:00,delayed,V003,DRV113
ORD00162,C2432,R001,2026-08-17T11:06:00+00:00,picked_up,V091,DRV084
ORD00163,C2143,R061,2026-08-12T17:47:00+00:00,delivered,V082,DRV035
ORD00164,C0738,R031,2026-08-17T02:18:00+00:00,in_transit,V005,DRV077
ORD00165,C0966,R012,2026-08-28T12:21:00+00:00,delivered,V001,DRV072
ORD00166,C2079,R068,2026-08-09T19:38:00+00:00,in_transit,V098,DRV070
ORD00167,C0612,R027,2026-08-26T08:38:00+00:00,delivered,V015,DRV102
ORD00168,C1492,R023,2026-08-15T16:10:00+00:00,in_transit,V006,DRV007
ORD00169,C0178,R056,2026-08-23T22:47:00+00:00,delivered,V098,DRV059
ORD00170,C2110,R069,2026-08-17T01:57:00+00:00,delivered,V004,DRV063
ORD00171,C0815,R031,2026-09-10T15:14:00+00:00,in_transit,V042,DRV054
ORD00172,C1690,R015,2026-08-30T18:53:00+00:00,delivered,V031,DRV095
ORD00173,C1786,R029,2026-08-07T18:36:00+00:00,delivered,V063,DRV007
ORD00174,C1875,R079,2026-09-11T12:20:00+00:00,delivered,V048,DRV018
ORD00175,C2330,R046,2026-08-25T14:24:00+00:00,delivered,V017,DRV005
ORD00176,C0702,R018,2026-08-11T06:23:00+00:00,picked_up,V059,DRV054
ORD00177,C0697,R038,2026-09-25T01:21:00+00:00,delivered,V082,DRV079
ORD00178,C1940,R053,2026-09-17T16:30:00+00:00,delivered,V028,DRV076
ORD00179,C1341,R002,2026-09-09T03:40:00+00:00,delayed,V032,DRV032
ORD00180,C0021,R029,2026-09-24T01:02:00+00:00,picked_up,V074,DRV115
ORD00181,C1744,R006,2026-09-13T00:15:00+00:00,delayed,V065,DRV005
ORD00182,C0051,R013,2026-09-11T08:35:00+00:00,delivered,V011,DRV072
ORD00183,C0066,R017,2026-09-02T19:46:00+00:00,delivered,V083,DRV012
ORD00184,C0100,R021,2026-09-11T23:56:00+00:00,picked_up,V096,DRV075
ORD00185,C1902,R018,2026-09-06T22:16:00+00:00,delivered,V048,DRV081
ORD00186,C0134,R010,2026-09-05T04:02:00+00:00,picked_up,V043,DRV068
ORD00187,C0332,R035,2026-09-19T12:34:00+00:00,in_transit,V027,DRV101
ORD00188,C1498,R066,2026-09-03T07:51:00+00:00,picked_up,V015,DRV050
ORD00189,C0275,R006,2026-09-03T09:05:00+00:00,delivered,V083,DRV072
ORD00190,C2377,R043,2026-08-22T19:50:00+00:00,delivered,V084,DRV062
ORD00191,C1733,R042,2026-09-02T05:36:00+00:00,picked_up,V065,DRV088
ORD00192,C2158,R009,2026-09-04T00:12:00+00:00,delivered,V063,DRV065
ORD00193,C1508,R069,2026-09-18T13:20:00+00:00,picked_up,V058,DRV080
ORD00194,C0316,R059,2026-08-09T00:23:00+00:00,delivered,V023,DRV037
ORD00195,C0837,R036,2026-08-11T05:39:00+00:00,in_transit,V064,DRV020
ORD00196,C1721,R054,2026-09-19T11:18:00+00:00,picked_up,V061,DRV045
ORD00197,C0952,R003,2026-08-27T16:25:00+00:00,delivered,V003,DRV112
ORD00198,C2431,R075,2026-09-01T09:22:00+00:00,in_transit,V042,DRV063
ORD00199,C1065,R039,2026-09-21T17:51:00+00:00,delivered,V040,DRV022
ORD00200,C1447,R048,2026-08-27T08:37:00+00:00,delayed,V007,DRV019
ORD00201,C0719,R022,2026-08-15T17:18:00+00:00,delayed,V037,DRV024
ORD00202,C0519,R031,2026-08-11T19:54:00+00:00,delivered,V041,DRV074
ORD00203,C1299,R048,2026-08-17T22:43:00+00:00,delivered,V091,DRV005
ORD00204,C1236,R048,2026-09-10T21:23:00+00:00,delivered,V021,DRV069
ORD00205,C1312,R052,2026-09-15T13:03:00+00:00,delayed,V059,DRV119
ORD00206,C1942,R070,2026-09-16T07:40:00+00:00,delivered,V091,DRV038
ORD00207,C0461,R019,2026-09-21T15:36:00+00:00,delayed,V057,DRV044
ORD00208,C0903,R018,2026-09-20T08:08:00+00:00,delivered,V004,DRV052
ORD00209,C2390,R012,2026-08-30T19:35:00+00:00,delivered,V083,DRV025
ORD00210,C0358,R026,2026-08-03T05:21:00+00:00,delivered,V058,DRV087
ORD00211,C1479,R063,2026-08-30T02:17:00+00:00,in_transit,V066,DRV008
ORD00212,C1413,R055,2026-09-03T19:12:00+00:00,delivered,V002,DRV037
ORD00213,C1820,R058,2026-09-21T05:52:00+00:00,delivered,V094,DRV114
ORD00214,C1697,R037,2026-08-15T23:44:00+00:00,picked_up,V055,DRV094
ORD00215,C2152,R077,2026-08-08T23:38:00+00:00,delivered,V039,DRV061
ORD00216,C1120,R076,2026-09-04T09:10:00+00:00,delivered,V053,DRV082
ORD00217,C0561,R072,2026-09-12T03:57:00+00:00,delayed,V097,DRV118
ORD00218,C1237,R049,2026-08-27T11:40:00+00:00,in_transit,V006,DRV106
ORD00219,C1076,R072,2026-09-12T07:43:00+00:00,delivered,V001,DRV020
ORD00220,C0735,R061,2026-08-12T12:12:00+00:00,in_transit,V037,DRV054
ORD00221,C0274,R032,2026-08-03T17:58:00+00:00,delivered,V036,DRV064
ORD00222,C1950,R062,2026-09-21T13:16:00+00:00,delivered,V034,DRV081
ORD00223,C2383,R066,2026-09-22T09:54:00+00:00,delivered,V034,DRV021
ORD00224,C0669,R041,2026-09-12T00:21:00+00:00,picked_up,V018,DRV046
ORD00225,C1188,R047,2026-09-08T07:40:00+00:00,in_transit,V046,DRV007
ORD00226,C0388,R010,2026-09-16T20:43:00+00:00,delivered,V081,DRV024
ORD00227,C1234,R042,2026-08-29T21:49:00+00:00,picked_up,V088,DRV103
ORD00228,C0561,R013,2026-09-18T18:36:00+00:00,in_transit,V019,DRV002
ORD00229,C0893,R063,2026-09-07T14:04:00+00:00,delivered,V021,DRV014
ORD00230,C2154,R029,2026-08-18T05:19:00+00:00,delayed,V072,DRV079
ORD00231,C0072,R059,2026-08-08T03:43:00+00:00,delivered,V017,DRV119
ORD00232,C2448,R040,2026-09-03T03:42:00+00:00,delivered,V057,DRV114
ORD00233,C0528,R039,2026-08-03T16:46:00+00:00,delayed,V016,DRV029
ORD00234,C0458,R040,2026-08-12T11:13:00+00:00,delivered,V011,DRV055
ORD00235,C2104,R062,2026-09-09T07:19:00+00:00,delivered,V014,DRV005
ORD00236,C0043,R016,2026-08-24T02:16:00+00:00,delivered,V039,DRV086
ORD00237,C1440,R078,2026-08-19T17:41:00+00:00,in_transit,V026,DRV024
ORD00238,C0658,R019,2026-08-26T08:44:00+00:00,picked_up,V045,DRV046
ORD00239,C0058,R073,2026-08-07T07:53:00+00:00,delivered,V075,DRV098
ORD00240,C0405,R037,2026-08-16T17:48:00+00:00,picked_up,V069,DRV001
ORD00241,C0440,R061,2026-09-03T10:50:00+00:00,in_transit,V024,DRV057
ORD00242,C0463,R049,2026-09-08T17:51:00+00:00,delivered,V030,DRV053
ORD00243,C1480,R060,2026-08-11T04:11:00+00:00,delivered,V064,DRV098
ORD00244,C1162,R006,2026-08-08T16:18:00+00:00,delivered,V015,DRV050
ORD00245,C1753,R040,2026-09-10T12:11:00+00:00,delivered,V053,DRV038
ORD00246,C0431,R061,2026-09-03T14:48:00+00:00,delivered,V087,DRV063
ORD00247,C2419,R067,2026-08-08T19:18:00+00:00,delivered,V051,DRV052
ORD00248,C2437,R009,2026-09-03T06:43:00+00:00,cancelled,V044,DRV026
ORD00249,C2384,R030,2026-09-08T18:50:00+00:00,delayed,V036,DRV098
ORD00250,C1985,R052,2026-09-02T13:01:00+00:00,delivered,V078,DRV052
ORD00251,C0946,R059,2026-08-10T21:53:00+00:00,delivered,V063,DRV064
ORD00252,C0110,R013,2026-08-05T21:43:00+00:00,picked_up,V064,DRV087
ORD00253,C0395,R078,2026-08-30T19:38:00+00:00,delivered,V080,DRV080
ORD00254,C2040,R067,2026-09-15T00:08:00+00:00,delayed,V026,DRV038
ORD00255,C0073,R034,2026-09-19T09:59:00+00:00,delivered,V070,DRV070
ORD00256,C1883,R016,2026-09-04T23:06:00+00:00,delivered,V049,DRV057
ORD00257,C0673,R023,2026-09-20T20:59:00+00:00,in_transit,V100,DRV039
ORD00258,C0449,R018,2026-08-29T15:30:00+00:00,delayed,V063,DRV098
ORD00259,C0641,R071,2026-09-19T03:32:00+00:00,in_transit,V061,DRV072
ORD00260,C1445,R034,2026-09-15T03:50:00+00:00,in_transit,V049,DRV079
ORD00261,C1501,R008,2026-08-03T17:12:00+00:00,in_transit,V017,DRV108
ORD00262,C1464,R004,2026-09-01T05:44:00+00:00,delivered,V055,DRV045
ORD00263,C2428,R008,2026-08-23T06:59:00+00:00,delivered,V083,DRV040
ORD00264,C1336,R040,2026-08-11T11:07:00+00:00,delivered,V003,DRV069
ORD00265,C0084,R055,2026-09-21T21:40:00+00:00,delivered,V054,DRV035
ORD00266,C2346,R003,2026-08-29T21:01:00+00:00,delivered,V050,DRV042
ORD00267,C1391,R013,2026-08-19T19:58:00+00:00,delivered,V065,DRV104
ORD00268,C0309,R039,2026-09-03T04:16:00+00:00,cancelled,V026,DRV064
ORD00269,C0926,R034,2026-08-05T09:22:00+00:00,delivered,V074,DRV052
ORD00270,C2176,R013,2026-09-24T01:44:00+00:00,delivered,V009,DRV073
ORD00271,C1237,R027,2026-09-01T18:01:00+00:00,delayed,V084,DRV106
ORD00272,C2111,R070,2026-08-29T17:08:00+00:00,delivered,V052,DRV033
ORD00273,C0765,R024,2026-08-02T21:38:00+00:00,in_transit,V067,DRV111
ORD00274,C1777,R060,2026-08-25T10:33:00+00:00,picked_up,V069,DRV104
ORD00275,C1230,R026,2026-09-03T08:13:00+00:00,delivered,V031,DRV020
ORD00276,C1176,R041,2026-08-06T22:51:00+00:00,in_transit,V053,DRV035
ORD00277,C0787,R077,2026-08-22T12:49:00+00:00,delivered,V015,DRV020
ORD00278,C0152,R040,2026-09-12T08:26:00+00:00,delivered,V056,DRV055
ORD00279,C2256,R035,2026-08-13T12:17:00+00:00,delivered,V036,DRV085
ORD00280,C0344,R006,2026-09-14T08:45:00+00:00,delayed,V008,DRV111
ORD00281,C1489,R039,2026-08-06T20:24:00+00:00,picked_up,V053,DRV115
ORD00282,C0495,R018,2026-08-22T14:31:00+00:00,delivered,V095,DRV065
ORD00283,C1284,R012,2026-08-22T19:38:00+00:00,in_transit,V099,DRV104
ORD00284,C0438,R050,2026-08-22T13:38:00+00:00,picked_up,V028,DRV019
ORD00285,C2009,R036,2026-09-10T03:58:00+00:00,delivered,V076,DRV008
ORD00286,C1138,R041,2026-09-19T18:10:00+00:00,delivered,V088,DRV032
ORD00287,C2482,R061,2026-09-03T12:22:00+00:00,picked_up,V003,DRV083
ORD00288,C1487,R007,2026-08-22T21:21:00+00:00,delivered,V050,DRV040
ORD00289,C1047,R031,2026-09-10T09:45:00+00:00,delivered,V051,DRV119
ORD00290,C1798,R031,2026-08-28T05:10:00+00:00,delivered,V021,DRV118
ORD00291,C2014,R053,2026-08-04T06:46:00+00:00,delivered,V011,DRV106
ORD00292,C0657,R043,2026-09-08T13:38:00+00:00,picked_up,V013,DRV106
ORD00293,C2244,R009,2026-09-02T04:10:00+00:00,delivered,V094,DRV105
ORD00294,C1817,R004,2026-08-05T19:42:00+00:00,in_transit,V024,DRV081
ORD00295,C0337,R052,2026-08-19T06:45:00+00:00,in_transit,V041,DRV074
ORD00296,C0533,R032,2026-09-17T04:16:00+00:00,delayed,V099,DRV107
ORD00297,C0711,R058,2026-09-13T16:32:00+00:00,picked_up,V018,DRV034
ORD00298,C1546,R026,2026-08-08T19:01:00+00:00,delivered,V024,DRV051
ORD00299,C0365,R003,2026-09-21T00:48:00+00:00,in_transit,V081,DRV030
ORD00300,C2460,R034,2026-08-16T11:37:00+00:00,delivered,V080,DRV055
ORD00301,C0058,R012,2026-09-03T16:11:00+00:00,delivered,V073,DRV016
ORD00302,C1091,R064,2026-08-11T22:05:00+00:00,delivered,V027,DRV025
ORD00303,C0883,R049,2026-08-12T23:34:00+00:00,delivered,V027,DRV077
ORD00304,C1189,R054,2026-08-17T13:00:00+00:00,delivered,V019,DRV004
ORD00305,C1877,R080,2026-09-11T02:38:00+00:00,picked_up,V048,DRV075
ORD00306,C0870,R061,2026-08-13T07:00:00+00:00,picked_up,V089,DRV051
ORD00307,C0214,R077,2026-08-24T11:19:00+00:00,delivered,V072,DRV008
ORD00308,C2451,R061,2026-09-02T07:07:00+00:00,cancelled,V086,DRV103
ORD00309,C1520,R033,2026-09-16T00:03:00+00:00,in_transit,V039,DRV051
ORD00310,C2019,R006,2026-09-22T23:43:00+00:00,delivered,V022,DRV065
ORD00311,C0581,R017,2026-08-09T06:48:00+00:00,delivered,V068,DRV056
ORD00312,C1151,R041,2026-08-05T04:17:00+00:00,cancelled,V064,DRV112
ORD00313,C1081,R037,2026-08-25T02:25:00+00:00,in_transit,V098,DRV119
ORD00314,C0620,R022,2026-08-29T21:48:00+00:00,delayed,V063,DRV098
ORD00315,C1927,R025,2026-08-14T15:38:00+00:00,delivered,V024,DRV005
ORD00316,C1809,R060,2026-09-09T21:10:00+00:00,delivered,V064,DRV006
ORD00317,C0607,R063,2026-09-11T17:47:00+00:00,delivered,V093,DRV111
ORD00318,C0690,R012,2026-08-19T16:07:00+00:00,picked_up,V024,DRV107
ORD00319,C2338,R075,2026-08-20T10:16:00+00:00,in_transit,V001,DRV068
ORD00320,C1347,R010,2026-08-23T10:42:00+00:00,delayed,V087,DRV013
ORD00321,C1326,R016,2026-09-05T23:07:00+00:00,delivered,V014,DRV108
ORD00322,C1860,R011,2026-09-12T00:25:00+00:00,picked_up,V085,DRV062
ORD00323,C1856,R001,2026-08-31T03:09:00+00:00,cancelled,V084,DRV080
ORD00324,C1324,R017,2026-08-20T06:57:00+00:00,picked_up,V083,DRV037
ORD00325,C0730,R071,2026-09-24T22:30:00+00:00,delivered,V052,DRV033
ORD00326,C1649,R012,2026-08-02T23:58:00+00:00,picked_up,V021,DRV050
ORD00327,C1271,R020,2026-08-12T01:19:00+00:00,delivered,V056,DRV095
ORD00328,C1590,R013,2026-09-03T15:31:00+00:00,delivered,V063,DRV058
ORD00329,C1509,R073,2026-09-24T17:47:00+00:00,delivered,V097,DRV055
ORD00330,C0919,R055,2026-08-09T13:06:00+00:00,delivered,V044,DRV060
ORD00331,C0325,R068,2026-09-17T22:59:00+00:00,delivered,V060,DRV056
ORD00332,C1019,R020,2026-08-12T19:32:00+00:00,in_transit,V039,DRV108
ORD00333,C0441,R073,2026-08-05T12:37:00+00:00,in_transit,V006,DRV066
ORD00334,C1038,R013,2026-09-12T10:49:00+00:00,in_transit,V073,DRV105
ORD00335,C1896,R075,2026-08-08T12:53:00+00:00,delayed,V003,DRV015
ORD00336,C1286,R051,2026-08-05T07:29:00+00:00,delivered,V091,DRV039
ORD00337,C0759,R080,2026-08-25T04:28:00+00:00,delivered,V024,DRV028
ORD00338,C1618,R034,2026-08-10T18:00:00+00:00,delivered,V003,DRV001
ORD00339,C2466,R022,2026-09-13T15:11:00+00:00,delivered,V052,DRV112
ORD00340,C1618,R080,2026-09-02T23:20:00+00:00,in_transit,V089,DRV087
ORD00341,C0066,R017,2026-08-13T09:30:00+00:00,delivered,V015,DRV105
ORD00342,C1785,R027,2026-09-13T21:22:00+00:00,in_transit,V084,DRV031
ORD00343,C0478,R039,2026-09-12T06:32:00+00:00,delivered,V055,DRV003
ORD00344,C0994,R057,2026-09-14T06:04:00+00:00,delivered,V058,DRV075
ORD00345,C1769,R073,2026-09-05T20:02:00+00:00,delivered,V002,DRV014
ORD00346,C1997,R075,2026-09-24T09:46:00+00:00,delayed,V038,DRV005
ORD00347,C1999,R066,2026-09-23T21:51:00+00:00,delayed,V087,DRV116
ORD00348,C0261,R068,2026-08-02T20:34:00+00:00,delivered,V041,DRV071
ORD00349,C1421,R054,2026-09-13T06:35:00+00:00,delivered,V080,DRV083
ORD00350,C1409,R003,2026-08-15T20:55:00+00:00,delivered,V025,DRV061
ORD00351,C2467,R065,2026-08-21T04:40:00+00:00,in_transit,V088,DRV044
ORD00352,C1476,R038,2026-09-05T17:32:00+00:00,cancelled,V087,DRV084
ORD00353,C1978,R080,2026-08-19T22:30:00+00:00,delivered,V096,DRV012
ORD00354,C1704,R026,2026-08-15T10:25:00+00:00,in_transit,V013,DRV102
ORD00355,C1069,R031,2026-08-20T05:17:00+00:00,in_transit,V003,DRV046
ORD00356,C1764,R023,2026-09-15T21:34:00+00:00,delivered,V009,DRV044
ORD00357,C1394,R030,2026-08-12T03:24:00+00:00,in_transit,V063,DRV034
ORD00358,C2112,R072,2026-08-25T09:58:00+00:00,picked_up,V089,DRV112
ORD00359,C0434,R057,2026-09-11T16:14:00+00:00,cancelled,V097,DRV015
ORD00360,C0842,R006,2026-09-16T08:03:00+00:00,delivered,V081,DRV016
ORD00361,C0407,R038,2026-09-10T06:33:00+00:00,delayed,V064,DRV094
ORD00362,C0827,R047,2026-08-31T15:26:00+00:00,picked_up,V016,DRV109
ORD00363,C1175,R001,2026-08-23T10:06:00+00:00,picked_up,V061,DRV044
ORD00364,C1006,R035,2026-09-03T23:37:00+00:00,delayed,V054,DRV047
ORD00365,C1677,R054,2026-08-21T23:07:00+00:00,delivered,V055,DRV053
ORD00366,C2120,R047,2026-08-03T18:21:00+00:00,delivered,V099,DRV002
ORD00367,C1778,R044,2026-08-29T16:58:00+00:00,delivered,V099,DRV022
ORD00368,C2130,R005,2026-08-14T21:01:00+00:00,picked_up,V008,DRV081
ORD00369,C1285,R052,2026-09-20T13:03:00+00:00,picked_up,V093,DRV096
ORD00370,C1655,R036,2026-09-18T05:31:00+00:00,in_transit,V019,DRV090
ORD00371,C1812,R027,2026-09-19T16:59:00+00:00,in_transit,V080,DRV084
ORD00372,C2202,R052,2026-08-19T02:35:00+00:00,picked_up,V011,DRV005
ORD00373,C0381,R017,2026-09-17T12:23:00+00:00,cancelled,V037,DRV028
ORD00374,C1060,R044,2026-08-15T16:23:00+00:00,delivered,V070,DRV076
ORD00375,C1528,R055,2026-09-16T02:44:00+00:00,delivered,V008,DRV108
ORD00376,C0511,R065,2026-09-02T10:55:00+00:00,delivered,V097,DRV084
ORD00377,C2383,R074,2026-08-01T14:07:00+00:00,delivered,V031,DRV104
ORD00378,C0574,R039,2026-08-27T01:32:00+00:00,in_transit,V092,DRV074
ORD00379,C1480,R032,2026-08-10T18:29:00+00:00,delivered,V075,DRV025
ORD00380,C0255,R019,2026-09-08T22:18:00+00:00,picked_up,V011,DRV012
ORD00381,C2156,R061,2026-08-20T17:23:00+00:00,delivered,V048,DRV087
ORD00382,C2044,R072,2026-09-17T10:00:00+00:00,delayed,V034,DRV075
ORD00383,C0521,R063,2026-09-08T03:39:00+00:00,picked_up,V019,DRV065
ORD00384,C0871,R017,2026-09-16T21:42:00+00:00,picked_up,V016,DRV089
ORD00385,C0487,R005,2026-08-15T10:51:00+00:00,picked_up,V048,DRV118
ORD00386,C0628,R016,2026-09-03T17:07:00+00:00,in_transit,V006,DRV067
ORD00387,C0586,R040,2026-09-04T03:58:00+00:00,delivered,V063,DRV004
ORD00388,C1162,R054,2026-08-05T12:51:00+00:00,picked_up,V040,DRV114
ORD00389,C0184,R063,2026-08-01T08:51:00+00:00,delivered,V045,DRV009
ORD00390,C1546,R074,2026-08-29T09:21:00+00:00,in_transit,V044,DRV101
ORD00391,C1843,R017,2026-08-13T19:10:00+00:00,delivered,V059,DRV098
ORD00392,C1678,R042,2026-08-09T07:09:00+00:00,delayed,V086,DRV080
ORD00393,C1815,R051,2026-08-31T23:40:00+00:00,delivered,V086,DRV114
ORD00394,C1266,R012,2026-08-16T03:35:00+00:00,delayed,V074,DRV081
ORD00395,C2363,R072,2026-08-08T19:13:00+00:00,delivered,V080,DRV070
ORD00396,C0077,R067,2026-08-18T07:30:00+00:00,delayed,V065,DRV115
ORD00397,C0843,R069,2026-08-17T11:29:00+00:00,cancelled,V036,DRV101
ORD00398,C1646,R057,2026-08-08T18:02:00+00:00,picked_up,V078,DRV042
ORD00399,C2163,R003,2026-09-01T02:05:00+00:00,delivered,V054,DRV004
ORD00400,C0689,R033,2026-08-09T10:01:00+00:00,delivered,V013,DRV070
ORD00401,C1669,R024,2026-08-24T08:27:00+00:00,delayed,V020,DRV040
ORD00402,C1221,R079,2026-08-30T18:40:00+00:00,delivered,V092,DRV008
ORD00403,C1539,R041,2026-08-14T00:58:00+00:00,delivered,V042,DRV034
ORD00404,C2020,R026,2026-08-22T23:29:00+00:00,delayed,V076,DRV031
ORD00405,C0269,R035,2026-08-06T17:19:00+00:00,delivered,V071,DRV053
ORD00406,C2270,R053,2026-08-22T08:12:00+00:00,picked_up,V003,DRV035
ORD00407,C0344,R072,2026-08-12T12:47:00+00:00,delivered,V053,DRV058
ORD00408,C1736,R048,2026-09-19T09:12:00+00:00,cancelled,V032,DRV069
ORD00409,C0686,R001,2026-09-12T07:47:00+00:00,cancelled,V080,DRV038
ORD00410,C1440,R062,2026-08-25T23:35:00+00:00,in_transit,V088,DRV049
ORD00411,C2307,R066,2026-08-26T15:52:00+00:00,delivered,V095,DRV069
ORD00412,C2280,R012,2026-09-06T02:41:00+00:00,in_transit,V018,DRV093
ORD00413,C1404,R027,2026-09-16T01:45:00+00:00,cancelled,V041,DRV114
ORD00414,C0863,R035,2026-08-23T13:54:00+00:00,in_transit,V042,DRV044
ORD00415,C0009,R043,2026-08-02T15:28:00+00:00,picked_up,V018,DRV083
ORD00416,C2003,R002,2026-08-16T23:11:00+00:00,delivered,V090,DRV091
ORD00417,C0506,R011,2026-08-08T05:06:00+00:00,delivered,V086,DRV057
ORD00418,C0035,R077,2026-09-02T15:47:00+00:00,delivered,V099,DRV104
ORD00419,C0082,R048,2026-08-18T16:43:00+00:00,delivered,V029,DRV096
ORD00420,C0906,R025,2026-08-09T07:16:00+00:00,picked_up,V081,DRV039
ORD00421,C2483,R047,2026-08-04T10:54:00+00:00,delivered,V091,DRV091
ORD00422,C2050,R026,2026-09-06T06:12:00+00:00,delivered,V036,DRV073
ORD00423,C2470,R071,2026-08-18T17:31:00+00:00,in_transit,V073,DRV087
ORD00424,C2335,R076,2026-08-12T18:50:00+00:00,delayed,V017,DRV034
ORD00425,C2183,R036,2026-08-18T14:00:00+00:00,picked_up,V003,DRV089
ORD00426,C0213,R059,2026-08-01T07:46:00+00:00,picked_up,V083,DRV087
ORD00427,C2030,R053,2026-08-26T02:28:00+00:00,delivered,V067,DRV060
ORD00428,C1839,R006,2026-08-21T13:57:00+00:00,delivered,V054,DRV069
ORD00429,C0104,R051,2026-08-18T19:47:00+00:00,delivered,V074,DRV104
ORD00430,C0258,R010,2026-08-23T19:39:00+00:00,delivered,V043,DRV040
ORD00431,C1370,R062,2026-09-09T10:29:00+00:00,picked_up,V076,DRV103
ORD00432,C0223,R014,2026-09-13T06:07:00+00:00,delivered,V044,DRV107
ORD00433,C0392,R031,2026-08-07T19:49:00+00:00,delayed,V080,DRV057
ORD00434,C1284,R016,2026-08-08T20:09:00+00:00,cancelled,V005,DRV049
ORD00435,C1769,R008,2026-09-10T06:41:00+00:00,delivered,V079,DRV081
ORD00436,C0393,R008,2026-09-21T01:58:00+00:00,delivered,V049,DRV052
ORD00437,C1754,R077,2026-08-02T00:46:00+00:00,delivered,V060,DRV102
ORD00438,C0443,R004,2026-09-11T09:33:00+00:00,delivered,V076,DRV025
ORD00439,C2348,R077,2026-08-07T05:22:00+00:00,in_transit,V025,DRV116
ORD00440,C1822,R066,2026-08-24T10:11:00+00:00,delivered,V062,DRV093
ORD00441,C1786,R018,2026-08-05T04:04:00+00:00,delivered,V040,DRV075
ORD00442,C1265,R075,2026-09-19T09:48:00+00:00,delayed,V019,DRV061
ORD00443,C0593,R048,2026-08-01T18:53:00+00:00,delivered,V085,DRV087
ORD00444,C0801,R065,2026-09-21T00:35:00+00:00,picked_up,V055,DRV045
ORD00445,C1915,R026,2026-08-07T08:59:00+00:00,delivered,V086,DRV061
ORD00446,C0665,R073,2026-08-31T14:53:00+00:00,in_transit,V054,DRV043
ORD00447,C0914,R006,2026-09-15T06:04:00+00:00,delivered,V001,DRV082
ORD00448,C1358,R080,2026-08-20T13:33:00+00:00,delivered,V095,DRV099
ORD00449,C0041,R052,2026-08-17T19:51:00+00:00,picked_up,V001,DRV047
ORD00450,C0797,R004,2026-09-20T15:33:00+00:00,delivered,V038,DRV057
ORD00451,C1074,R004,2026-08-19T05:13:00+00:00,delivered,V023,DRV029
ORD00452,C1073,R071,2026-08-23T10:55:00+00:00,delivered,V003,DRV023
ORD00453,C0862,R018,2026-09-04T15:07:00+00:00,in_transit,V015,DRV044
ORD00454,C2159,R031,2026-09-03T19:56:00+00:00,picked_up,V085,DRV022
ORD00455,C0777,R016,2026-08-14T05:54:00+00:00,picked_up,V017,DRV102
ORD00456,C1002,R049,2026-09-04T02:42:00+00:00,delivered,V055,DRV082
ORD00457,C0609,R076,2026-08-18T08:37:00+00:00,picked_up,V038,DRV102
ORD00458,C2003,R007,2026-08-26T14:21:00+00:00,picked_up,V066,DRV075
ORD00459,C2086,R061,2026-08-07T01:39:00+00:00,delivered,V050,DRV097
ORD00460,C2153,R067,2026-09-12T11:04:00+00:00,delivered,V092,DRV048
ORD00461,C2392,R061,2026-08-25T11:14:00+00:00,in_transit,V082,DRV118
ORD00462,C0896,R029,2026-08-19T14:48:00+00:00,delivered,V031,DRV051
ORD00463,C2256,R049,2026-09-22T01:38:00+00:00,delivered,V048,DRV033
ORD00464,C2392,R011,2026-08-27T21:38:00+00:00,delivered,V046,DRV030
ORD00465,C1676,R066,2026-08-31T18:42:00+00:00,delivered,V060,DRV056
ORD00466,C0958,R041,2026-08-25T23:25:00+00:00,delivered,V023,DRV057
ORD00467,C2056,R010,2026-09-02T17:52:00+00:00,picked_up,V038,DRV108
ORD00468,C2237,R030,2026-08-10T01:25:00+00:00,delivered,V047,DRV005
ORD00469,C1125,R026,2026-08-31T01:36:00+00:00,delivered,V096,DRV105
ORD00470,C1227,R018,2026-09-19T13:37:00+00:00,picked_up,V002,DRV099
ORD00471,C0049,R052,2026-09-07T03:09:00+00:00,picked_up,V097,DRV084
ORD00472,C0860,R066,2026-08-14T18:53:00+00:00,picked_up,V030,DRV030
ORD00473,C1890,R067,2026-09-23T13:58:00+00:00,delayed,V097,DRV060
ORD00474,C0859,R041,2026-08-18T06:50:00+00:00,delivered,V090,DRV054
ORD00475,C0526,R072,2026-08-03T21:06:00+00:00,delivered,V074,DRV112
ORD00476,C1653,R064,2026-09-02T10:04:00+00:00,delivered,V054,DRV055
ORD00477,C0570,R076,2026-08-03T04:49:00+00:00,in_transit,V005,DRV119
ORD00478,C1602,R073,2026-09-25T01:16:00+00:00,picked_up,V074,DRV111
ORD00479,C0445,R051,2026-08-06T22:43:00+00:00,delivered,V025,DRV061
ORD00480,C2265,R058,2026-08-28T19:45:00+00:00,delivered,V014,DRV087
ORD00481,C1581,R078,2026-09-14T14:33:00+00:00,delivered,V026,DRV009
ORD00482,C0236,R030,2026-08-27T15:48:00+00:00,in_transit,V009,DRV059
ORD00483,C0644,R002,2026-08-16T17:02:00+00:00,delivered,V053,DRV051
ORD00484,C0846,R069,2026-09-08T03:53:00+00:00,delivered,V009,DRV050
ORD00485,C0651,R040,2026-09-09T11:32:00+00:00,picked_up,V086,DRV061
ORD00486,C0827,R026,2026-09-15T18:28:00+00:00,delayed,V059,DRV036
ORD00487,C1012,R058,2026-08-06T23:17:00+00:00,picked_up,V078,DRV104
ORD00488,C0374,R063,2026-09-12T00:31:00+00:00,delivered,V006,DRV095
ORD00489,C1219,R059,2026-09-01T17:38:00+00:00,delayed,V092,DRV102
ORD00490,C1770,R023,2026-09-07T23:20:00+00:00,delivered,V080,DRV094
ORD00491,C0982,R024,2026-09-21T20:14:00+00:00,delivered,V090,DRV006
ORD00492,C0890,R069,2026-08-27T18:35:00+00:00,in_transit,V009,DRV090
ORD00493,C0431,R071,2026-08-12T04:20:00+00:00,cancelled,V010,DRV097
ORD00494,C1894,R058,2026-08-16T01:03:00+00:00,delivered,V065,DRV006
ORD00495,C0797,R060,2026-09-04T20:46:00+00:00,delivered,V052,DRV110
ORD00496,C1902,R002,2026-08-24T00:20:00+00:00,delivered,V018,DRV042
ORD00497,C1793,R009,2026-08-08T14:15:00+00:00,delivered,V032,DRV092
ORD00498,C0412,R036,2026-08-15T18:45:00+00:00,delivered,V003,DRV078
ORD00499,C0046,R016,2026-09-18T19:02:00+00:00,delayed,V022,DRV010
ORD00500,C2181,R057,2026-09-02T16:50:00+00:00,delivered,V092,DRV005
ORD00501,C0422,R007,2026-09-17T18:18:00+00:00,in_transit,V092,DRV085
ORD00502,C1546,R057,2026-08-05T20:58:00+00:00,in_transit,V007,DRV099
ORD00503,C0115,R048,2026-08-22T17:57:00+00:00,delivered,V003,DRV054
ORD00504,C0688,R025,2026-08-06T20:10:00+00:00,delivered,V013,DRV103
ORD00505,C2303,R054,2026-09-16T17:56:00+00:00,delivered,V042,DRV042
ORD00506,C0952,R027,2026-09-19T09:56:00+00:00,delivered,V055,DRV016
ORD00507,C1296,R046,2026-08-30T11:15:00+00:00,delivered,V052,DRV084
ORD00508,C1141,R028,2026-09-11T22:05:00+00:00,delivered,V085,DRV105
ORD00509,C2047,R009,2026-08-20T23:04:00+00:00,delivered,V099,DRV077
ORD00510,C1329,R073,2026-08-16T18:36:00+00:00,delivered,V013,DRV077
ORD00511,C1975,R043,2026-08-17T00:19:00+00:00,in_transit,V089,DRV041
ORD00512,C0953,R003,2026-09-23T06:52:00+00:00,delivered,V066,DRV082
ORD00513,C0998,R003,2026-08-12T08:25:00+00:00,delivered,V095,DRV055
ORD00514,C1540,R018,2026-09-04T04:38:00+00:00,delivered,V026,DRV020
ORD00515,C1347,R005,2026-08-22T17:56:00+00:00,picked_up,V077,DRV057
ORD00516,C1182,R041,2026-08-04T15:28:00+00:00,delivered,V054,DRV083
ORD00517,C1018,R043,2026-09-01T07:20:00+00:00,delivered,V070,DRV007
ORD00518,C0025,R049,2026-09-17T12:28:00+00:00,delivered,V057,DRV081
ORD00519,C0515,R009,2026-08-18T13:57:00+00:00,delivered,V019,DRV027
ORD00520,C2079,R076,2026-09-20T00:23:00+00:00,picked_up,V027,DRV031
ORD00521,C1737,R060,2026-08-29T10:39:00+00:00,delivered,V026,DRV032
ORD00522,C0825,R032,2026-08-28T17:12:00+00:00,delivered,V058,DRV082
ORD00523,C1808,R011,2026-09-02T21:52:00+00:00,delivered,V022,DRV061
ORD00524,C1563,R079,2026-09-09T15:13:00+00:00,delayed,V062,DRV003
ORD00525,C0720,R039,2026-09-24T07:07:00+00:00,delivered,V071,DRV094
ORD00526,C2483,R060,2026-08-29T00:59:00+00:00,delivered,V049,DRV072
ORD00527,C0777,R043,2026-08-13T11:18:00+00:00,delayed,V026,DRV020
ORD00528,C1529,R065,2026-09-04T05:35:00+00:00,delivered,V054,DRV051
ORD00529,C0510,R040,2026-09-23T17:12:00+00:00,delivered,V005,DRV118
ORD00530,C1428,R021,2026-08-18T21:12:00+00:00,delayed,V033,DRV099
ORD00531,C1011,R048,2026-08-06T08:52:00+00:00,in_transit,V055,DRV095
ORD00532,C0606,R005,2026-09-03T00:29:00+00:00,in_transit,V087,DRV004
ORD00533,C0662,R059,2026-08-14T10:46:00+00:00,delivered,V078,DRV075
ORD00534,C0330,R012,2026-09-05T01:58:00+00:00,delivered,V076,DRV116
ORD00535,C2184,R022,2026-09-09T00:30:00+00:00,delivered,V039,DRV065
ORD00536,C0365,R040,2026-09-07T12:50:00+00:00,delayed,V094,DRV112
ORD00537,C0859,R074,2026-09-01T12:28:00+00:00,picked_up,V035,DRV096
ORD00538,C0287,R001,2026-08-16T12:10:00+00:00,picked_up,V001,DRV013
ORD00539,C1535,R054,2026-08-27T08:13:00+00:00,delayed,V022,DRV023
ORD00540,C2323,R026,2026-09-14T09:15:00+00:00,delivered,V015,DRV058
ORD00541,C1063,R026,2026-08-06T13:04:00+00:00,delayed,V098,DRV025
ORD00542,C1201,R080,2026-08-11T00:00:00+00:00,picked_up,V022,DRV011
ORD00543,C0962,R016,2026-08-26T09:24:00+00:00,delivered,V004,DRV075
ORD00544,C2386,R013,2026-08-01T21:52:00+00:00,delivered,V097,DRV001
ORD00545,C2131,R028,2026-09-17T16:04:00+00:00,delayed,V049,DRV078
ORD00546,C1406,R061,2026-08-31T19:41:00+00:00,in_transit,V044,DRV048
ORD00547,C1353,R047,2026-09-06T08:04:00+00:00,delivered,V008,DRV046
ORD00548,C2466,R059,2026-09-06T15:32:00+00:00,delayed,V018,DRV004
ORD00549,C1947,R036,2026-08-23T19:12:00+00:00,delivered,V080,DRV088
ORD00550,C1476,R025,2026-08-01T07:58:00+00:00,cancelled,V042,DRV003
ORD00551,C0334,R057,2026-08-22T09:55:00+00:00,in_transit,V052,DRV095
ORD00552,C0800,R061,2026-08-10T05:24:00+00:00,delayed,V038,DRV078
ORD00553,C0357,R074,2026-09-16T01:42:00+00:00,delivered,V064,DRV102
ORD00554,C2215,R060,2026-08-16T09:55:00+00:00,picked_up,V015,DRV062
ORD00555,C0367,R028,2026-08-16T13:57:00+00:00,delayed,V085,DRV090
ORD00556,C1571,R004,2026-08-15T17:10:00+00:00,picked_up,V042,DRV116
ORD00557,C0557,R033,2026-09-13T13:25:00+00:00,cancelled,V086,DRV016
ORD00558,C2461,R043,2026-08-21T10:12:00+00:00,picked_up,V099,DRV119
ORD00559,C1564,R044,2026-09-04T12:03:00+00:00,picked_up,V096,DRV095
ORD00560,C0366,R029,2026-08-24T17:38:00+00:00,delivered,V012,DRV015
ORD00561,C1284,R025,2026-08-11T17:37:00+00:00,in_transit,V017,DRV110
ORD00562,C1590,R001,2026-08-29T11:18:00+00:00,delivered,V069,DRV025
ORD00563,C0910,R047,2026-08-12T13:34:00+00:00,delivered,V078,DRV076
ORD00564,C1216,R002,2026-09-19T02:32:00+00:00,picked_up,V041,DRV019
ORD00565,C0141,R059,2026-08-14T13:31:00+00:00,in_transit,V019,DRV096
ORD00566,C1960,R065,2026-08-12T08:17:00+00:00,delivered,V091,DRV074
ORD00567,C0863,R038,2026-09-04T09:35:00+00:00,delivered,V043,DRV020
ORD00568,C0653,R023,2026-09-14T09:54:00+00:00,delayed,V039,DRV105
ORD00569,C1604,R051,2026-08-31T21:10:00+00:00,delivered,V061,DRV045
ORD00570,C2245,R068,2026-08-26T22:24:00+00:00,delivered,V025,DRV090
ORD00571,C0222,R017,2026-08-30T13:51:00+00:00,delayed,V075,DRV111
ORD00572,C1193,R021,2026-09-22T14:48:00+00:00,delivered,V090,DRV062
ORD00573,C2358,R028,2026-08-18T21:01:00+00:00,delayed,V002,DRV047
ORD00574,C0231,R049,2026-09-08T22:36:00+00:00,in_transit,V022,DRV119
ORD00575,C1387,R061,2026-08-17T12:51:00+00:00,picked_up,V016,DRV066
ORD00576,C2002,R052,2026-08-23T10:31:00+00:00,delivered,V031,DRV051
ORD00577,C0368,R023,2026-09-04T08:42:00+00:00,delayed,V086,DRV085
ORD00578,C0048,R049,2026-08-26T02:59:00+00:00,in_transit,V057,DRV048
ORD00579,C2088,R011,2026-08-12T05:17:00+00:00,delivered,V086,DRV117
ORD00580,C0388,R076,2026-09-22T05:58:00+00:00,cancelled,V062,DRV036
ORD00581,C1333,R062,2026-09-09T12:37:00+00:00,delivered,V017,DRV013
ORD00582,C2278,R024,2026-09-07T02:22:00+00:00,picked_up,V003,DRV051
ORD00583,C0850,R067,2026-09-23T07:05:00+00:00,delivered,V084,DRV016
ORD00584,C1288,R077,2026-08-17T10:51:00+00:00,delivered,V058,DRV103
ORD00585,C2304,R017,2026-09-22T11:13:00+00:00,delivered,V021,DRV012
ORD00586,C0703,R011,2026-08-12T12:47:00+00:00,delivered,V047,DRV070
ORD00587,C1202,R001,2026-08-23T19:02:00+00:00,delivered,V067,DRV116
ORD00588,C1443,R074,2026-09-14T17:55:00+00:00,in_transit,V067,DRV117
ORD00589,C0882,R006,2026-08-22T15:50:00+00:00,delivered,V019,DRV039
ORD00590,C1729,R071,2026-08-20T17:19:00+00:00,in_transit,V036,DRV017
ORD00591,C1869,R033,2026-08-24T18:54:00+00:00,delivered,V021,DRV052
ORD00592,C1104,R055,2026-08-14T03:18:00+00:00,delivered,V010,DRV081
ORD00593,C0629,R073,2026-09-16T16:39:00+00:00,in_transit,V054,DRV106
ORD00594,C1107,R049,2026-08-03T10:24:00+00:00,cancelled,V032,DRV010
ORD00595,C0365,R015,2026-09-20T01:45:00+00:00,delivered,V043,DRV082
ORD00596,C0041,R035,2026-08-14T09:14:00+00:00,picked_up,V029,DRV036
ORD00597,C2157,R029,2026-09-04T14:29:00+00:00,cancelled,V016,DRV023
ORD00598,C1156,R063,2026-08-09T19:45:00+00:00,delivered,V090,DRV074
ORD00599,C0741,R013,2026-08-05T12:27:00+00:00,delivered,V097,DRV050
ORD00600,C2427,R071,2026-09-24T04:47:00+00:00,picked_up,V052,DRV062
ORD00601,C0585,R002,2026-09-16T21:52:00+00:00,delayed,V085,DRV017
ORD00602,C1021,R035,2026-08-05T23:48:00+00:00,picked_up,V082,DRV048
ORD00603,C1175,R024,2026-09-10T02:01:00+00:00,cancelled,V060,DRV065
ORD00604,C1666,R067,2026-08-21T23:09:00+00:00,delivered,V012,DRV040
ORD00605,C2357,R011,2026-08-08T00:46:00+00:00,delayed,V012,DRV022
ORD00606,C2084,R037,2026-09-20T12:28:00+00:00,picked_up,V002,DRV055
ORD00607,C2181,R064,2026-09-16T22:51:00+00:00,in_transit,V087,DRV114
ORD00608,C1741,R002,2026-08-18T11:08:00+00:00,picked_up,V096,DRV001
ORD00609,C2145,R068,2026-08-04T23:11:00+00:00,in_transit,V022,DRV087
ORD00610,C0209,R010,2026-09-03T14:11:00+00:00,picked_up,V066,DRV046
ORD00611,C1024,R049,2026-08-16T14:10:00+00:00,delivered,V015,DRV044
ORD00612,C2330,R039,2026-09-14T03:30:00+00:00,delivered,V028,DRV001
ORD00613,C1897,R040,2026-09-17T03:05:00+00:00,picked_up,V005,DRV120
ORD00614,C1450,R046,2026-08-01T14:31:00+00:00,in_transit,V043,DRV039
ORD00615,C1765,R045,2026-08-18T03:36:00+00:00,delivered,V002,DRV013
ORD00616,C0508,R011,2026-09-18T08:43:00+00:00,delivered,V020,DRV053
ORD00617,C1226,R020,2026-08-23T22:16:00+00:00,delivered,V051,DRV048
ORD00618,C1800,R024,2026-09-18T21:57:00+00:00,picked_up,V014,DRV057
ORD00619,C0454,R046,2026-09-09T14:22:00+00:00,delivered,V091,DRV026
ORD00620,C0130,R006,2026-08-13T06:08:00+00:00,delivered,V096,DRV043
ORD00621,C2030,R062,2026-08-25T06:28:00+00:00,delivered,V063,DRV071
ORD00622,C1593,R052,2026-09-15T18:11:00+00:00,delayed,V095,DRV108
ORD00623,C0056,R014,2026-08-03T00:58:00+00:00,delivered,V045,DRV065
ORD00624,C1780,R044,2026-09-09T07:27:00+00:00,cancelled,V095,DRV002
ORD00625,C0625,R037,2026-09-14T07:51:00+00:00,delivered,V055,DRV032
ORD00626,C1758,R036,2026-08-11T13:41:00+00:00,picked_up,V090,DRV032
ORD00627,C2422,R014,2026-09-15T19:22:00+00:00,in_transit,V025,DRV110
ORD00628,C0599,R016,2026-08-13T05:23:00+00:00,delivered,V036,DRV025
ORD00629,C1669,R079,2026-08-19T07:28:00+00:00,delivered,V007,DRV049
ORD00630,C2089,R030,2026-08-21T08:51:00+00:00,delivered,V062,DRV008
ORD00631,C1438,R007,2026-08-28T21:02:00+00:00,delivered,V047,DRV036
ORD00632,C1318,R041,2026-08-05T10:26:00+00:00,delivered,V001,DRV007
ORD00633,C0758,R061,2026-08-26T14:55:00+00:00,picked_up,V013,DRV056
ORD00634,C0056,R047,2026-08-31T12:06:00+00:00,delivered,V013,DRV086
ORD00635,C2477,R047,2026-09-03T01:22:00+00:00,delayed,V076,DRV068
ORD00636,C0436,R036,2026-08-20T04:40:00+00:00,in_transit,V012,DRV114
ORD00637,C0781,R078,2026-08-12T01:18:00+00:00,delivered,V084,DRV105
ORD00638,C1235,R013,2026-08-08T00:21:00+00:00,picked_up,V080,DRV044
ORD00639,C2255,R069,2026-08-15T02:36:00+00:00,delivered,V025,DRV054
ORD00640,C1787,R045,2026-09-03T08:52:00+00:00,delivered,V092,DRV016
ORD00641,C0090,R054,2026-09-17T18:20:00+00:00,picked_up,V065,DRV102
ORD00642,C0780,R036,2026-08-12T21:47:00+00:00,delivered,V073,DRV008
ORD00643,C2087,R069,2026-09-16T21:44:00+00:00,cancelled,V022,DRV057
ORD00644,C0015,R050,2026-09-06T13:46:00+00:00,in_transit,V027,DRV024
ORD00645,C2064,R028,2026-09-24T00:26:00+00:00,in_transit,V066,DRV059
ORD00646,C0701,R029,2026-08-28T02:03:00+00:00,delayed,V071,DRV016
ORD00647,C1138,R069,2026-08-22T18:16:00+00:00,delivered,V082,DRV019
ORD00648,C0476,R007,2026-08-23T16:42:00+00:00,cancelled,V027,DRV069
ORD00649,C2250,R045,2026-09-03T17:20:00+00:00,delivered,V091,DRV114
ORD00650,C0043,R053,2026-08-27T23:59:00+00:00,delivered,V008,DRV081
ORD00651,C2390,R036,2026-08-17T03:44:00+00:00,delivered,V003,DRV069
ORD00652,C1329,R033,2026-09-20T06:26:00+00:00,delivered,V057,DRV029
ORD00653,C1778,R075,2026-09-06T03:47:00+00:00,delivered,V030,DRV094
ORD00654,C0722,R062,2026-08-09T15:01:00+00:00,delivered,V059,DRV024
ORD00655,C0668,R063,2026-08-17T12:21:00+00:00,in_transit,V003,DRV040
ORD00656,C1005,R078,2026-08-18T06:58:00+00:00,delivered,V010,DRV055
ORD00657,C0049,R052,2026-08-10T04:33:00+00:00,delayed,V018,DRV094
ORD00658,C0180,R050,2026-08-02T23:07:00+00:00,delivered,V002,DRV098
ORD00659,C0056,R011,2026-08-25T09:31:00+00:00,delivered,V081,DRV077
ORD00660,C0571,R070,2026-09-01T00:03:00+00:00,picked_up,V011,DRV026
ORD00661,C0999,R057,2026-08-15T21:36:00+00:00,delivered,V062,DRV020
ORD00662,C2231,R035,2026-09-19T14:48:00+00:00,delivered,V006,DRV014
ORD00663,C0929,R066,2026-09-07T23:35:00+00:00,delivered,V029,DRV004
ORD00664,C1576,R019,2026-09-02T05:31:00+00:00,in_transit,V029,DRV118
ORD00665,C0313,R022,2026-08-11T04:10:00+00:00,delivered,V037,DRV046
ORD00666,C0730,R047,2026-08-08T21:39:00+00:00,picked_up,V078,DRV020
ORD00667,C1236,R043,2026-09-24T17:03:00+00:00,delivered,V055,DRV020
ORD00668,C1088,R014,2026-08-25T17:36:00+00:00,picked_up,V085,DRV048
ORD00669,C1960,R020,2026-08-14T09:32:00+00:00,delivered,V050,DRV058
ORD00670,C0371,R074,2026-09-09T01:17:00+00:00,cancelled,V036,DRV019
ORD00671,C1972,R024,2026-09-05T05:21:00+00:00,delivered,V064,DRV055
ORD00672,C1008,R043,2026-08-13T17:57:00+00:00,picked_up,V084,DRV118
ORD00673,C2197,R071,2026-09-15T08:38:00+00:00,delivered,V064,DRV069
ORD00674,C0899,R011,2026-09-22T22:37:00+00:00,delayed,V068,DRV074
ORD00675,C2288,R047,2026-08-01T11:02:00+00:00,delivered,V003,DRV047
ORD00676,C0571,R015,2026-08-06T13:23:00+00:00,picked_up,V047,DRV109
ORD00677,C0864,R019,2026-09-20T07:25:00+00:00,cancelled,V054,DRV032
ORD00678,C1547,R018,2026-08-11T17:04:00+00:00,cancelled,V091,DRV019
ORD00679,C0303,R048,2026-08-06T02:57:00+00:00,delayed,V085,DRV075
ORD00680,C1004,R021,2026-08-03T19:20:00+00:00,delivered,V019,DRV011
ORD00681,C0574,R073,2026-09-08T01:08:00+00:00,delivered,V024,DRV061
ORD00682,C0055,R053,2026-08-31T20:06:00+00:00,delivered,V083,DRV089
ORD00683,C0711,R020,2026-08-06T13:11:00+00:00,picked_up,V005,DRV078
ORD00684,C1057,R051,2026-09-08T16:45:00+00:00,in_transit,V059,DRV071
ORD00685,C1547,R055,2026-08-15T08:21:00+00:00,delivered,V012,DRV067
ORD00686,C2291,R052,2026-08-06T03:43:00+00:00,delivered,V024,DRV106
ORD00687,C1559,R062,2026-08-29T14:19:00+00:00,in_transit,V052,DRV106
ORD00688,C0319,R048,2026-09-08T18:33:00+00:00,delivered,V014,DRV014
ORD00689,C0437,R043,2026-08-03T14:34:00+00:00,delivered,V021,DRV070
ORD00690,C2260,R077,2026-08-02T02:26:00+00:00,delayed,V040,DRV025
ORD00691,C0184,R005,2026-08-23T01:53:00+00:00,delivered,V073,DRV073
ORD00692,C1461,R007,2026-08-29T18:21:00+00:00,delivered,V040,DRV002
ORD00693,C1458,R065,2026-08-18T19:34:00+00:00,delivered,V051,DRV093
ORD00694,C2057,R043,2026-09-07T03:44:00+00:00,picked_up,V065,DRV013
ORD00695,C0661,R076,2026-09-04T20:46:00+00:00,delivered,V005,DRV038
ORD00696,C0884,R011,2026-08-09T13:44:00+00:00,cancelled,V030,DRV114
ORD00697,C2144,R065,2026-09-17T03:31:00+00:00,cancelled,V078,DRV084
ORD00698,C1765,R017,2026-08-31T21:41:00+00:00,delivered,V080,DRV110
ORD00699,C0625,R031,2026-08-20T05:09:00+00:00,cancelled,V078,DRV010
ORD00700,C0358,R002,2026-08-14T04:33:00+00:00,delayed,V040,DRV071
ORD00701,C0280,R059,2026-08-29T16:27:00+00:00,delivered,V038,DRV021
ORD00702,C1888,R047,2026-09-02T06:53:00+00:00,delivered,V023,DRV091
ORD00703,C2330,R033,2026-09-10T10:33:00+00:00,in_transit,V018,DRV016
ORD00704,C0529,R047,2026-08-27T06:38:00+00:00,delivered,V080,DRV118
ORD00705,C2073,R066,2026-08-29T17:45:00+00:00,delivered,V088,DRV053
ORD00706,C2298,R006,2026-08-06T05:27:00+00:00,delayed,V032,DRV090
ORD00707,C0299,R014,2026-08-27T13:36:00+00:00,delivered,V073,DRV052
ORD00708,C2192,R060,2026-08-09T16:58:00+00:00,delivered,V060,DRV083
ORD00709,C1775,R011,2026-08-17T12:15:00+00:00,delayed,V051,DRV099
ORD00710,C0871,R043,2026-08-07T01:38:00+00:00,delivered,V078,DRV063
ORD00711,C0597,R036,2026-09-11T11:36:00+00:00,delivered,V020,DRV061
ORD00712,C0256,R073,2026-08-04T00:15:00+00:00,cancelled,V100,DRV049
ORD00713,C1733,R061,2026-08-20T13:16:00+00:00,delivered,V003,DRV098
ORD00714,C0335,R023,2026-08-08T17:53:00+00:00,delivered,V036,DRV052
ORD00715,C0221,R054,2026-09-17T19:55:00+00:00,delivered,V034,DRV024
ORD00716,C1973,R044,2026-08-28T05:23:00+00:00,delivered,V045,DRV054
ORD00717,C1594,R021,2026-09-09T19:00:00+00:00,delivered,V089,DRV074
ORD00718,C0593,R077,2026-08-19T05:15:00+00:00,delivered,V086,DRV075
ORD00719,C0605,R041,2026-08-02T11:59:00+00:00,delivered,V059,DRV120
ORD00720,C1846,R015,2026-09-07T01:34:00+00:00,delivered,V093,DRV001
ORD00721,C0769,R058,2026-09-22T19:49:00+00:00,delivered,V028,DRV096
ORD00722,C0783,R022,2026-09-24T17:38:00+00:00,delivered,V045,DRV027
ORD00723,C0511,R047,2026-08-02T16:22:00+00:00,delivered,V040,DRV065
ORD00724,C2222,R059,2026-09-07T20:53:00+00:00,delivered,V046,DRV107
ORD00725,C1529,R043,2026-08-11T09:55:00+00:00,picked_up,V059,DRV055
ORD00726,C1792,R077,2026-08-15T22:29:00+00:00,delivered,V049,DRV037
ORD00727,C0068,R013,2026-08-09T03:39:00+00:00,picked_up,V014,DRV012
ORD00728,C2381,R064,2026-09-19T15:00:00+00:00,delivered,V057,DRV065
ORD00729,C1561,R054,2026-08-20T08:33:00+00:00,delivered,V059,DRV071
ORD00730,C1622,R061,2026-08-12T08:38:00+00:00,delivered,V060,DRV053
ORD00731,C1260,R029,2026-09-16T09:04:00+00:00,delivered,V085,DRV034
ORD00732,C1534,R001,2026-09-07T21:03:00+00:00,delivered,V004,DRV020
ORD00733,C1604,R022,2026-09-22T04:20:00+00:00,cancelled,V031,DRV072
ORD00734,C0528,R051,2026-08-05T20:44:00+00:00,picked_up,V074,DRV055
ORD00735,C0408,R052,2026-08-30T00:46:00+00:00,delivered,V056,DRV030
ORD00736,C1066,R016,2026-09-22T14:25:00+00:00,delayed,V098,DRV081
ORD00737,C2431,R027,2026-08-09T13:46:00+00:00,delivered,V056,DRV002
ORD00738,C1567,R080,2026-09-19T12:37:00+00:00,picked_up,V011,DRV074
ORD00739,C0909,R059,2026-09-02T17:36:00+00:00,delivered,V084,DRV115
ORD00740,C1067,R069,2026-08-23T08:56:00+00:00,delayed,V049,DRV099
ORD00741,C0424,R011,2026-08-14T03:45:00+00:00,in_transit,V082,DRV075
ORD00742,C0740,R077,2026-08-12T05:32:00+00:00,delivered,V037,DRV034
ORD00743,C0413,R064,2026-09-03T02:25:00+00:00,picked_up,V027,DRV051
ORD00744,C0862,R053,2026-08-07T21:02:00+00:00,delivered,V081,DRV010
ORD00745,C0042,R041,2026-09-11T03:13:00+00:00,picked_up,V024,DRV039
ORD00746,C1983,R073,2026-08-03T21:29:00+00:00,delivered,V044,DRV045
ORD00747,C0122,R067,2026-08-24T04:53:00+00:00,picked_up,V025,DRV078
ORD00748,C0889,R066,2026-08-14T21:48:00+00:00,delivered,V047,DRV015
ORD00749,C1097,R018,2026-08-21T03:09:00+00:00,delivered,V089,DRV017
ORD00750,C1206,R026,2026-08-09T13:38:00+00:00,delivered,V071,DRV084
ORD00751,C0709,R056,2026-09-16T18:20:00+00:00,picked_up,V025,DRV033
ORD00752,C1277,R051,2026-08-10T10:55:00+00:00,in_transit,V099,DRV076
ORD00753,C1113,R063,2026-09-09T14:23:00+00:00,picked_up,V055,DRV077
ORD00754,C1532,R014,2026-09-04T22:03:00+00:00,delivered,V073,DRV046
ORD00755,C1679,R022,2026-08-04T04:59:00+00:00,cancelled,V033,DRV076
ORD00756,C1322,R068,2026-09-02T05:54:00+00:00,delivered,V015,DRV024
ORD00757,C1524,R046,2026-08-23T09:53:00+00:00,delivered,V085,DRV048
ORD00758,C1348,R016,2026-08-01T23:36:00+00:00,delivered,V002,DRV092
ORD00759,C1580,R073,2026-08-30T09:37:00+00:00,picked_up,V072,DRV009
ORD00760,C2490,R028,2026-09-18T01:12:00+00:00,delivered,V072,DRV036
ORD00761,C0808,R054,2026-09-09T15:53:00+00:00,delivered,V041,DRV026
ORD00762,C0509,R064,2026-08-05T10:49:00+00:00,cancelled,V054,DRV016
ORD00763,C0088,R077,2026-08-30T21:14:00+00:00,in_transit,V031,DRV074
ORD00764,C1650,R074,2026-08-01T11:12:00+00:00,picked_up,V037,DRV017
ORD00765,C1925,R068,2026-08-04T15:00:00+00:00,delivered,V003,DRV009
ORD00766,C0327,R039,2026-08-26T03:27:00+00:00,delivered,V045,DRV052
ORD00767,C2021,R079,2026-08-05T08:36:00+00:00,delivered,V090,DRV059
ORD00768,C0043,R080,2026-08-10T10:22:00+00:00,delivered,V007,DRV106
ORD00769,C1511,R042,2026-09-09T16:32:00+00:00,delivered,V012,DRV025
ORD00770,C1081,R034,2026-08-05T01:39:00+00:00,delivered,V039,DRV010
ORD00771,C1888,R049,2026-08-25T15:23:00+00:00,in_transit,V018,DRV075
ORD00772,C1831,R041,2026-08-14T13:05:00+00:00,delayed,V053,DRV082
ORD00773,C1150,R068,2026-08-23T00:54:00+00:00,in_transit,V085,DRV063
ORD00774,C0340,R029,2026-08-09T12:17:00+00:00,delivered,V038,DRV092
ORD00775,C0247,R032,2026-08-19T20:19:00+00:00,in_transit,V010,DRV064
ORD00776,C0429,R028,2026-09-12T18:20:00+00:00,picked_up,V025,DRV063
ORD00777,C1278,R076,2026-09-18T05:16:00+00:00,delivered,V041,DRV098
ORD00778,C1490,R020,2026-09-16T02:09:00+00:00,delivered,V017,DRV029
ORD00779,C0282,R080,2026-09-16T20:47:00+00:00,delivered,V052,DRV025
ORD00780,C0419,R022,2026-08-29T00:58:00+00:00,cancelled,V074,DRV083
ORD00781,C1093,R014,2026-08-11T01:43:00+00:00,delivered,V059,DRV024
ORD00782,C2255,R068,2026-09-11T06:16:00+00:00,delivered,V016,DRV119
ORD00783,C2081,R056,2026-08-20T10:50:00+00:00,delivered,V065,DRV056
ORD00784,C1567,R057,2026-08-25T23:49:00+00:00,delivered,V007,DRV084
ORD00785,C2170,R038,2026-08-18T10:48:00+00:00,delivered,V077,DRV036
ORD00786,C0455,R056,2026-08-11T01:08:00+00:00,in_transit,V083,DRV032
ORD00787,C2180,R007,2026-08-04T07:33:00+00:00,in_transit,V031,DRV009
ORD00788,C1099,R029,2026-09-07T00:44:00+00:00,delivered,V013,DRV029
ORD00789,C2443,R022,2026-08-19T15:55:00+00:00,delivered,V037,DRV091
ORD00790,C1953,R013,2026-08-17T23:39:00+00:00,delivered,V090,DRV080
ORD00791,C1361,R022,2026-08-29T21:00:00+00:00,in_transit,V022,DRV024
ORD00792,C1081,R002,2026-09-13T06:10:00+00:00,delivered,V003,DRV023
ORD00793,C0005,R002,2026-09-24T06:32:00+00:00,delivered,V061,DRV075
ORD00794,C1191,R061,2026-08-11T01:38:00+00:00,delivered,V003,DRV073
ORD00795,C0410,R065,2026-08-16T08:48:00+00:00,delayed,V100,DRV013
ORD00796,C1993,R058,2026-09-14T18:46:00+00:00,delayed,V070,DRV033
ORD00797,C1367,R059,2026-08-02T10:29:00+00:00,picked_up,V039,DRV091
ORD00798,C1681,R035,2026-09-17T09:03:00+00:00,delayed,V003,DRV019
ORD00799,C1765,R019,2026-09-02T16:07:00+00:00,delivered,V032,DRV074
ORD00800,C0443,R012,2026-08-18T18:32:00+00:00,picked_up,V049,DRV082
ORD00801,C1087,R070,2026-09-11T01:09:00+00:00,cancelled,V068,DRV023
ORD00802,C0781,R051,2026-09-23T16:06:00+00:00,delivered,V036,DRV040
ORD00803,C1864,R067,2026-09-01T09:35:00+00:00,picked_up,V016,DRV056
ORD00804,C1911,R015,2026-08-01T20:13:00+00:00,delivered,V088,DRV019
ORD00805,C1181,R038,2026-09-20T20:34:00+00:00,in_transit,V039,DRV063
ORD00806,C2430,R002,2026-09-11T09:16:00+00:00,delivered,V037,DRV106
ORD00807,C0003,R063,2026-08-28T21:14:00+00:00,delivered,V046,DRV085
ORD00808,C2297,R018,2026-09-01T23:07:00+00:00,picked_up,V065,DRV086
ORD00809,C2398,R035,2026-08-14T01:02:00+00:00,cancelled,V026,DRV056
ORD00810,C1583,R029,2026-08-04T02:33:00+00:00,delivered,V046,DRV032
ORD00811,C0710,R013,2026-08-24T23:11:00+00:00,picked_up,V077,DRV040
ORD00812,C0556,R075,2026-08-13T20:20:00+00:00,in_transit,V026,DRV033
ORD00813,C1889,R026,2026-08-28T11:58:00+00:00,delivered,V039,DRV073
ORD00814,C1284,R056,2026-08-09T21:36:00+00:00,delivered,V057,DRV089
ORD00815,C0114,R046,2026-09-08T23:13:00+00:00,delivered,V053,DRV060
ORD00816,C0994,R012,2026-08-13T23:02:00+00:00,in_transit,V039,DRV101
ORD00817,C1609,R080,2026-09-19T12:36:00+00:00,picked_up,V038,DRV007
ORD00818,C0223,R001,2026-09-12T04:29:00+00:00,picked_up,V067,DRV059
ORD00819,C1191,R035,2026-08-10T22:42:00+00:00,delivered,V013,DRV106
ORD00820,C0218,R008,2026-08-12T03:46:00+00:00,delayed,V087,DRV066
ORD00821,C0916,R019,2026-09-21T05:52:00+00:00,delayed,V064,DRV018
ORD00822,C0823,R040,2026-08-01T15:48:00+00:00,picked_up,V080,DRV089
ORD00823,C0397,R001,2026-08-15T01:07:00+00:00,in_transit,V016,DRV067
ORD00824,C1601,R014,2026-09-13T04:07:00+00:00,delivered,V065,DRV057
ORD00825,C0963,R039,2026-09-06T22:44:00+00:00,delivered,V024,DRV105
ORD00826,C0757,R057,2026-08-12T07:04:00+00:00,delivered,V082,DRV003
ORD00827,C0821,R031,2026-08-16T17:51:00+00:00,delivered,V090,DRV070
ORD00828,C1505,R038,2026-08-27T11:23:00+00:00,in_transit,V076,DRV064
ORD00829,C0115,R050,2026-08-10T21:38:00+00:00,delivered,V055,DRV019
ORD00830,C0140,R016,2026-09-21T13:04:00+00:00,delivered,V075,DRV039
ORD00831,C1135,R046,2026-08-13T17:07:00+00:00,delivered,V093,DRV059
ORD00832,C1429,R046,2026-09-15T17:43:00+00:00,picked_up,V065,DRV027
ORD00833,C2307,R009,2026-08-17T00:49:00+00:00,in_transit,V046,DRV084
ORD00834,C1614,R018,2026-08-26T09:21:00+00:00,delayed,V085,DRV039
ORD00835,C0739,R062,2026-09-04T09:28:00+00:00,cancelled,V078,DRV085
ORD00836,C1654,R042,2026-09-23T15:41:00+00:00,cancelled,V045,DRV075
ORD00837,C2046,R004,2026-08-15T16:31:00+00:00,delivered,V086,DRV014
ORD00838,C1574,R030,2026-08-22T17:13:00+00:00,delivered,V023,DRV094
ORD00839,C1809,R008,2026-08-23T23:07:00+00:00,delivered,V096,DRV010
ORD00840,C1547,R004,2026-08-16T22:08:00+00:00,delivered,V090,DRV058
ORD00841,C1793,R074,2026-09-20T18:48:00+00:00,delivered,V033,DRV063
ORD00842,C0788,R026,2026-08-15T19:34:00+00:00,delivered,V068,DRV104
ORD00843,C0022,R004,2026-08-09T21:58:00+00:00,delivered,V018,DRV115
ORD00844,C2164,R073,2026-09-19T23:00:00+00:00,picked_up,V044,DRV024
ORD00845,C1461,R027,2026-09-21T23:54:00+00:00,picked_up,V065,DRV046
ORD00846,C0321,R057,2026-09-08T23:44:00+00:00,in_transit,V010,DRV073
ORD00847,C2464,R039,2026-08-10T08:00:00+00:00,delivered,V030,DRV007
ORD00848,C1466,R029,2026-08-27T10:36:00+00:00,picked_up,V033,DRV050
ORD00849,C2121,R037,2026-08-07T22:45:00+00:00,delivered,V031,DRV110
ORD00850,C1930,R080,2026-08-06T06:43:00+00:00,delivered,V015,DRV075
ORD00851,C1371,R004,2026-08-03T23:45:00+00:00,delivered,V034,DRV026
ORD00852,C0256,R027,2026-09-19T21:52:00+00:00,picked_up,V043,DRV119
ORD00853,C0145,R010,2026-09-21T11:27:00+00:00,picked_up,V090,DRV107
ORD00854,C2259,R054,2026-09-24T15:30:00+00:00,delayed,V011,DRV114
ORD00855,C0923,R035,2026-08-04T22:55:00+00:00,delivered,V064,DRV065
ORD00856,C0227,R062,2026-08-28T15:47:00+00:00,delayed,V030,DRV003
ORD00857,C2264,R069,2026-09-04T17:38:00+00:00,in_transit,V095,DRV003
ORD00858,C1749,R050,2026-09-04T09:59:00+00:00,in_transit,V056,DRV090
ORD00859,C0794,R057,2026-08-11T21:25:00+00:00,picked_up,V048,DRV046
ORD00860,C0931,R008,2026-08-22T20:33:00+00:00,delivered,V076,DRV002
ORD00861,C1024,R073,2026-08-05T05:14:00+00:00,cancelled,V002,DRV112
ORD00862,C1287,R008,2026-08-12T16:32:00+00:00,delivered,V037,DRV006
ORD00863,C0502,R032,2026-08-27T16:11:00+00:00,delivered,V051,DRV062
ORD00864,C1463,R033,2026-09-19T14:13:00+00:00,delivered,V091,DRV095
ORD00865,C1001,R039,2026-09-03T12:35:00+00:00,delayed,V038,DRV112
ORD00866,C1683,R070,2026-09-16T00:40:00+00:00,delivered,V045,DRV116
ORD00867,C1250,R011,2026-08-19T15:12:00+00:00,picked_up,V067,DRV030
ORD00868,C1804,R048,2026-08-14T02:44:00+00:00,delivered,V031,DRV090
ORD00869,C2410,R003,2026-09-15T13:53:00+00:00,picked_up,V035,DRV036
ORD00870,C2029,R011,2026-08-06T11:21:00+00:00,delivered,V079,DRV050
ORD00871,C0756,R050,2026-09-10T14:23:00+00:00,delivered,V027,DRV049
ORD00872,C0107,R007,2026-08-28T22:13:00+00:00,delivered,V098,DRV045
ORD00873,C1778,R076,2026-08-20T21:25:00+00:00,delayed,V044,DRV093
ORD00874,C1178,R014,2026-09-20T13:23:00+00:00,delivered,V093,DRV120
ORD00875,C1562,R074,2026-09-21T22:12:00+00:00,delayed,V034,DRV021
ORD00876,C0351,R017,2026-08-02T12:02:00+00:00,delivered,V088,DRV036
ORD00877,C1124,R038,2026-08-31T21:11:00+00:00,in_transit,V005,DRV079
ORD00878,C1315,R033,2026-08-02T05:57:00+00:00,delivered,V073,DRV085
ORD00879,C0152,R057,2026-09-12T06:38:00+00:00,delivered,V002,DRV060
ORD00880,C1133,R072,2026-08-20T23:18:00+00:00,delivered,V075,DRV011
ORD00881,C2028,R057,2026-08-17T10:37:00+00:00,delivered,V036,DRV034
ORD00882,C0954,R023,2026-08-14T10:37:00+00:00,picked_up,V084,DRV007
ORD00883,C1300,R005,2026-08-17T19:36:00+00:00,in_transit,V057,DRV075
ORD00884,C0067,R030,2026-08-06T16:35:00+00:00,cancelled,V034,DRV033
ORD00885,C2077,R006,2026-09-24T20:31:00+00:00,delivered,V014,DRV010
ORD00886,C1522,R066,2026-08-08T05:28:00+00:00,delivered,V042,DRV074
ORD00887,C1476,R055,2026-08-26T22:00:00+00:00,delivered,V042,DRV078
ORD00888,C0128,R048,2026-09-12T22:20:00+00:00,picked_up,V038,DRV080
ORD00889,C0436,R006,2026-08-27T13:58:00+00:00,picked_up,V076,DRV004
ORD00890,C0881,R066,2026-09-16T10:06:00+00:00,delayed,V092,DRV045
ORD00891,C0317,R005,2026-08-14T18:29:00+00:00,delivered,V084,DRV011
ORD00892,C2208,R065,2026-09-22T08:39:00+00:00,in_transit,V094,DRV054
ORD00893,C1299,R007,2026-09-13T02:51:00+00:00,in_transit,V067,DRV057
ORD00894,C1483,R074,2026-08-27T18:55:00+00:00,picked_up,V043,DRV032
ORD00895,C1680,R041,2026-08-11T15:57:00+00:00,in_transit,V057,DRV094
ORD00896,C1984,R046,2026-09-21T03:02:00+00:00,delivered,V047,DRV084
ORD00897,C2203,R054,2026-08-22T00:45:00+00:00,in_transit,V017,DRV119
ORD00898,C1286,R075,2026-08-13T15:31:00+00:00,in_transit,V037,DRV044
ORD00899,C2025,R053,2026-09-08T10:10:00+00:00,delivered,V019,DRV074
ORD00900,C2272,R059,2026-08-02T14:38:00+00:00,delivered,V054,DRV034
ORD00901,C0684,R017,2026-08-04T03:48:00+00:00,picked_up,V004,DRV089
ORD00902,C0523,R066,2026-09-18T08:27:00+00:00,picked_up,V055,DRV046
ORD00903,C2494,R031,2026-08-27T18:35:00+00:00,delivered,V044,DRV076
ORD00904,C1843,R010,2026-09-02T11:53:00+00:00,picked_up,V053,DRV081
ORD00905,C2415,R062,2026-08-13T07:30:00+00:00,delayed,V093,DRV099
ORD00906,C1858,R001,2026-09-24T04:37:00+00:00,in_transit,V087,DRV084
ORD00907,C0397,R057,2026-08-17T04:46:00+00:00,delivered,V076,DRV036
ORD00908,C2152,R064,2026-09-01T05:33:00+00:00,delivered,V067,DRV115
ORD00909,C0172,R042,2026-09-05T01:32:00+00:00,delivered,V023,DRV019
ORD00910,C0408,R067,2026-08-26T11:33:00+00:00,in_transit,V079,DRV041
ORD00911,C0917,R022,2026-08-11T21:09:00+00:00,delivered,V063,DRV057
ORD00912,C0578,R034,2026-08-10T17:23:00+00:00,picked_up,V086,DRV036
ORD00913,C0163,R071,2026-09-16T09:40:00+00:00,delayed,V004,DRV077
ORD00914,C1747,R063,2026-08-03T12:50:00+00:00,delivered,V037,DRV074
ORD00915,C0492,R017,2026-09-11T11:58:00+00:00,delivered,V015,DRV092
ORD00916,C0478,R064,2026-08-25T02:25:00+00:00,delivered,V018,DRV036
ORD00917,C1131,R029,2026-08-07T23:02:00+00:00,delivered,V065,DRV043
ORD00918,C0158,R066,2026-08-07T22:16:00+00:00,delayed,V041,DRV115
ORD00919,C0146,R067,2026-08-29T22:27:00+00:00,delivered,V072,DRV085
ORD00920,C0802,R018,2026-09-23T11:53:00+00:00,delivered,V029,DRV087
ORD00921,C1158,R020,2026-09-14T04:17:00+00:00,picked_up,V094,DRV064
ORD00922,C0014,R012,2026-09-17T04:20:00+00:00,picked_up,V096,DRV028
ORD00923,C0159,R063,2026-09-20T22:42:00+00:00,in_transit,V091,DRV023
ORD00924,C1429,R079,2026-09-04T19:37:00+00:00,in_transit,V031,DRV082
ORD00925,C1987,R024,2026-08-28T12:29:00+00:00,picked_up,V038,DRV086
ORD00926,C0396,R051,2026-09-24T12:37:00+00:00,delivered,V062,DRV038
ORD00927,C1741,R037,2026-09-08T06:21:00+00:00,cancelled,V042,DRV032
ORD00928,C1631,R060,2026-08-30T02:29:00+00:00,in_transit,V045,DRV090
ORD00929,C1192,R063,2026-09-24T20:03:00+00:00,delivered,V031,DRV004
ORD00930,C1072,R028,2026-09-07T08:56:00+00:00,delivered,V099,DRV042
ORD00931,C0224,R051,2026-09-10T08:29:00+00:00,delivered,V034,DRV117
ORD00932,C1834,R029,2026-09-01T02:37:00+00:00,in_transit,V006,DRV040
ORD00933,C0452,R074,2026-08-16T07:21:00+00:00,delivered,V100,DRV081
ORD00934,C1554,R078,2026-09-19T04:39:00+00:00,delivered,V093,DRV003
ORD00935,C0863,R046,2026-09-20T11:38:00+00:00,delivered,V007,DRV067
ORD00936,C0940,R026,2026-08-15T10:10:00+00:00,picked_up,V051,DRV111
ORD00937,C1019,R048,2026-08-31T05:01:00+00:00,delivered,V071,DRV094
ORD00938,C1987,R003,2026-09-17T23:22:00+00:00,delivered,V051,DRV102
ORD00939,C1013,R037,2026-08-28T11:35:00+00:00,delivered,V081,DRV099
ORD00940,C1106,R016,2026-09-04T10:54:00+00:00,in_transit,V017,DRV105
ORD00941,C1702,R010,2026-09-15T23:02:00+00:00,delayed,V098,DRV094
ORD00942,C1603,R070,2026-08-14T22:06:00+00:00,delivered,V076,DRV102
ORD00943,C1238,R040,2026-08-30T14:16:00+00:00,delivered,V096,DRV003
ORD00944,C1931,R026,2026-08-10T05:42:00+00:00,delivered,V084,DRV074
ORD00945,C1141,R055,2026-08-09T16:09:00+00:00,delivered,V053,DRV072
ORD00946,C1613,R069,2026-09-16T06:35:00+00:00,delivered,V003,DRV064
ORD00947,C0951,R014,2026-09-11T08:32:00+00:00,delivered,V004,DRV051
ORD00948,C0589,R062,2026-09-21T07:40:00+00:00,delivered,V040,DRV043
ORD00949,C1024,R072,2026-08-16T11:11:00+00:00,delivered,V063,DRV076
ORD00950,C0953,R052,2026-09-13T03:39:00+00:00,delivered,V073,DRV098
ORD00951,C0617,R033,2026-09-07T12:46:00+00:00,delivered,V044,DRV107
ORD00952,C0857,R073,2026-09-24T16:51:00+00:00,delivered,V001,DRV035
ORD00953,C1890,R064,2026-08-29T16:39:00+00:00,cancelled,V031,DRV042
ORD00954,C0318,R072,2026-08-08T13:50:00+00:00,picked_up,V055,DRV090
ORD00955,C0809,R002,2026-08-15T22:34:00+00:00,delivered,V016,DRV022
ORD00956,C2149,R005,2026-09-08T19:32:00+00:00,delivered,V081,DRV103
ORD00957,C1784,R071,2026-09-08T04:42:00+00:00,delivered,V038,DRV016
ORD00958,C0680,R067,2026-08-30T10:12:00+00:00,in_transit,V048,DRV073
ORD00959,C2128,R067,2026-08-19T17:32:00+00:00,picked_up,V092,DRV048
ORD00960,C0555,R060,2026-08-20T06:15:00+00:00,picked_up,V096,DRV093
ORD00961,C1928,R061,2026-08-01T22:46:00+00:00,delivered,V023,DRV020
ORD00962,C1879,R040,2026-08-18T05:32:00+00:00,delivered,V013,DRV069
ORD00963,C2291,R008,2026-09-12T18:32:00+00:00,in_transit,V009,DRV045
ORD00964,C1253,R002,2026-08-18T16:42:00+00:00,delivered,V055,DRV075
ORD00965,C0830,R052,2026-08-24T05:54:00+00:00,in_transit,V083,DRV085
ORD00966,C1077,R020,2026-08-10T10:34:00+00:00,delayed,V036,DRV023
ORD00967,C2358,R067,2026-09-23T14:06:00+00:00,in_transit,V050,DRV043
ORD00968,C0375,R061,2026-08-20T03:14:00+00:00,delivered,V030,DRV028
ORD00969,C0214,R022,2026-09-13T08:35:00+00:00,picked_up,V042,DRV010
ORD00970,C2050,R057,2026-09-08T19:03:00+00:00,in_transit,V042,DRV039
ORD00971,C1944,R072,2026-09-05T22:49:00+00:00,delivered,V050,DRV091
ORD00972,C0877,R067,2026-08-29T22:36:00+00:00,delivered,V078,DRV108
ORD00973,C2008,R036,2026-08-14T03:01:00+00:00,picked_up,V072,DRV057
ORD00974,C1498,R072,2026-09-09T19:53:00+00:00,in_transit,V023,DRV004
ORD00975,C1533,R055,2026-08-20T13:16:00+00:00,in_transit,V025,DRV049
ORD00976,C2402,R026,2026-09-10T09:07:00+00:00,delivered,V025,DRV001
ORD00977,C0054,R013,2026-09-03T16:52:00+00:00,picked_up,V065,DRV118
ORD00978,C1037,R036,2026-09-13T16:53:00+00:00,delivered,V090,DRV091
ORD00979,C1929,R008,2026-09-22T06:33:00+00:00,picked_up,V092,DRV119
ORD00980,C2235,R023,2026-09-13T03:53:00+00:00,delayed,V083,DRV097
ORD00981,C0725,R048,2026-08-03T16:51:00+00:00,in_transit,V092,DRV020
ORD00982,C0256,R054,2026-08-12T00:18:00+00:00,delivered,V082,DRV091
ORD00983,C0069,R070,2026-08-26T09:44:00+00:00,cancelled,V025,DRV084
ORD00984,C0059,R022,2026-09-23T14:10:00+00:00,delayed,V047,DRV067
ORD00985,C0605,R008,2026-08-07T00:54:00+00:00,delivered,V098,DRV065
ORD00986,C2071,R023,2026-09-10T12:51:00+00:00,delivered,V078,DRV026
ORD00987,C1399,R001,2026-08-29T12:27:00+00:00,delivered,V045,DRV016
ORD00988,C0371,R012,2026-09-21T15:09:00+00:00,picked_up,V012,DRV015
ORD00989,C0694,R024,2026-08-29T22:25:00+00:00,in_transit,V003,DRV099
ORD00990,C1261,R048,2026-09-12T00:00:00+00:00,delivered,V093,DRV032
ORD00991,C1143,R040,2026-08-05T22:26:00+00:00,delivered,V037,DRV023
ORD00992,C0817,R041,2026-09-07T18:36:00+00:00,delivered,V025,DRV035
ORD00993,C2371,R034,2026-09-10T04:10:00+00:00,delivered,V063,DRV046
ORD00994,C0699,R067,2026-09-10T23:22:00+00:00,picked_up,V088,DRV107
ORD00995,C1778,R050,2026-08-15T07:50:00+00:00,delivered,V027,DRV090
ORD00996,C1102,R037,2026-08-19T22:41:00+00:00,delivered,V065,DRV071
ORD00997,C0473,R027,2026-08-24T14:24:00+00:00,delivered,V034,DRV005
ORD00998,C1548,R018,2026-09-12T13:44:00+00:00,in_transit,V048,DRV073
ORD00999,C1727,R014,2026-09-02T20:47:00+00:00,picked_up,V002,DRV021
ORD01000,C0667,R044,2026-08-10T07:38:00+00:00,delivered,V046,DRV040
ORD01001,C2432,R024,2026-08-03T03:57:00+00:00,delivered,V079,DRV059
ORD01002,C1384,R061,2026-08-23T08:59:00+00:00,delivered,V048,DRV077
ORD01003,C2077,R039,2026-08-04T17:19:00+00:00,cancelled,V030,DRV098
ORD01004,C0117,R055,2026-08-25T14:33:00+00:00,cancelled,V052,DRV076
ORD01005,C0813,R022,2026-08-28T10:33:00+00:00,picked_up,V090,DRV068
ORD01006,C0580,R043,2026-08-06T01:13:00+00:00,cancelled,V040,DRV102
ORD01007,C0821,R051,2026-08-16T03:24:00+00:00,delivered,V085,DRV019
ORD01008,C0370,R040,2026-08-08T10:24:00+00:00,delivered,V027,DRV056
ORD01009,C0410,R072,2026-09-04T06:20:00+00:00,delivered,V021,DRV045
ORD01010,C1899,R051,2026-08-20T11:00:00+00:00,picked_up,V086,DRV049
ORD01011,C1340,R050,2026-08-12T19:52:00+00:00,delivered,V018,DRV052
ORD01012,C2403,R077,2026-09-05T21:20:00+00:00,delivered,V045,DRV063
ORD01013,C1393,R078,2026-08-17T05:56:00+00:00,delayed,V048,DRV047
ORD01014,C0566,R077,2026-09-06T10:50:00+00:00,picked_up,V083,DRV030
ORD01015,C1574,R006,2026-08-20T07:43:00+00:00,delivered,V012,DRV044
ORD01016,C1969,R020,2026-08-26T23:32:00+00:00,delivered,V087,DRV106
ORD01017,C0436,R054,2026-08-17T12:52:00+00:00,delivered,V088,DRV067
ORD01018,C0051,R045,2026-08-10T07:38:00+00:00,in_transit,V052,DRV103
ORD01019,C0048,R017,2026-09-22T12:17:00+00:00,delivered,V088,DRV059
ORD01020,C1060,R052,2026-09-08T12:36:00+00:00,delayed,V039,DRV055
ORD01021,C1373,R058,2026-09-15T20:37:00+00:00,delivered,V061,DRV092
ORD01022,C0328,R023,2026-09-08T16:24:00+00:00,delivered,V050,DRV112
ORD01023,C1864,R044,2026-09-23T21:39:00+00:00,delivered,V066,DRV105
ORD01024,C1504,R060,2026-08-26T16:34:00+00:00,delivered,V063,DRV059
ORD01025,C0097,R048,2026-08-24T02:13:00+00:00,delivered,V087,DRV038
ORD01026,C1220,R038,2026-09-02T12:40:00+00:00,delivered,V058,DRV042
ORD01027,C1623,R015,2026-09-02T15:16:00+00:00,delayed,V069,DRV095
ORD01028,C2022,R011,2026-09-18T21:06:00+00:00,delivered,V094,DRV019
ORD01029,C2145,R045,2026-09-11T21:14:00+00:00,in_transit,V032,DRV118
ORD01030,C0415,R010,2026-08-30T21:26:00+00:00,delivered,V019,DRV078
ORD01031,C1731,R011,2026-08-31T22:02:00+00:00,picked_up,V096,DRV039
ORD01032,C0325,R024,2026-08-24T13:32:00+00:00,delayed,V096,DRV114
ORD01033,C2106,R025,2026-09-22T01:57:00+00:00,delivered,V039,DRV079
ORD01034,C1790,R048,2026-09-22T07:33:00+00:00,delivered,V098,DRV120
ORD01035,C0743,R036,2026-09-15T18:50:00+00:00,in_transit,V078,DRV052
ORD01036,C0532,R001,2026-09-07T04:35:00+00:00,delivered,V054,DRV085
ORD01037,C0398,R060,2026-09-24T15:20:00+00:00,delayed,V082,DRV041
ORD01038,C2496,R003,2026-08-30T17:47:00+00:00,delivered,V079,DRV037
ORD01039,C2285,R054,2026-09-24T05:09:00+00:00,delivered,V050,DRV061
ORD01040,C1893,R044,2026-08-30T07:16:00+00:00,delivered,V057,DRV020
ORD01041,C0133,R069,2026-08-16T12:48:00+00:00,in_transit,V033,DRV052
ORD01042,C2170,R063,2026-09-21T06:08:00+00:00,cancelled,V011,DRV027
ORD01043,C0639,R038,2026-08-29T19:01:00+00:00,delivered,V060,DRV004
ORD01044,C1163,R046,2026-09-21T14:57:00+00:00,delivered,V098,DRV003
ORD01045,C0506,R049,2026-09-18T23:57:00+00:00,delivered,V078,DRV109
ORD01046,C0732,R028,2026-08-20T07:42:00+00:00,cancelled,V074,DRV038
ORD01047,C2455,R071,2026-09-07T07:32:00+00:00,delivered,V028,DRV054
ORD01048,C1302,R047,2026-08-10T18:51:00+00:00,in_transit,V088,DRV082
ORD01049,C1841,R052,2026-09-15T03:03:00+00:00,delayed,V037,DRV106
ORD01050,C1901,R052,2026-08-27T08:15:00+00:00,delivered,V043,DRV098
ORD01051,C0774,R050,2026-09-22T20:21:00+00:00,in_transit,V054,DRV053
ORD01052,C2456,R029,2026-08-13T18:56:00+00:00,in_transit,V065,DRV011
ORD01053,C0373,R042,2026-08-23T21:54:00+00:00,delivered,V081,DRV061
ORD01054,C0662,R077,2026-09-05T15:10:00+00:00,in_transit,V025,DRV109
ORD01055,C0819,R031,2026-08-17T02:15:00+00:00,delivered,V092,DRV118
ORD01056,C1889,R038,2026-08-07T02:15:00+00:00,picked_up,V027,DRV074
ORD01057,C2049,R078,2026-09-10T10:51:00+00:00,cancelled,V023,DRV060
ORD01058,C0029,R043,2026-08-15T12:56:00+00:00,delivered,V093,DRV009
ORD01059,C1709,R067,2026-09-12T22:09:00+00:00,picked_up,V010,DRV101
ORD01060,C0245,R016,2026-09-18T18:08:00+00:00,delayed,V057,DRV062
ORD01061,C1803,R006,2026-09-03T06:12:00+00:00,delivered,V066,DRV081
ORD01062,C2375,R014,2026-08-14T08:36:00+00:00,picked_up,V098,DRV106
ORD01063,C0996,R047,2026-09-07T18:50:00+00:00,in_transit,V019,DRV117
ORD01064,C1877,R034,2026-08-10T01:06:00+00:00,delivered,V089,DRV010
ORD01065,C1845,R034,2026-09-01T07:01:00+00:00,delivered,V057,DRV043
ORD01066,C2138,R036,2026-09-24T05:44:00+00:00,delivered,V018,DRV019
ORD01067,C1257,R029,2026-09-03T20:14:00+00:00,in_transit,V092,DRV038
ORD01068,C0633,R040,2026-09-13T08:06:00+00:00,delayed,V087,DRV038
ORD01069,C0934,R078,2026-08-27T15:35:00+00:00,picked_up,V033,DRV082
ORD01070,C1492,R075,2026-08-28T18:01:00+00:00,delivered,V002,DRV034
ORD01071,C2405,R080,2026-08-16T15:40:00+00:00,cancelled,V083,DRV020
ORD01072,C0693,R048,2026-09-04T14:33:00+00:00,picked_up,V063,DRV083
ORD01073,C0921,R062,2026-09-04T17:13:00+00:00,delivered,V009,DRV044
ORD01074,C0490,R029,2026-08-14T18:17:00+00:00,delivered,V100,DRV094
ORD01075,C0050,R064,2026-09-11T22:05:00+00:00,in_transit,V082,DRV117
ORD01076,C2079,R047,2026-08-04T01:03:00+00:00,delivered,V013,DRV043
ORD01077,C0326,R071,2026-09-18T17:24:00+00:00,picked_up,V069,DRV112
ORD01078,C0749,R073,2026-09-17T17:13:00+00:00,delivered,V033,DRV103
ORD01079,C2261,R059,2026-08-17T06:43:00+00:00,delivered,V078,DRV035
ORD01080,C1241,R025,2026-08-06T20:21:00+00:00,picked_up,V017,DRV067
ORD01081,C1902,R030,2026-08-23T06:28:00+00:00,in_transit,V075,DRV062
ORD01082,C1960,R007,2026-08-30T02:17:00+00:00,delayed,V010,DRV026
ORD01083,C0881,R011,2026-09-13T12:48:00+00:00,delivered,V070,DRV076
ORD01084,C1814,R073,2026-08-01T23:22:00+00:00,in_transit,V015,DRV093
ORD01085,C1668,R079,2026-09-11T15:45:00+00:00,cancelled,V033,DRV097
ORD01086,C1228,R023,2026-08-31T00:55:00+00:00,delivered,V066,DRV037
ORD01087,C1265,R032,2026-09-01T05:44:00+00:00,delivered,V072,DRV065
ORD01088,C2031,R024,2026-09-14T11:16:00+00:00,delivered,V066,DRV061
ORD01089,C1816,R009,2026-09-09T11:25:00+00:00,in_transit,V013,DRV119
ORD01090,C0950,R069,2026-08-17T17:35:00+00:00,delivered,V014,DRV098
ORD01091,C0422,R065,2026-08-28T22:25:00+00:00,delivered,V068,DRV061
ORD01092,C0787,R027,2026-09-22T03:30:00+00:00,in_transit,V042,DRV021
ORD01093,C2439,R021,2026-08-15T11:33:00+00:00,delivered,V067,DRV061
ORD01094,C0594,R030,2026-08-25T01:33:00+00:00,delivered,V039,DRV048
ORD01095,C1612,R046,2026-08-29T21:11:00+00:00,delivered,V055,DRV073
ORD01096,C0574,R052,2026-08-06T05:27:00+00:00,cancelled,V046,DRV083
ORD01097,C1208,R003,2026-08-19T13:40:00+00:00,delivered,V092,DRV033
ORD01098,C2294,R042,2026-09-09T00:20:00+00:00,delayed,V042,DRV072
ORD01099,C0305,R080,2026-09-15T21:30:00+00:00,delivered,V036,DRV014
ORD01100,C0189,R042,2026-09-13T19:56:00+00:00,picked_up,V076,DRV061
ORD01101,C0243,R032,2026-08-26T13:34:00+00:00,cancelled,V076,DRV049
ORD01102,C1165,R044,2026-08-26T04:42:00+00:00,delivered,V057,DRV119
ORD01103,C1695,R018,2026-08-07T19:39:00+00:00,delivered,V100,DRV094
ORD01104,C1796,R076,2026-08-28T07:41:00+00:00,in_transit,V072,DRV012
ORD01105,C2176,R074,2026-09-19T21:16:00+00:00,delayed,V034,DRV072
ORD01106,C1286,R018,2026-08-07T08:22:00+00:00,picked_up,V090,DRV092
ORD01107,C1484,R028,2026-08-17T21:50:00+00:00,delivered,V030,DRV059
ORD01108,C0489,R034,2026-08-24T10:05:00+00:00,in_transit,V003,DRV018
ORD01109,C2099,R051,2026-09-14T10:23:00+00:00,delayed,V068,DRV008
ORD01110,C1340,R073,2026-09-10T00:01:00+00:00,cancelled,V065,DRV112
ORD01111,C2316,R074,2026-08-31T10:37:00+00:00,in_transit,V095,DRV010
ORD01112,C0360,R015,2026-09-18T14:23:00+00:00,delivered,V066,DRV109
ORD01113,C1135,R025,2026-08-07T20:22:00+00:00,delayed,V056,DRV105
ORD01114,C1392,R020,2026-08-31T06:27:00+00:00,delivered,V083,DRV074
ORD01115,C1598,R056,2026-08-02T23:49:00+00:00,delivered,V038,DRV001
ORD01116,C0913,R029,2026-08-30T11:47:00+00:00,delivered,V034,DRV110
ORD01117,C1453,R059,2026-08-19T07:40:00+00:00,delayed,V074,DRV119
ORD01118,C2185,R019,2026-08-19T19:24:00+00:00,delivered,V013,DRV004
ORD01119,C1292,R070,2026-09-01T20:03:00+00:00,cancelled,V042,DRV112
ORD01120,C0955,R027,2026-08-19T11:13:00+00:00,delivered,V055,DRV035
ORD01121,C1537,R004,2026-08-13T12:55:00+00:00,picked_up,V057,DRV016
ORD01122,C0814,R027,2026-09-04T17:31:00+00:00,delivered,V057,DRV052
ORD01123,C2369,R076,2026-08-12T10:05:00+00:00,delivered,V023,DRV065
ORD01124,C1468,R027,2026-08-12T02:22:00+00:00,picked_up,V095,DRV078
ORD01125,C1958,R025,2026-08-20T06:23:00+00:00,cancelled,V065,DRV047
ORD01126,C1721,R015,2026-09-11T18:22:00+00:00,delivered,V049,DRV103
ORD01127,C1232,R046,2026-09-02T21:59:00+00:00,picked_up,V009,DRV056
ORD01128,C1325,R050,2026-09-12T22:50:00+00:00,delivered,V036,DRV094
ORD01129,C0638,R032,2026-08-17T05:22:00+00:00,in_transit,V017,DRV067
ORD01130,C1201,R005,2026-08-06T17:34:00+00:00,in_transit,V027,DRV111
ORD01131,C2125,R054,2026-08-15T10:03:00+00:00,delivered,V023,DRV120
ORD01132,C0836,R047,2026-08-11T02:19:00+00:00,delayed,V004,DRV064
ORD01133,C0106,R048,2026-08-25T06:51:00+00:00,in_transit,V004,DRV101
ORD01134,C1670,R061,2026-08-04T03:53:00+00:00,delayed,V019,DRV117
ORD01135,C0411,R049,2026-09-24T12:19:00+00:00,delayed,V022,DRV021
ORD01136,C1949,R029,2026-08-09T13:56:00+00:00,delivered,V009,DRV015
ORD01137,C0003,R069,2026-09-10T05:30:00+00:00,delivered,V078,DRV104
ORD01138,C1498,R061,2026-08-24T10:41:00+00:00,delivered,V085,DRV070
ORD01139,C0532,R064,2026-09-22T01:51:00+00:00,delivered,V029,DRV066
ORD01140,C0432,R011,2026-08-09T17:56:00+00:00,delayed,V037,DRV114
ORD01141,C1893,R033,2026-08-17T22:20:00+00:00,delayed,V039,DRV043
ORD01142,C0141,R042,2026-09-08T13:57:00+00:00,delivered,V019,DRV075
ORD01143,C0140,R007,2026-08-19T03:04:00+00:00,cancelled,V002,DRV019
ORD01144,C1409,R051,2026-08-30T10:55:00+00:00,delivered,V062,DRV062
ORD01145,C1077,R074,2026-09-07T02:40:00+00:00,delivered,V028,DRV059
ORD01146,C0764,R036,2026-09-16T22:50:00+00:00,picked_up,V044,DRV115
ORD01147,C1403,R063,2026-09-20T02:04:00+00:00,delivered,V013,DRV086
ORD01148,C0388,R047,2026-09-08T22:25:00+00:00,in_transit,V070,DRV017
ORD01149,C1424,R015,2026-08-12T02:07:00+00:00,in_transit,V038,DRV017
ORD01150,C2068,R056,2026-09-20T10:59:00+00:00,cancelled,V011,DRV111
ORD01151,C0069,R066,2026-08-18T20:09:00+00:00,delivered,V088,DRV029
ORD01152,C2174,R068,2026-09-24T17:54:00+00:00,delayed,V073,DRV111
ORD01153,C1534,R047,2026-09-19T04:33:00+00:00,delivered,V068,DRV022
ORD01154,C0623,R022,2026-08-21T18:38:00+00:00,picked_up,V097,DRV092
ORD01155,C1597,R036,2026-08-05T15:11:00+00:00,cancelled,V052,DRV038
ORD01156,C0307,R060,2026-08-30T10:07:00+00:00,delivered,V039,DRV001
ORD01157,C0274,R040,2026-08-20T01:16:00+00:00,picked_up,V079,DRV077
ORD01158,C0994,R018,2026-08-14T06:12:00+00:00,delivered,V021,DRV098
ORD01159,C1436,R054,2026-09-05T15:30:00+00:00,in_transit,V032,DRV107
ORD01160,C2400,R036,2026-08-13T20:49:00+00:00,picked_up,V016,DRV093
ORD01161,C0045,R057,2026-08-14T00:50:00+00:00,in_transit,V098,DRV042
ORD01162,C1930,R040,2026-09-17T19:56:00+00:00,delivered,V081,DRV077
ORD01163,C2499,R057,2026-08-28T09:24:00+00:00,picked_up,V070,DRV096
ORD01164,C1047,R010,2026-09-01T03:26:00+00:00,picked_up,V006,DRV049
ORD01165,C1996,R060,2026-09-08T21:38:00+00:00,in_transit,V091,DRV089
ORD01166,C2454,R067,2026-08-10T12:56:00+00:00,delivered,V094,DRV078
ORD01167,C1148,R064,2026-09-09T11:51:00+00:00,delivered,V082,DRV014
ORD01168,C0341,R066,2026-08-30T23:11:00+00:00,delivered,V033,DRV046
ORD01169,C1777,R063,2026-08-23T05:17:00+00:00,in_transit,V029,DRV076
ORD01170,C2485,R063,2026-09-21T04:48:00+00:00,in_transit,V073,DRV049
ORD01171,C2358,R078,2026-08-10T21:02:00+00:00,in_transit,V083,DRV013
ORD01172,C2474,R031,2026-09-03T00:17:00+00:00,in_transit,V091,DRV116
ORD01173,C1888,R006,2026-09-01T15:45:00+00:00,in_transit,V057,DRV110
ORD01174,C1348,R056,2026-08-03T09:35:00+00:00,delivered,V024,DRV004
ORD01175,C1410,R053,2026-08-03T17:44:00+00:00,delayed,V033,DRV046
ORD01176,C1078,R036,2026-09-10T16:26:00+00:00,delayed,V042,DRV059
ORD01177,C1428,R072,2026-09-19T21:45:00+00:00,in_transit,V095,DRV052
ORD01178,C0933,R012,2026-08-31T12:34:00+00:00,delivered,V069,DRV095
ORD01179,C2037,R013,2026-08-09T07:53:00+00:00,in_transit,V041,DRV080
ORD01180,C1381,R026,2026-08-25T06:41:00+00:00,picked_up,V063,DRV045
ORD01181,C2384,R021,2026-08-16T11:34:00+00:00,delivered,V015,DRV025
ORD01182,C1631,R072,2026-08-28T00:27:00+00:00,delayed,V069,DRV023
ORD01183,C1079,R012,2026-08-09T07:46:00+00:00,delayed,V085,DRV052
ORD01184,C1204,R069,2026-09-02T06:20:00+00:00,delivered,V050,DRV014
ORD01185,C0635,R029,2026-09-10T09:49:00+00:00,picked_up,V032,DRV071
ORD01186,C0926,R064,2026-08-21T14:51:00+00:00,picked_up,V029,DRV032
ORD01187,C1980,R028,2026-08-14T10:03:00+00:00,delivered,V032,DRV003
ORD01188,C0763,R072,2026-09-20T08:19:00+00:00,cancelled,V025,DRV053
ORD01189,C1491,R074,2026-09-05T08:37:00+00:00,delayed,V091,DRV102
ORD01190,C2214,R048,2026-09-03T08:04:00+00:00,picked_up,V031,DRV041
ORD01191,C2205,R018,2026-08-30T08:30:00+00:00,picked_up,V090,DRV032
ORD01192,C2475,R065,2026-09-13T09:56:00+00:00,delivered,V014,DRV104
ORD01193,C0218,R071,2026-08-21T13:55:00+00:00,delivered,V074,DRV108
ORD01194,C0091,R057,2026-09-15T10:34:00+00:00,in_transit,V009,DRV022
ORD01195,C0262,R008,2026-09-01T19:07:00+00:00,delivered,V091,DRV019
ORD01196,C2449,R036,2026-09-22T01:34:00+00:00,delivered,V094,DRV004
ORD01197,C2206,R018,2026-09-06T04:56:00+00:00,delivered,V058,DRV040
ORD01198,C0591,R030,2026-09-22T00:18:00+00:00,delayed,V066,DRV053
ORD01199,C0491,R079,2026-08-05T21:04:00+00:00,delayed,V046,DRV076
ORD01200,C0798,R009,2026-09-18T08:10:00+00:00,delivered,V021,DRV094
ORD01201,C0490,R023,2026-08-17T15:29:00+00:00,delivered,V064,DRV094
ORD01202,C1670,R013,2026-09-06T21:34:00+00:00,in_transit,V088,DRV050
ORD01203,C0727,R018,2026-09-01T10:21:00+00:00,delivered,V040,DRV046
ORD01204,C0929,R064,2026-08-09T09:56:00+00:00,delivered,V052,DRV026
ORD01205,C1056,R011,2026-08-31T23:02:00+00:00,delivered,V013,DRV068
ORD01206,C0691,R008,2026-09-20T17:48:00+00:00,delivered,V048,DRV013
ORD01207,C2327,R002,2026-08-01T14:06:00+00:00,delivered,V040,DRV004
ORD01208,C2193,R023,2026-08-18T06:20:00+00:00,in_transit,V064,DRV024
ORD01209,C1806,R013,2026-08-15T04:08:00+00:00,in_transit,V074,DRV023
ORD01210,C2202,R020,2026-09-10T14:06:00+00:00,delivered,V005,DRV120
ORD01211,C2124,R038,2026-08-10T21:36:00+00:00,delivered,V024,DRV076
ORD01212,C1382,R064,2026-08-18T18:34:00+00:00,in_transit,V079,DRV118
ORD01213,C2272,R071,2026-09-05T10:44:00+00:00,delayed,V015,DRV086
ORD01214,C1656,R032,2026-09-03T07:58:00+00:00,delivered,V063,DRV025
ORD01215,C2422,R008,2026-09-13T19:05:00+00:00,picked_up,V085,DRV091
ORD01216,C2179,R012,2026-08-30T08:21:00+00:00,picked_up,V073,DRV074
ORD01217,C0812,R026,2026-08-26T20:29:00+00:00,delivered,V058,DRV098
ORD01218,C0098,R055,2026-09-07T00:00:00+00:00,delivered,V011,DRV063
ORD01219,C2039,R042,2026-09-21T05:16:00+00:00,delivered,V050,DRV040
ORD01220,C2407,R068,2026-08-04T21:09:00+00:00,delivered,V012,DRV040
ORD01221,C1577,R041,2026-08-05T11:06:00+00:00,delivered,V007,DRV039
ORD01222,C1777,R069,2026-08-05T20:48:00+00:00,picked_up,V088,DRV112
ORD01223,C0761,R048,2026-08-05T04:19:00+00:00,picked_up,V013,DRV059
ORD01224,C0064,R010,2026-08-19T13:55:00+00:00,delivered,V074,DRV082
ORD01225,C0985,R027,2026-08-11T17:41:00+00:00,picked_up,V001,DRV116
ORD01226,C0639,R050,2026-08-21T20:50:00+00:00,delivered,V052,DRV006
ORD01227,C2337,R032,2026-08-24T15:23:00+00:00,picked_up,V055,DRV088
ORD01228,C1695,R035,2026-09-07T09:53:00+00:00,in_transit,V054,DRV106
ORD01229,C1620,R025,2026-09-14T11:37:00+00:00,delivered,V002,DRV081
ORD01230,C0651,R017,2026-08-21T12:00:00+00:00,delivered,V015,DRV015
ORD01231,C1632,R024,2026-09-19T00:07:00+00:00,delivered,V095,DRV033
ORD01232,C0490,R037,2026-08-27T02:03:00+00:00,picked_up,V034,DRV014
ORD01233,C2123,R012,2026-09-20T12:55:00+00:00,picked_up,V026,DRV017
ORD01234,C1590,R062,2026-08-11T01:10:00+00:00,delivered,V005,DRV107
ORD01235,C0585,R009,2026-08-23T04:37:00+00:00,delivered,V048,DRV057
ORD01236,C0862,R006,2026-09-15T23:37:00+00:00,delayed,V025,DRV099
ORD01237,C1028,R073,2026-08-02T09:16:00+00:00,picked_up,V044,DRV111
ORD01238,C1557,R060,2026-08-19T08:22:00+00:00,picked_up,V008,DRV051
ORD01239,C1376,R065,2026-08-06T23:31:00+00:00,delivered,V081,DRV025
ORD01240,C1179,R057,2026-08-07T09:41:00+00:00,picked_up,V078,DRV068
ORD01241,C1680,R071,2026-08-29T22:35:00+00:00,delivered,V088,DRV009
ORD01242,C0426,R022,2026-08-30T09:24:00+00:00,delivered,V019,DRV116
ORD01243,C2323,R049,2026-08-01T09:14:00+00:00,in_transit,V050,DRV099
ORD01244,C1952,R005,2026-09-21T11:19:00+00:00,delivered,V003,DRV084
ORD01245,C2010,R079,2026-09-05T07:47:00+00:00,delivered,V096,DRV031
ORD01246,C2198,R059,2026-09-13T18:29:00+00:00,picked_up,V020,DRV059
ORD01247,C1054,R019,2026-08-27T04:46:00+00:00,in_transit,V023,DRV050
ORD01248,C1884,R003,2026-09-09T11:23:00+00:00,picked_up,V019,DRV006
ORD01249,C0853,R030,2026-09-06T18:53:00+00:00,delivered,V081,DRV046
ORD01250,C1899,R054,2026-09-12T02:00:00+00:00,delayed,V057,DRV050
ORD01251,C1008,R042,2026-09-06T09:58:00+00:00,delivered,V068,DRV027
ORD01252,C1489,R073,2026-08-18T21:48:00+00:00,picked_up,V094,DRV085
ORD01253,C0579,R053,2026-09-04T07:32:00+00:00,in_transit,V028,DRV051
ORD01254,C1689,R070,2026-09-11T05:17:00+00:00,delivered,V100,DRV112
ORD01255,C1575,R028,2026-08-31T22:06:00+00:00,in_transit,V021,DRV085
ORD01256,C0706,R057,2026-08-03T07:08:00+00:00,in_transit,V050,DRV073
ORD01257,C1685,R020,2026-09-06T17:21:00+00:00,in_transit,V026,DRV020
ORD01258,C2174,R032,2026-08-12T22:15:00+00:00,delayed,V063,DRV041
ORD01259,C0369,R009,2026-08-08T22:44:00+00:00,delivered,V007,DRV043
ORD01260,C0271,R026,2026-08-14T20:49:00+00:00,cancelled,V040,DRV108
ORD01261,C1387,R041,2026-09-23T04:47:00+00:00,picked_up,V058,DRV061
ORD01262,C0623,R039,2026-08-10T07:51:00+00:00,picked_up,V021,DRV116
ORD01263,C2301,R016,2026-09-18T15:35:00+00:00,picked_up,V053,DRV021
ORD01264,C1823,R032,2026-08-11T09:12:00+00:00,in_transit,V019,DRV117
ORD01265,C0082,R018,2026-09-04T20:01:00+00:00,delivered,V062,DRV022
ORD01266,C2322,R075,2026-09-22T05:02:00+00:00,delivered,V003,DRV063
ORD01267,C1230,R011,2026-09-03T20:18:00+00:00,delivered,V018,DRV080
ORD01268,C0341,R015,2026-08-19T02:24:00+00:00,cancelled,V042,DRV038
ORD01269,C0693,R064,2026-08-02T14:42:00+00:00,in_transit,V076,DRV054
ORD01270,C0097,R025,2026-09-16T22:30:00+00:00,delivered,V067,DRV116
ORD01271,C1078,R022,2026-08-05T22:11:00+00:00,in_transit,V090,DRV040
ORD01272,C1877,R044,2026-08-04T17:48:00+00:00,delivered,V098,DRV085
ORD01273,C2350,R071,2026-08-03T21:26:00+00:00,delivered,V080,DRV002
ORD01274,C0148,R049,2026-08-19T07:10:00+00:00,picked_up,V049,DRV050
ORD01275,C1402,R043,2026-09-03T11:08:00+00:00,picked_up,V055,DRV053
ORD01276,C0342,R034,2026-09-20T11:16:00+00:00,delivered,V037,DRV035
ORD01277,C0527,R041,2026-09-16T09:07:00+00:00,picked_up,V003,DRV104
ORD01278,C0971,R010,2026-08-17T04:22:00+00:00,delivered,V020,DRV074
ORD01279,C0289,R002,2026-08-02T07:26:00+00:00,delayed,V044,DRV112
ORD01280,C0500,R059,2026-08-31T04:04:00+00:00,delayed,V014,DRV079
ORD01281,C0016,R026,2026-08-08T13:43:00+00:00,delivered,V092,DRV012
ORD01282,C2169,R027,2026-08-05T15:36:00+00:00,delayed,V050,DRV042
ORD01283,C1180,R026,2026-09-15T03:16:00+00:00,in_transit,V024,DRV061
ORD01284,C1079,R024,2026-09-16T06:48:00+00:00,delivered,V023,DRV026
ORD01285,C0311,R074,2026-08-18T07:58:00+00:00,in_transit,V090,DRV098
ORD01286,C2427,R042,2026-08-21T20:43:00+00:00,delivered,V082,DRV108
ORD01287,C1028,R053,2026-09-16T06:29:00+00:00,in_transit,V028,DRV055
ORD01288,C1153,R068,2026-08-01T17:22:00+00:00,in_transit,V088,DRV033
ORD01289,C1762,R008,2026-08-06T18:34:00+00:00,delivered,V094,DRV008
ORD01290,C1481,R002,2026-08-09T02:02:00+00:00,delivered,V099,DRV118
ORD01291,C1968,R034,2026-08-30T04:54:00+00:00,delivered,V096,DRV104
ORD01292,C0935,R039,2026-09-14T14:37:00+00:00,delivered,V096,DRV025
ORD01293,C1652,R046,2026-09-07T11:46:00+00:00,delivered,V060,DRV042
ORD01294,C1719,R058,2026-08-14T22:29:00+00:00,delivered,V097,DRV050
ORD01295,C1637,R041,2026-09-04T21:10:00+00:00,cancelled,V081,DRV020
ORD01296,C0389,R056,2026-08-16T18:19:00+00:00,delivered,V024,DRV028
ORD01297,C2038,R061,2026-08-14T19:32:00+00:00,delivered,V026,DRV003
ORD01298,C2486,R039,2026-09-20T05:01:00+00:00,delivered,V025,DRV063
ORD01299,C1448,R056,2026-08-15T14:47:00+00:00,delivered,V086,DRV008
ORD01300,C2125,R042,2026-09-13T14:20:00+00:00,in_transit,V019,DRV031
ORD01301,C0650,R054,2026-09-14T19:09:00+00:00,delivered,V040,DRV081
ORD01302,C2170,R040,2026-09-09T04:18:00+00:00,in_transit,V077,DRV017
ORD01303,C0073,R048,2026-08-12T20:27:00+00:00,delivered,V061,DRV009
ORD01304,C0957,R054,2026-08-23T13:03:00+00:00,delivered,V042,DRV089
ORD01305,C1357,R061,2026-08-26T15:13:00+00:00,in_transit,V074,DRV102
ORD01306,C2429,R042,2026-09-22T04:55:00+00:00,cancelled,V030,DRV091
ORD01307,C2093,R063,2026-09-21T08:05:00+00:00,delivered,V003,DRV041
ORD01308,C2469,R019,2026-08-30T09:40:00+00:00,delivered,V063,DRV060
ORD01309,C0587,R058,2026-09-05T14:53:00+00:00,delayed,V099,DRV036
ORD01310,C1459,R061,2026-08-23T15:32:00+00:00,delivered,V001,DRV042
ORD01311,C2478,R019,2026-08-25T22:17:00+00:00,cancelled,V063,DRV041
ORD01312,C0249,R025,2026-09-24T11:50:00+00:00,in_transit,V038,DRV094
ORD01313,C0045,R065,2026-08-26T20:19:00+00:00,delivered,V049,DRV055
ORD01314,C1727,R027,2026-08-14T04:07:00+00:00,delivered,V004,DRV084
ORD01315,C0643,R060,2026-08-14T15:00:00+00:00,delivered,V049,DRV072
ORD01316,C2485,R014,2026-08-26T02:12:00+00:00,delivered,V026,DRV091
ORD01317,C0215,R021,2026-09-23T12:43:00+00:00,delivered,V003,DRV016
ORD01318,C2254,R062,2026-09-03T14:40:00+00:00,delivered,V093,DRV049
ORD01319,C0142,R056,2026-08-30T14:41:00+00:00,delivered,V042,DRV079
ORD01320,C0541,R073,2026-09-21T22:57:00+00:00,delivered,V066,DRV008
ORD01321,C0963,R009,2026-08-13T19:10:00+00:00,delivered,V067,DRV021
ORD01322,C0285,R046,2026-08-31T23:40:00+00:00,delivered,V044,DRV097
ORD01323,C1622,R070,2026-08-06T17:50:00+00:00,delivered,V083,DRV102
ORD01324,C1069,R012,2026-08-19T23:26:00+00:00,delivered,V015,DRV098
ORD01325,C0924,R008,2026-09-20T23:06:00+00:00,delivered,V083,DRV108
ORD01326,C0564,R006,2026-08-21T01:52:00+00:00,delayed,V020,DRV112
ORD01327,C2017,R050,2026-09-06T01:36:00+00:00,delivered,V098,DRV038
ORD01328,C0856,R071,2026-08-07T07:09:00+00:00,delivered,V076,DRV005
ORD01329,C1508,R063,2026-08-01T17:46:00+00:00,delivered,V011,DRV075
ORD01330,C1153,R028,2026-08-14T23:37:00+00:00,delivered,V081,DRV096
ORD01331,C2489,R048,2026-09-16T14:58:00+00:00,delivered,V026,DRV097
ORD01332,C1169,R026,2026-08-30T23:04:00+00:00,picked_up,V051,DRV016
ORD01333,C1662,R058,2026-09-25T00:33:00+00:00,cancelled,V086,DRV066
ORD01334,C0843,R015,2026-08-04T21:27:00+00:00,delivered,V014,DRV096
ORD01335,C1900,R039,2026-08-20T13:26:00+00:00,picked_up,V039,DRV047
ORD01336,C2094,R030,2026-09-21T15:14:00+00:00,picked_up,V033,DRV028
ORD01337,C2047,R002,2026-08-20T20:50:00+00:00,picked_up,V043,DRV027
ORD01338,C2014,R059,2026-09-05T18:26:00+00:00,in_transit,V022,DRV118
ORD01339,C1018,R077,2026-08-27T00:44:00+00:00,delayed,V086,DRV110
ORD01340,C0046,R014,2026-08-01T03:40:00+00:00,picked_up,V080,DRV007
ORD01341,C0399,R039,2026-09-10T13:26:00+00:00,delivered,V073,DRV021
ORD01342,C1528,R028,2026-08-18T10:09:00+00:00,cancelled,V095,DRV113
ORD01343,C0492,R054,2026-08-03T04:14:00+00:00,delivered,V005,DRV116
ORD01344,C0125,R034,2026-09-11T18:58:00+00:00,picked_up,V027,DRV016
ORD01345,C2375,R002,2026-08-11T09:00:00+00:00,delivered,V031,DRV059
ORD01346,C0628,R003,2026-09-21T08:58:00+00:00,delivered,V094,DRV089
ORD01347,C1908,R051,2026-09-04T12:45:00+00:00,delivered,V064,DRV056
ORD01348,C1151,R002,2026-09-22T15:06:00+00:00,picked_up,V085,DRV009
ORD01349,C0771,R026,2026-08-25T10:38:00+00:00,delivered,V035,DRV112
ORD01350,C2002,R001,2026-08-05T03:06:00+00:00,picked_up,V056,DRV072
ORD01351,C1936,R037,2026-09-03T05:22:00+00:00,delivered,V048,DRV059
ORD01352,C1421,R048,2026-09-20T07:56:00+00:00,delivered,V042,DRV095
ORD01353,C1198,R075,2026-09-06T15:42:00+00:00,delivered,V045,DRV099
ORD01354,C2467,R070,2026-09-07T05:48:00+00:00,delivered,V056,DRV012
ORD01355,C2209,R043,2026-09-02T17:40:00+00:00,in_transit,V058,DRV097
ORD01356,C2453,R044,2026-09-16T05:47:00+00:00,picked_up,V081,DRV019
ORD01357,C1624,R021,2026-09-22T06:41:00+00:00,delivered,V027,DRV106
ORD01358,C2358,R015,2026-09-15T16:04:00+00:00,delivered,V067,DRV014
ORD01359,C1372,R071,2026-08-16T04:42:00+00:00,delayed,V088,DRV091
ORD01360,C1609,R042,2026-09-04T02:09:00+00:00,delivered,V051,DRV067
ORD01361,C1859,R045,2026-09-07T05:21:00+00:00,in_transit,V014,DRV029
ORD01362,C0296,R001,2026-09-16T01:28:00+00:00,delayed,V064,DRV019
ORD01363,C0396,R052,2026-08-28T15:58:00+00:00,picked_up,V070,DRV082
ORD01364,C0293,R003,2026-08-03T21:15:00+00:00,delivered,V027,DRV024
ORD01365,C1651,R058,2026-08-11T20:41:00+00:00,delivered,V046,DRV085
ORD01366,C1756,R039,2026-09-01T10:28:00+00:00,delivered,V027,DRV039
ORD01367,C2048,R079,2026-09-24T03:37:00+00:00,delivered,V063,DRV005
ORD01368,C2208,R004,2026-08-24T08:20:00+00:00,delayed,V050,DRV097
ORD01369,C0112,R076,2026-09-02T02:52:00+00:00,picked_up,V088,DRV063
ORD01370,C0340,R063,2026-08-09T00:30:00+00:00,delivered,V070,DRV012
ORD01371,C2473,R013,2026-09-11T14:01:00+00:00,delivered,V044,DRV031
ORD01372,C1849,R042,2026-08-29T07:22:00+00:00,in_transit,V091,DRV110
ORD01373,C0116,R053,2026-08-09T19:57:00+00:00,delivered,V017,DRV076
ORD01374,C1590,R065,2026-08-17T13:03:00+00:00,delivered,V090,DRV073
ORD01375,C1851,R075,2026-08-11T20:18:00+00:00,in_transit,V063,DRV023
ORD01376,C0635,R006,2026-08-27T11:32:00+00:00,in_transit,V055,DRV015
ORD01377,C0724,R062,2026-09-14T10:10:00+00:00,delivered,V050,DRV100
ORD01378,C2021,R039,2026-08-17T17:45:00+00:00,delivered,V088,DRV075
ORD01379,C2479,R015,2026-08-10T06:45:00+00:00,delivered,V017,DRV095
ORD01380,C2152,R064,2026-09-03T12:53:00+00:00,delayed,V056,DRV003
ORD01381,C1788,R070,2026-08-10T20:37:00+00:00,delivered,V005,DRV036
ORD01382,C1945,R009,2026-08-09T02:45:00+00:00,delivered,V086,DRV046
ORD01383,C2337,R032,2026-08-13T14:45:00+00:00,delivered,V021,DRV012
ORD01384,C2283,R026,2026-09-10T17:30:00+00:00,in_transit,V070,DRV048
ORD01385,C0163,R009,2026-08-17T23:58:00+00:00,in_transit,V015,DRV072
ORD01386,C0046,R019,2026-08-28T12:01:00+00:00,delivered,V090,DRV051
ORD01387,C2399,R066,2026-08-02T03:23:00+00:00,delivered,V086,DRV035
ORD01388,C0875,R018,2026-08-30T04:22:00+00:00,picked_up,V062,DRV103
ORD01389,C1589,R061,2026-09-13T14:09:00+00:00,delivered,V013,DRV023
ORD01390,C1957,R017,2026-09-16T11:11:00+00:00,delivered,V098,DRV009
ORD01391,C1482,R022,2026-08-23T14:23:00+00:00,in_transit,V053,DRV108
ORD01392,C1313,R053,2026-08-06T14:28:00+00:00,delayed,V006,DRV112
ORD01393,C0921,R025,2026-09-04T02:09:00+00:00,delivered,V078,DRV108
ORD01394,C0645,R079,2026-09-16T11:55:00+00:00,picked_up,V083,DRV112
ORD01395,C2457,R067,2026-08-27T05:19:00+00:00,delivered,V010,DRV056
ORD01396,C0164,R009,2026-09-21T06:55:00+00:00,delivered,V100,DRV019
ORD01397,C2193,R051,2026-08-26T17:01:00+00:00,delivered,V044,DRV039
ORD01398,C2415,R061,2026-09-16T15:10:00+00:00,delivered,V097,DRV112
ORD01399,C2118,R044,2026-08-09T08:02:00+00:00,in_transit,V044,DRV069
ORD01400,C0934,R035,2026-08-25T19:58:00+00:00,picked_up,V077,DRV066
ORD01401,C1373,R031,2026-09-21T16:43:00+00:00,delivered,V040,DRV025
ORD01402,C0571,R034,2026-09-24T13:05:00+00:00,delivered,V085,DRV025
ORD01403,C1896,R047,2026-09-19T11:55:00+00:00,in_transit,V027,DRV103
ORD01404,C1382,R038,2026-08-23T13:56:00+00:00,delivered,V082,DRV107
ORD01405,C1109,R064,2026-09-04T07:51:00+00:00,delivered,V062,DRV092
ORD01406,C0510,R044,2026-08-14T11:38:00+00:00,delivered,V010,DRV033
ORD01407,C2028,R051,2026-08-01T11:45:00+00:00,delivered,V033,DRV119
ORD01408,C1089,R075,2026-08-26T06:29:00+00:00,delivered,V054,DRV026
ORD01409,C1283,R063,2026-09-24T06:09:00+00:00,delivered,V056,DRV050
ORD01410,C0288,R024,2026-08-12T07:37:00+00:00,delivered,V007,DRV006
ORD01411,C1734,R071,2026-09-18T19:41:00+00:00,delivered,V013,DRV119
ORD01412,C1136,R073,2026-08-06T13:58:00+00:00,delivered,V044,DRV080
ORD01413,C1093,R031,2026-08-22T03:16:00+00:00,delivered,V078,DRV074
ORD01414,C0901,R020,2026-08-03T04:20:00+00:00,in_transit,V041,DRV098
ORD01415,C2340,R027,2026-09-19T10:26:00+00:00,in_transit,V021,DRV012
ORD01416,C0992,R016,2026-08-09T21:41:00+00:00,delivered,V053,DRV029
ORD01417,C0013,R022,2026-08-16T21:53:00+00:00,picked_up,V036,DRV014
ORD01418,C0875,R056,2026-09-22T20:57:00+00:00,picked_up,V050,DRV058
ORD01419,C1575,R011,2026-09-07T08:26:00+00:00,delayed,V057,DRV020
ORD01420,C1789,R070,2026-08-25T21:15:00+00:00,delivered,V087,DRV063
ORD01421,C1812,R003,2026-09-15T12:39:00+00:00,delivered,V050,DRV108
ORD01422,C1547,R019,2026-08-08T03:10:00+00:00,in_transit,V090,DRV088
ORD01423,C1019,R027,2026-08-20T23:17:00+00:00,delivered,V052,DRV036
ORD01424,C2308,R049,2026-09-24T18:29:00+00:00,picked_up,V004,DRV088
ORD01425,C2342,R009,2026-09-11T07:37:00+00:00,delayed,V003,DRV050
ORD01426,C1738,R049,2026-08-02T22:16:00+00:00,delivered,V093,DRV058
ORD01427,C1065,R033,2026-09-01T21:33:00+00:00,delivered,V047,DRV117
ORD01428,C2454,R022,2026-08-21T01:07:00+00:00,picked_up,V083,DRV067
ORD01429,C0651,R049,2026-09-03T05:57:00+00:00,delivered,V030,DRV012
ORD01430,C1046,R071,2026-08-05T17:58:00+00:00,delivered,V068,DRV120
ORD01431,C0762,R038,2026-08-14T00:06:00+00:00,picked_up,V036,DRV112
ORD01432,C0378,R040,2026-08-16T05:11:00+00:00,delivered,V030,DRV112
ORD01433,C0688,R023,2026-08-27T08:25:00+00:00,delivered,V055,DRV115
ORD01434,C0416,R026,2026-09-24T23:30:00+00:00,delayed,V009,DRV099
ORD01435,C1512,R069,2026-08-12T09:26:00+00:00,delayed,V071,DRV098
ORD01436,C0704,R069,2026-08-18T03:09:00+00:00,delivered,V002,DRV042
ORD01437,C0553,R003,2026-09-15T16:25:00+00:00,delivered,V008,DRV051
ORD01438,C2495,R061,2026-08-15T08:28:00+00:00,picked_up,V031,DRV111
ORD01439,C0451,R036,2026-09-12T05:00:00+00:00,delivered,V023,DRV091
ORD01440,C0003,R078,2026-08-04T23:32:00+00:00,delivered,V049,DRV018
ORD01441,C2218,R068,2026-09-14T18:30:00+00:00,in_transit,V051,DRV071
ORD01442,C1660,R060,2026-09-17T10:05:00+00:00,delivered,V078,DRV074
ORD01443,C0150,R053,2026-08-16T07:05:00+00:00,delivered,V064,DRV017
ORD01444,C1690,R077,2026-09-03T14:49:00+00:00,picked_up,V015,DRV078
ORD01445,C0066,R039,2026-09-04T02:46:00+00:00,delivered,V063,DRV026
ORD01446,C0573,R019,2026-09-11T02:13:00+00:00,picked_up,V098,DRV096
ORD01447,C1799,R032,2026-08-14T01:47:00+00:00,delivered,V030,DRV116
ORD01448,C0839,R052,2026-09-12T15:27:00+00:00,delayed,V048,DRV113
ORD01449,C0415,R054,2026-08-05T19:26:00+00:00,delivered,V019,DRV115
ORD01450,C1776,R007,2026-09-01T23:11:00+00:00,delivered,V050,DRV114
ORD01451,C0166,R038,2026-09-02T11:50:00+00:00,picked_up,V071,DRV062
ORD01452,C0046,R046,2026-08-31T05:40:00+00:00,delivered,V065,DRV022
ORD01453,C2135,R072,2026-08-25T16:53:00+00:00,delivered,V066,DRV028
ORD01454,C1422,R058,2026-09-06T20:48:00+00:00,delivered,V079,DRV059
ORD01455,C1796,R048,2026-08-05T20:07:00+00:00,picked_up,V075,DRV016
ORD01456,C2320,R066,2026-08-04T08:18:00+00:00,in_transit,V071,DRV094
ORD01457,C1095,R049,2026-08-31T03:11:00+00:00,in_transit,V057,DRV094
ORD01458,C0903,R026,2026-08-09T12:40:00+00:00,in_transit,V036,DRV051
ORD01459,C2332,R039,2026-08-02T04:51:00+00:00,cancelled,V025,DRV054
ORD01460,C0863,R020,2026-09-08T21:21:00+00:00,delivered,V033,DRV118
ORD01461,C0271,R021,2026-08-04T12:27:00+00:00,delivered,V062,DRV101
ORD01462,C1404,R022,2026-09-15T01:56:00+00:00,delivered,V086,DRV059
ORD01463,C1338,R034,2026-09-22T14:38:00+00:00,in_transit,V095,DRV043
ORD01464,C1005,R067,2026-08-26T12:04:00+00:00,picked_up,V100,DRV115
ORD01465,C2044,R056,2026-09-14T04:11:00+00:00,delivered,V066,DRV039
ORD01466,C0607,R076,2026-08-28T10:45:00+00:00,picked_up,V033,DRV014
ORD01467,C2221,R032,2026-09-12T10:12:00+00:00,picked_up,V013,DRV090
ORD01468,C0994,R052,2026-09-08T06:05:00+00:00,in_transit,V039,DRV011
ORD01469,C1663,R062,2026-08-07T05:18:00+00:00,delayed,V008,DRV056
ORD01470,C0485,R054,2026-09-13T05:01:00+00:00,cancelled,V043,DRV048
ORD01471,C0877,R063,2026-09-14T22:41:00+00:00,picked_up,V051,DRV076
ORD01472,C0653,R031,2026-08-27T05:19:00+00:00,delivered,V022,DRV044
ORD01473,C0035,R049,2026-08-08T15:04:00+00:00,delivered,V011,DRV102
ORD01474,C0623,R055,2026-09-14T21:23:00+00:00,picked_up,V090,DRV083
ORD01475,C1503,R061,2026-08-17T07:41:00+00:00,delivered,V038,DRV108
ORD01476,C0410,R012,2026-08-04T17:23:00+00:00,delivered,V040,DRV043
ORD01477,C0697,R011,2026-08-04T18:24:00+00:00,in_transit,V025,DRV102
ORD01478,C2155,R014,2026-08-25T09:20:00+00:00,in_transit,V079,DRV108
ORD01479,C1065,R037,2026-08-13T16:53:00+00:00,delivered,V078,DRV110
ORD01480,C1163,R066,2026-08-09T18:59:00+00:00,delivered,V029,DRV089
ORD01481,C2085,R044,2026-08-15T23:00:00+00:00,in_transit,V058,DRV046
ORD01482,C1267,R052,2026-09-08T04:36:00+00:00,picked_up,V031,DRV102
ORD01483,C0326,R031,2026-09-12T00:56:00+00:00,delivered,V020,DRV005
ORD01484,C0612,R016,2026-08-14T11:58:00+00:00,delivered,V058,DRV017
ORD01485,C1784,R043,2026-08-30T07:10:00+00:00,in_transit,V092,DRV062
ORD01486,C1939,R071,2026-09-23T12:49:00+00:00,delivered,V091,DRV027
ORD01487,C0129,R021,2026-09-05T16:36:00+00:00,delivered,V009,DRV007
ORD01488,C1326,R024,2026-09-15T11:38:00+00:00,delivered,V051,DRV101
ORD01489,C0754,R042,2026-09-08T11:26:00+00:00,in_transit,V097,DRV073
ORD01490,C0173,R033,2026-09-07T22:15:00+00:00,delivered,V043,DRV019
ORD01491,C0829,R066,2026-09-25T01:34:00+00:00,delivered,V036,DRV117
ORD01492,C1528,R005,2026-08-01T23:46:00+00:00,in_transit,V092,DRV044
ORD01493,C0865,R014,2026-09-14T00:41:00+00:00,delayed,V065,DRV026
ORD01494,C0806,R065,2026-08-26T01:48:00+00:00,delivered,V068,DRV076
ORD01495,C1870,R059,2026-09-23T20:07:00+00:00,delivered,V069,DRV097
ORD01496,C0258,R043,2026-08-02T19:55:00+00:00,delivered,V081,DRV102
ORD01497,C2421,R060,2026-09-22T03:58:00+00:00,delivered,V041,DRV107
ORD01498,C0940,R034,2026-08-28T10:53:00+00:00,picked_up,V005,DRV105
ORD01499,C1841,R034,2026-08-01T12:08:00+00:00,delivered,V006,DRV029
ORD01500,C1121,R001,2026-09-09T07:40:00+00:00,delivered,V010,DRV103
ORD01501,C2035,R065,2026-08-28T23:28:00+00:00,delayed,V085,DRV007
ORD01502,C1594,R071,2026-08-27T07:43:00+00:00,delayed,V031,DRV119
ORD01503,C1347,R070,2026-08-19T08:18:00+00:00,delivered,V055,DRV011
ORD01504,C1058,R003,2026-08-10T03:27:00+00:00,delivered,V096,DRV094
ORD01505,C0672,R038,2026-08-24T13:27:00+00:00,delivered,V055,DRV027
ORD01506,C0281,R037,2026-08-29T05:29:00+00:00,cancelled,V089,DRV071
ORD01507,C1107,R016,2026-08-01T09:32:00+00:00,cancelled,V009,DRV100
ORD01508,C2190,R058,2026-08-31T22:03:00+00:00,delivered,V099,DRV107
ORD01509,C0342,R016,2026-09-13T23:04:00+00:00,in_transit,V036,DRV101
ORD01510,C1026,R046,2026-08-17T02:14:00+00:00,delivered,V025,DRV070
ORD01511,C2139,R012,2026-08-06T20:58:00+00:00,delivered,V044,DRV021
ORD01512,C1772,R045,2026-08-03T18:42:00+00:00,delivered,V050,DRV102
ORD01513,C1981,R052,2026-08-20T09:13:00+00:00,delivered,V080,DRV082
ORD01514,C1511,R064,2026-09-20T20:13:00+00:00,delayed,V050,DRV042
ORD01515,C0071,R005,2026-09-11T09:18:00+00:00,delivered,V074,DRV046
ORD01516,C1899,R044,2026-09-07T21:12:00+00:00,delayed,V001,DRV041
ORD01517,C2429,R013,2026-09-24T04:55:00+00:00,delivered,V099,DRV015
ORD01518,C1396,R064,2026-09-20T11:05:00+00:00,cancelled,V093,DRV098
ORD01519,C1744,R005,2026-08-29T23:53:00+00:00,delivered,V069,DRV106
ORD01520,C1058,R014,2026-08-06T03:56:00+00:00,picked_up,V086,DRV018
ORD01521,C1491,R036,2026-08-31T23:59:00+00:00,picked_up,V010,DRV068
ORD01522,C1343,R040,2026-08-28T09:17:00+00:00,delivered,V004,DRV037
ORD01523,C0465,R018,2026-09-17T20:19:00+00:00,in_transit,V013,DRV047
ORD01524,C0870,R043,2026-08-30T00:46:00+00:00,picked_up,V024,DRV074
ORD01525,C2218,R007,2026-08-26T05:28:00+00:00,delivered,V098,DRV071
ORD01526,C1219,R074,2026-09-19T18:29:00+00:00,delivered,V071,DRV085
ORD01527,C1366,R006,2026-08-29T12:22:00+00:00,picked_up,V054,DRV012
ORD01528,C0438,R018,2026-08-07T10:59:00+00:00,delivered,V076,DRV001
ORD01529,C0651,R061,2026-09-02T23:44:00+00:00,delivered,V014,DRV034
ORD01530,C0426,R043,2026-08-16T08:42:00+00:00,delivered,V073,DRV090
ORD01531,C0978,R028,2026-08-12T16:54:00+00:00,delivered,V088,DRV066
ORD01532,C0769,R067,2026-08-26T02:00:00+00:00,in_transit,V094,DRV100
ORD01533,C1592,R031,2026-08-06T12:04:00+00:00,delivered,V079,DRV086
ORD01534,C2369,R038,2026-09-01T11:15:00+00:00,delivered,V076,DRV053
ORD01535,C2480,R032,2026-08-12T13:16:00+00:00,delayed,V033,DRV083
ORD01536,C0526,R015,2026-09-07T00:14:00+00:00,in_transit,V096,DRV033
ORD01537,C0165,R075,2026-08-12T00:48:00+00:00,cancelled,V032,DRV017
ORD01538,C1133,R006,2026-08-07T15:25:00+00:00,in_transit,V018,DRV028
ORD01539,C1694,R001,2026-08-20T04:50:00+00:00,delayed,V090,DRV002
ORD01540,C0505,R027,2026-09-10T20:31:00+00:00,delivered,V093,DRV083
ORD01541,C1817,R053,2026-09-04T13:48:00+00:00,in_transit,V088,DRV036
ORD01542,C0995,R019,2026-08-20T00:38:00+00:00,delivered,V025,DRV112
ORD01543,C1899,R036,2026-09-09T21:43:00+00:00,delivered,V001,DRV056
ORD01544,C0453,R008,2026-09-11T21:20:00+00:00,delivered,V027,DRV053
ORD01545,C1939,R037,2026-08-26T11:30:00+00:00,delivered,V099,DRV002
ORD01546,C0823,R059,2026-09-01T18:58:00+00:00,delivered,V029,DRV058
ORD01547,C0547,R050,2026-08-25T13:55:00+00:00,delivered,V029,DRV057
ORD01548,C0593,R063,2026-09-05T01:48:00+00:00,delivered,V071,DRV066
ORD01549,C2116,R048,2026-09-17T15:46:00+00:00,delivered,V013,DRV035
ORD01550,C1159,R003,2026-08-06T20:27:00+00:00,in_transit,V014,DRV031
ORD01551,C0750,R072,2026-09-22T11:48:00+00:00,delayed,V068,DRV118
ORD01552,C2269,R001,2026-08-14T18:01:00+00:00,cancelled,V042,DRV099
ORD01553,C1255,R044,2026-08-01T07:33:00+00:00,delivered,V024,DRV014
ORD01554,C2465,R035,2026-09-23T12:20:00+00:00,delivered,V052,DRV086
ORD01555,C0188,R049,2026-09-13T02:23:00+00:00,in_transit,V032,DRV042
ORD01556,C1765,R061,2026-08-22T23:43:00+00:00,delivered,V064,DRV030
ORD01557,C0180,R014,2026-09-21T13:05:00+00:00,picked_up,V030,DRV053
ORD01558,C2247,R053,2026-09-18T21:10:00+00:00,cancelled,V010,DRV014
ORD01559,C1051,R029,2026-08-20T13:29:00+00:00,delivered,V013,DRV005
ORD01560,C1843,R053,2026-08-12T01:17:00+00:00,cancelled,V083,DRV076
ORD01561,C1026,R044,2026-08-22T15:53:00+00:00,in_transit,V012,DRV104
ORD01562,C0027,R061,2026-08-26T10:12:00+00:00,delivered,V085,DRV097
ORD01563,C0940,R053,2026-08-31T05:38:00+00:00,delivered,V065,DRV075
ORD01564,C2279,R055,2026-09-01T20:27:00+00:00,picked_up,V097,DRV058
ORD01565,C0705,R013,2026-09-22T02:59:00+00:00,delivered,V036,DRV025
ORD01566,C0544,R006,2026-08-17T11:09:00+00:00,delivered,V027,DRV026
ORD01567,C0483,R008,2026-09-11T00:21:00+00:00,delivered,V018,DRV005
ORD01568,C0652,R039,2026-09-09T12:06:00+00:00,delivered,V009,DRV107
ORD01569,C1722,R001,2026-08-16T16:02:00+00:00,delivered,V069,DRV023
ORD01570,C1781,R021,2026-08-20T09:21:00+00:00,delivered,V054,DRV014
ORD01571,C2424,R035,2026-09-17T12:04:00+00:00,delayed,V087,DRV068
ORD01572,C1840,R021,2026-09-24T06:34:00+00:00,delivered,V073,DRV028
ORD01573,C0878,R079,2026-09-10T13:11:00+00:00,delivered,V034,DRV078
ORD01574,C0373,R052,2026-08-27T23:20:00+00:00,delivered,V069,DRV060
ORD01575,C0464,R007,2026-08-22T02:42:00+00:00,delayed,V069,DRV110
ORD01576,C0950,R075,2026-08-13T09:12:00+00:00,delivered,V024,DRV069
ORD01577,C0304,R007,2026-09-16T09:27:00+00:00,picked_up,V070,DRV114
ORD01578,C1064,R071,2026-08-08T17:31:00+00:00,delivered,V069,DRV012
ORD01579,C2010,R071,2026-08-13T11:59:00+00:00,picked_up,V006,DRV055
ORD01580,C0293,R029,2026-08-09T07:36:00+00:00,delivered,V080,DRV057
ORD01581,C0675,R070,2026-08-08T10:12:00+00:00,delayed,V042,DRV059
ORD01582,C0100,R004,2026-08-04T01:19:00+00:00,delayed,V100,DRV004
ORD01583,C0333,R042,2026-08-16T01:43:00+00:00,delayed,V082,DRV075
ORD01584,C1522,R062,2026-08-09T23:53:00+00:00,delivered,V069,DRV083
ORD01585,C1553,R078,2026-08-03T10:10:00+00:00,delayed,V046,DRV041
ORD01586,C0606,R038,2026-08-27T19:00:00+00:00,delivered,V011,DRV070
ORD01587,C0720,R063,2026-09-17T16:00:00+00:00,picked_up,V010,DRV020
ORD01588,C2078,R080,2026-08-05T01:12:00+00:00,delivered,V061,DRV006
ORD01589,C1071,R004,2026-08-05T03:16:00+00:00,in_transit,V001,DRV085
ORD01590,C1127,R045,2026-09-01T04:00:00+00:00,delivered,V093,DRV067
ORD01591,C1104,R049,2026-09-21T08:34:00+00:00,delivered,V053,DRV020
ORD01592,C2363,R048,2026-08-05T14:59:00+00:00,delivered,V022,DRV101
ORD01593,C0852,R071,2026-08-04T16:49:00+00:00,in_transit,V007,DRV053
ORD01594,C0070,R078,2026-09-20T21:51:00+00:00,delivered,V046,DRV101
ORD01595,C0502,R009,2026-08-06T16:42:00+00:00,delivered,V007,DRV119
ORD01596,C0021,R068,2026-08-12T10:25:00+00:00,picked_up,V068,DRV095
ORD01597,C1020,R034,2026-08-17T06:02:00+00:00,delivered,V061,DRV064
ORD01598,C0993,R025,2026-09-18T04:12:00+00:00,in_transit,V052,DRV035
ORD01599,C0700,R019,2026-09-06T13:21:00+00:00,in_transit,V038,DRV093
ORD01600,C0535,R039,2026-08-15T14:20:00+00:00,delivered,V054,DRV097
ORD01601,C0337,R056,2026-08-20T15:53:00+00:00,delivered,V100,DRV033
ORD01602,C0642,R050,2026-08-27T16:49:00+00:00,picked_up,V081,DRV050
ORD01603,C1512,R038,2026-08-05T00:05:00+00:00,delivered,V030,DRV093
ORD01604,C0347,R024,2026-08-27T22:38:00+00:00,delivered,V094,DRV003
ORD01605,C2359,R040,2026-09-07T11:11:00+00:00,delayed,V038,DRV066
ORD01606,C2125,R014,2026-09-03T14:59:00+00:00,delivered,V090,DRV065
ORD01607,C1393,R043,2026-08-13T06:20:00+00:00,delivered,V090,DRV008
ORD01608,C1455,R008,2026-08-27T14:55:00+00:00,delivered,V028,DRV027
ORD01609,C1617,R033,2026-09-23T13:13:00+00:00,delivered,V091,DRV016
ORD01610,C2156,R014,2026-08-09T09:27:00+00:00,delivered,V077,DRV059
ORD01611,C2431,R070,2026-08-05T11:05:00+00:00,in_transit,V026,DRV031
ORD01612,C1324,R026,2026-09-14T22:43:00+00:00,delivered,V052,DRV083
ORD01613,C2069,R053,2026-08-04T08:54:00+00:00,delayed,V011,DRV118
ORD01614,C1668,R050,2026-08-09T17:01:00+00:00,delivered,V065,DRV110
ORD01615,C0438,R024,2026-08-20T03:31:00+00:00,picked_up,V004,DRV076
ORD01616,C0054,R015,2026-09-20T03:45:00+00:00,delivered,V077,DRV068
ORD01617,C1162,R043,2026-09-13T01:27:00+00:00,in_transit,V064,DRV034
ORD01618,C1417,R001,2026-08-20T12:43:00+00:00,delivered,V079,DRV102
ORD01619,C2155,R010,2026-08-29T11:04:00+00:00,in_transit,V016,DRV112
ORD01620,C1956,R070,2026-08-27T18:04:00+00:00,delivered,V051,DRV068
ORD01621,C0699,R076,2026-08-13T18:22:00+00:00,delayed,V053,DRV025
ORD01622,C1849,R078,2026-09-24T22:05:00+00:00,delivered,V010,DRV031
ORD01623,C0150,R044,2026-09-08T04:58:00+00:00,delivered,V033,DRV120
ORD01624,C1503,R067,2026-09-18T20:03:00+00:00,delivered,V096,DRV006
ORD01625,C0190,R031,2026-09-14T21:10:00+00:00,picked_up,V055,DRV056
ORD01626,C0791,R017,2026-09-08T20:57:00+00:00,delayed,V003,DRV006
ORD01627,C0112,R027,2026-09-03T01:21:00+00:00,delivered,V078,DRV012
ORD01628,C0410,R059,2026-08-07T17:00:00+00:00,delivered,V096,DRV028
ORD01629,C2254,R033,2026-09-01T02:12:00+00:00,delivered,V056,DRV066
ORD01630,C2300,R074,2026-08-10T23:35:00+00:00,delivered,V063,DRV055
ORD01631,C0166,R027,2026-09-17T19:30:00+00:00,picked_up,V038,DRV096
ORD01632,C0795,R039,2026-09-20T15:03:00+00:00,delivered,V068,DRV058
ORD01633,C2166,R031,2026-09-13T11:40:00+00:00,picked_up,V071,DRV095
ORD01634,C0509,R006,2026-08-20T08:14:00+00:00,delivered,V048,DRV079
ORD01635,C0195,R048,2026-09-11T06:16:00+00:00,in_transit,V003,DRV078
ORD01636,C0745,R075,2026-08-06T22:31:00+00:00,picked_up,V037,DRV074
ORD01637,C2449,R033,2026-09-23T05:41:00+00:00,picked_up,V052,DRV097
ORD01638,C2264,R074,2026-09-04T09:43:00+00:00,picked_up,V085,DRV038
ORD01639,C1574,R067,2026-08-28T00:30:00+00:00,delivered,V047,DRV075
ORD01640,C2050,R043,2026-09-21T14:23:00+00:00,delivered,V003,DRV099
ORD01641,C0758,R080,2026-08-18T19:26:00+00:00,cancelled,V025,DRV014
ORD01642,C1671,R019,2026-09-09T04:00:00+00:00,delivered,V072,DRV008
ORD01643,C1711,R061,2026-08-15T03:36:00+00:00,delivered,V016,DRV059
ORD01644,C0935,R057,2026-08-16T22:32:00+00:00,delayed,V040,DRV072
ORD01645,C2299,R078,2026-09-02T23:15:00+00:00,in_transit,V067,DRV018
ORD01646,C0584,R001,2026-09-01T13:25:00+00:00,cancelled,V085,DRV016
ORD01647,C2419,R004,2026-09-20T03:39:00+00:00,picked_up,V019,DRV052
ORD01648,C2256,R019,2026-09-09T16:24:00+00:00,in_transit,V012,DRV101
ORD01649,C0888,R049,2026-09-01T09:54:00+00:00,delivered,V010,DRV119
ORD01650,C0597,R062,2026-09-08T20:52:00+00:00,delivered,V088,DRV113
ORD01651,C1032,R041,2026-09-22T02:51:00+00:00,delivered,V097,DRV016
ORD01652,C1273,R052,2026-09-19T09:55:00+00:00,delivered,V076,DRV102
ORD01653,C0917,R006,2026-08-03T17:05:00+00:00,picked_up,V022,DRV062
ORD01654,C0226,R066,2026-09-09T14:21:00+00:00,in_transit,V050,DRV009
ORD01655,C1372,R065,2026-08-19T10:22:00+00:00,delivered,V086,DRV025
ORD01656,C1144,R009,2026-09-04T05:03:00+00:00,delivered,V079,DRV083
ORD01657,C1857,R078,2026-08-07T20:02:00+00:00,picked_up,V042,DRV007
ORD01658,C1685,R067,2026-08-18T21:54:00+00:00,picked_up,V057,DRV083
ORD01659,C2029,R048,2026-08-21T06:12:00+00:00,in_transit,V035,DRV003
ORD01660,C1840,R077,2026-08-26T16:52:00+00:00,delivered,V008,DRV092
ORD01661,C2276,R053,2026-08-12T21:35:00+00:00,in_transit,V045,DRV003
ORD01662,C2465,R061,2026-09-05T01:12:00+00:00,picked_up,V021,DRV073
ORD01663,C1077,R003,2026-09-06T05:11:00+00:00,picked_up,V087,DRV069
ORD01664,C0544,R026,2026-08-19T14:08:00+00:00,delivered,V012,DRV120
ORD01665,C1914,R022,2026-08-19T12:02:00+00:00,delivered,V052,DRV014
ORD01666,C0417,R002,2026-08-19T17:03:00+00:00,picked_up,V022,DRV087
ORD01667,C1729,R021,2026-08-01T03:46:00+00:00,delivered,V029,DRV097
ORD01668,C1413,R041,2026-08-13T05:05:00+00:00,delivered,V070,DRV074
ORD01669,C1216,R025,2026-08-21T00:08:00+00:00,delivered,V086,DRV070
ORD01670,C2371,R076,2026-08-05T14:56:00+00:00,delayed,V022,DRV111
ORD01671,C0388,R019,2026-09-06T04:35:00+00:00,delivered,V006,DRV105
ORD01672,C1025,R037,2026-08-05T21:10:00+00:00,delivered,V027,DRV088
ORD01673,C1898,R061,2026-09-18T19:56:00+00:00,delivered,V019,DRV116
ORD01674,C0378,R022,2026-08-18T04:40:00+00:00,delivered,V021,DRV082
ORD01675,C2128,R069,2026-08-17T18:45:00+00:00,delivered,V025,DRV034
ORD01676,C2485,R074,2026-09-19T21:30:00+00:00,delivered,V063,DRV101
ORD01677,C0471,R055,2026-08-22T04:15:00+00:00,picked_up,V070,DRV032
ORD01678,C1842,R041,2026-09-07T05:09:00+00:00,delivered,V030,DRV074
ORD01679,C0488,R076,2026-09-19T18:18:00+00:00,delayed,V055,DRV052
ORD01680,C1660,R008,2026-09-06T17:37:00+00:00,picked_up,V064,DRV031
ORD01681,C0701,R047,2026-08-01T07:12:00+00:00,delivered,V019,DRV011
ORD01682,C1500,R045,2026-08-30T21:09:00+00:00,in_transit,V012,DRV051
ORD01683,C1659,R070,2026-09-10T19:07:00+00:00,picked_up,V088,DRV034
ORD01684,C1341,R067,2026-08-17T00:42:00+00:00,delivered,V074,DRV018
ORD01685,C1100,R077,2026-08-04T16:53:00+00:00,in_transit,V069,DRV099
ORD01686,C0067,R080,2026-09-19T09:48:00+00:00,delivered,V070,DRV112
ORD01687,C0942,R005,2026-08-31T07:15:00+00:00,delayed,V078,DRV089
ORD01688,C1222,R033,2026-09-16T07:57:00+00:00,cancelled,V083,DRV017
ORD01689,C1162,R066,2026-09-20T12:55:00+00:00,in_transit,V083,DRV011
ORD01690,C0147,R070,2026-09-16T09:13:00+00:00,delivered,V097,DRV117
ORD01691,C1834,R046,2026-08-17T11:11:00+00:00,delivered,V070,DRV052
ORD01692,C0108,R026,2026-09-19T06:39:00+00:00,delayed,V085,DRV024
ORD01693,C1890,R049,2026-08-08T07:20:00+00:00,cancelled,V009,DRV093
ORD01694,C2354,R069,2026-09-15T00:17:00+00:00,delivered,V020,DRV110
ORD01695,C2115,R064,2026-08-15T02:38:00+00:00,picked_up,V017,DRV041
ORD01696,C1633,R005,2026-09-18T12:48:00+00:00,delivered,V068,DRV001
ORD01697,C0123,R031,2026-09-03T17:12:00+00:00,delivered,V035,DRV114
ORD01698,C0126,R049,2026-08-31T06:47:00+00:00,in_transit,V073,DRV005
ORD01699,C1535,R036,2026-09-19T10:32:00+00:00,delivered,V096,DRV044
ORD01700,C0804,R024,2026-09-17T17:43:00+00:00,delivered,V076,DRV051
ORD01701,C0546,R079,2026-08-27T21:38:00+00:00,delivered,V032,DRV082
ORD01702,C0423,R029,2026-08-18T20:41:00+00:00,delivered,V074,DRV120
ORD01703,C1343,R022,2026-08-24T19:54:00+00:00,delivered,V088,DRV118
ORD01704,C0687,R044,2026-09-14T01:59:00+00:00,delivered,V044,DRV050
ORD01705,C2170,R076,2026-08-21T08:06:00+00:00,picked_up,V029,DRV044
ORD01706,C1513,R029,2026-09-16T01:55:00+00:00,delivered,V091,DRV051
ORD01707,C2289,R063,2026-09-17T09:08:00+00:00,delivered,V050,DRV109
ORD01708,C1177,R079,2026-08-30T06:58:00+00:00,delayed,V099,DRV088
ORD01709,C2099,R001,2026-08-18T17:31:00+00:00,delivered,V080,DRV016
ORD01710,C2137,R062,2026-09-24T16:07:00+00:00,delivered,V007,DRV026
ORD01711,C1492,R031,2026-08-25T14:27:00+00:00,delayed,V012,DRV108
ORD01712,C1339,R040,2026-08-09T04:13:00+00:00,delivered,V059,DRV014
ORD01713,C0879,R014,2026-08-20T21:28:00+00:00,delayed,V047,DRV080
ORD01714,C1300,R068,2026-08-09T21:51:00+00:00,delivered,V055,DRV058
ORD01715,C0447,R080,2026-08-25T07:42:00+00:00,cancelled,V020,DRV090
ORD01716,C2168,R005,2026-09-02T06:48:00+00:00,delivered,V050,DRV079
ORD01717,C0540,R068,2026-09-13T05:51:00+00:00,in_transit,V078,DRV094
ORD01718,C2285,R035,2026-09-03T00:18:00+00:00,delivered,V066,DRV068
ORD01719,C1754,R021,2026-08-13T15:15:00+00:00,picked_up,V072,DRV104
ORD01720,C2208,R042,2026-09-23T07:20:00+00:00,delivered,V097,DRV058
ORD01721,C2090,R039,2026-08-16T09:43:00+00:00,delivered,V091,DRV044
ORD01722,C1300,R070,2026-09-01T00:55:00+00:00,delayed,V055,DRV047
ORD01723,C0487,R065,2026-08-12T19:01:00+00:00,delivered,V079,DRV117
ORD01724,C0162,R043,2026-08-03T08:34:00+00:00,delivered,V001,DRV113
ORD01725,C0951,R040,2026-09-03T23:06:00+00:00,in_transit,V076,DRV083
ORD01726,C0854,R017,2026-08-11T13:36:00+00:00,delayed,V041,DRV009
ORD01727,C1744,R044,2026-09-13T20:01:00+00:00,delivered,V027,DRV082
ORD01728,C1570,R037,2026-08-28T18:31:00+00:00,delivered,V067,DRV068
ORD01729,C0910,R080,2026-09-14T20:08:00+00:00,delivered,V089,DRV120
ORD01730,C0027,R057,2026-08-27T17:11:00+00:00,in_transit,V020,DRV096
ORD01731,C0286,R066,2026-08-16T08:57:00+00:00,picked_up,V037,DRV027
ORD01732,C0258,R070,2026-08-10T17:04:00+00:00,delayed,V025,DRV108
ORD01733,C1249,R078,2026-08-14T02:23:00+00:00,picked_up,V083,DRV001
ORD01734,C1702,R049,2026-08-01T20:42:00+00:00,picked_up,V067,DRV032
ORD01735,C0100,R021,2026-08-19T15:42:00+00:00,delayed,V060,DRV045
ORD01736,C0725,R052,2026-09-17T07:21:00+00:00,delayed,V086,DRV059
ORD01737,C2303,R062,2026-09-12T09:12:00+00:00,delivered,V096,DRV047
ORD01738,C1333,R018,2026-09-04T13:41:00+00:00,delivered,V074,DRV005
ORD01739,C1858,R012,2026-09-16T16:08:00+00:00,picked_up,V086,DRV095
ORD01740,C2251,R071,2026-08-23T00:58:00+00:00,delayed,V051,DRV007
ORD01741,C0881,R016,2026-09-12T18:28:00+00:00,delivered,V059,DRV088
ORD01742,C0120,R028,2026-09-21T12:39:00+00:00,in_transit,V024,DRV108
ORD01743,C0877,R023,2026-08-15T07:16:00+00:00,in_transit,V073,DRV117
ORD01744,C2397,R013,2026-09-08T22:23:00+00:00,delayed,V085,DRV110
ORD01745,C0683,R039,2026-08-22T15:39:00+00:00,in_transit,V019,DRV031
ORD01746,C1312,R047,2026-08-23T09:31:00+00:00,delayed,V070,DRV027
ORD01747,C2020,R054,2026-08-12T05:28:00+00:00,delivered,V083,DRV060
ORD01748,C1363,R051,2026-08-27T12:08:00+00:00,delivered,V003,DRV074
ORD01749,C0740,R074,2026-09-15T12:42:00+00:00,in_transit,V093,DRV015
ORD01750,C1803,R075,2026-09-09T23:53:00+00:00,delivered,V074,DRV023
ORD01751,C2159,R008,2026-08-31T08:18:00+00:00,delivered,V077,DRV060
ORD01752,C2374,R028,2026-09-14T17:57:00+00:00,delayed,V042,DRV018
ORD01753,C0552,R020,2026-08-03T17:11:00+00:00,picked_up,V097,DRV013
ORD01754,C0183,R007,2026-09-20T00:04:00+00:00,delivered,V005,DRV114
ORD01755,C2331,R063,2026-09-12T13:36:00+00:00,delivered,V065,DRV111
ORD01756,C0970,R027,2026-09-04T01:10:00+00:00,in_transit,V046,DRV024
ORD01757,C1589,R006,2026-08-19T10:41:00+00:00,delivered,V039,DRV031
ORD01758,C0668,R074,2026-08-30T07:11:00+00:00,delivered,V009,DRV045
ORD01759,C0686,R012,2026-08-03T05:36:00+00:00,delayed,V083,DRV074
ORD01760,C2095,R004,2026-08-09T12:23:00+00:00,delivered,V062,DRV036
ORD01761,C1926,R079,2026-08-18T22:20:00+00:00,picked_up,V074,DRV054
ORD01762,C1630,R076,2026-09-15T13:07:00+00:00,delivered,V015,DRV019
ORD01763,C1886,R020,2026-08-14T23:49:00+00:00,delivered,V021,DRV016
ORD01764,C0366,R018,2026-08-05T22:36:00+00:00,delivered,V099,DRV096
ORD01765,C0496,R049,2026-09-06T16:43:00+00:00,delivered,V024,DRV006
ORD01766,C1793,R018,2026-09-01T08:01:00+00:00,in_transit,V068,DRV098
ORD01767,C1768,R080,2026-08-20T15:40:00+00:00,delivered,V074,DRV025
ORD01768,C1235,R027,2026-09-18T20:52:00+00:00,delivered,V023,DRV059
ORD01769,C2288,R037,2026-08-17T04:53:00+00:00,delivered,V037,DRV003
ORD01770,C1338,R068,2026-08-13T21:03:00+00:00,picked_up,V002,DRV074
ORD01771,C2423,R077,2026-08-27T04:44:00+00:00,delivered,V003,DRV108
ORD01772,C0006,R045,2026-09-04T17:46:00+00:00,picked_up,V009,DRV104
ORD01773,C2034,R077,2026-09-01T11:04:00+00:00,delivered,V089,DRV075
ORD01774,C1737,R030,2026-09-11T10:59:00+00:00,delivered,V036,DRV025
ORD01775,C0534,R042,2026-09-19T05:24:00+00:00,delivered,V040,DRV098
ORD01776,C0106,R034,2026-08-07T21:40:00+00:00,picked_up,V100,DRV020
ORD01777,C1964,R007,2026-09-08T13:35:00+00:00,delivered,V079,DRV021
ORD01778,C0252,R064,2026-08-26T11:39:00+00:00,delivered,V077,DRV080
ORD01779,C0935,R056,2026-09-08T20:53:00+00:00,picked_up,V003,DRV053
ORD01780,C1309,R037,2026-09-18T11:03:00+00:00,in_transit,V014,DRV044
ORD01781,C1023,R001,2026-08-21T05:51:00+00:00,delayed,V037,DRV005
ORD01782,C2312,R003,2026-09-03T05:59:00+00:00,picked_up,V052,DRV064
ORD01783,C2418,R055,2026-08-29T05:07:00+00:00,in_transit,V048,DRV057
ORD01784,C1965,R037,2026-09-08T18:26:00+00:00,picked_up,V032,DRV033
ORD01785,C2274,R033,2026-09-12T01:56:00+00:00,delivered,V015,DRV006
ORD01786,C1690,R066,2026-08-12T06:36:00+00:00,delivered,V004,DRV104
ORD01787,C0664,R058,2026-09-06T11:11:00+00:00,delivered,V012,DRV063
ORD01788,C1501,R006,2026-09-19T17:46:00+00:00,delivered,V013,DRV104
ORD01789,C1404,R019,2026-09-24T00:08:00+00:00,delivered,V093,DRV014
ORD01790,C0417,R011,2026-08-18T21:53:00+00:00,delivered,V053,DRV058
ORD01791,C1179,R060,2026-08-22T00:29:00+00:00,delivered,V007,DRV105
ORD01792,C0468,R036,2026-09-14T21:16:00+00:00,delivered,V052,DRV023
ORD01793,C2164,R003,2026-09-21T14:18:00+00:00,delivered,V045,DRV069
ORD01794,C0838,R055,2026-09-09T03:59:00+00:00,in_transit,V064,DRV004
ORD01795,C0821,R001,2026-08-31T13:17:00+00:00,delivered,V086,DRV103
ORD01796,C0610,R057,2026-08-24T04:46:00+00:00,picked_up,V051,DRV056
ORD01797,C1946,R075,2026-08-06T20:52:00+00:00,delivered,V018,DRV090
ORD01798,C1273,R008,2026-08-25T08:39:00+00:00,delivered,V055,DRV013
ORD01799,C1831,R076,2026-08-03T11:21:00+00:00,delayed,V015,DRV007
ORD01800,C1076,R016,2026-08-24T01:56:00+00:00,delivered,V096,DRV084
ORD01801,C1105,R071,2026-08-07T05:11:00+00:00,picked_up,V073,DRV097
ORD01802,C1047,R032,2026-08-07T00:45:00+00:00,delivered,V023,DRV006
ORD01803,C2483,R039,2026-09-24T15:09:00+00:00,picked_up,V051,DRV101
ORD01804,C0493,R029,2026-08-07T02:32:00+00:00,delivered,V076,DRV057
ORD01805,C1565,R078,2026-09-20T17:22:00+00:00,delayed,V014,DRV053
ORD01806,C1966,R028,2026-09-14T06:25:00+00:00,delivered,V007,DRV063
ORD01807,C0864,R030,2026-08-16T23:45:00+00:00,delayed,V056,DRV024
ORD01808,C0061,R073,2026-08-11T10:13:00+00:00,cancelled,V058,DRV104
ORD01809,C0108,R022,2026-09-09T07:38:00+00:00,picked_up,V085,DRV018
ORD01810,C0703,R007,2026-09-16T23:55:00+00:00,delivered,V070,DRV109
ORD01811,C0113,R053,2026-08-06T02:55:00+00:00,picked_up,V085,DRV086
ORD01812,C2342,R070,2026-08-08T19:23:00+00:00,delivered,V088,DRV090
ORD01813,C2202,R015,2026-08-08T17:37:00+00:00,cancelled,V003,DRV094
ORD01814,C1635,R066,2026-08-03T21:40:00+00:00,picked_up,V010,DRV070
ORD01815,C1459,R069,2026-08-13T16:43:00+00:00,delivered,V016,DRV058
ORD01816,C0707,R057,2026-09-16T04:29:00+00:00,delivered,V002,DRV070
ORD01817,C1939,R034,2026-09-19T05:23:00+00:00,delivered,V061,DRV041
ORD01818,C1652,R025,2026-09-04T16:11:00+00:00,in_transit,V039,DRV077
ORD01819,C2419,R011,2026-08-15T11:50:00+00:00,delivered,V064,DRV087
ORD01820,C1898,R077,2026-09-08T17:10:00+00:00,in_transit,V065,DRV020
ORD01821,C0940,R062,2026-08-05T15:01:00+00:00,delivered,V076,DRV046
ORD01822,C0181,R012,2026-09-23T02:07:00+00:00,delivered,V046,DRV055
ORD01823,C2266,R032,2026-08-17T05:22:00+00:00,delivered,V087,DRV115
ORD01824,C1631,R049,2026-09-02T07:43:00+00:00,delivered,V059,DRV075
ORD01825,C2498,R006,2026-09-08T13:01:00+00:00,delayed,V037,DRV107
ORD01826,C0105,R070,2026-08-23T18:12:00+00:00,delayed,V079,DRV055
ORD01827,C0627,R066,2026-08-29T14:04:00+00:00,delivered,V057,DRV002
ORD01828,C0996,R050,2026-08-14T03:09:00+00:00,delivered,V046,DRV075
ORD01829,C0910,R070,2026-09-19T21:19:00+00:00,delivered,V065,DRV074
ORD01830,C0169,R052,2026-09-18T16:10:00+00:00,in_transit,V030,DRV079
ORD01831,C1824,R034,2026-09-06T00:37:00+00:00,delivered,V097,DRV068
ORD01832,C0463,R003,2026-08-06T21:23:00+00:00,delivered,V010,DRV028
ORD01833,C1669,R077,2026-08-15T22:16:00+00:00,cancelled,V027,DRV092
ORD01834,C0765,R028,2026-09-13T08:45:00+00:00,delayed,V001,DRV044
ORD01835,C1362,R033,2026-08-30T06:38:00+00:00,in_transit,V013,DRV052
ORD01836,C1074,R047,2026-08-26T10:00:00+00:00,delayed,V064,DRV019
ORD01837,C0792,R013,2026-09-09T04:12:00+00:00,delivered,V005,DRV112
ORD01838,C1984,R004,2026-09-21T16:24:00+00:00,delivered,V009,DRV061
ORD01839,C2239,R017,2026-08-24T14:13:00+00:00,in_transit,V074,DRV097
ORD01840,C2258,R070,2026-08-01T08:12:00+00:00,picked_up,V060,DRV107
ORD01841,C0429,R035,2026-08-08T08:35:00+00:00,delivered,V053,DRV067
ORD01842,C1086,R080,2026-08-17T23:51:00+00:00,picked_up,V081,DRV049
ORD01843,C2251,R069,2026-08-23T20:23:00+00:00,in_transit,V075,DRV051
ORD01844,C0370,R065,2026-09-04T20:11:00+00:00,in_transit,V089,DRV115
ORD01845,C0454,R076,2026-08-24T20:26:00+00:00,cancelled,V085,DRV007
ORD01846,C1957,R018,2026-09-24T16:35:00+00:00,in_transit,V008,DRV109
ORD01847,C0322,R049,2026-08-05T05:32:00+00:00,delivered,V010,DRV061
ORD01848,C1618,R030,2026-09-24T08:30:00+00:00,delivered,V099,DRV072
ORD01849,C0516,R041,2026-08-23T16:34:00+00:00,delivered,V091,DRV083
ORD01850,C1553,R075,2026-08-24T20:39:00+00:00,delivered,V077,DRV008
ORD01851,C1234,R007,2026-08-03T08:01:00+00:00,in_transit,V084,DRV074
ORD01852,C1542,R068,2026-09-22T23:46:00+00:00,delivered,V007,DRV038
ORD01853,C1339,R072,2026-09-09T18:32:00+00:00,delivered,V053,DRV007
ORD01854,C1736,R021,2026-08-02T11:12:00+00:00,picked_up,V040,DRV041
ORD01855,C1846,R057,2026-09-01T01:55:00+00:00,delivered,V004,DRV074
ORD01856,C1742,R029,2026-08-18T13:54:00+00:00,delayed,V078,DRV004
ORD01857,C0536,R048,2026-08-24T14:07:00+00:00,delayed,V049,DRV101
ORD01858,C1369,R044,2026-08-27T11:26:00+00:00,delivered,V051,DRV081
ORD01859,C0657,R007,2026-08-01T22:20:00+00:00,in_transit,V087,DRV055
ORD01860,C1852,R023,2026-08-15T00:47:00+00:00,delivered,V098,DRV103
ORD01861,C0276,R061,2026-08-29T10:37:00+00:00,delivered,V098,DRV041
ORD01862,C0379,R014,2026-08-08T08:38:00+00:00,delivered,V091,DRV013
ORD01863,C0246,R033,2026-09-18T14:02:00+00:00,delayed,V082,DRV050
ORD01864,C1971,R002,2026-08-11T01:39:00+00:00,delivered,V067,DRV051
ORD01865,C2440,R017,2026-08-18T23:42:00+00:00,picked_up,V023,DRV074
ORD01866,C1078,R002,2026-08-25T22:57:00+00:00,delivered,V092,DRV053
ORD01867,C0675,R055,2026-08-07T23:31:00+00:00,delivered,V015,DRV118
ORD01868,C1961,R068,2026-08-24T00:29:00+00:00,delivered,V098,DRV114
ORD01869,C2181,R056,2026-09-01T12:23:00+00:00,in_transit,V094,DRV050
ORD01870,C1510,R071,2026-09-02T00:21:00+00:00,cancelled,V082,DRV022
ORD01871,C0953,R023,2026-08-29T08:12:00+00:00,delivered,V086,DRV072
ORD01872,C1043,R047,2026-08-25T13:34:00+00:00,delivered,V087,DRV055
ORD01873,C0597,R048,2026-08-27T01:27:00+00:00,in_transit,V044,DRV095
ORD01874,C1833,R015,2026-08-13T20:53:00+00:00,picked_up,V020,DRV120
ORD01875,C0348,R079,2026-09-14T21:44:00+00:00,in_transit,V080,DRV094
ORD01876,C0682,R051,2026-08-19T23:32:00+00:00,delivered,V038,DRV083
ORD01877,C1555,R004,2026-08-18T12:48:00+00:00,picked_up,V072,DRV069
ORD01878,C0249,R061,2026-09-02T05:50:00+00:00,delayed,V084,DRV070
ORD01879,C0797,R050,2026-08-23T12:27:00+00:00,picked_up,V033,DRV043
ORD01880,C0594,R078,2026-08-22T00:27:00+00:00,delivered,V070,DRV065
ORD01881,C0147,R030,2026-08-31T04:45:00+00:00,picked_up,V040,DRV002
ORD01882,C2107,R009,2026-09-06T03:07:00+00:00,delivered,V065,DRV037
ORD01883,C1473,R045,2026-08-16T19:15:00+00:00,delivered,V033,DRV118
ORD01884,C2192,R055,2026-08-06T00:40:00+00:00,picked_up,V027,DRV105
ORD01885,C2263,R061,2026-09-24T22:24:00+00:00,in_transit,V058,DRV091
ORD01886,C2199,R042,2026-08-23T02:56:00+00:00,in_transit,V016,DRV019
ORD01887,C2327,R066,2026-08-24T10:25:00+00:00,picked_up,V095,DRV050
ORD01888,C2453,R068,2026-09-16T21:11:00+00:00,delayed,V098,DRV089
ORD01889,C1964,R041,2026-09-13T20:55:00+00:00,in_transit,V018,DRV108
ORD01890,C0367,R058,2026-08-13T16:26:00+00:00,delivered,V030,DRV005
ORD01891,C2281,R023,2026-08-25T11:41:00+00:00,delivered,V027,DRV107
ORD01892,C0423,R058,2026-08-15T21:31:00+00:00,delivered,V031,DRV073
ORD01893,C2321,R071,2026-09-15T14:43:00+00:00,delivered,V021,DRV113
ORD01894,C2282,R067,2026-09-16T22:53:00+00:00,picked_up,V092,DRV074
ORD01895,C0759,R019,2026-08-12T03:18:00+00:00,delivered,V015,DRV002
ORD01896,C1890,R001,2026-08-02T16:00:00+00:00,delivered,V067,DRV050
ORD01897,C2445,R015,2026-08-05T07:49:00+00:00,picked_up,V066,DRV108
ORD01898,C1527,R016,2026-08-02T04:29:00+00:00,delivered,V038,DRV025
ORD01899,C2266,R037,2026-08-06T18:01:00+00:00,picked_up,V031,DRV115
ORD01900,C1977,R032,2026-08-08T20:53:00+00:00,in_transit,V097,DRV007
ORD01901,C2412,R071,2026-08-13T17:27:00+00:00,delivered,V040,DRV053
ORD01902,C1873,R005,2026-08-01T12:09:00+00:00,delivered,V099,DRV003
ORD01903,C2410,R001,2026-09-03T20:23:00+00:00,picked_up,V036,DRV043
ORD01904,C1786,R010,2026-08-31T08:24:00+00:00,delivered,V089,DRV006
ORD01905,C1610,R055,2026-08-25T14:49:00+00:00,delivered,V002,DRV116
ORD01906,C0007,R012,2026-08-09T09:48:00+00:00,delayed,V029,DRV037
ORD01907,C1923,R042,2026-08-10T04:48:00+00:00,delivered,V076,DRV035
ORD01908,C0798,R079,2026-08-02T13:16:00+00:00,delivered,V072,DRV098
ORD01909,C2189,R071,2026-08-19T14:08:00+00:00,delivered,V019,DRV049
ORD01910,C2212,R050,2026-09-11T23:22:00+00:00,delayed,V068,DRV030
ORD01911,C1936,R072,2026-09-17T12:55:00+00:00,picked_up,V073,DRV016
ORD01912,C0740,R010,2026-09-03T07:11:00+00:00,delivered,V076,DRV055
ORD01913,C2436,R010,2026-09-21T22:31:00+00:00,delivered,V049,DRV003
ORD01914,C1469,R003,2026-08-09T02:37:00+00:00,delivered,V090,DRV098
ORD01915,C0061,R067,2026-09-22T16:28:00+00:00,in_transit,V024,DRV049
ORD01916,C0571,R071,2026-08-01T14:08:00+00:00,delayed,V074,DRV048
ORD01917,C1994,R047,2026-08-31T17:47:00+00:00,delivered,V016,DRV059
ORD01918,C0758,R012,2026-08-13T14:46:00+00:00,delivered,V050,DRV078
ORD01919,C2426,R070,2026-09-20T08:47:00+00:00,delivered,V012,DRV078
ORD01920,C1956,R056,2026-08-25T09:16:00+00:00,delivered,V019,DRV078
ORD01921,C1083,R076,2026-08-07T22:30:00+00:00,delivered,V091,DRV113
ORD01922,C1203,R017,2026-08-10T17:48:00+00:00,picked_up,V045,DRV088
ORD01923,C0012,R006,2026-08-30T02:43:00+00:00,delivered,V065,DRV017
ORD01924,C0074,R047,2026-09-15T06:45:00+00:00,picked_up,V091,DRV074
ORD01925,C1127,R052,2026-08-21T00:49:00+00:00,picked_up,V044,DRV053
ORD01926,C1926,R022,2026-08-20T07:46:00+00:00,picked_up,V036,DRV109
ORD01927,C1147,R021,2026-09-21T00:06:00+00:00,in_transit,V093,DRV114
ORD01928,C0660,R012,2026-09-14T07:31:00+00:00,delivered,V067,DRV024
ORD01929,C1596,R031,2026-08-09T08:44:00+00:00,delivered,V054,DRV010
ORD01930,C0242,R062,2026-08-07T01:30:00+00:00,delivered,V045,DRV072
ORD01931,C1900,R074,2026-09-03T21:52:00+00:00,cancelled,V079,DRV023
ORD01932,C0179,R012,2026-08-29T19:55:00+00:00,delivered,V011,DRV096
ORD01933,C0180,R057,2026-08-05T21:19:00+00:00,picked_up,V018,DRV026
ORD01934,C0019,R010,2026-09-09T08:37:00+00:00,in_transit,V088,DRV002
ORD01935,C1341,R012,2026-09-16T00:38:00+00:00,in_transit,V040,DRV072
ORD01936,C2275,R019,2026-09-21T18:15:00+00:00,delivered,V053,DRV076
ORD01937,C0474,R045,2026-08-13T03:32:00+00:00,in_transit,V036,DRV061
ORD01938,C1274,R080,2026-09-16T21:45:00+00:00,picked_up,V061,DRV026
ORD01939,C1441,R010,2026-08-04T09:46:00+00:00,delivered,V006,DRV020
ORD01940,C1475,R024,2026-08-07T10:36:00+00:00,delivered,V038,DRV028
ORD01941,C2171,R068,2026-08-23T01:48:00+00:00,delivered,V020,DRV054
ORD01942,C1835,R035,2026-09-19T18:26:00+00:00,delivered,V096,DRV055
ORD01943,C1228,R071,2026-08-21T00:52:00+00:00,cancelled,V033,DRV115
ORD01944,C1221,R039,2026-08-17T06:35:00+00:00,delivered,V030,DRV049
ORD01945,C1820,R070,2026-08-05T10:43:00+00:00,delivered,V007,DRV058
ORD01946,C0328,R051,2026-09-02T22:30:00+00:00,delivered,V043,DRV046
ORD01947,C0040,R021,2026-08-19T19:01:00+00:00,in_transit,V094,DRV106
ORD01948,C1268,R043,2026-08-30T13:58:00+00:00,delivered,V064,DRV081
ORD01949,C1896,R014,2026-08-22T10:17:00+00:00,delivered,V011,DRV013
ORD01950,C1824,R077,2026-08-02T21:47:00+00:00,delivered,V038,DRV091
ORD01951,C1520,R023,2026-08-16T10:09:00+00:00,in_transit,V052,DRV092
ORD01952,C0339,R035,2026-08-08T15:33:00+00:00,in_transit,V001,DRV115
ORD01953,C0244,R057,2026-08-29T14:13:00+00:00,delayed,V073,DRV046
ORD01954,C0879,R054,2026-08-05T17:13:00+00:00,delivered,V015,DRV044
ORD01955,C0132,R076,2026-08-24T19:39:00+00:00,delivered,V080,DRV044
ORD01956,C0784,R006,2026-09-14T21:19:00+00:00,delivered,V057,DRV091
ORD01957,C2417,R077,2026-09-20T06:59:00+00:00,delivered,V046,DRV091
ORD01958,C0040,R004,2026-08-22T03:51:00+00:00,in_transit,V009,DRV007
ORD01959,C0050,R080,2026-08-20T18:50:00+00:00,cancelled,V099,DRV093
ORD01960,C0879,R016,2026-08-01T10:57:00+00:00,delivered,V017,DRV005
ORD01961,C0385,R065,2026-08-26T23:30:00+00:00,delivered,V070,DRV039
ORD01962,C0998,R044,2026-08-17T00:36:00+00:00,cancelled,V046,DRV045
ORD01963,C0137,R044,2026-08-14T09:18:00+00:00,delivered,V050,DRV010
ORD01964,C0079,R063,2026-09-21T23:59:00+00:00,picked_up,V002,DRV083
ORD01965,C1800,R055,2026-09-20T00:50:00+00:00,delivered,V070,DRV050
ORD01966,C0514,R006,2026-08-23T02:27:00+00:00,cancelled,V065,DRV035
ORD01967,C1536,R025,2026-09-22T00:27:00+00:00,picked_up,V040,DRV075
ORD01968,C0644,R001,2026-09-05T21:18:00+00:00,delivered,V049,DRV098
ORD01969,C0046,R002,2026-08-20T21:31:00+00:00,delivered,V045,DRV107
ORD01970,C1603,R028,2026-09-04T15:18:00+00:00,delivered,V017,DRV116
ORD01971,C0251,R014,2026-09-11T21:51:00+00:00,delivered,V024,DRV075
ORD01972,C1356,R074,2026-08-14T16:01:00+00:00,delivered,V029,DRV040
ORD01973,C1728,R002,2026-08-03T22:55:00+00:00,in_transit,V083,DRV115
ORD01974,C1696,R032,2026-08-01T15:10:00+00:00,in_transit,V070,DRV072
ORD01975,C1573,R002,2026-08-14T22:59:00+00:00,picked_up,V015,DRV012
ORD01976,C1371,R029,2026-08-13T13:54:00+00:00,in_transit,V001,DRV037
ORD01977,C1325,R073,2026-09-20T17:59:00+00:00,delayed,V070,DRV058
ORD01978,C1277,R022,2026-09-24T02:30:00+00:00,delayed,V099,DRV055
ORD01979,C0734,R006,2026-08-22T01:19:00+00:00,cancelled,V031,DRV054
ORD01980,C1048,R059,2026-09-03T21:03:00+00:00,delivered,V024,DRV010
ORD01981,C0373,R004,2026-09-24T09:18:00+00:00,delivered,V057,DRV015
ORD01982,C0690,R029,2026-09-20T04:40:00+00:00,delivered,V025,DRV056
ORD01983,C0510,R078,2026-08-16T18:17:00+00:00,delivered,V068,DRV101
ORD01984,C0460,R047,2026-09-21T15:54:00+00:00,delivered,V014,DRV099
ORD01985,C2411,R069,2026-09-03T22:48:00+00:00,delivered,V071,DRV011
ORD01986,C1564,R060,2026-09-12T20:49:00+00:00,delivered,V089,DRV013
ORD01987,C2474,R044,2026-08-22T14:51:00+00:00,delivered,V098,DRV104
ORD01988,C2384,R071,2026-09-04T08:59:00+00:00,in_transit,V020,DRV066
ORD01989,C0219,R066,2026-08-26T04:44:00+00:00,delivered,V040,DRV111
ORD01990,C0005,R018,2026-08-16T08:28:00+00:00,delayed,V062,DRV021
ORD01991,C0937,R071,2026-08-20T12:50:00+00:00,in_transit,V069,DRV017
ORD01992,C1996,R020,2026-08-06T12:21:00+00:00,delivered,V036,DRV036
ORD01993,C0450,R028,2026-08-13T00:57:00+00:00,picked_up,V068,DRV096
ORD01994,C0042,R047,2026-09-22T14:53:00+00:00,in_transit,V026,DRV090
ORD01995,C1135,R002,2026-08-12T16:43:00+00:00,delivered,V027,DRV007
ORD01996,C0521,R017,2026-08-12T22:52:00+00:00,delayed,V064,DRV046
ORD01997,C0536,R048,2026-08-18T17:15:00+00:00,delivered,V100,DRV098
ORD01998,C0012,R043,2026-08-05T07:58:00+00:00,delivered,V051,DRV026
ORD01999,C1883,R077,2026-08-22T03:59:00+00:00,picked_up,V057,DRV059
ORD02000,C0291,R075,2026-08-09T18:32:00+00:00,in_transit,V029,DRV017
ORD02001,C0304,R021,2026-09-24T15:34:00+00:00,delivered,V088,DRV114
ORD02002,C2175,R049,2026-08-04T19:53:00+00:00,picked_up,V021,DRV075
ORD02003,C1131,R004,2026-08-25T01:18:00+00:00,delivered,V095,DRV070
ORD02004,C0832,R050,2026-09-05T17:49:00+00:00,delivered,V073,DRV011
ORD02005,C2283,R063,2026-08-02T10:26:00+00:00,delivered,V047,DRV052
ORD02006,C0958,R051,2026-09-12T02:05:00+00:00,cancelled,V006,DRV050
ORD02007,C1482,R011,2026-09-21T23:09:00+00:00,delivered,V051,DRV047
ORD02008,C0149,R075,2026-08-27T07:19:00+00:00,delayed,V033,DRV039
ORD02009,C0773,R051,2026-08-18T23:35:00+00:00,in_transit,V078,DRV099
ORD02010,C1544,R054,2026-09-01T09:11:00+00:00,delivered,V083,DRV078
ORD02011,C1778,R025,2026-08-12T20:35:00+00:00,picked_up,V050,DRV018
ORD02012,C0563,R038,2026-08-14T12:28:00+00:00,delivered,V053,DRV086
ORD02013,C2109,R072,2026-08-30T05:21:00+00:00,delivered,V020,DRV013
ORD02014,C1670,R064,2026-09-24T03:52:00+00:00,cancelled,V080,DRV013
ORD02015,C2461,R031,2026-08-29T11:40:00+00:00,picked_up,V092,DRV011
ORD02016,C0549,R029,2026-08-19T10:16:00+00:00,in_transit,V031,DRV114
ORD02017,C0967,R024,2026-09-03T09:24:00+00:00,in_transit,V047,DRV069
ORD02018,C0987,R034,2026-08-19T11:20:00+00:00,picked_up,V005,DRV104
ORD02019,C1094,R047,2026-09-18T07:31:00+00:00,delivered,V004,DRV048
ORD02020,C1858,R050,2026-09-21T11:37:00+00:00,in_transit,V064,DRV043
ORD02021,C1789,R035,2026-08-31T16:49:00+00:00,picked_up,V047,DRV031
ORD02022,C2060,R061,2026-08-25T19:41:00+00:00,delivered,V094,DRV077
ORD02023,C0726,R056,2026-08-20T03:24:00+00:00,picked_up,V017,DRV011
ORD02024,C1361,R048,2026-08-03T03:41:00+00:00,delivered,V002,DRV074
ORD02025,C0585,R012,2026-09-01T05:56:00+00:00,delivered,V052,DRV077
ORD02026,C0463,R074,2026-09-04T19:43:00+00:00,delivered,V058,DRV024
ORD02027,C2411,R059,2026-08-26T05:04:00+00:00,delivered,V048,DRV100
ORD02028,C1085,R024,2026-09-05T03:02:00+00:00,delivered,V037,DRV007
ORD02029,C1298,R021,2026-09-07T22:57:00+00:00,picked_up,V039,DRV100
ORD02030,C1876,R008,2026-09-11T07:50:00+00:00,in_transit,V029,DRV085
ORD02031,C0500,R003,2026-08-03T22:28:00+00:00,delivered,V088,DRV094
ORD02032,C1509,R046,2026-08-16T09:23:00+00:00,delivered,V016,DRV011
ORD02033,C1145,R072,2026-08-26T15:46:00+00:00,delivered,V027,DRV047
ORD02034,C2041,R065,2026-09-11T23:27:00+00:00,delivered,V088,DRV084
ORD02035,C0104,R064,2026-08-18T20:02:00+00:00,in_transit,V021,DRV112
ORD02036,C0541,R019,2026-08-21T10:36:00+00:00,picked_up,V060,DRV058
ORD02037,C0457,R042,2026-09-07T03:38:00+00:00,delivered,V060,DRV001
ORD02038,C2200,R006,2026-09-02T13:24:00+00:00,picked_up,V057,DRV120
ORD02039,C0149,R048,2026-08-30T15:58:00+00:00,in_transit,V085,DRV006
ORD02040,C0764,R062,2026-08-17T08:42:00+00:00,delayed,V009,DRV040
ORD02041,C0929,R025,2026-08-11T23:45:00+00:00,delivered,V078,DRV039
ORD02042,C2025,R051,2026-09-18T05:57:00+00:00,picked_up,V089,DRV012
ORD02043,C1438,R026,2026-08-12T03:44:00+00:00,delivered,V080,DRV045
ORD02044,C0764,R051,2026-08-17T05:23:00+00:00,picked_up,V004,DRV077
ORD02045,C0874,R045,2026-08-12T17:58:00+00:00,delayed,V079,DRV046
ORD02046,C1814,R022,2026-08-14T20:03:00+00:00,in_transit,V099,DRV105
ORD02047,C1177,R025,2026-09-17T16:38:00+00:00,in_transit,V023,DRV001
ORD02048,C1749,R029,2026-09-02T06:53:00+00:00,delivered,V030,DRV055
ORD02049,C0201,R045,2026-08-04T08:35:00+00:00,delivered,V012,DRV117
ORD02050,C0495,R066,2026-08-18T03:33:00+00:00,delivered,V064,DRV101
ORD02051,C0639,R049,2026-08-04T16:23:00+00:00,delivered,V063,DRV016
ORD02052,C2295,R046,2026-09-20T11:42:00+00:00,delivered,V072,DRV087
ORD02053,C2188,R064,2026-09-09T16:39:00+00:00,picked_up,V098,DRV034
ORD02054,C0537,R062,2026-08-19T07:33:00+00:00,delivered,V097,DRV034
ORD02055,C2083,R028,2026-08-14T22:36:00+00:00,delivered,V021,DRV118
ORD02056,C2295,R014,2026-08-27T16:00:00+00:00,delivered,V020,DRV045
ORD02057,C0235,R024,2026-08-17T10:12:00+00:00,delayed,V046,DRV052
ORD02058,C1596,R080,2026-08-31T20:10:00+00:00,delivered,V084,DRV007
ORD02059,C2178,R062,2026-08-23T07:38:00+00:00,delivered,V083,DRV015
ORD02060,C1989,R051,2026-09-14T21:44:00+00:00,delivered,V031,DRV001
ORD02061,C1327,R072,2026-08-28T20:03:00+00:00,delayed,V084,DRV072
ORD02062,C0235,R010,2026-08-21T03:14:00+00:00,delayed,V023,DRV052
ORD02063,C1497,R052,2026-08-22T00:48:00+00:00,in_transit,V093,DRV061
ORD02064,C1305,R041,2026-08-26T07:40:00+00:00,delayed,V006,DRV047
ORD02065,C1509,R010,2026-08-16T22:12:00+00:00,picked_up,V085,DRV009
ORD02066,C1402,R035,2026-08-07T16:52:00+00:00,delivered,V099,DRV118
ORD02067,C2361,R035,2026-08-02T16:53:00+00:00,in_transit,V086,DRV012
ORD02068,C1466,R028,2026-09-23T21:13:00+00:00,delivered,V071,DRV064
ORD02069,C0692,R062,2026-08-01T05:36:00+00:00,picked_up,V003,DRV033
ORD02070,C0394,R002,2026-08-07T13:15:00+00:00,in_transit,V084,DRV064
ORD02071,C0998,R012,2026-08-14T19:22:00+00:00,delivered,V026,DRV074
ORD02072,C1663,R052,2026-09-12T03:57:00+00:00,delivered,V083,DRV059
ORD02073,C2010,R067,2026-09-13T09:34:00+00:00,delivered,V022,DRV055
ORD02074,C1794,R011,2026-09-24T23:01:00+00:00,cancelled,V024,DRV017
ORD02075,C1947,R059,2026-09-01T01:08:00+00:00,in_transit,V068,DRV069
ORD02076,C1265,R031,2026-08-20T00:51:00+00:00,picked_up,V088,DRV074
ORD02077,C1265,R078,2026-08-09T10:39:00+00:00,in_transit,V049,DRV043
ORD02078,C0511,R066,2026-09-22T17:07:00+00:00,in_transit,V024,DRV030
ORD02079,C0097,R021,2026-08-12T04:09:00+00:00,in_transit,V046,DRV108
ORD02080,C1869,R049,2026-08-25T21:59:00+00:00,cancelled,V073,DRV082
ORD02081,C1902,R001,2026-08-05T17:12:00+00:00,delivered,V054,DRV072
ORD02082,C1643,R040,2026-09-19T17:19:00+00:00,in_transit,V056,DRV064
ORD02083,C0365,R058,2026-09-24T03:55:00+00:00,delivered,V040,DRV114
ORD02084,C1355,R050,2026-09-01T16:16:00+00:00,delivered,V005,DRV033
ORD02085,C1927,R053,2026-08-23T08:02:00+00:00,delivered,V090,DRV029
ORD02086,C0764,R076,2026-09-05T08:11:00+00:00,cancelled,V073,DRV055
ORD02087,C1467,R011,2026-08-11T02:01:00+00:00,picked_up,V073,DRV084
ORD02088,C1520,R049,2026-08-21T11:17:00+00:00,delivered,V007,DRV089
ORD02089,C0660,R023,2026-09-03T16:36:00+00:00,delivered,V021,DRV068
ORD02090,C1287,R027,2026-09-08T23:03:00+00:00,delivered,V011,DRV110
ORD02091,C1612,R080,2026-09-21T02:09:00+00:00,picked_up,V098,DRV043
ORD02092,C1073,R053,2026-09-09T16:41:00+00:00,delivered,V043,DRV097
ORD02093,C0497,R040,2026-08-24T14:24:00+00:00,delayed,V040,DRV079
ORD02094,C1059,R078,2026-09-23T17:58:00+00:00,delivered,V078,DRV032
ORD02095,C1680,R058,2026-08-27T01:47:00+00:00,delivered,V035,DRV113
ORD02096,C2431,R068,2026-09-21T05:51:00+00:00,delivered,V029,DRV007
ORD02097,C0896,R054,2026-08-12T19:20:00+00:00,in_transit,V062,DRV093
ORD02098,C2339,R032,2026-08-15T13:02:00+00:00,delivered,V002,DRV115
ORD02099,C0178,R008,2026-08-16T23:29:00+00:00,delivered,V062,DRV098
ORD02100,C1691,R039,2026-09-17T08:44:00+00:00,delivered,V037,DRV081
ORD02101,C0153,R061,2026-09-23T10:06:00+00:00,delivered,V100,DRV017
ORD02102,C1247,R006,2026-08-28T15:13:00+00:00,delivered,V056,DRV109
ORD02103,C1458,R019,2026-08-21T09:46:00+00:00,in_transit,V004,DRV019
ORD02104,C1612,R015,2026-08-19T17:30:00+00:00,delayed,V060,DRV043
ORD02105,C1931,R077,2026-09-05T16:14:00+00:00,delivered,V075,DRV044
ORD02106,C0282,R056,2026-08-08T07:17:00+00:00,picked_up,V079,DRV028
ORD02107,C1625,R071,2026-08-28T07:47:00+00:00,delivered,V090,DRV042
ORD02108,C1520,R011,2026-08-07T15:28:00+00:00,delivered,V070,DRV071
ORD02109,C0556,R038,2026-08-17T18:02:00+00:00,delivered,V053,DRV021
ORD02110,C1666,R025,2026-08-29T07:46:00+00:00,delivered,V024,DRV034
ORD02111,C2374,R014,2026-08-02T21:10:00+00:00,delivered,V085,DRV058
ORD02112,C1286,R051,2026-09-19T06:11:00+00:00,picked_up,V005,DRV071
ORD02113,C0368,R036,2026-09-04T22:08:00+00:00,delayed,V007,DRV020
ORD02114,C1238,R037,2026-08-06T23:13:00+00:00,delivered,V025,DRV005
ORD02115,C0670,R008,2026-08-15T05:04:00+00:00,delivered,V047,DRV007
ORD02116,C1837,R079,2026-08-26T16:00:00+00:00,delivered,V044,DRV024
ORD02117,C0958,R026,2026-08-19T07:59:00+00:00,delivered,V020,DRV080
ORD02118,C0883,R003,2026-08-13T08:10:00+00:00,delivered,V074,DRV014
ORD02119,C1919,R030,2026-08-03T04:29:00+00:00,delivered,V033,DRV053
ORD02120,C0044,R016,2026-09-09T02:58:00+00:00,delayed,V047,DRV120
ORD02121,C1292,R019,2026-09-13T15:55:00+00:00,in_transit,V045,DRV097
ORD02122,C0321,R023,2026-08-26T09:30:00+00:00,in_transit,V027,DRV008
ORD02123,C0963,R075,2026-09-20T15:51:00+00:00,delayed,V063,DRV022
ORD02124,C1878,R035,2026-08-13T01:15:00+00:00,delivered,V070,DRV038
ORD02125,C0543,R003,2026-08-09T09:44:00+00:00,delivered,V021,DRV021
ORD02126,C1061,R048,2026-08-06T12:27:00+00:00,delivered,V093,DRV053
ORD02127,C0434,R061,2026-09-15T04:03:00+00:00,delivered,V034,DRV053
ORD02128,C2199,R007,2026-09-05T08:25:00+00:00,delivered,V070,DRV030
ORD02129,C0638,R061,2026-08-14T15:29:00+00:00,delivered,V009,DRV024
ORD02130,C1615,R006,2026-09-23T08:57:00+00:00,delayed,V044,DRV050
ORD02131,C0769,R065,2026-08-14T14:40:00+00:00,picked_up,V063,DRV032
ORD02132,C0194,R010,2026-08-18T00:45:00+00:00,delivered,V011,DRV012
ORD02133,C2265,R059,2026-09-16T22:04:00+00:00,delivered,V090,DRV045
ORD02134,C1986,R007,2026-08-07T20:44:00+00:00,delivered,V007,DRV111
ORD02135,C1032,R029,2026-09-24T14:41:00+00:00,delivered,V014,DRV076
ORD02136,C2024,R077,2026-08-30T01:02:00+00:00,delayed,V098,DRV015
ORD02137,C1043,R023,2026-08-14T01:17:00+00:00,picked_up,V050,DRV096
ORD02138,C1185,R072,2026-09-11T10:40:00+00:00,delivered,V003,DRV047
ORD02139,C1068,R015,2026-09-04T08:41:00+00:00,delivered,V087,DRV042
ORD02140,C1188,R025,2026-08-01T06:32:00+00:00,in_transit,V026,DRV026
ORD02141,C2084,R057,2026-08-02T20:01:00+00:00,delivered,V067,DRV064
ORD02142,C1533,R035,2026-09-12T10:57:00+00:00,delivered,V022,DRV002
ORD02143,C1836,R045,2026-08-07T16:53:00+00:00,in_transit,V041,DRV025
ORD02144,C0857,R080,2026-08-17T14:56:00+00:00,delivered,V082,DRV085
ORD02145,C2040,R041,2026-09-07T21:25:00+00:00,delivered,V024,DRV058
ORD02146,C0072,R022,2026-08-15T17:52:00+00:00,picked_up,V073,DRV020
ORD02147,C2477,R052,2026-09-01T20:55:00+00:00,delivered,V019,DRV104
ORD02148,C2427,R048,2026-09-22T06:16:00+00:00,delayed,V021,DRV020
ORD02149,C0895,R010,2026-08-30T09:47:00+00:00,picked_up,V099,DRV053
ORD02150,C2383,R076,2026-08-30T02:17:00+00:00,delivered,V086,DRV090
ORD02151,C0632,R056,2026-08-23T10:03:00+00:00,delivered,V093,DRV104
ORD02152,C1768,R080,2026-08-28T04:01:00+00:00,in_transit,V024,DRV006
ORD02153,C2258,R043,2026-08-24T17:53:00+00:00,in_transit,V004,DRV083
ORD02154,C2205,R025,2026-08-19T16:23:00+00:00,delayed,V029,DRV084
ORD02155,C0644,R035,2026-09-22T06:58:00+00:00,delivered,V029,DRV091
ORD02156,C0709,R011,2026-08-17T03:34:00+00:00,picked_up,V013,DRV107
ORD02157,C1526,R038,2026-09-16T15:08:00+00:00,in_transit,V015,DRV092
ORD02158,C0035,R070,2026-09-08T00:55:00+00:00,delivered,V052,DRV039
ORD02159,C0240,R015,2026-09-18T11:42:00+00:00,delivered,V072,DRV069
ORD02160,C0175,R040,2026-08-13T07:49:00+00:00,picked_up,V087,DRV001
ORD02161,C2149,R073,2026-09-15T22:30:00+00:00,picked_up,V064,DRV057
ORD02162,C1646,R041,2026-09-17T12:48:00+00:00,delivered,V095,DRV050
ORD02163,C0892,R040,2026-08-11T22:41:00+00:00,in_transit,V093,DRV017
ORD02164,C1787,R024,2026-08-11T06:11:00+00:00,in_transit,V092,DRV120
ORD02165,C0262,R010,2026-08-18T15:25:00+00:00,delivered,V040,DRV089
ORD02166,C1990,R021,2026-08-24T02:14:00+00:00,delivered,V015,DRV037
ORD02167,C2409,R061,2026-09-10T18:32:00+00:00,delivered,V098,DRV053
ORD02168,C0816,R068,2026-08-09T20:34:00+00:00,in_transit,V066,DRV090
ORD02169,C1679,R003,2026-08-06T05:27:00+00:00,delivered,V056,DRV055
ORD02170,C0661,R001,2026-08-06T19:54:00+00:00,delivered,V026,DRV096
ORD02171,C1318,R070,2026-09-06T02:16:00+00:00,delivered,V013,DRV001
ORD02172,C0963,R023,2026-08-25T14:54:00+00:00,delivered,V068,DRV116
ORD02173,C2313,R071,2026-08-15T18:48:00+00:00,picked_up,V079,DRV022
ORD02174,C1874,R058,2026-09-06T10:08:00+00:00,delivered,V056,DRV021
ORD02175,C2055,R030,2026-08-17T07:22:00+00:00,picked_up,V027,DRV113
ORD02176,C2072,R028,2026-09-14T04:10:00+00:00,delivered,V096,DRV011
ORD02177,C1649,R015,2026-09-19T10:59:00+00:00,picked_up,V097,DRV106
ORD02178,C0446,R059,2026-08-10T13:35:00+00:00,delivered,V071,DRV040
ORD02179,C0925,R025,2026-08-15T04:46:00+00:00,in_transit,V021,DRV026
ORD02180,C0766,R070,2026-09-16T10:38:00+00:00,delayed,V029,DRV045
ORD02181,C0082,R009,2026-09-18T06:24:00+00:00,delivered,V091,DRV098
ORD02182,C1517,R064,2026-09-05T04:36:00+00:00,delivered,V006,DRV055
ORD02183,C1092,R069,2026-09-17T16:35:00+00:00,delivered,V084,DRV105
ORD02184,C0479,R080,2026-08-12T19:03:00+00:00,delivered,V057,DRV053
ORD02185,C2185,R015,2026-09-02T04:33:00+00:00,cancelled,V054,DRV075
ORD02186,C0069,R039,2026-09-01T22:29:00+00:00,in_transit,V023,DRV095
ORD02187,C1575,R049,2026-09-03T15:30:00+00:00,in_transit,V052,DRV069
ORD02188,C1836,R046,2026-09-22T10:02:00+00:00,picked_up,V018,DRV042
ORD02189,C1336,R079,2026-09-16T06:42:00+00:00,in_transit,V021,DRV044
ORD02190,C1821,R035,2026-09-09T17:53:00+00:00,in_transit,V002,DRV098
ORD02191,C0585,R075,2026-08-03T05:20:00+00:00,delivered,V081,DRV061
ORD02192,C1624,R076,2026-08-28T22:06:00+00:00,delivered,V057,DRV074
ORD02193,C1258,R072,2026-08-01T13:23:00+00:00,in_transit,V077,DRV059
ORD02194,C1662,R072,2026-09-02T03:55:00+00:00,in_transit,V074,DRV037
ORD02195,C1239,R066,2026-08-18T16:29:00+00:00,picked_up,V065,DRV109
ORD02196,C1407,R060,2026-08-23T04:19:00+00:00,delivered,V059,DRV067
ORD02197,C1200,R075,2026-09-18T20:50:00+00:00,picked_up,V014,DRV049
ORD02198,C2109,R038,2026-08-29T22:29:00+00:00,delivered,V078,DRV022
ORD02199,C1633,R042,2026-08-16T15:16:00+00:00,delivered,V005,DRV021
ORD02200,C0251,R006,2026-09-06T03:31:00+00:00,delivered,V071,DRV078
ORD02201,C2131,R023,2026-08-25T16:40:00+00:00,delivered,V033,DRV046
ORD02202,C0779,R001,2026-09-20T16:18:00+00:00,picked_up,V074,DRV072
ORD02203,C0971,R062,2026-08-28T23:19:00+00:00,in_transit,V070,DRV071
ORD02204,C0612,R014,2026-09-20T13:19:00+00:00,delivered,V031,DRV002
ORD02205,C1413,R002,2026-08-05T11:16:00+00:00,delivered,V006,DRV087
ORD02206,C1458,R014,2026-09-24T00:06:00+00:00,picked_up,V100,DRV077
ORD02207,C2316,R046,2026-09-05T08:40:00+00:00,delivered,V072,DRV034
ORD02208,C2059,R070,2026-08-27T23:30:00+00:00,delivered,V073,DRV007
ORD02209,C0144,R016,2026-09-18T08:35:00+00:00,delivered,V054,DRV113
ORD02210,C0195,R027,2026-09-09T01:06:00+00:00,delivered,V089,DRV016
ORD02211,C2464,R038,2026-08-28T15:03:00+00:00,picked_up,V033,DRV017
ORD02212,C1642,R062,2026-08-26T03:03:00+00:00,in_transit,V055,DRV072
ORD02213,C0479,R039,2026-08-04T15:51:00+00:00,delivered,V100,DRV017
ORD02214,C1292,R079,2026-09-24T13:18:00+00:00,delivered,V062,DRV018
ORD02215,C0967,R024,2026-08-17T13:32:00+00:00,delivered,V002,DRV043
ORD02216,C1259,R038,2026-09-10T05:06:00+00:00,delayed,V034,DRV064
ORD02217,C2447,R039,2026-09-19T08:53:00+00:00,delivered,V042,DRV048
ORD02218,C0923,R056,2026-08-30T20:08:00+00:00,delivered,V030,DRV069
ORD02219,C1425,R063,2026-08-08T13:22:00+00:00,cancelled,V037,DRV043
ORD02220,C1616,R022,2026-09-24T07:40:00+00:00,delivered,V095,DRV032
ORD02221,C1935,R024,2026-08-09T10:26:00+00:00,picked_up,V009,DRV119
ORD02222,C1109,R019,2026-09-12T06:58:00+00:00,delivered,V055,DRV099
ORD02223,C2270,R045,2026-09-20T17:25:00+00:00,delivered,V087,DRV042
ORD02224,C1419,R024,2026-09-23T06:41:00+00:00,in_transit,V022,DRV088
ORD02225,C2004,R013,2026-09-07T02:58:00+00:00,delivered,V065,DRV042
ORD02226,C0214,R011,2026-09-10T21:11:00+00:00,delivered,V044,DRV118
ORD02227,C1259,R040,2026-09-24T16:11:00+00:00,delivered,V058,DRV059
ORD02228,C0579,R030,2026-09-03T11:05:00+00:00,in_transit,V046,DRV099
ORD02229,C1460,R068,2026-08-28T01:28:00+00:00,delivered,V060,DRV016
ORD02230,C0151,R059,2026-08-19T07:15:00+00:00,delivered,V078,DRV027
ORD02231,C0512,R063,2026-09-16T13:54:00+00:00,delivered,V029,DRV025
ORD02232,C2135,R011,2026-08-07T08:15:00+00:00,in_transit,V031,DRV106
ORD02233,C0718,R005,2026-09-16T17:56:00+00:00,delivered,V069,DRV114
ORD02234,C1169,R023,2026-09-13T20:50:00+00:00,delivered,V026,DRV002
ORD02235,C1253,R041,2026-08-06T20:58:00+00:00,delivered,V016,DRV057
ORD02236,C2097,R028,2026-08-30T20:27:00+00:00,delayed,V062,DRV104
ORD02237,C1960,R066,2026-09-21T11:34:00+00:00,picked_up,V046,DRV055
ORD02238,C1814,R036,2026-09-04T21:24:00+00:00,delivered,V095,DRV062
ORD02239,C0920,R076,2026-09-06T06:51:00+00:00,in_transit,V009,DRV040
ORD02240,C1541,R018,2026-09-23T16:10:00+00:00,in_transit,V033,DRV114
ORD02241,C0119,R044,2026-08-05T20:05:00+00:00,in_transit,V074,DRV075
ORD02242,C0934,R007,2026-09-18T11:38:00+00:00,in_transit,V044,DRV062
ORD02243,C2214,R030,2026-09-01T03:48:00+00:00,delivered,V091,DRV011
ORD02244,C1208,R067,2026-08-27T14:41:00+00:00,picked_up,V022,DRV084
ORD02245,C1876,R066,2026-09-17T04:39:00+00:00,delivered,V097,DRV116
ORD02246,C2009,R022,2026-09-21T05:09:00+00:00,picked_up,V048,DRV106
ORD02247,C0456,R074,2026-09-01T18:33:00+00:00,delayed,V017,DRV067
ORD02248,C2207,R019,2026-08-07T13:28:00+00:00,delivered,V075,DRV060
ORD02249,C1851,R039,2026-09-18T04:39:00+00:00,delivered,V082,DRV078
ORD02250,C1076,R002,2026-08-31T00:26:00+00:00,delayed,V068,DRV039
ORD02251,C0655,R035,2026-08-19T22:20:00+00:00,delivered,V098,DRV112
ORD02252,C0122,R014,2026-08-08T15:50:00+00:00,delivered,V028,DRV082
ORD02253,C0336,R065,2026-09-01T05:19:00+00:00,delayed,V069,DRV015
ORD02254,C0047,R063,2026-09-19T01:53:00+00:00,delivered,V044,DRV074
ORD02255,C2364,R074,2026-08-16T05:48:00+00:00,picked_up,V057,DRV060
ORD02256,C1733,R041,2026-08-14T13:24:00+00:00,in_transit,V055,DRV119
ORD02257,C2067,R048,2026-08-09T04:16:00+00:00,in_transit,V085,DRV041
ORD02258,C0082,R002,2026-08-30T01:22:00+00:00,delivered,V087,DRV051
ORD02259,C1019,R074,2026-08-23T00:34:00+00:00,delayed,V011,DRV002
ORD02260,C0497,R061,2026-08-29T02:17:00+00:00,delivered,V041,DRV045
ORD02261,C2192,R006,2026-09-22T07:27:00+00:00,delivered,V068,DRV042
ORD02262,C0556,R016,2026-08-05T00:36:00+00:00,delivered,V008,DRV113
ORD02263,C2175,R060,2026-08-20T00:16:00+00:00,delivered,V044,DRV120
ORD02264,C0889,R049,2026-09-06T18:01:00+00:00,delivered,V057,DRV011
ORD02265,C0992,R077,2026-09-06T13:07:00+00:00,in_transit,V027,DRV046
ORD02266,C1763,R043,2026-09-19T15:06:00+00:00,delivered,V097,DRV108
ORD02267,C1370,R038,2026-09-11T03:51:00+00:00,in_transit,V012,DRV084
ORD02268,C1421,R031,2026-09-23T07:12:00+00:00,delivered,V024,DRV046
ORD02269,C0175,R049,2026-08-27T11:47:00+00:00,delivered,V087,DRV079
ORD02270,C0649,R031,2026-09-13T02:25:00+00:00,delivered,V059,DRV004
ORD02271,C0726,R049,2026-09-07T08:48:00+00:00,delivered,V032,DRV038
ORD02272,C1689,R033,2026-08-24T09:34:00+00:00,delivered,V091,DRV088
ORD02273,C0839,R014,2026-09-12T04:28:00+00:00,cancelled,V042,DRV082
ORD02274,C0510,R039,2026-09-07T07:50:00+00:00,picked_up,V006,DRV048
ORD02275,C0034,R072,2026-09-19T21:38:00+00:00,delivered,V063,DRV028
ORD02276,C2086,R063,2026-09-08T06:27:00+00:00,delivered,V018,DRV120
ORD02277,C2372,R034,2026-08-25T17:48:00+00:00,delivered,V068,DRV097
ORD02278,C2356,R041,2026-08-20T06:57:00+00:00,picked_up,V074,DRV053
ORD02279,C2486,R064,2026-09-06T15:14:00+00:00,delivered,V097,DRV111
ORD02280,C1140,R023,2026-08-16T22:49:00+00:00,delivered,V098,DRV110
ORD02281,C1347,R041,2026-09-02T02:31:00+00:00,delivered,V091,DRV031
ORD02282,C1741,R063,2026-08-12T07:05:00+00:00,delivered,V026,DRV003
ORD02283,C0144,R050,2026-08-25T18:27:00+00:00,delayed,V099,DRV107
ORD02284,C0267,R027,2026-09-23T23:14:00+00:00,delivered,V067,DRV116
ORD02285,C2098,R071,2026-09-12T21:07:00+00:00,delivered,V096,DRV046
ORD02286,C0058,R028,2026-09-06T22:58:00+00:00,delivered,V061,DRV058
ORD02287,C0462,R030,2026-08-01T22:07:00+00:00,in_transit,V080,DRV117
ORD02288,C0524,R066,2026-09-08T07:43:00+00:00,cancelled,V024,DRV070
ORD02289,C1074,R045,2026-08-25T03:08:00+00:00,delayed,V006,DRV119
ORD02290,C1459,R022,2026-08-22T08:48:00+00:00,picked_up,V079,DRV005
ORD02291,C0081,R018,2026-08-01T17:12:00+00:00,delivered,V036,DRV009
ORD02292,C1109,R076,2026-08-25T22:21:00+00:00,delivered,V028,DRV021
ORD02293,C1268,R071,2026-08-07T22:02:00+00:00,delivered,V062,DRV092
ORD02294,C0116,R019,2026-08-14T07:48:00+00:00,delayed,V070,DRV060
ORD02295,C0839,R050,2026-08-24T09:00:00+00:00,picked_up,V074,DRV053
ORD02296,C0591,R048,2026-08-08T04:59:00+00:00,cancelled,V039,DRV102
ORD02297,C0877,R002,2026-08-25T05:09:00+00:00,picked_up,V089,DRV083
ORD02298,C0146,R013,2026-08-10T22:03:00+00:00,delivered,V080,DRV007
ORD02299,C0882,R049,2026-09-17T21:52:00+00:00,delivered,V089,DRV049
ORD02300,C0696,R002,2026-08-14T15:23:00+00:00,delivered,V058,DRV089
ORD02301,C0969,R005,2026-08-04T01:32:00+00:00,in_transit,V100,DRV102
ORD02302,C2228,R018,2026-08-07T10:05:00+00:00,in_transit,V026,DRV053
ORD02303,C0246,R044,2026-09-12T09:02:00+00:00,delivered,V041,DRV004
ORD02304,C0107,R032,2026-08-13T15:00:00+00:00,delivered,V073,DRV002
ORD02305,C0142,R079,2026-09-12T04:42:00+00:00,delivered,V097,DRV100
ORD02306,C1560,R021,2026-08-09T13:24:00+00:00,delivered,V070,DRV105
ORD02307,C0761,R061,2026-08-07T22:51:00+00:00,in_transit,V064,DRV019
ORD02308,C1145,R033,2026-08-29T22:59:00+00:00,picked_up,V091,DRV100
ORD02309,C0281,R064,2026-08-11T07:10:00+00:00,in_transit,V071,DRV104
ORD02310,C0593,R059,2026-08-24T11:43:00+00:00,delivered,V053,DRV007
ORD02311,C1628,R038,2026-08-13T00:40:00+00:00,delivered,V019,DRV012
ORD02312,C0338,R044,2026-08-17T13:32:00+00:00,delivered,V076,DRV035
ORD02313,C1828,R003,2026-09-23T07:06:00+00:00,delivered,V095,DRV106
ORD02314,C1447,R049,2026-08-03T04:48:00+00:00,delivered,V024,DRV054
ORD02315,C1908,R029,2026-08-13T00:29:00+00:00,delivered,V011,DRV084
ORD02316,C1471,R004,2026-08-13T08:19:00+00:00,delivered,V045,DRV106
ORD02317,C0453,R049,2026-08-04T12:24:00+00:00,delivered,V014,DRV074
ORD02318,C1658,R075,2026-08-09T09:47:00+00:00,delivered,V056,DRV070
ORD02319,C2105,R069,2026-09-07T19:54:00+00:00,delivered,V072,DRV055
ORD02320,C0040,R028,2026-09-12T07:48:00+00:00,delivered,V008,DRV117
ORD02321,C1796,R059,2026-08-24T14:53:00+00:00,delivered,V096,DRV030
ORD02322,C2324,R015,2026-09-22T03:09:00+00:00,delivered,V038,DRV080
ORD02323,C2168,R056,2026-08-28T11:31:00+00:00,delivered,V052,DRV074
ORD02324,C1142,R078,2026-08-12T18:20:00+00:00,picked_up,V042,DRV030
ORD02325,C0647,R056,2026-08-25T16:29:00+00:00,delivered,V006,DRV065
ORD02326,C0768,R074,2026-09-18T02:57:00+00:00,delivered,V036,DRV056
ORD02327,C2014,R022,2026-08-07T02:00:00+00:00,cancelled,V026,DRV096
ORD02328,C0893,R046,2026-08-30T23:09:00+00:00,delivered,V027,DRV098
ORD02329,C1195,R003,2026-08-02T19:53:00+00:00,delivered,V049,DRV032
ORD02330,C2115,R031,2026-09-24T02:34:00+00:00,delivered,V001,DRV001
ORD02331,C2375,R033,2026-08-11T21:44:00+00:00,delivered,V001,DRV003
ORD02332,C2026,R073,2026-08-14T23:06:00+00:00,picked_up,V018,DRV088
ORD02333,C1884,R075,2026-09-18T11:08:00+00:00,picked_up,V074,DRV094
ORD02334,C2226,R002,2026-09-19T08:58:00+00:00,delayed,V044,DRV039
ORD02335,C0167,R055,2026-09-13T17:48:00+00:00,cancelled,V050,DRV032
ORD02336,C1021,R077,2026-09-23T20:12:00+00:00,delivered,V088,DRV029
ORD02337,C0394,R013,2026-08-23T07:11:00+00:00,cancelled,V011,DRV119
ORD02338,C1062,R012,2026-09-25T03:17:00+00:00,in_transit,V048,DRV089
ORD02339,C0075,R019,2026-09-22T06:48:00+00:00,cancelled,V040,DRV020
ORD02340,C0980,R034,2026-08-02T05:24:00+00:00,delivered,V027,DRV042
ORD02341,C2488,R053,2026-08-03T20:21:00+00:00,delivered,V049,DRV074
ORD02342,C0608,R075,2026-08-25T22:18:00+00:00,picked_up,V056,DRV057
ORD02343,C0066,R008,2026-09-20T04:35:00+00:00,delivered,V083,DRV093
ORD02344,C0912,R012,2026-09-16T08:05:00+00:00,delivered,V018,DRV084
ORD02345,C0138,R037,2026-08-01T06:09:00+00:00,delivered,V051,DRV019
ORD02346,C0557,R009,2026-09-15T10:11:00+00:00,delivered,V042,DRV116
ORD02347,C0911,R046,2026-08-18T16:32:00+00:00,delivered,V021,DRV120
ORD02348,C0388,R003,2026-08-01T20:19:00+00:00,delivered,V021,DRV080
ORD02349,C0285,R043,2026-08-10T20:23:00+00:00,delivered,V088,DRV054
ORD02350,C1629,R042,2026-09-01T13:27:00+00:00,in_transit,V037,DRV086
ORD02351,C1084,R008,2026-09-12T11:25:00+00:00,in_transit,V029,DRV008
ORD02352,C2140,R004,2026-08-05T23:27:00+00:00,delivered,V072,DRV032
ORD02353,C0720,R012,2026-08-03T19:09:00+00:00,delivered,V096,DRV117
ORD02354,C0121,R073,2026-09-09T00:16:00+00:00,delivered,V012,DRV017
ORD02355,C1332,R048,2026-08-02T03:50:00+00:00,delivered,V055,DRV056
ORD02356,C0728,R040,2026-09-04T20:05:00+00:00,delayed,V040,DRV084
ORD02357,C0104,R054,2026-08-20T23:32:00+00:00,picked_up,V039,DRV050
ORD02358,C0840,R012,2026-08-31T10:36:00+00:00,delivered,V047,DRV064
ORD02359,C0341,R020,2026-08-24T19:45:00+00:00,delivered,V072,DRV054
ORD02360,C0416,R069,2026-08-16T11:10:00+00:00,delivered,V041,DRV097
ORD02361,C1606,R024,2026-09-06T01:32:00+00:00,delivered,V001,DRV066
ORD02362,C0314,R045,2026-09-06T14:44:00+00:00,cancelled,V017,DRV036
ORD02363,C1202,R070,2026-09-10T10:20:00+00:00,delivered,V035,DRV102
ORD02364,C1482,R011,2026-08-15T13:36:00+00:00,in_transit,V082,DRV027
ORD02365,C2317,R053,2026-08-11T02:39:00+00:00,picked_up,V039,DRV065
ORD02366,C0859,R019,2026-08-12T13:38:00+00:00,delivered,V035,DRV104
ORD02367,C2244,R040,2026-09-08T05:58:00+00:00,picked_up,V097,DRV049
ORD02368,C1036,R020,2026-08-09T01:34:00+00:00,delivered,V082,DRV056
ORD02369,C1638,R046,2026-08-24T12:02:00+00:00,in_transit,V023,DRV003
ORD02370,C2020,R012,2026-08-12T08:41:00+00:00,delivered,V091,DRV079
ORD02371,C0011,R071,2026-08-08T11:50:00+00:00,delivered,V060,DRV032
ORD02372,C1178,R040,2026-08-21T14:32:00+00:00,delivered,V076,DRV101
ORD02373,C0096,R068,2026-09-17T05:12:00+00:00,delivered,V054,DRV069
ORD02374,C0413,R034,2026-08-02T17:03:00+00:00,delivered,V013,DRV105
ORD02375,C0804,R012,2026-08-15T18:49:00+00:00,picked_up,V048,DRV040
ORD02376,C1645,R024,2026-08-23T13:03:00+00:00,picked_up,V016,DRV091
ORD02377,C0583,R079,2026-09-18T02:47:00+00:00,delivered,V031,DRV064
ORD02378,C0669,R065,2026-09-05T02:25:00+00:00,delivered,V008,DRV026
ORD02379,C2476,R014,2026-09-24T04:15:00+00:00,delivered,V076,DRV080
ORD02380,C1220,R012,2026-08-26T07:46:00+00:00,delivered,V002,DRV027
ORD02381,C0406,R031,2026-08-10T22:19:00+00:00,delayed,V064,DRV096
ORD02382,C1590,R072,2026-09-07T20:31:00+00:00,delivered,V096,DRV014
ORD02383,C2384,R079,2026-08-05T18:25:00+00:00,delayed,V034,DRV013
ORD02384,C0039,R060,2026-09-17T18:12:00+00:00,delivered,V047,DRV118
ORD02385,C0679,R027,2026-09-09T21:36:00+00:00,delivered,V044,DRV068
ORD02386,C1818,R061,2026-08-16T04:25:00+00:00,in_transit,V087,DRV112
ORD02387,C0929,R018,2026-09-12T19:03:00+00:00,in_transit,V008,DRV092
ORD02388,C2098,R054,2026-08-10T16:46:00+00:00,delivered,V071,DRV089
ORD02389,C2441,R061,2026-08-15T05:48:00+00:00,delivered,V026,DRV087
ORD02390,C1988,R062,2026-09-14T18:57:00+00:00,delayed,V069,DRV026
ORD02391,C0435,R006,2026-09-10T18:10:00+00:00,picked_up,V072,DRV111
ORD02392,C2249,R037,2026-09-19T22:52:00+00:00,delivered,V093,DRV092
ORD02393,C1053,R060,2026-09-15T16:36:00+00:00,delivered,V022,DRV084
ORD02394,C0498,R018,2026-08-20T14:00:00+00:00,picked_up,V024,DRV021
ORD02395,C2259,R005,2026-09-05T03:35:00+00:00,in_transit,V098,DRV049
ORD02396,C1813,R034,2026-09-06T10:07:00+00:00,in_transit,V003,DRV050
ORD02397,C0582,R056,2026-08-11T20:08:00+00:00,delivered,V047,DRV090
ORD02398,C0595,R008,2026-08-11T16:13:00+00:00,picked_up,V039,DRV106
ORD02399,C1491,R001,2026-09-13T18:27:00+00:00,picked_up,V028,DRV026
ORD02400,C0868,R067,2026-08-24T13:22:00+00:00,picked_up,V021,DRV037
ORD02401,C1200,R069,2026-08-21T06:33:00+00:00,in_transit,V037,DRV070
ORD02402,C1742,R004,2026-08-01T23:42:00+00:00,delivered,V014,DRV095
ORD02403,C0292,R041,2026-08-21T23:25:00+00:00,delivered,V013,DRV048
ORD02404,C1656,R047,2026-09-20T04:26:00+00:00,cancelled,V090,DRV038
ORD02405,C0383,R079,2026-08-31T01:39:00+00:00,delivered,V071,DRV012
ORD02406,C2043,R003,2026-08-11T23:10:00+00:00,picked_up,V036,DRV117
ORD02407,C1739,R020,2026-09-14T17:28:00+00:00,delivered,V075,DRV101
ORD02408,C0456,R061,2026-08-23T13:01:00+00:00,in_transit,V042,DRV096
ORD02409,C0404,R010,2026-09-10T22:49:00+00:00,picked_up,V043,DRV104
ORD02410,C0404,R076,2026-09-04T00:32:00+00:00,delayed,V064,DRV065
ORD02411,C2452,R034,2026-08-15T06:46:00+00:00,delivered,V082,DRV006
ORD02412,C1199,R030,2026-09-05T01:53:00+00:00,delivered,V038,DRV101
ORD02413,C0151,R036,2026-09-08T15:31:00+00:00,delayed,V060,DRV019
ORD02414,C2049,R057,2026-08-10T10:58:00+00:00,delivered,V027,DRV008
ORD02415,C1969,R047,2026-09-05T02:09:00+00:00,picked_up,V097,DRV084
ORD02416,C0935,R008,2026-08-20T17:51:00+00:00,delivered,V041,DRV040
ORD02417,C1329,R057,2026-08-28T04:23:00+00:00,picked_up,V039,DRV065
ORD02418,C1064,R050,2026-08-05T16:54:00+00:00,delivered,V023,DRV043
ORD02419,C2115,R052,2026-08-14T13:31:00+00:00,picked_up,V024,DRV072
ORD02420,C1825,R058,2026-09-08T02:05:00+00:00,delivered,V018,DRV002
ORD02421,C1386,R019,2026-09-13T15:14:00+00:00,picked_up,V091,DRV027
ORD02422,C2473,R052,2026-09-13T09:24:00+00:00,delivered,V018,DRV046
ORD02423,C0214,R068,2026-09-09T10:16:00+00:00,delayed,V061,DRV078
ORD02424,C2423,R034,2026-09-17T04:09:00+00:00,picked_up,V067,DRV051
ORD02425,C1064,R008,2026-08-31T11:45:00+00:00,delayed,V100,DRV031
ORD02426,C0594,R004,2026-09-17T23:17:00+00:00,picked_up,V078,DRV099
ORD02427,C1841,R074,2026-09-08T05:47:00+00:00,delayed,V042,DRV077
ORD02428,C1318,R002,2026-08-29T18:47:00+00:00,delivered,V084,DRV095
ORD02429,C1389,R008,2026-09-13T06:28:00+00:00,delivered,V060,DRV064
ORD02430,C0114,R021,2026-09-09T19:59:00+00:00,picked_up,V076,DRV091
ORD02431,C1649,R034,2026-08-14T11:19:00+00:00,picked_up,V062,DRV027
ORD02432,C0604,R027,2026-08-17T14:38:00+00:00,delivered,V023,DRV023
ORD02433,C2008,R014,2026-08-08T00:14:00+00:00,picked_up,V048,DRV084
ORD02434,C1207,R016,2026-09-14T20:28:00+00:00,delivered,V022,DRV008
ORD02435,C2263,R070,2026-09-04T00:43:00+00:00,delivered,V035,DRV108
ORD02436,C1741,R071,2026-08-22T05:08:00+00:00,delivered,V023,DRV014
ORD02437,C1693,R075,2026-08-17T08:16:00+00:00,delivered,V024,DRV096
ORD02438,C0318,R035,2026-08-17T20:03:00+00:00,in_transit,V035,DRV064
ORD02439,C0080,R070,2026-08-03T09:47:00+00:00,picked_up,V058,DRV060
ORD02440,C1403,R052,2026-08-18T16:40:00+00:00,delivered,V100,DRV006
ORD02441,C1880,R038,2026-09-23T04:32:00+00:00,delivered,V024,DRV053
ORD02442,C1805,R036,2026-09-04T09:05:00+00:00,in_transit,V015,DRV111
ORD02443,C2275,R036,2026-09-10T09:50:00+00:00,delivered,V031,DRV118
ORD02444,C1332,R029,2026-09-21T08:28:00+00:00,delivered,V051,DRV097
ORD02445,C2253,R021,2026-09-01T23:39:00+00:00,in_transit,V079,DRV105
ORD02446,C1893,R078,2026-08-21T00:27:00+00:00,delayed,V029,DRV017
ORD02447,C2346,R024,2026-09-19T07:24:00+00:00,picked_up,V021,DRV115
ORD02448,C2307,R029,2026-09-01T20:45:00+00:00,in_transit,V039,DRV099
ORD02449,C1357,R017,2026-09-09T06:31:00+00:00,delayed,V058,DRV051
ORD02450,C2409,R022,2026-09-20T12:53:00+00:00,in_transit,V046,DRV027
ORD02451,C0003,R080,2026-09-23T13:25:00+00:00,delivered,V058,DRV093
ORD02452,C1691,R001,2026-09-08T03:35:00+00:00,delayed,V047,DRV097
ORD02453,C0424,R006,2026-09-19T18:10:00+00:00,delivered,V092,DRV119
ORD02454,C1522,R006,2026-08-16T05:43:00+00:00,delivered,V010,DRV116
ORD02455,C0142,R080,2026-08-04T01:49:00+00:00,delivered,V070,DRV074
ORD02456,C0710,R021,2026-09-01T18:06:00+00:00,cancelled,V032,DRV027
ORD02457,C1533,R032,2026-09-02T16:34:00+00:00,delivered,V020,DRV104
ORD02458,C1383,R008,2026-08-11T11:09:00+00:00,in_transit,V094,DRV029
ORD02459,C2271,R005,2026-08-21T16:57:00+00:00,picked_up,V075,DRV065
ORD02460,C0665,R080,2026-08-18T18:15:00+00:00,delayed,V032,DRV025
ORD02461,C2202,R051,2026-08-15T21:30:00+00:00,in_transit,V017,DRV001
ORD02462,C0518,R073,2026-09-19T03:06:00+00:00,cancelled,V030,DRV016
ORD02463,C1366,R012,2026-08-15T21:19:00+00:00,picked_up,V008,DRV057
ORD02464,C0585,R079,2026-09-24T20:02:00+00:00,in_transit,V008,DRV016
ORD02465,C2409,R052,2026-08-19T04:38:00+00:00,delivered,V059,DRV040
ORD02466,C2439,R021,2026-08-07T02:15:00+00:00,picked_up,V050,DRV024
ORD02467,C0401,R012,2026-09-21T15:05:00+00:00,delivered,V058,DRV044
ORD02468,C1973,R051,2026-09-10T18:57:00+00:00,delivered,V030,DRV013
ORD02469,C1305,R052,2026-08-12T17:53:00+00:00,picked_up,V036,DRV061
ORD02470,C0105,R052,2026-08-24T02:35:00+00:00,delivered,V019,DRV090
ORD02471,C0649,R058,2026-08-21T22:20:00+00:00,delivered,V074,DRV076
ORD02472,C0434,R018,2026-08-25T16:09:00+00:00,delivered,V022,DRV091
ORD02473,C1110,R030,2026-08-31T07:30:00+00:00,delivered,V041,DRV013
ORD02474,C0203,R013,2026-09-23T03:40:00+00:00,in_transit,V039,DRV031
ORD02475,C2480,R076,2026-09-12T00:52:00+00:00,in_transit,V034,DRV060
ORD02476,C2234,R033,2026-08-13T01:33:00+00:00,delivered,V012,DRV065
ORD02477,C0031,R042,2026-09-19T06:18:00+00:00,delayed,V076,DRV024
ORD02478,C1566,R062,2026-09-14T22:37:00+00:00,delivered,V064,DRV082
ORD02479,C1452,R031,2026-08-16T13:15:00+00:00,in_transit,V072,DRV056
ORD02480,C2224,R080,2026-08-06T08:05:00+00:00,delivered,V060,DRV092
ORD02481,C2063,R036,2026-08-06T09:02:00+00:00,picked_up,V043,DRV082
ORD02482,C1314,R068,2026-08-18T16:07:00+00:00,picked_up,V070,DRV022
ORD02483,C2081,R018,2026-09-06T22:43:00+00:00,delayed,V003,DRV095
ORD02484,C1485,R062,2026-08-12T13:08:00+00:00,in_transit,V100,DRV022
ORD02485,C0692,R041,2026-09-04T01:26:00+00:00,delivered,V075,DRV051
ORD02486,C0752,R024,2026-09-02T01:07:00+00:00,delivered,V014,DRV069
ORD02487,C0705,R052,2026-08-16T11:15:00+00:00,delayed,V039,DRV058
ORD02488,C0372,R076,2026-08-24T00:34:00+00:00,picked_up,V083,DRV002
ORD02489,C0717,R032,2026-08-25T22:21:00+00:00,delivered,V073,DRV074
ORD02490,C0163,R078,2026-09-08T01:56:00+00:00,delivered,V089,DRV057
ORD02491,C0216,R052,2026-08-01T04:21:00+00:00,delivered,V044,DRV106
ORD02492,C0162,R025,2026-08-17T21:16:00+00:00,delivered,V037,DRV083
ORD02493,C2355,R079,2026-08-07T22:10:00+00:00,delivered,V098,DRV011
ORD02494,C0657,R048,2026-08-19T09:55:00+00:00,delivered,V023,DRV018
ORD02495,C0024,R012,2026-08-08T22:50:00+00:00,picked_up,V029,DRV049
ORD02496,C0153,R003,2026-09-18T06:49:00+00:00,delivered,V063,DRV085
ORD02497,C1713,R036,2026-09-06T11:32:00+00:00,delivered,V088,DRV096
ORD02498,C2154,R056,2026-08-12T23:19:00+00:00,delivered,V028,DRV091
ORD02499,C0819,R002,2026-09-22T05:34:00+00:00,delivered,V060,DRV023
ORD02500,C0914,R012,2026-09-10T13:07:00+00:00,picked_up,V085,DRV019
ORD02501,C1061,R026,2026-09-07T11:36:00+00:00,delivered,V083,DRV120
ORD02502,C0407,R056,2026-08-28T10:42:00+00:00,delivered,V026,DRV092
ORD02503,C1884,R036,2026-08-27T06:46:00+00:00,delivered,V096,DRV026
ORD02504,C0130,R061,2026-09-05T12:44:00+00:00,delivered,V062,DRV054
ORD02505,C1137,R033,2026-08-27T18:58:00+00:00,delivered,V006,DRV105
ORD02506,C2255,R061,2026-08-31T00:34:00+00:00,picked_up,V013,DRV066
ORD02507,C0707,R012,2026-09-15T03:21:00+00:00,in_transit,V073,DRV025
ORD02508,C1261,R006,2026-08-16T11:32:00+00:00,delivered,V029,DRV057
ORD02509,C1755,R010,2026-09-15T07:35:00+00:00,delivered,V035,DRV045
ORD02510,C0045,R065,2026-09-05T11:19:00+00:00,in_transit,V058,DRV073
ORD02511,C0561,R038,2026-09-18T23:22:00+00:00,delivered,V029,DRV049
ORD02512,C0811,R073,2026-08-04T23:01:00+00:00,delivered,V060,DRV023
ORD02513,C1389,R009,2026-08-02T05:05:00+00:00,cancelled,V001,DRV077
ORD02514,C0375,R044,2026-08-29T15:44:00+00:00,delivered,V035,DRV023
ORD02515,C0134,R031,2026-08-30T08:28:00+00:00,delayed,V078,DRV003
ORD02516,C1249,R069,2026-08-08T06:33:00+00:00,delivered,V055,DRV007
ORD02517,C2141,R053,2026-08-09T16:01:00+00:00,delivered,V059,DRV065
ORD02518,C0338,R028,2026-09-11T19:00:00+00:00,delivered,V094,DRV049
ORD02519,C1915,R045,2026-09-07T21:50:00+00:00,delivered,V054,DRV109
ORD02520,C1217,R030,2026-09-06T20:19:00+00:00,in_transit,V009,DRV048
ORD02521,C0245,R048,2026-09-17T04:34:00+00:00,delayed,V074,DRV005
ORD02522,C2118,R061,2026-08-16T08:02:00+00:00,in_transit,V015,DRV002
ORD02523,C0084,R006,2026-09-11T11:55:00+00:00,in_transit,V072,DRV050
ORD02524,C1383,R047,2026-09-07T12:51:00+00:00,delayed,V055,DRV005
ORD02525,C2086,R032,2026-09-10T13:13:00+00:00,delivered,V055,DRV076
ORD02526,C0865,R004,2026-09-06T02:47:00+00:00,delivered,V057,DRV086
ORD02527,C0752,R061,2026-08-12T03:00:00+00:00,delivered,V018,DRV024
ORD02528,C0067,R061,2026-09-22T11:54:00+00:00,in_transit,V100,DRV011
ORD02529,C1350,R065,2026-09-09T06:27:00+00:00,delivered,V065,DRV098
ORD02530,C0693,R061,2026-08-19T21:13:00+00:00,in_transit,V027,DRV039
ORD02531,C0090,R004,2026-08-29T19:15:00+00:00,delayed,V082,DRV042
ORD02532,C0241,R018,2026-08-13T18:37:00+00:00,picked_up,V089,DRV059
ORD02533,C2233,R072,2026-09-08T15:19:00+00:00,delayed,V098,DRV010
ORD02534,C0251,R004,2026-09-07T02:43:00+00:00,delivered,V024,DRV108
ORD02535,C0061,R021,2026-09-22T19:10:00+00:00,picked_up,V087,DRV115
ORD02536,C0329,R075,2026-09-23T00:05:00+00:00,delivered,V066,DRV108
ORD02537,C0836,R016,2026-09-21T06:07:00+00:00,delivered,V090,DRV042
ORD02538,C1733,R012,2026-09-11T18:52:00+00:00,delayed,V001,DRV069
ORD02539,C0124,R034,2026-08-16T17:24:00+00:00,delivered,V038,DRV021
ORD02540,C0973,R069,2026-08-22T11:37:00+00:00,cancelled,V012,DRV087
ORD02541,C2317,R077,2026-08-02T22:25:00+00:00,delivered,V046,DRV100
ORD02542,C1393,R004,2026-09-04T19:26:00+00:00,in_transit,V009,DRV079
ORD02543,C0666,R001,2026-09-03T14:40:00+00:00,delivered,V078,DRV068
ORD02544,C1005,R072,2026-09-16T17:03:00+00:00,delayed,V036,DRV085
ORD02545,C1932,R010,2026-09-12T10:34:00+00:00,delayed,V015,DRV054
ORD02546,C1408,R049,2026-08-25T17:21:00+00:00,in_transit,V087,DRV015
ORD02547,C0582,R049,2026-08-24T01:20:00+00:00,picked_up,V075,DRV118
ORD02548,C0469,R001,2026-08-19T09:04:00+00:00,picked_up,V100,DRV006
ORD02549,C1828,R077,2026-08-15T06:06:00+00:00,delivered,V039,DRV006
ORD02550,C0269,R004,2026-09-16T21:40:00+00:00,in_transit,V005,DRV067
ORD02551,C2254,R052,2026-08-14T18:23:00+00:00,delivered,V077,DRV054
ORD02552,C0124,R038,2026-08-28T06:23:00+00:00,picked_up,V042,DRV097
ORD02553,C2315,R019,2026-09-17T02:16:00+00:00,delivered,V075,DRV044
ORD02554,C0009,R060,2026-08-26T06:25:00+00:00,delivered,V054,DRV070
ORD02555,C0452,R015,2026-09-24T16:34:00+00:00,picked_up,V050,DRV110
ORD02556,C2173,R052,2026-09-05T18:01:00+00:00,delivered,V072,DRV005
ORD02557,C0718,R031,2026-08-12T02:34:00+00:00,delivered,V082,DRV097
ORD02558,C2437,R034,2026-08-26T17:00:00+00:00,delivered,V042,DRV103
ORD02559,C1985,R024,2026-08-24T01:39:00+00:00,delivered,V067,DRV088
ORD02560,C0585,R023,2026-08-02T03:12:00+00:00,delayed,V038,DRV104
ORD02561,C0369,R048,2026-08-20T15:37:00+00:00,delivered,V003,DRV075
ORD02562,C1091,R059,2026-09-03T08:16:00+00:00,delivered,V024,DRV071
ORD02563,C1839,R008,2026-08-23T18:43:00+00:00,in_transit,V084,DRV098
ORD02564,C1263,R038,2026-08-23T02:22:00+00:00,delivered,V018,DRV109
ORD02565,C2054,R046,2026-08-21T07:03:00+00:00,in_transit,V055,DRV033
ORD02566,C0067,R057,2026-09-03T13:00:00+00:00,delayed,V036,DRV087
ORD02567,C2335,R035,2026-09-16T14:45:00+00:00,delivered,V016,DRV046
ORD02568,C1684,R032,2026-09-17T05:07:00+00:00,delivered,V092,DRV052
ORD02569,C1899,R017,2026-08-22T04:27:00+00:00,delivered,V049,DRV052
ORD02570,C2323,R075,2026-08-07T21:51:00+00:00,delivered,V075,DRV040
ORD02571,C2149,R018,2026-08-05T18:21:00+00:00,cancelled,V024,DRV078
ORD02572,C1573,R022,2026-09-07T13:33:00+00:00,in_transit,V017,DRV002
ORD02573,C1672,R010,2026-09-11T09:23:00+00:00,picked_up,V073,DRV075
ORD02574,C2461,R045,2026-09-04T09:32:00+00:00,in_transit,V076,DRV117
ORD02575,C2265,R078,2026-09-20T02:17:00+00:00,delivered,V042,DRV097
ORD02576,C0768,R072,2026-09-17T00:26:00+00:00,delivered,V064,DRV058
ORD02577,C0708,R002,2026-08-28T10:56:00+00:00,delivered,V033,DRV068
ORD02578,C2163,R033,2026-08-23T13:59:00+00:00,delivered,V026,DRV078
ORD02579,C0121,R011,2026-08-15T02:51:00+00:00,cancelled,V052,DRV002
ORD02580,C1911,R038,2026-08-28T06:01:00+00:00,delivered,V085,DRV090
ORD02581,C0930,R079,2026-08-07T04:08:00+00:00,cancelled,V040,DRV095
ORD02582,C0837,R073,2026-08-07T15:27:00+00:00,delivered,V016,DRV003
ORD02583,C2213,R020,2026-09-19T15:53:00+00:00,delivered,V005,DRV076
ORD02584,C0555,R042,2026-09-05T01:34:00+00:00,delivered,V096,DRV101
ORD02585,C1380,R043,2026-08-14T21:18:00+00:00,delivered,V024,DRV030
ORD02586,C0420,R073,2026-09-14T05:19:00+00:00,cancelled,V055,DRV078
ORD02587,C2234,R080,2026-09-06T12:19:00+00:00,delivered,V073,DRV106
ORD02588,C1941,R048,2026-09-06T18:41:00+00:00,delivered,V001,DRV011
ORD02589,C2156,R001,2026-09-11T00:19:00+00:00,in_transit,V053,DRV013
ORD02590,C1190,R043,2026-09-13T18:00:00+00:00,delivered,V098,DRV084
ORD02591,C0670,R032,2026-08-29T02:52:00+00:00,delivered,V016,DRV091
ORD02592,C1658,R010,2026-08-18T17:44:00+00:00,delivered,V080,DRV041
ORD02593,C0695,R007,2026-09-15T05:20:00+00:00,delivered,V026,DRV083
ORD02594,C2358,R045,2026-08-06T17:56:00+00:00,delivered,V012,DRV097
ORD02595,C2392,R019,2026-08-31T09:56:00+00:00,picked_up,V096,DRV107
ORD02596,C0166,R026,2026-09-17T00:47:00+00:00,delivered,V027,DRV059
ORD02597,C1838,R024,2026-08-27T21:16:00+00:00,picked_up,V040,DRV036
ORD02598,C0106,R078,2026-08-01T04:43:00+00:00,delayed,V064,DRV056
ORD02599,C0022,R054,2026-08-12T21:50:00+00:00,delayed,V041,DRV009
ORD02600,C1931,R042,2026-08-07T23:31:00+00:00,delayed,V078,DRV010
ORD02601,C0682,R046,2026-08-09T07:55:00+00:00,delivered,V031,DRV085
ORD02602,C2479,R035,2026-09-02T01:36:00+00:00,delivered,V033,DRV005
ORD02603,C0324,R046,2026-09-16T09:13:00+00:00,delivered,V045,DRV070
ORD02604,C1499,R058,2026-08-24T20:05:00+00:00,delivered,V080,DRV051
ORD02605,C1937,R015,2026-09-06T07:01:00+00:00,delivered,V063,DRV106
ORD02606,C1276,R037,2026-08-02T04:10:00+00:00,in_transit,V002,DRV092
ORD02607,C1019,R016,2026-09-19T04:44:00+00:00,delivered,V003,DRV098
ORD02608,C1568,R011,2026-09-19T06:56:00+00:00,delivered,V027,DRV076
ORD02609,C1636,R006,2026-08-22T20:13:00+00:00,delivered,V070,DRV071
ORD02610,C1605,R003,2026-09-10T15:11:00+00:00,delivered,V002,DRV020
ORD02611,C1792,R078,2026-08-31T20:45:00+00:00,delivered,V049,DRV037
ORD02612,C0228,R031,2026-09-01T06:40:00+00:00,delayed,V017,DRV026
ORD02613,C2078,R060,2026-08-28T08:31:00+00:00,delivered,V003,DRV065
ORD02614,C1979,R063,2026-08-04T22:05:00+00:00,delivered,V078,DRV072
ORD02615,C2456,R022,2026-08-04T19:09:00+00:00,cancelled,V092,DRV016
ORD02616,C0595,R037,2026-08-21T09:48:00+00:00,delivered,V026,DRV088
ORD02617,C1387,R013,2026-08-09T19:24:00+00:00,delivered,V036,DRV071
ORD02618,C0457,R021,2026-09-06T12:33:00+00:00,delivered,V085,DRV016
ORD02619,C0602,R038,2026-09-11T10:28:00+00:00,delayed,V087,DRV021
ORD02620,C1950,R029,2026-09-24T20:53:00+00:00,picked_up,V087,DRV001
ORD02621,C0233,R047,2026-08-26T10:20:00+00:00,delivered,V093,DRV090
ORD02622,C1600,R026,2026-08-08T07:58:00+00:00,delivered,V009,DRV038
ORD02623,C1726,R074,2026-09-01T01:20:00+00:00,delayed,V074,DRV035
ORD02624,C1339,R053,2026-08-13T04:53:00+00:00,picked_up,V024,DRV032
ORD02625,C1575,R047,2026-08-22T04:22:00+00:00,cancelled,V018,DRV096
ORD02626,C2276,R039,2026-08-02T16:29:00+00:00,delivered,V063,DRV105
ORD02627,C0213,R028,2026-09-05T12:16:00+00:00,delivered,V007,DRV043
ORD02628,C0035,R006,2026-09-06T05:28:00+00:00,delivered,V056,DRV107
ORD02629,C1757,R017,2026-09-18T10:47:00+00:00,picked_up,V012,DRV083
ORD02630,C0887,R080,2026-09-19T15:43:00+00:00,in_transit,V002,DRV111
ORD02631,C0119,R016,2026-08-16T02:12:00+00:00,delivered,V095,DRV031
ORD02632,C0820,R018,2026-08-03T07:34:00+00:00,in_transit,V044,DRV021
ORD02633,C0460,R073,2026-09-12T15:34:00+00:00,in_transit,V047,DRV030
ORD02634,C0177,R006,2026-08-05T14:06:00+00:00,in_transit,V069,DRV056
ORD02635,C1056,R045,2026-09-15T00:02:00+00:00,picked_up,V085,DRV042
ORD02636,C2281,R076,2026-08-13T14:34:00+00:00,delivered,V037,DRV096
ORD02637,C0067,R043,2026-08-21T13:34:00+00:00,delivered,V016,DRV072
ORD02638,C0866,R077,2026-09-05T13:34:00+00:00,delivered,V045,DRV068
ORD02639,C0688,R043,2026-09-06T09:38:00+00:00,cancelled,V021,DRV111
ORD02640,C1669,R016,2026-09-15T01:39:00+00:00,in_transit,V007,DRV041
ORD02641,C0572,R031,2026-09-07T07:31:00+00:00,delivered,V054,DRV108
ORD02642,C0632,R055,2026-08-03T22:55:00+00:00,delivered,V038,DRV058
ORD02643,C2065,R003,2026-08-13T02:12:00+00:00,delivered,V009,DRV047
ORD02644,C0278,R010,2026-09-04T06:31:00+00:00,cancelled,V088,DRV001
ORD02645,C1734,R012,2026-09-08T13:36:00+00:00,delivered,V013,DRV041
ORD02646,C0735,R068,2026-09-10T04:11:00+00:00,in_transit,V048,DRV017
ORD02647,C1812,R010,2026-08-20T03:58:00+00:00,delivered,V042,DRV040
ORD02648,C0398,R049,2026-08-25T04:39:00+00:00,delayed,V047,DRV028
ORD02649,C2346,R075,2026-08-06T00:17:00+00:00,delivered,V059,DRV016
ORD02650,C1231,R068,2026-09-22T13:34:00+00:00,delivered,V056,DRV096
ORD02651,C0963,R028,2026-09-09T05:03:00+00:00,delivered,V016,DRV071
ORD02652,C1885,R078,2026-09-15T05:14:00+00:00,delivered,V086,DRV072
ORD02653,C0761,R001,2026-09-04T04:23:00+00:00,in_transit,V007,DRV099
ORD02654,C0025,R061,2026-08-09T03:22:00+00:00,delivered,V032,DRV110
ORD02655,C2003,R024,2026-08-16T00:56:00+00:00,delivered,V047,DRV056
ORD02656,C1963,R025,2026-08-14T04:22:00+00:00,in_transit,V078,DRV090
ORD02657,C1062,R027,2026-09-21T12:29:00+00:00,cancelled,V052,DRV038
ORD02658,C1618,R072,2026-08-13T08:01:00+00:00,delivered,V098,DRV021
ORD02659,C1800,R080,2026-09-24T05:49:00+00:00,in_transit,V034,DRV022
ORD02660,C1386,R080,2026-08-15T14:16:00+00:00,delivered,V069,DRV112
ORD02661,C0385,R018,2026-08-22T19:27:00+00:00,in_transit,V003,DRV074
ORD02662,C0718,R009,2026-09-08T15:47:00+00:00,in_transit,V030,DRV098
ORD02663,C0290,R018,2026-08-20T10:03:00+00:00,cancelled,V064,DRV085
ORD02664,C0345,R002,2026-09-14T03:16:00+00:00,delivered,V042,DRV111
ORD02665,C1813,R044,2026-08-12T16:34:00+00:00,picked_up,V008,DRV118
ORD02666,C0121,R073,2026-08-07T08:27:00+00:00,delivered,V029,DRV016
ORD02667,C1772,R037,2026-08-23T11:06:00+00:00,delivered,V020,DRV024
ORD02668,C0309,R064,2026-09-11T02:00:00+00:00,delivered,V028,DRV027
ORD02669,C1959,R005,2026-09-06T07:21:00+00:00,delivered,V039,DRV094
ORD02670,C1551,R001,2026-08-19T21:57:00+00:00,in_transit,V007,DRV031
ORD02671,C1247,R079,2026-08-29T14:04:00+00:00,delivered,V065,DRV102
ORD02672,C1938,R037,2026-08-08T20:33:00+00:00,delayed,V005,DRV082
ORD02673,C1780,R017,2026-09-15T08:26:00+00:00,delivered,V087,DRV083
ORD02674,C1521,R065,2026-08-16T05:35:00+00:00,delivered,V054,DRV018
ORD02675,C1659,R021,2026-08-02T08:29:00+00:00,picked_up,V032,DRV091
ORD02676,C0291,R046,2026-09-06T20:41:00+00:00,picked_up,V034,DRV053
ORD02677,C2402,R058,2026-08-25T10:22:00+00:00,delivered,V063,DRV083
ORD02678,C2338,R067,2026-08-21T00:12:00+00:00,cancelled,V090,DRV099
ORD02679,C0317,R070,2026-08-26T09:47:00+00:00,picked_up,V077,DRV102
ORD02680,C1291,R065,2026-09-09T00:45:00+00:00,delivered,V095,DRV080
ORD02681,C0586,R037,2026-09-24T12:56:00+00:00,delayed,V085,DRV027
ORD02682,C2419,R038,2026-08-20T19:50:00+00:00,delivered,V096,DRV029
ORD02683,C2400,R013,2026-08-12T23:02:00+00:00,delivered,V092,DRV071
ORD02684,C1391,R014,2026-08-31T02:35:00+00:00,in_transit,V072,DRV120
ORD02685,C1845,R003,2026-08-01T13:23:00+00:00,in_transit,V024,DRV088
ORD02686,C1246,R018,2026-08-18T18:50:00+00:00,picked_up,V068,DRV091
ORD02687,C2065,R023,2026-08-15T21:59:00+00:00,delivered,V092,DRV060
ORD02688,C1845,R066,2026-09-15T19:43:00+00:00,delivered,V017,DRV027
ORD02689,C1589,R043,2026-09-19T19:21:00+00:00,cancelled,V038,DRV009
ORD02690,C1516,R010,2026-08-19T08:55:00+00:00,in_transit,V033,DRV074
ORD02691,C0101,R060,2026-09-22T11:31:00+00:00,in_transit,V035,DRV051
ORD02692,C1585,R055,2026-09-10T11:55:00+00:00,in_transit,V073,DRV100
ORD02693,C0825,R031,2026-08-01T12:12:00+00:00,picked_up,V057,DRV020
ORD02694,C0343,R007,2026-09-19T14:13:00+00:00,delivered,V019,DRV054
ORD02695,C1306,R017,2026-08-01T20:46:00+00:00,delivered,V042,DRV046
ORD02696,C2142,R053,2026-08-26T10:58:00+00:00,delivered,V086,DRV119
ORD02697,C0706,R042,2026-09-02T18:00:00+00:00,picked_up,V046,DRV013
ORD02698,C2146,R056,2026-08-26T04:25:00+00:00,delivered,V007,DRV050
ORD02699,C0236,R067,2026-09-07T22:12:00+00:00,picked_up,V017,DRV038
ORD02700,C0631,R054,2026-09-04T22:04:00+00:00,delivered,V042,DRV014
ORD02701,C1935,R039,2026-08-24T19:16:00+00:00,delivered,V066,DRV076
ORD02702,C2189,R019,2026-08-19T13:02:00+00:00,delivered,V053,DRV117
ORD02703,C0172,R066,2026-08-22T07:06:00+00:00,picked_up,V061,DRV112
ORD02704,C1222,R003,2026-08-23T10:34:00+00:00,delivered,V006,DRV113
ORD02705,C0186,R028,2026-09-16T19:34:00+00:00,in_transit,V008,DRV023
ORD02706,C1139,R070,2026-09-18T17:20:00+00:00,delivered,V078,DRV100
ORD02707,C0272,R035,2026-09-22T20:18:00+00:00,delivered,V099,DRV056
ORD02708,C1118,R063,2026-09-22T13:35:00+00:00,picked_up,V018,DRV108
ORD02709,C2497,R072,2026-08-25T14:05:00+00:00,delivered,V047,DRV050
ORD02710,C0839,R002,2026-08-28T08:33:00+00:00,delivered,V006,DRV060
ORD02711,C1319,R063,2026-08-28T10:30:00+00:00,cancelled,V002,DRV074
ORD02712,C1380,R029,2026-09-22T04:57:00+00:00,delivered,V003,DRV114
ORD02713,C1108,R056,2026-08-01T04:22:00+00:00,delivered,V079,DRV033
ORD02714,C2173,R006,2026-08-22T07:30:00+00:00,cancelled,V046,DRV117
ORD02715,C0784,R067,2026-08-26T15:52:00+00:00,in_transit,V003,DRV060
ORD02716,C1884,R006,2026-08-21T21:26:00+00:00,delivered,V096,DRV057
ORD02717,C0466,R069,2026-09-09T21:33:00+00:00,delivered,V079,DRV047
ORD02718,C0652,R066,2026-09-08T19:40:00+00:00,delayed,V088,DRV067
ORD02719,C2484,R065,2026-09-17T15:45:00+00:00,delayed,V017,DRV108
ORD02720,C2337,R067,2026-09-06T06:21:00+00:00,in_transit,V036,DRV014
ORD02721,C1477,R032,2026-08-21T04:04:00+00:00,delivered,V055,DRV004
ORD02722,C2115,R036,2026-08-16T04:36:00+00:00,delivered,V062,DRV038
ORD02723,C0745,R057,2026-08-18T15:01:00+00:00,in_transit,V050,DRV052
ORD02724,C0370,R012,2026-09-04T00:21:00+00:00,delivered,V068,DRV119
ORD02725,C1563,R065,2026-08-14T18:35:00+00:00,delivered,V019,DRV114
ORD02726,C0096,R073,2026-08-29T14:48:00+00:00,delivered,V071,DRV076
ORD02727,C1941,R031,2026-08-13T05:25:00+00:00,delivered,V019,DRV029
ORD02728,C0702,R080,2026-09-15T20:36:00+00:00,picked_up,V004,DRV020
ORD02729,C1296,R074,2026-08-06T06:44:00+00:00,delivered,V098,DRV055
ORD02730,C1909,R058,2026-08-06T06:04:00+00:00,in_transit,V071,DRV036
ORD02731,C2034,R042,2026-08-24T18:16:00+00:00,delivered,V057,DRV054
ORD02732,C0163,R026,2026-09-24T04:47:00+00:00,delivered,V070,DRV070
ORD02733,C1313,R060,2026-09-17T00:12:00+00:00,delivered,V075,DRV009
ORD02734,C2493,R008,2026-09-20T22:39:00+00:00,in_transit,V048,DRV066
ORD02735,C2097,R052,2026-09-20T05:51:00+00:00,delivered,V034,DRV071
ORD02736,C1962,R027,2026-09-17T23:18:00+00:00,delivered,V020,DRV003
ORD02737,C0739,R020,2026-08-22T17:11:00+00:00,in_transit,V088,DRV014
ORD02738,C0362,R078,2026-08-03T14:27:00+00:00,in_transit,V043,DRV095
ORD02739,C0403,R073,2026-09-19T05:34:00+00:00,delivered,V050,DRV109
ORD02740,C2442,R063,2026-08-01T16:26:00+00:00,picked_up,V050,DRV092
ORD02741,C0602,R007,2026-09-11T11:14:00+00:00,in_transit,V029,DRV062
ORD02742,C1789,R071,2026-08-22T03:53:00+00:00,delivered,V091,DRV066
ORD02743,C1724,R059,2026-08-05T09:54:00+00:00,delivered,V041,DRV006
ORD02744,C0923,R059,2026-09-16T14:44:00+00:00,in_transit,V067,DRV101
ORD02745,C0968,R046,2026-09-10T16:06:00+00:00,delivered,V063,DRV057
ORD02746,C0175,R028,2026-08-10T06:13:00+00:00,delivered,V044,DRV081
ORD02747,C1960,R005,2026-09-02T15:33:00+00:00,delivered,V012,DRV068
ORD02748,C2086,R036,2026-08-26T14:32:00+00:00,delivered,V040,DRV048
ORD02749,C0420,R010,2026-08-29T10:14:00+00:00,delivered,V062,DRV007
ORD02750,C0467,R042,2026-08-05T15:02:00+00:00,delivered,V069,DRV057
ORD02751,C2388,R051,2026-09-18T18:37:00+00:00,in_transit,V096,DRV005
ORD02752,C1240,R080,2026-09-10T18:12:00+00:00,delivered,V019,DRV030
ORD02753,C2354,R055,2026-09-16T18:33:00+00:00,delivered,V053,DRV061
ORD02754,C0089,R030,2026-09-08T13:55:00+00:00,delayed,V055,DRV039
ORD02755,C2043,R028,2026-08-13T08:48:00+00:00,in_transit,V062,DRV028
ORD02756,C0657,R046,2026-09-23T02:02:00+00:00,picked_up,V047,DRV058
ORD02757,C0854,R057,2026-08-22T07:12:00+00:00,delivered,V051,DRV072
ORD02758,C1247,R073,2026-08-09T03:57:00+00:00,delivered,V048,DRV118
ORD02759,C1528,R030,2026-08-16T23:44:00+00:00,delivered,V049,DRV110
ORD02760,C1594,R045,2026-08-24T04:27:00+00:00,delivered,V075,DRV056
ORD02761,C1929,R027,2026-08-28T10:02:00+00:00,delivered,V050,DRV109
ORD02762,C1462,R023,2026-08-12T06:24:00+00:00,delivered,V081,DRV074
ORD02763,C1740,R011,2026-09-14T09:16:00+00:00,delivered,V079,DRV015
ORD02764,C0679,R001,2026-08-31T16:52:00+00:00,delivered,V021,DRV115
ORD02765,C1175,R013,2026-09-06T21:12:00+00:00,in_transit,V010,DRV083
ORD02766,C0240,R039,2026-08-26T00:17:00+00:00,in_transit,V050,DRV090
ORD02767,C0527,R027,2026-09-14T09:21:00+00:00,picked_up,V037,DRV004
ORD02768,C0118,R052,2026-08-27T08:31:00+00:00,in_transit,V031,DRV026
ORD02769,C1575,R045,2026-08-03T18:55:00+00:00,in_transit,V083,DRV075
ORD02770,C0505,R072,2026-08-18T07:59:00+00:00,delivered,V058,DRV059
ORD02771,C1284,R053,2026-09-09T19:28:00+00:00,cancelled,V001,DRV018
ORD02772,C0525,R036,2026-08-16T21:45:00+00:00,picked_up,V005,DRV018
ORD02773,C0856,R035,2026-09-23T17:49:00+00:00,delivered,V010,DRV116
ORD02774,C0067,R071,2026-08-21T03:41:00+00:00,picked_up,V063,DRV046
ORD02775,C1131,R058,2026-08-07T17:50:00+00:00,delivered,V082,DRV039
ORD02776,C1005,R036,2026-08-27T21:28:00+00:00,delivered,V022,DRV028
ORD02777,C1259,R059,2026-08-28T18:07:00+00:00,picked_up,V047,DRV056
ORD02778,C0526,R007,2026-08-11T04:22:00+00:00,delivered,V032,DRV063
ORD02779,C1563,R009,2026-09-21T19:33:00+00:00,in_transit,V097,DRV046
ORD02780,C1797,R075,2026-08-15T12:59:00+00:00,in_transit,V063,DRV088
ORD02781,C2243,R012,2026-08-28T07:52:00+00:00,in_transit,V004,DRV028
ORD02782,C0854,R023,2026-08-31T13:49:00+00:00,delivered,V094,DRV093
ORD02783,C2185,R033,2026-09-20T02:43:00+00:00,delivered,V019,DRV024
ORD02784,C0271,R001,2026-08-28T11:46:00+00:00,delivered,V031,DRV030
ORD02785,C1532,R036,2026-09-04T14:32:00+00:00,delayed,V090,DRV011
ORD02786,C1068,R075,2026-08-19T05:07:00+00:00,delivered,V012,DRV015
ORD02787,C0261,R067,2026-09-12T13:05:00+00:00,in_transit,V041,DRV028
ORD02788,C1806,R038,2026-08-02T11:28:00+00:00,in_transit,V037,DRV032
ORD02789,C2165,R056,2026-09-08T20:11:00+00:00,delivered,V025,DRV007
ORD02790,C1968,R007,2026-08-06T13:23:00+00:00,delivered,V090,DRV069
ORD02791,C0266,R040,2026-08-19T21:10:00+00:00,in_transit,V042,DRV012
ORD02792,C0426,R056,2026-09-13T20:27:00+00:00,delivered,V022,DRV081
ORD02793,C1661,R071,2026-08-08T05:01:00+00:00,delivered,V013,DRV006
ORD02794,C0217,R039,2026-08-12T21:44:00+00:00,delivered,V059,DRV108
ORD02795,C2369,R071,2026-08-01T07:27:00+00:00,delivered,V055,DRV106
ORD02796,C0804,R010,2026-09-03T22:07:00+00:00,picked_up,V023,DRV091
ORD02797,C2058,R005,2026-08-05T23:45:00+00:00,delivered,V007,DRV024
ORD02798,C1181,R043,2026-08-02T18:45:00+00:00,in_transit,V018,DRV022
ORD02799,C0151,R038,2026-08-15T00:43:00+00:00,delivered,V053,DRV062
ORD02800,C0581,R010,2026-08-24T08:20:00+00:00,delivered,V076,DRV073
ORD02801,C2128,R052,2026-09-08T17:05:00+00:00,picked_up,V027,DRV109
ORD02802,C0951,R018,2026-08-13T12:19:00+00:00,delivered,V005,DRV041
ORD02803,C0113,R023,2026-08-05T08:38:00+00:00,delivered,V018,DRV084
ORD02804,C0851,R079,2026-08-05T08:12:00+00:00,picked_up,V015,DRV098
ORD02805,C0934,R040,2026-08-20T02:57:00+00:00,delivered,V013,DRV025
ORD02806,C0880,R024,2026-09-17T03:33:00+00:00,delivered,V015,DRV102
ORD02807,C1161,R077,2026-08-24T06:48:00+00:00,delivered,V053,DRV087
ORD02808,C1221,R028,2026-08-28T21:13:00+00:00,delivered,V052,DRV039
ORD02809,C1759,R001,2026-08-16T20:52:00+00:00,delivered,V066,DRV056
ORD02810,C1014,R023,2026-08-06T03:32:00+00:00,delayed,V075,DRV046
ORD02811,C1477,R061,2026-08-23T04:00:00+00:00,delivered,V074,DRV071
ORD02812,C1371,R061,2026-08-22T05:10:00+00:00,delivered,V100,DRV012
ORD02813,C0272,R052,2026-09-03T21:19:00+00:00,picked_up,V073,DRV109
ORD02814,C2093,R050,2026-08-15T09:46:00+00:00,delivered,V032,DRV112
ORD02815,C1514,R054,2026-09-08T00:27:00+00:00,delivered,V035,DRV061
ORD02816,C1809,R052,2026-09-23T01:35:00+00:00,in_transit,V021,DRV037
ORD02817,C2299,R056,2026-08-30T02:25:00+00:00,in_transit,V044,DRV027
ORD02818,C0632,R074,2026-09-20T07:51:00+00:00,picked_up,V096,DRV032
ORD02819,C0423,R050,2026-09-15T02:28:00+00:00,picked_up,V020,DRV039
ORD02820,C1714,R011,2026-08-15T08:37:00+00:00,in_transit,V083,DRV090
ORD02821,C1174,R071,2026-08-21T14:54:00+00:00,delivered,V028,DRV085
ORD02822,C2367,R043,2026-09-15T13:41:00+00:00,delayed,V032,DRV086
ORD02823,C2317,R013,2026-09-05T23:55:00+00:00,delayed,V019,DRV038
ORD02824,C0394,R031,2026-09-19T21:20:00+00:00,delayed,V010,DRV054
ORD02825,C0806,R065,2026-08-08T18:39:00+00:00,delivered,V066,DRV084
ORD02826,C0536,R004,2026-08-23T10:51:00+00:00,delivered,V027,DRV061
ORD02827,C0391,R061,2026-08-16T05:49:00+00:00,delayed,V099,DRV001
ORD02828,C0079,R079,2026-09-08T15:19:00+00:00,picked_up,V071,DRV116
ORD02829,C1170,R036,2026-09-22T09:42:00+00:00,delivered,V017,DRV016
ORD02830,C0754,R076,2026-08-28T06:09:00+00:00,delayed,V057,DRV051
ORD02831,C1592,R036,2026-08-14T06:10:00+00:00,delayed,V082,DRV022
ORD02832,C0446,R052,2026-08-19T20:44:00+00:00,picked_up,V025,DRV077
ORD02833,C0882,R075,2026-09-23T18:00:00+00:00,in_transit,V039,DRV002
ORD02834,C0450,R034,2026-09-16T02:50:00+00:00,picked_up,V011,DRV086
ORD02835,C0363,R053,2026-09-05T01:29:00+00:00,delayed,V073,DRV059
ORD02836,C0895,R004,2026-09-07T14:54:00+00:00,in_transit,V071,DRV029
ORD02837,C0696,R077,2026-08-11T06:04:00+00:00,delivered,V050,DRV014
ORD02838,C2326,R004,2026-08-11T11:12:00+00:00,delivered,V092,DRV032
ORD02839,C1114,R005,2026-08-08T12:11:00+00:00,delivered,V030,DRV035
ORD02840,C1121,R054,2026-09-13T22:36:00+00:00,in_transit,V027,DRV088
ORD02841,C0363,R006,2026-09-21T07:55:00+00:00,delivered,V089,DRV034
ORD02842,C1029,R056,2026-09-14T23:51:00+00:00,in_transit,V005,DRV010
ORD02843,C2418,R052,2026-08-02T00:13:00+00:00,cancelled,V075,DRV084
ORD02844,C0159,R007,2026-08-29T10:37:00+00:00,in_transit,V021,DRV115
ORD02845,C2230,R072,2026-09-08T00:28:00+00:00,picked_up,V016,DRV052
ORD02846,C0500,R080,2026-09-24T22:01:00+00:00,delivered,V038,DRV019
ORD02847,C0639,R065,2026-08-31T00:14:00+00:00,delivered,V034,DRV114
ORD02848,C1959,R041,2026-08-19T00:58:00+00:00,delivered,V008,DRV090
ORD02849,C0241,R076,2026-08-10T03:11:00+00:00,delivered,V070,DRV049
ORD02850,C2030,R062,2026-08-10T01:44:00+00:00,picked_up,V012,DRV102
ORD02851,C0067,R018,2026-08-09T23:27:00+00:00,in_transit,V040,DRV119
ORD02852,C0362,R060,2026-08-01T12:37:00+00:00,delivered,V067,DRV072
ORD02853,C1226,R016,2026-08-13T04:56:00+00:00,picked_up,V059,DRV109
ORD02854,C1787,R063,2026-08-08T00:49:00+00:00,delayed,V078,DRV028
ORD02855,C2479,R048,2026-09-14T17:38:00+00:00,delivered,V055,DRV025
ORD02856,C1236,R071,2026-08-08T07:46:00+00:00,delivered,V082,DRV064
ORD02857,C1022,R049,2026-08-12T04:47:00+00:00,delayed,V037,DRV022
ORD02858,C0973,R045,2026-08-26T21:46:00+00:00,picked_up,V010,DRV091
ORD02859,C1775,R028,2026-08-31T06:28:00+00:00,delivered,V077,DRV085
ORD02860,C0685,R009,2026-09-07T03:33:00+00:00,delivered,V045,DRV044
ORD02861,C1489,R064,2026-08-29T12:28:00+00:00,picked_up,V001,DRV018
ORD02862,C1131,R009,2026-09-12T14:58:00+00:00,in_transit,V077,DRV091
ORD02863,C0240,R050,2026-08-26T17:45:00+00:00,delivered,V077,DRV029
ORD02864,C1396,R014,2026-09-23T23:09:00+00:00,cancelled,V090,DRV094
ORD02865,C2068,R045,2026-09-06T17:12:00+00:00,delivered,V047,DRV100
ORD02866,C0640,R024,2026-09-10T23:17:00+00:00,in_transit,V012,DRV059
ORD02867,C1568,R018,2026-09-02T22:47:00+00:00,delivered,V004,DRV034
ORD02868,C1125,R003,2026-08-04T23:15:00+00:00,delivered,V084,DRV118
ORD02869,C0738,R001,2026-09-04T12:52:00+00:00,delivered,V054,DRV111
ORD02870,C0022,R066,2026-09-10T13:03:00+00:00,delayed,V014,DRV113
ORD02871,C1114,R053,2026-09-07T07:27:00+00:00,delivered,V008,DRV087
ORD02872,C0691,R018,2026-09-18T21:56:00+00:00,delivered,V061,DRV053
ORD02873,C0574,R015,2026-08-12T04:35:00+00:00,delivered,V085,DRV021
ORD02874,C1163,R071,2026-08-14T12:20:00+00:00,delivered,V072,DRV020
ORD02875,C0789,R036,2026-09-13T00:48:00+00:00,delivered,V020,DRV068
ORD02876,C0378,R076,2026-09-24T05:56:00+00:00,delivered,V001,DRV035
ORD02877,C1528,R035,2026-09-11T05:50:00+00:00,in_transit,V015,DRV030
ORD02878,C0796,R032,2026-09-01T17:33:00+00:00,in_transit,V100,DRV041
ORD02879,C0538,R019,2026-08-16T00:39:00+00:00,delayed,V068,DRV076
ORD02880,C2005,R038,2026-08-11T18:06:00+00:00,in_transit,V086,DRV047
ORD02881,C2214,R060,2026-09-17T17:59:00+00:00,delivered,V017,DRV119
ORD02882,C1350,R004,2026-08-28T10:23:00+00:00,delivered,V037,DRV117
ORD02883,C2092,R010,2026-08-31T08:49:00+00:00,picked_up,V017,DRV101
ORD02884,C1861,R034,2026-08-27T08:09:00+00:00,delivered,V053,DRV103
ORD02885,C2089,R017,2026-09-20T05:27:00+00:00,delivered,V011,DRV083
ORD02886,C2291,R050,2026-08-21T05:56:00+00:00,delayed,V064,DRV117
ORD02887,C0598,R060,2026-09-20T21:12:00+00:00,in_transit,V015,DRV086
ORD02888,C1649,R080,2026-09-10T12:10:00+00:00,delivered,V031,DRV106
ORD02889,C2020,R043,2026-09-20T10:58:00+00:00,delivered,V045,DRV118
ORD02890,C1140,R074,2026-08-28T22:56:00+00:00,in_transit,V003,DRV070
ORD02891,C0201,R001,2026-09-08T06:49:00+00:00,in_transit,V056,DRV073
ORD02892,C0061,R020,2026-09-17T11:32:00+00:00,in_transit,V070,DRV055
ORD02893,C0957,R007,2026-09-05T13:18:00+00:00,delivered,V059,DRV031
ORD02894,C1304,R048,2026-09-10T12:00:00+00:00,picked_up,V011,DRV052
ORD02895,C2295,R054,2026-08-09T13:00:00+00:00,picked_up,V054,DRV085
ORD02896,C0084,R076,2026-09-20T08:38:00+00:00,delivered,V046,DRV029
ORD02897,C1630,R062,2026-09-06T09:44:00+00:00,in_transit,V021,DRV082
ORD02898,C0739,R039,2026-09-12T00:01:00+00:00,delayed,V064,DRV111
ORD02899,C0577,R069,2026-08-26T18:53:00+00:00,in_transit,V031,DRV096
ORD02900,C1122,R028,2026-08-28T12:00:00+00:00,delivered,V099,DRV005
ORD02901,C1011,R017,2026-08-29T04:33:00+00:00,delivered,V043,DRV044
ORD02902,C1155,R014,2026-08-30T20:41:00+00:00,delivered,V041,DRV059
ORD02903,C0665,R023,2026-09-15T13:10:00+00:00,in_transit,V049,DRV002
ORD02904,C0908,R048,2026-09-11T05:45:00+00:00,delivered,V098,DRV028
ORD02905,C0911,R044,2026-09-24T15:41:00+00:00,delivered,V024,DRV120
ORD02906,C1145,R069,2026-08-13T17:13:00+00:00,delivered,V029,DRV006
ORD02907,C2458,R078,2026-09-09T15:58:00+00:00,delivered,V089,DRV080
ORD02908,C0569,R021,2026-08-10T02:35:00+00:00,delivered,V021,DRV077
ORD02909,C0725,R039,2026-08-08T23:50:00+00:00,delivered,V070,DRV119
ORD02910,C2475,R031,2026-09-23T20:09:00+00:00,delivered,V052,DRV049
ORD02911,C1454,R001,2026-09-06T02:33:00+00:00,delivered,V017,DRV105
ORD02912,C1238,R016,2026-08-22T03:36:00+00:00,in_transit,V065,DRV006
ORD02913,C2397,R024,2026-08-14T19:30:00+00:00,delivered,V013,DRV086
ORD02914,C0925,R074,2026-08-22T23:48:00+00:00,in_transit,V028,DRV048
ORD02915,C0089,R063,2026-08-08T19:27:00+00:00,in_transit,V001,DRV008
ORD02916,C1395,R044,2026-09-09T07:55:00+00:00,delivered,V019,DRV024
ORD02917,C2457,R064,2026-08-06T23:10:00+00:00,delivered,V048,DRV046
ORD02918,C0002,R058,2026-09-22T20:49:00+00:00,cancelled,V019,DRV030
ORD02919,C1920,R028,2026-08-13T15:22:00+00:00,delayed,V011,DRV050
ORD02920,C1180,R010,2026-08-27T01:07:00+00:00,delivered,V038,DRV057
ORD02921,C0803,R002,2026-08-11T19:59:00+00:00,in_transit,V097,DRV046
ORD02922,C1754,R058,2026-09-15T13:37:00+00:00,delivered,V054,DRV092
ORD02923,C1713,R045,2026-08-17T03:31:00+00:00,in_transit,V083,DRV115
ORD02924,C1316,R004,2026-09-22T14:00:00+00:00,delivered,V012,DRV106
ORD02925,C0246,R008,2026-09-07T02:41:00+00:00,in_transit,V093,DRV080
ORD02926,C2241,R032,2026-08-07T11:47:00+00:00,in_transit,V051,DRV062
ORD02927,C1008,R050,2026-09-13T13:43:00+00:00,in_transit,V027,DRV043
ORD02928,C0637,R026,2026-09-14T07:40:00+00:00,delivered,V046,DRV075
ORD02929,C1506,R049,2026-09-17T05:17:00+00:00,delayed,V083,DRV066
ORD02930,C1277,R064,2026-08-08T17:25:00+00:00,delivered,V020,DRV078
ORD02931,C1379,R006,2026-08-03T18:00:00+00:00,picked_up,V032,DRV059
ORD02932,C0997,R069,2026-09-21T10:45:00+00:00,picked_up,V020,DRV112
ORD02933,C2058,R019,2026-08-24T19:12:00+00:00,delivered,V077,DRV085
ORD02934,C2193,R079,2026-08-20T02:50:00+00:00,delivered,V062,DRV097
ORD02935,C1691,R063,2026-09-20T13:20:00+00:00,delivered,V088,DRV064
ORD02936,C0169,R010,2026-09-01T02:05:00+00:00,picked_up,V068,DRV018
ORD02937,C1753,R036,2026-08-03T22:21:00+00:00,picked_up,V046,DRV021
ORD02938,C1511,R024,2026-09-09T06:59:00+00:00,delivered,V029,DRV112
ORD02939,C0904,R063,2026-08-17T18:48:00+00:00,cancelled,V041,DRV045
ORD02940,C1923,R047,2026-09-05T21:08:00+00:00,delivered,V097,DRV050
ORD02941,C0655,R068,2026-09-10T06:09:00+00:00,delivered,V076,DRV055
ORD02942,C1257,R074,2026-08-27T09:18:00+00:00,delayed,V016,DRV003
ORD02943,C0531,R018,2026-08-29T20:13:00+00:00,delivered,V053,DRV075
ORD02944,C0223,R050,2026-09-18T18:30:00+00:00,picked_up,V015,DRV019
ORD02945,C0948,R058,2026-09-08T04:21:00+00:00,delayed,V023,DRV077
ORD02946,C1104,R079,2026-09-10T04:58:00+00:00,in_transit,V028,DRV033
ORD02947,C1521,R017,2026-09-22T10:02:00+00:00,delivered,V056,DRV112
ORD02948,C2254,R019,2026-08-18T20:42:00+00:00,delivered,V064,DRV060
ORD02949,C0561,R045,2026-09-15T00:21:00+00:00,delayed,V060,DRV110
ORD02950,C0100,R067,2026-08-27T14:51:00+00:00,in_transit,V007,DRV059
ORD02951,C2276,R079,2026-09-18T07:06:00+00:00,delivered,V038,DRV058
ORD02952,C0230,R025,2026-09-10T14:31:00+00:00,in_transit,V020,DRV089
ORD02953,C1824,R009,2026-09-05T23:06:00+00:00,delivered,V099,DRV094
ORD02954,C2131,R026,2026-09-07T05:28:00+00:00,in_transit,V086,DRV018
ORD02955,C0621,R001,2026-08-11T07:26:00+00:00,delivered,V018,DRV114
ORD02956,C1589,R067,2026-08-27T17:10:00+00:00,delivered,V035,DRV017
ORD02957,C1849,R027,2026-08-19T18:56:00+00:00,cancelled,V028,DRV055
ORD02958,C2480,R066,2026-08-16T07:40:00+00:00,picked_up,V089,DRV070
ORD02959,C1038,R011,2026-08-19T23:02:00+00:00,delivered,V043,DRV082
ORD02960,C1718,R077,2026-08-13T05:51:00+00:00,delivered,V048,DRV118
ORD02961,C1514,R007,2026-08-11T09:58:00+00:00,picked_up,V019,DRV034
ORD02962,C0004,R028,2026-09-04T02:51:00+00:00,delivered,V084,DRV114
ORD02963,C2174,R043,2026-08-27T14:38:00+00:00,delivered,V061,DRV045
ORD02964,C2364,R007,2026-08-20T18:31:00+00:00,cancelled,V094,DRV066
ORD02965,C0992,R033,2026-08-07T06:07:00+00:00,delivered,V008,DRV035
ORD02966,C0875,R052,2026-09-05T04:31:00+00:00,picked_up,V044,DRV010
ORD02967,C1956,R067,2026-08-10T12:27:00+00:00,delivered,V083,DRV028
ORD02968,C0050,R041,2026-09-02T03:08:00+00:00,delivered,V026,DRV006
ORD02969,C1995,R067,2026-08-30T02:44:00+00:00,delivered,V058,DRV015
ORD02970,C0634,R034,2026-08-04T11:31:00+00:00,delivered,V078,DRV005
ORD02971,C2289,R014,2026-09-06T22:46:00+00:00,picked_up,V068,DRV089
ORD02972,C1595,R014,2026-09-09T20:40:00+00:00,delivered,V047,DRV067
ORD02973,C1579,R055,2026-08-11T10:56:00+00:00,delivered,V074,DRV061
ORD02974,C1696,R075,2026-09-17T12:07:00+00:00,delivered,V026,DRV021
ORD02975,C0850,R006,2026-08-30T08:50:00+00:00,picked_up,V043,DRV069
ORD02976,C1425,R033,2026-09-02T15:13:00+00:00,in_transit,V009,DRV076
ORD02977,C0981,R057,2026-08-14T18:25:00+00:00,delivered,V032,DRV047
ORD02978,C1640,R076,2026-09-16T10:16:00+00:00,delivered,V021,DRV050
ORD02979,C1353,R060,2026-09-13T23:55:00+00:00,delivered,V006,DRV009
ORD02980,C0830,R055,2026-09-19T22:02:00+00:00,delivered,V027,DRV001
ORD02981,C1962,R066,2026-09-01T04:52:00+00:00,delivered,V060,DRV023
ORD02982,C1298,R076,2026-09-21T01:03:00+00:00,picked_up,V029,DRV033
ORD02983,C2122,R048,2026-08-06T17:39:00+00:00,delivered,V017,DRV112
ORD02984,C2230,R055,2026-08-10T21:22:00+00:00,cancelled,V001,DRV103
ORD02985,C0033,R001,2026-09-18T21:43:00+00:00,picked_up,V061,DRV017
ORD02986,C1868,R072,2026-08-16T06:22:00+00:00,cancelled,V061,DRV061
ORD02987,C1970,R065,2026-08-27T19:01:00+00:00,delivered,V017,DRV089
ORD02988,C0340,R001,2026-09-24T22:15:00+00:00,delivered,V057,DRV117
ORD02989,C0793,R007,2026-08-14T00:30:00+00:00,delayed,V036,DRV019
ORD02990,C1981,R063,2026-08-20T21:44:00+00:00,picked_up,V007,DRV045
ORD02991,C2387,R013,2026-09-09T02:01:00+00:00,picked_up,V087,DRV075
ORD02992,C1634,R049,2026-09-03T09:01:00+00:00,delayed,V056,DRV045
ORD02993,C1547,R053,2026-08-28T01:21:00+00:00,delivered,V079,DRV093
ORD02994,C1502,R037,2026-08-25T07:09:00+00:00,delivered,V079,DRV092
ORD02995,C1494,R037,2026-08-13T16:46:00+00:00,cancelled,V049,DRV088
ORD02996,C0362,R080,2026-08-19T06:55:00+00:00,cancelled,V024,DRV017
ORD02997,C1166,R032,2026-08-02T09:50:00+00:00,delivered,V047,DRV089
ORD02998,C2404,R054,2026-08-05T15:05:00+00:00,delayed,V043,DRV064
ORD02999,C0284,R043,2026-08-04T13:16:00+00:00,delayed,V013,DRV006
ORD03000,C1644,R054,2026-08-01T23:11:00+00:00,delivered,V005,DRV018
ORD03001,C1378,R074,2026-08-20T05:03:00+00:00,in_transit,V060,DRV117
ORD03002,C0848,R027,2026-08-21T05:49:00+00:00,delivered,V065,DRV065
ORD03003,C1651,R012,2026-09-24T19:45:00+00:00,delivered,V037,DRV074
ORD03004,C1693,R012,2026-08-24T02:52:00+00:00,delivered,V091,DRV065
ORD03005,C2027,R031,2026-08-15T06:12:00+00:00,delivered,V027,DRV012
ORD03006,C0582,R053,2026-09-08T16:03:00+00:00,delivered,V100,DRV067
ORD03007,C0682,R069,2026-08-31T12:36:00+00:00,delivered,V076,DRV116
ORD03008,C0579,R038,2026-08-01T06:37:00+00:00,delivered,V005,DRV089
ORD03009,C1545,R051,2026-08-05T13:18:00+00:00,delivered,V086,DRV096
ORD03010,C1147,R012,2026-09-23T17:42:00+00:00,delivered,V099,DRV044
ORD03011,C0234,R064,2026-08-11T12:39:00+00:00,delivered,V084,DRV026
ORD03012,C2451,R041,2026-09-08T09:43:00+00:00,picked_up,V028,DRV049
ORD03013,C0215,R012,2026-08-06T09:55:00+00:00,delivered,V005,DRV076
ORD03014,C1269,R071,2026-09-10T09:40:00+00:00,delivered,V094,DRV001
ORD03015,C1373,R068,2026-08-22T02:07:00+00:00,delivered,V036,DRV009
ORD03016,C0904,R007,2026-08-22T03:13:00+00:00,delivered,V034,DRV091
ORD03017,C0698,R055,2026-08-09T02:19:00+00:00,delivered,V054,DRV051
ORD03018,C1758,R011,2026-08-13T19:52:00+00:00,cancelled,V087,DRV082
ORD03019,C1876,R074,2026-08-28T14:53:00+00:00,delayed,V090,DRV033
ORD03020,C1429,R029,2026-08-07T19:26:00+00:00,cancelled,V012,DRV005
ORD03021,C1835,R002,2026-09-09T12:21:00+00:00,delivered,V026,DRV078
ORD03022,C1264,R013,2026-09-20T20:14:00+00:00,in_transit,V016,DRV096
ORD03023,C1459,R078,2026-08-22T05:30:00+00:00,delivered,V053,DRV094
ORD03024,C0403,R052,2026-09-14T10:15:00+00:00,delivered,V089,DRV111
ORD03025,C0888,R051,2026-08-12T13:52:00+00:00,in_transit,V070,DRV104
ORD03026,C1465,R056,2026-09-19T14:58:00+00:00,delivered,V086,DRV086
ORD03027,C2426,R051,2026-08-15T18:49:00+00:00,delivered,V052,DRV023
ORD03028,C2109,R055,2026-09-09T09:06:00+00:00,delivered,V066,DRV107
ORD03029,C1331,R025,2026-09-10T19:51:00+00:00,in_transit,V011,DRV051
ORD03030,C2496,R071,2026-09-24T20:20:00+00:00,in_transit,V092,DRV069
ORD03031,C2194,R038,2026-09-22T22:23:00+00:00,in_transit,V041,DRV073
ORD03032,C0624,R042,2026-09-01T06:14:00+00:00,in_transit,V062,DRV060
ORD03033,C0770,R078,2026-09-15T07:26:00+00:00,delivered,V004,DRV071
ORD03034,C1192,R004,2026-08-29T22:29:00+00:00,delivered,V010,DRV118
ORD03035,C0772,R014,2026-09-05T07:54:00+00:00,delivered,V071,DRV075
ORD03036,C0381,R076,2026-09-02T06:30:00+00:00,picked_up,V045,DRV103
ORD03037,C1479,R015,2026-08-29T02:45:00+00:00,delivered,V006,DRV008
ORD03038,C0742,R078,2026-08-17T21:42:00+00:00,delivered,V077,DRV091
ORD03039,C0955,R063,2026-09-01T20:33:00+00:00,in_transit,V007,DRV081
ORD03040,C0615,R076,2026-08-19T00:12:00+00:00,delivered,V014,DRV094
ORD03041,C0148,R002,2026-08-07T00:20:00+00:00,in_transit,V051,DRV107
ORD03042,C2461,R022,2026-09-22T04:24:00+00:00,delayed,V003,DRV052
ORD03043,C2477,R024,2026-08-15T20:32:00+00:00,delivered,V025,DRV053
ORD03044,C2042,R072,2026-08-02T12:39:00+00:00,delivered,V006,DRV002
ORD03045,C1735,R018,2026-08-24T21:34:00+00:00,delayed,V050,DRV084
ORD03046,C1181,R074,2026-09-11T02:40:00+00:00,delivered,V061,DRV102
ORD03047,C1250,R064,2026-08-09T13:06:00+00:00,picked_up,V098,DRV036
ORD03048,C2032,R077,2026-09-03T13:41:00+00:00,picked_up,V087,DRV100
ORD03049,C1245,R049,2026-09-19T12:33:00+00:00,picked_up,V027,DRV047
ORD03050,C1560,R029,2026-08-24T08:06:00+00:00,delivered,V009,DRV036
ORD03051,C1097,R069,2026-09-08T05:23:00+00:00,delivered,V066,DRV026
ORD03052,C2241,R072,2026-08-21T23:52:00+00:00,in_transit,V046,DRV084
ORD03053,C1605,R021,2026-09-08T01:08:00+00:00,picked_up,V028,DRV056
ORD03054,C1888,R041,2026-08-23T01:48:00+00:00,delivered,V085,DRV104
ORD03055,C2495,R068,2026-09-13T00:07:00+00:00,delivered,V066,DRV116
ORD03056,C0895,R021,2026-09-07T07:17:00+00:00,delayed,V079,DRV072
ORD03057,C2194,R032,2026-09-09T05:43:00+00:00,cancelled,V089,DRV044
ORD03058,C0131,R004,2026-08-28T21:49:00+00:00,delivered,V008,DRV047
ORD03059,C0034,R035,2026-09-06T12:56:00+00:00,delivered,V094,DRV106
ORD03060,C0804,R026,2026-08-26T13:35:00+00:00,delivered,V098,DRV078
ORD03061,C0582,R058,2026-08-21T19:55:00+00:00,picked_up,V063,DRV117
ORD03062,C1728,R045,2026-08-01T12:22:00+00:00,delivered,V004,DRV009
ORD03063,C0544,R072,2026-09-01T23:54:00+00:00,delivered,V005,DRV087
ORD03064,C1277,R044,2026-08-03T05:07:00+00:00,in_transit,V072,DRV013
ORD03065,C1085,R030,2026-08-07T00:08:00+00:00,delivered,V060,DRV077
ORD03066,C0412,R063,2026-08-31T03:55:00+00:00,delivered,V093,DRV093
ORD03067,C0684,R031,2026-09-02T06:25:00+00:00,in_transit,V036,DRV112
ORD03068,C1779,R024,2026-09-12T02:26:00+00:00,picked_up,V020,DRV071
ORD03069,C2032,R045,2026-08-11T05:09:00+00:00,in_transit,V068,DRV047
ORD03070,C1199,R025,2026-09-20T13:54:00+00:00,delayed,V045,DRV045
ORD03071,C0332,R034,2026-09-09T09:06:00+00:00,cancelled,V078,DRV106
ORD03072,C1465,R013,2026-08-08T06:40:00+00:00,delivered,V039,DRV045
ORD03073,C1942,R059,2026-08-03T22:36:00+00:00,picked_up,V054,DRV018
ORD03074,C1025,R014,2026-09-08T00:12:00+00:00,delivered,V032,DRV057
ORD03075,C1734,R018,2026-08-08T23:56:00+00:00,in_transit,V061,DRV048
ORD03076,C2105,R033,2026-08-10T08:40:00+00:00,delivered,V055,DRV004
ORD03077,C1607,R016,2026-09-16T14:45:00+00:00,cancelled,V084,DRV057
ORD03078,C2472,R076,2026-08-06T13:45:00+00:00,delivered,V030,DRV011
ORD03079,C0303,R003,2026-08-22T13:33:00+00:00,picked_up,V077,DRV044
ORD03080,C2418,R008,2026-08-29T08:50:00+00:00,delivered,V092,DRV043
ORD03081,C0882,R054,2026-09-10T05:53:00+00:00,delivered,V013,DRV023
ORD03082,C2057,R068,2026-09-20T18:24:00+00:00,delivered,V005,DRV040
ORD03083,C0993,R038,2026-08-15T00:46:00+00:00,delivered,V048,DRV078
ORD03084,C0720,R047,2026-08-05T07:41:00+00:00,picked_up,V019,DRV071
ORD03085,C1520,R032,2026-08-24T10:20:00+00:00,delivered,V047,DRV099
ORD03086,C1357,R060,2026-08-17T22:56:00+00:00,in_transit,V009,DRV015
ORD03087,C0349,R004,2026-08-27T01:34:00+00:00,in_transit,V025,DRV115
ORD03088,C0922,R039,2026-08-23T16:49:00+00:00,delivered,V079,DRV048
ORD03089,C0440,R021,2026-09-23T09:59:00+00:00,delivered,V016,DRV087
ORD03090,C1916,R053,2026-08-14T11:06:00+00:00,in_transit,V015,DRV087
ORD03091,C0663,R044,2026-08-06T22:00:00+00:00,picked_up,V028,DRV110
ORD03092,C2004,R019,2026-08-08T16:50:00+00:00,delayed,V094,DRV065
ORD03093,C1627,R020,2026-08-15T07:46:00+00:00,delivered,V071,DRV032
ORD03094,C1983,R057,2026-08-20T21:34:00+00:00,in_transit,V056,DRV100
ORD03095,C1997,R046,2026-08-13T11:49:00+00:00,in_transit,V088,DRV058
ORD03096,C0332,R038,2026-09-01T16:20:00+00:00,picked_up,V095,DRV080
ORD03097,C0728,R008,2026-08-24T04:19:00+00:00,delivered,V007,DRV002
ORD03098,C0141,R049,2026-09-17T12:08:00+00:00,delivered,V064,DRV072
ORD03099,C1638,R045,2026-08-06T05:22:00+00:00,delivered,V041,DRV065
ORD03100,C0035,R007,2026-08-22T17:51:00+00:00,in_transit,V007,DRV035
ORD03101,C0282,R053,2026-09-11T21:12:00+00:00,in_transit,V039,DRV081
ORD03102,C0998,R055,2026-09-19T09:14:00+00:00,delivered,V006,DRV010
ORD03103,C0411,R023,2026-08-07T15:23:00+00:00,delivered,V097,DRV041
ORD03104,C0655,R036,2026-09-04T05:51:00+00:00,delivered,V070,DRV040
ORD03105,C1482,R013,2026-08-22T12:09:00+00:00,delivered,V071,DRV022
ORD03106,C0315,R005,2026-09-20T05:55:00+00:00,delayed,V088,DRV094
ORD03107,C2202,R016,2026-09-07T11:29:00+00:00,delivered,V002,DRV031
ORD03108,C1909,R062,2026-08-23T11:43:00+00:00,delayed,V077,DRV002
ORD03109,C0095,R063,2026-09-09T03:38:00+00:00,delivered,V006,DRV006
ORD03110,C0207,R011,2026-08-24T14:09:00+00:00,in_transit,V013,DRV100
ORD03111,C1496,R059,2026-08-11T10:19:00+00:00,delivered,V035,DRV072
ORD03112,C0027,R069,2026-08-30T08:22:00+00:00,delivered,V028,DRV059
ORD03113,C1245,R015,2026-09-23T07:54:00+00:00,delayed,V080,DRV034
ORD03114,C1620,R047,2026-09-08T09:52:00+00:00,in_transit,V019,DRV079
ORD03115,C2042,R050,2026-08-11T12:23:00+00:00,in_transit,V059,DRV055
ORD03116,C2053,R057,2026-09-10T18:54:00+00:00,delayed,V015,DRV089
ORD03117,C0551,R055,2026-08-23T01:35:00+00:00,in_transit,V052,DRV014
ORD03118,C1489,R057,2026-09-19T17:08:00+00:00,delivered,V004,DRV048
ORD03119,C1174,R059,2026-08-10T00:11:00+00:00,delivered,V068,DRV062
ORD03120,C1183,R018,2026-08-20T22:56:00+00:00,in_transit,V092,DRV098
ORD03121,C2025,R039,2026-08-28T05:26:00+00:00,delayed,V049,DRV023
ORD03122,C0294,R028,2026-08-01T06:30:00+00:00,delivered,V088,DRV015
ORD03123,C1535,R013,2026-08-28T05:44:00+00:00,delivered,V086,DRV014
ORD03124,C1727,R066,2026-08-21T17:53:00+00:00,delivered,V051,DRV069
ORD03125,C1283,R034,2026-09-13T18:47:00+00:00,delivered,V033,DRV050
ORD03126,C0090,R073,2026-09-05T09:05:00+00:00,in_transit,V062,DRV119
ORD03127,C0116,R071,2026-09-20T23:41:00+00:00,delayed,V030,DRV001
ORD03128,C1645,R029,2026-09-14T09:17:00+00:00,in_transit,V083,DRV030
ORD03129,C2433,R045,2026-09-22T13:26:00+00:00,cancelled,V096,DRV019
ORD03130,C2451,R022,2026-09-14T00:48:00+00:00,picked_up,V050,DRV043
ORD03131,C0595,R009,2026-08-05T00:58:00+00:00,picked_up,V007,DRV049
ORD03132,C1151,R070,2026-09-11T07:30:00+00:00,delivered,V066,DRV021
ORD03133,C1829,R067,2026-08-18T16:51:00+00:00,delivered,V069,DRV015
ORD03134,C2133,R007,2026-09-13T20:28:00+00:00,delivered,V058,DRV068
ORD03135,C2459,R062,2026-08-26T23:31:00+00:00,in_transit,V058,DRV080
ORD03136,C1144,R021,2026-08-13T10:45:00+00:00,delivered,V016,DRV015
ORD03137,C2190,R054,2026-09-02T11:11:00+00:00,delivered,V013,DRV071
ORD03138,C1284,R056,2026-08-08T04:21:00+00:00,delivered,V081,DRV103
ORD03139,C2443,R013,2026-09-07T07:49:00+00:00,delivered,V013,DRV022
ORD03140,C1698,R046,2026-09-10T21:40:00+00:00,picked_up,V096,DRV111
ORD03141,C2297,R077,2026-08-28T19:49:00+00:00,in_transit,V028,DRV063
ORD03142,C2417,R074,2026-08-20T06:42:00+00:00,delivered,V089,DRV091
ORD03143,C0849,R068,2026-08-16T04:59:00+00:00,in_transit,V015,DRV098
ORD03144,C0704,R010,2026-09-08T20:22:00+00:00,cancelled,V045,DRV025
ORD03145,C0992,R029,2026-08-18T18:13:00+00:00,delivered,V016,DRV103
ORD03146,C0186,R079,2026-09-18T02:22:00+00:00,delivered,V075,DRV005
ORD03147,C1464,R008,2026-08-23T05:23:00+00:00,delivered,V021,DRV077
ORD03148,C1725,R067,2026-08-31T09:59:00+00:00,delivered,V044,DRV089
ORD03149,C1974,R076,2026-09-20T00:35:00+00:00,delayed,V016,DRV020
ORD03150,C1401,R078,2026-08-15T02:20:00+00:00,delivered,V042,DRV100
ORD03151,C0755,R035,2026-08-07T11:50:00+00:00,picked_up,V090,DRV095
ORD03152,C0736,R009,2026-08-24T04:39:00+00:00,picked_up,V054,DRV115
ORD03153,C2221,R025,2026-09-07T02:38:00+00:00,picked_up,V016,DRV090
ORD03154,C0852,R074,2026-09-24T13:44:00+00:00,delivered,V034,DRV013
ORD03155,C0216,R030,2026-08-09T15:45:00+00:00,delivered,V028,DRV100
ORD03156,C1384,R061,2026-09-24T11:04:00+00:00,delivered,V085,DRV095
ORD03157,C2373,R076,2026-09-09T05:05:00+00:00,in_transit,V040,DRV047
ORD03158,C2480,R036,2026-08-04T00:23:00+00:00,in_transit,V096,DRV079
ORD03159,C0381,R059,2026-09-14T04:26:00+00:00,in_transit,V025,DRV043
ORD03160,C1928,R066,2026-08-06T23:00:00+00:00,delivered,V027,DRV028
ORD03161,C1962,R058,2026-08-03T17:32:00+00:00,delivered,V018,DRV016
ORD03162,C0700,R002,2026-08-17T12:49:00+00:00,delivered,V084,DRV022
ORD03163,C0252,R079,2026-09-17T23:35:00+00:00,picked_up,V093,DRV030
ORD03164,C0060,R024,2026-08-22T10:14:00+00:00,delivered,V040,DRV116
ORD03165,C2265,R013,2026-08-29T08:15:00+00:00,delivered,V022,DRV038
ORD03166,C1507,R004,2026-08-15T08:31:00+00:00,in_transit,V032,DRV104
ORD03167,C0373,R040,2026-09-10T01:14:00+00:00,delivered,V090,DRV115
ORD03168,C0034,R055,2026-08-07T01:26:00+00:00,cancelled,V054,DRV036
ORD03169,C0267,R040,2026-09-15T03:42:00+00:00,delivered,V080,DRV070
ORD03170,C1230,R005,2026-08-30T06:23:00+00:00,delivered,V082,DRV018
ORD03171,C0312,R080,2026-08-06T03:15:00+00:00,delivered,V023,DRV050
ORD03172,C0743,R026,2026-08-30T01:35:00+00:00,delivered,V079,DRV035
ORD03173,C1773,R023,2026-08-23T04:42:00+00:00,delivered,V092,DRV049
ORD03174,C2201,R023,2026-08-16T10:45:00+00:00,in_transit,V030,DRV030
ORD03175,C2220,R073,2026-08-23T20:37:00+00:00,delivered,V009,DRV081
ORD03176,C1149,R003,2026-08-22T01:32:00+00:00,delayed,V040,DRV017
ORD03177,C0770,R001,2026-09-04T13:59:00+00:00,delivered,V023,DRV066
ORD03178,C2207,R025,2026-08-19T11:02:00+00:00,picked_up,V087,DRV067
ORD03179,C2158,R033,2026-08-20T03:53:00+00:00,delivered,V014,DRV095
ORD03180,C1483,R079,2026-08-24T06:56:00+00:00,delayed,V065,DRV056
ORD03181,C0548,R037,2026-08-23T19:41:00+00:00,delayed,V023,DRV050
ORD03182,C0089,R003,2026-09-11T02:13:00+00:00,delivered,V044,DRV106
ORD03183,C1115,R072,2026-09-17T19:28:00+00:00,picked_up,V048,DRV078
ORD03184,C1729,R002,2026-08-23T18:32:00+00:00,in_transit,V078,DRV112
ORD03185,C1345,R027,2026-08-30T10:06:00+00:00,in_transit,V061,DRV052
ORD03186,C0019,R059,2026-08-12T09:15:00+00:00,picked_up,V067,DRV026
ORD03187,C1866,R076,2026-09-01T01:46:00+00:00,delivered,V071,DRV066
ORD03188,C1761,R037,2026-09-06T18:41:00+00:00,in_transit,V067,DRV056
ORD03189,C0437,R069,2026-09-22T22:20:00+00:00,delivered,V003,DRV053
ORD03190,C1069,R003,2026-09-09T14:54:00+00:00,in_transit,V011,DRV109
ORD03191,C2145,R011,2026-08-03T12:27:00+00:00,cancelled,V028,DRV103
ORD03192,C1771,R014,2026-08-31T19:05:00+00:00,delivered,V046,DRV054
ORD03193,C0082,R044,2026-08-08T00:50:00+00:00,delivered,V065,DRV055
ORD03194,C0741,R063,2026-08-27T17:31:00+00:00,delivered,V093,DRV088
ORD03195,C2358,R027,2026-09-03T15:18:00+00:00,in_transit,V082,DRV056
ORD03196,C1373,R036,2026-08-30T16:28:00+00:00,delayed,V003,DRV083
ORD03197,C0556,R074,2026-08-21T23:58:00+00:00,delivered,V040,DRV006
ORD03198,C2408,R072,2026-09-09T15:38:00+00:00,delivered,V090,DRV069
ORD03199,C0533,R058,2026-08-12T11:15:00+00:00,delivered,V005,DRV109
ORD03200,C1753,R031,2026-09-19T03:29:00+00:00,delivered,V091,DRV063
ORD03201,C1685,R039,2026-09-16T22:04:00+00:00,cancelled,V010,DRV081
ORD03202,C2291,R037,2026-09-22T04:51:00+00:00,delivered,V096,DRV053
ORD03203,C0347,R026,2026-08-30T10:42:00+00:00,delivered,V029,DRV003
ORD03204,C1366,R019,2026-09-10T01:04:00+00:00,delivered,V049,DRV077
ORD03205,C2064,R027,2026-08-01T07:14:00+00:00,delayed,V083,DRV118
ORD03206,C1945,R063,2026-09-11T21:18:00+00:00,delivered,V049,DRV098
ORD03207,C1731,R050,2026-08-30T22:07:00+00:00,delivered,V007,DRV025
ORD03208,C1651,R039,2026-08-26T18:23:00+00:00,delivered,V077,DRV034
ORD03209,C0804,R030,2026-08-10T15:54:00+00:00,delivered,V087,DRV020
ORD03210,C0196,R057,2026-09-08T13:44:00+00:00,delivered,V092,DRV108
ORD03211,C1891,R016,2026-09-10T19:47:00+00:00,delivered,V046,DRV060
ORD03212,C2205,R053,2026-08-13T12:18:00+00:00,delivered,V051,DRV057
ORD03213,C2032,R066,2026-09-20T13:49:00+00:00,picked_up,V078,DRV063
ORD03214,C1169,R048,2026-08-25T23:08:00+00:00,in_transit,V084,DRV031
ORD03215,C1883,R076,2026-09-02T08:32:00+00:00,picked_up,V058,DRV096
ORD03216,C1947,R031,2026-09-13T11:25:00+00:00,delivered,V054,DRV072
ORD03217,C1914,R034,2026-08-14T20:05:00+00:00,delivered,V062,DRV054
ORD03218,C0362,R040,2026-09-24T09:03:00+00:00,delivered,V026,DRV039
ORD03219,C2410,R061,2026-08-19T22:57:00+00:00,in_transit,V027,DRV008
ORD03220,C1676,R006,2026-09-22T03:13:00+00:00,picked_up,V095,DRV005
ORD03221,C1079,R046,2026-09-16T05:33:00+00:00,delivered,V096,DRV038
ORD03222,C1008,R068,2026-08-31T12:16:00+00:00,in_transit,V055,DRV047
ORD03223,C0056,R026,2026-08-12T21:19:00+00:00,picked_up,V056,DRV005
ORD03224,C0323,R060,2026-08-03T16:28:00+00:00,picked_up,V074,DRV095
ORD03225,C1482,R032,2026-08-29T04:26:00+00:00,in_transit,V097,DRV086
ORD03226,C2326,R011,2026-09-24T18:53:00+00:00,in_transit,V077,DRV065
ORD03227,C1304,R011,2026-08-09T00:07:00+00:00,delivered,V088,DRV114
ORD03228,C1256,R036,2026-09-06T18:28:00+00:00,delivered,V040,DRV094
ORD03229,C1673,R055,2026-08-09T16:04:00+00:00,delivered,V098,DRV083
ORD03230,C1571,R036,2026-09-12T02:17:00+00:00,delayed,V053,DRV052
ORD03231,C1406,R003,2026-09-04T02:28:00+00:00,delayed,V048,DRV052
ORD03232,C0954,R068,2026-08-07T06:49:00+00:00,delivered,V022,DRV090
ORD03233,C1171,R024,2026-09-22T07:21:00+00:00,delayed,V064,DRV055
ORD03234,C1730,R036,2026-09-13T21:23:00+00:00,in_transit,V080,DRV069
ORD03235,C0362,R009,2026-08-24T05:33:00+00:00,delivered,V009,DRV028
ORD03236,C0998,R005,2026-08-29T04:07:00+00:00,delivered,V058,DRV112
ORD03237,C2050,R076,2026-08-09T08:52:00+00:00,delivered,V094,DRV095
ORD03238,C0526,R034,2026-09-11T11:10:00+00:00,delivered,V039,DRV106
ORD03239,C0682,R042,2026-08-25T00:00:00+00:00,delivered,V003,DRV120
ORD03240,C1665,R062,2026-08-21T17:13:00+00:00,picked_up,V011,DRV069
ORD03241,C0834,R064,2026-09-13T18:24:00+00:00,delivered,V027,DRV012
ORD03242,C1532,R065,2026-08-18T04:53:00+00:00,delivered,V046,DRV066
ORD03243,C0861,R054,2026-08-30T03:08:00+00:00,delivered,V011,DRV045
ORD03244,C1408,R022,2026-08-11T21:02:00+00:00,delivered,V078,DRV042
ORD03245,C0312,R067,2026-08-28T17:23:00+00:00,delayed,V087,DRV102
ORD03246,C0454,R049,2026-08-31T05:29:00+00:00,delivered,V067,DRV108
ORD03247,C0398,R045,2026-08-17T07:03:00+00:00,delivered,V027,DRV110
ORD03248,C0169,R069,2026-09-22T02:38:00+00:00,delivered,V092,DRV098
ORD03249,C1062,R069,2026-08-06T23:53:00+00:00,picked_up,V050,DRV025
ORD03250,C2492,R023,2026-08-29T12:56:00+00:00,picked_up,V014,DRV089
ORD03251,C2407,R060,2026-08-23T02:37:00+00:00,cancelled,V007,DRV108
ORD03252,C0792,R009,2026-09-17T00:19:00+00:00,delivered,V061,DRV116
ORD03253,C1022,R012,2026-08-27T23:27:00+00:00,delayed,V012,DRV026
ORD03254,C1314,R046,2026-09-03T02:25:00+00:00,delivered,V007,DRV009
ORD03255,C1843,R025,2026-08-06T13:08:00+00:00,picked_up,V038,DRV002
ORD03256,C1669,R012,2026-08-10T05:51:00+00:00,picked_up,V079,DRV114
ORD03257,C1871,R071,2026-08-28T18:18:00+00:00,in_transit,V041,DRV041
ORD03258,C2288,R031,2026-08-28T21:31:00+00:00,delivered,V039,DRV016
ORD03259,C2450,R076,2026-08-10T01:42:00+00:00,delivered,V079,DRV110
ORD03260,C0422,R020,2026-08-06T01:14:00+00:00,delivered,V088,DRV011
ORD03261,C0383,R014,2026-09-04T20:20:00+00:00,cancelled,V049,DRV089
ORD03262,C0506,R068,2026-08-13T05:27:00+00:00,delivered,V033,DRV018
ORD03263,C0343,R019,2026-09-08T04:49:00+00:00,picked_up,V017,DRV020
ORD03264,C2329,R052,2026-08-16T16:27:00+00:00,in_transit,V049,DRV107
ORD03265,C2347,R004,2026-09-18T05:16:00+00:00,delivered,V035,DRV064
ORD03266,C1441,R002,2026-09-01T15:11:00+00:00,in_transit,V018,DRV085
ORD03267,C0825,R017,2026-09-20T06:20:00+00:00,in_transit,V007,DRV091
ORD03268,C1095,R004,2026-08-05T09:29:00+00:00,cancelled,V085,DRV060
ORD03269,C1897,R064,2026-08-12T19:11:00+00:00,delivered,V025,DRV072
ORD03270,C0184,R079,2026-09-01T23:23:00+00:00,delivered,V043,DRV024
ORD03271,C0066,R003,2026-08-14T14:01:00+00:00,picked_up,V067,DRV052
ORD03272,C0053,R037,2026-09-20T11:05:00+00:00,delivered,V024,DRV034
ORD03273,C2487,R039,2026-09-13T13:54:00+00:00,delivered,V052,DRV089
ORD03274,C2059,R075,2026-08-03T06:27:00+00:00,delivered,V011,DRV082
ORD03275,C1594,R051,2026-08-24T18:37:00+00:00,delivered,V013,DRV116
ORD03276,C2290,R046,2026-09-09T11:22:00+00:00,picked_up,V029,DRV066
ORD03277,C1744,R066,2026-09-16T13:51:00+00:00,delivered,V049,DRV045
ORD03278,C0525,R027,2026-09-05T12:28:00+00:00,in_transit,V007,DRV054
ORD03279,C0793,R003,2026-08-09T04:38:00+00:00,cancelled,V094,DRV112
ORD03280,C1832,R036,2026-09-13T22:20:00+00:00,picked_up,V036,DRV086
ORD03281,C1349,R079,2026-08-02T11:28:00+00:00,delivered,V003,DRV027
ORD03282,C1008,R067,2026-09-23T12:12:00+00:00,delayed,V098,DRV042
ORD03283,C0500,R038,2026-08-29T03:52:00+00:00,delivered,V092,DRV097
ORD03284,C1805,R073,2026-08-05T10:12:00+00:00,cancelled,V030,DRV040
ORD03285,C1675,R031,2026-09-23T18:26:00+00:00,delivered,V012,DRV095
ORD03286,C1614,R008,2026-09-21T13:53:00+00:00,delivered,V029,DRV017
ORD03287,C1655,R072,2026-08-24T11:10:00+00:00,picked_up,V098,DRV067
ORD03288,C2191,R049,2026-08-14T16:22:00+00:00,in_transit,V022,DRV048
ORD03289,C0454,R068,2026-08-16T02:30:00+00:00,delayed,V001,DRV098
ORD03290,C2089,R032,2026-09-04T03:37:00+00:00,delivered,V056,DRV115
ORD03291,C1678,R069,2026-08-28T08:00:00+00:00,in_transit,V055,DRV063
ORD03292,C1965,R003,2026-09-06T11:09:00+00:00,delivered,V071,DRV029
ORD03293,C0601,R074,2026-08-30T16:22:00+00:00,picked_up,V061,DRV043
ORD03294,C1412,R046,2026-08-19T09:54:00+00:00,delivered,V062,DRV042
ORD03295,C2202,R021,2026-09-15T23:21:00+00:00,delayed,V063,DRV036
ORD03296,C1581,R012,2026-08-06T22:42:00+00:00,delayed,V038,DRV068
ORD03297,C0483,R057,2026-08-30T15:03:00+00:00,delayed,V096,DRV084
ORD03298,C1457,R033,2026-08-31T14:29:00+00:00,delivered,V079,DRV053
ORD03299,C1652,R046,2026-09-09T20:35:00+00:00,delivered,V015,DRV079
ORD03300,C0205,R077,2026-09-08T22:47:00+00:00,delivered,V093,DRV002
ORD03301,C0786,R065,2026-08-17T18:20:00+00:00,delivered,V015,DRV051
ORD03302,C0707,R042,2026-09-22T12:33:00+00:00,delivered,V082,DRV020
ORD03303,C0881,R017,2026-09-17T20:45:00+00:00,delivered,V070,DRV102
ORD03304,C0200,R077,2026-08-16T08:35:00+00:00,delivered,V053,DRV071
ORD03305,C1125,R007,2026-08-08T13:43:00+00:00,picked_up,V065,DRV005
ORD03306,C1367,R026,2026-08-28T10:00:00+00:00,in_transit,V010,DRV108
ORD03307,C1640,R031,2026-09-04T07:29:00+00:00,delayed,V068,DRV052
ORD03308,C0065,R045,2026-08-30T20:29:00+00:00,delivered,V054,DRV113
ORD03309,C1792,R075,2026-08-15T05:49:00+00:00,picked_up,V006,DRV079
ORD03310,C1363,R052,2026-08-13T15:29:00+00:00,delivered,V007,DRV081
ORD03311,C0628,R039,2026-09-22T08:17:00+00:00,delivered,V077,DRV089
ORD03312,C0175,R057,2026-08-15T01:39:00+00:00,picked_up,V047,DRV095
ORD03313,C0891,R046,2026-08-30T08:01:00+00:00,delayed,V084,DRV108
ORD03314,C0569,R064,2026-09-11T09:15:00+00:00,delivered,V041,DRV071
ORD03315,C1519,R050,2026-08-17T18:34:00+00:00,delivered,V028,DRV078
ORD03316,C1827,R066,2026-08-25T08:11:00+00:00,delivered,V051,DRV001
ORD03317,C2333,R044,2026-08-08T13:08:00+00:00,in_transit,V073,DRV090
ORD03318,C0281,R065,2026-08-06T23:19:00+00:00,delivered,V048,DRV048
ORD03319,C0677,R036,2026-08-28T08:40:00+00:00,delivered,V040,DRV078
ORD03320,C0729,R013,2026-09-09T04:58:00+00:00,picked_up,V080,DRV070
ORD03321,C1780,R044,2026-09-22T01:42:00+00:00,delivered,V057,DRV057
ORD03322,C1482,R041,2026-09-23T03:40:00+00:00,picked_up,V062,DRV003
ORD03323,C1254,R079,2026-08-25T01:52:00+00:00,in_transit,V091,DRV027
ORD03324,C1682,R069,2026-09-12T22:36:00+00:00,in_transit,V014,DRV044
ORD03325,C0221,R001,2026-09-23T04:52:00+00:00,delivered,V079,DRV110
ORD03326,C1475,R031,2026-08-28T08:41:00+00:00,picked_up,V045,DRV027
ORD03327,C1365,R016,2026-08-05T18:12:00+00:00,in_transit,V015,DRV016
ORD03328,C0985,R059,2026-08-21T20:59:00+00:00,delayed,V079,DRV034
ORD03329,C1497,R034,2026-09-19T00:51:00+00:00,delivered,V023,DRV046
ORD03330,C1108,R044,2026-09-06T17:31:00+00:00,delivered,V029,DRV044
ORD03331,C1916,R013,2026-09-05T22:11:00+00:00,delivered,V084,DRV048
ORD03332,C1503,R041,2026-08-14T23:11:00+00:00,delivered,V019,DRV069
ORD03333,C2385,R071,2026-08-02T18:14:00+00:00,picked_up,V087,DRV096
ORD03334,C2055,R077,2026-08-28T12:01:00+00:00,picked_up,V047,DRV119
ORD03335,C1076,R053,2026-09-06T16:55:00+00:00,delivered,V068,DRV099
ORD03336,C1237,R053,2026-08-16T10:45:00+00:00,delivered,V095,DRV095
ORD03337,C2429,R039,2026-08-02T20:23:00+00:00,delivered,V033,DRV052
ORD03338,C2417,R013,2026-08-24T08:50:00+00:00,delayed,V064,DRV086
ORD03339,C2343,R038,2026-08-12T11:35:00+00:00,in_transit,V092,DRV041
ORD03340,C1649,R067,2026-08-20T18:33:00+00:00,delivered,V037,DRV048
ORD03341,C0080,R060,2026-08-03T08:53:00+00:00,delivered,V050,DRV013
ORD03342,C0430,R045,2026-08-04T00:43:00+00:00,in_transit,V006,DRV098
ORD03343,C2354,R050,2026-09-11T21:56:00+00:00,in_transit,V083,DRV035
ORD03344,C1281,R070,2026-09-09T12:10:00+00:00,delayed,V023,DRV068
ORD03345,C0969,R051,2026-08-15T09:21:00+00:00,delivered,V047,DRV075
ORD03346,C1755,R052,2026-08-23T23:00:00+00:00,delivered,V026,DRV102
ORD03347,C0187,R048,2026-09-02T14:42:00+00:00,delayed,V077,DRV053
ORD03348,C1107,R059,2026-08-12T17:16:00+00:00,delivered,V069,DRV028
ORD03349,C0030,R030,2026-09-01T11:56:00+00:00,picked_up,V097,DRV025
ORD03350,C2018,R025,2026-08-05T10:20:00+00:00,in_transit,V040,DRV022
ORD03351,C0922,R030,2026-09-09T11:36:00+00:00,delivered,V087,DRV119
ORD03352,C1098,R073,2026-09-07T17:25:00+00:00,delivered,V009,DRV089
ORD03353,C0936,R002,2026-08-05T20:27:00+00:00,picked_up,V087,DRV093
ORD03354,C0104,R056,2026-09-03T07:03:00+00:00,in_transit,V020,DRV050
ORD03355,C2422,R024,2026-09-07T21:45:00+00:00,delivered,V094,DRV061
ORD03356,C1758,R019,2026-09-16T04:16:00+00:00,picked_up,V067,DRV050
ORD03357,C1081,R017,2026-08-12T18:42:00+00:00,cancelled,V022,DRV010
ORD03358,C2004,R021,2026-09-04T10:54:00+00:00,delivered,V014,DRV075
ORD03359,C1305,R080,2026-08-29T01:21:00+00:00,delivered,V098,DRV098
ORD03360,C0741,R035,2026-09-04T12:41:00+00:00,picked_up,V090,DRV028
ORD03361,C0400,R036,2026-08-27T05:20:00+00:00,picked_up,V015,DRV067
ORD03362,C0075,R028,2026-09-04T22:13:00+00:00,picked_up,V025,DRV066
ORD03363,C2212,R008,2026-08-19T19:46:00+00:00,in_transit,V083,DRV083
ORD03364,C2102,R028,2026-09-10T14:28:00+00:00,picked_up,V093,DRV055
ORD03365,C1565,R069,2026-08-26T12:22:00+00:00,picked_up,V011,DRV034
ORD03366,C0813,R004,2026-08-07T21:33:00+00:00,delivered,V067,DRV032
ORD03367,C1815,R035,2026-08-06T12:31:00+00:00,picked_up,V015,DRV024
ORD03368,C1973,R027,2026-09-05T14:15:00+00:00,delivered,V001,DRV066
ORD03369,C1728,R060,2026-09-14T03:47:00+00:00,delivered,V074,DRV002
ORD03370,C0592,R014,2026-09-19T15:08:00+00:00,delivered,V060,DRV049
ORD03371,C0270,R062,2026-09-08T12:08:00+00:00,in_transit,V089,DRV108
ORD03372,C2145,R013,2026-09-15T14:10:00+00:00,delivered,V037,DRV070
ORD03373,C2353,R007,2026-08-28T09:33:00+00:00,delivered,V050,DRV105
ORD03374,C1346,R029,2026-08-15T21:42:00+00:00,delivered,V039,DRV084
ORD03375,C0342,R079,2026-09-09T06:12:00+00:00,delivered,V014,DRV076
ORD03376,C1025,R042,2026-08-22T00:58:00+00:00,in_transit,V003,DRV050
ORD03377,C0469,R063,2026-08-02T14:22:00+00:00,delivered,V017,DRV044
ORD03378,C2351,R016,2026-09-20T08:08:00+00:00,delivered,V048,DRV072
ORD03379,C0045,R051,2026-09-19T18:52:00+00:00,delivered,V051,DRV060
ORD03380,C2451,R023,2026-08-11T20:20:00+00:00,cancelled,V032,DRV009
ORD03381,C1645,R051,2026-08-13T15:25:00+00:00,delayed,V044,DRV022
ORD03382,C0103,R023,2026-08-11T11:39:00+00:00,delivered,V095,DRV119
ORD03383,C0816,R036,2026-09-16T23:36:00+00:00,delivered,V078,DRV030
ORD03384,C0339,R030,2026-09-15T20:39:00+00:00,picked_up,V025,DRV088
ORD03385,C0346,R047,2026-09-11T00:53:00+00:00,delivered,V042,DRV109
ORD03386,C1414,R044,2026-08-24T04:02:00+00:00,delivered,V028,DRV099
ORD03387,C0617,R021,2026-08-08T12:50:00+00:00,delivered,V098,DRV012
ORD03388,C2388,R012,2026-09-22T04:59:00+00:00,delivered,V066,DRV082
ORD03389,C2470,R075,2026-08-02T06:41:00+00:00,picked_up,V044,DRV104
ORD03390,C0110,R064,2026-09-14T23:14:00+00:00,delivered,V063,DRV090
ORD03391,C2348,R045,2026-09-07T12:45:00+00:00,delivered,V008,DRV115
ORD03392,C0020,R017,2026-08-24T05:39:00+00:00,picked_up,V090,DRV049
ORD03393,C2275,R051,2026-08-24T04:58:00+00:00,delivered,V030,DRV098
ORD03394,C2283,R031,2026-09-10T23:45:00+00:00,delivered,V034,DRV015
ORD03395,C0249,R059,2026-09-12T08:09:00+00:00,picked_up,V056,DRV110
ORD03396,C2405,R036,2026-08-21T14:54:00+00:00,delivered,V084,DRV108
ORD03397,C0969,R030,2026-08-08T07:56:00+00:00,in_transit,V061,DRV098
ORD03398,C1849,R029,2026-08-17T06:20:00+00:00,delivered,V054,DRV096
ORD03399,C2224,R034,2026-09-01T02:29:00+00:00,delivered,V001,DRV039
ORD03400,C0890,R006,2026-09-23T11:17:00+00:00,delivered,V057,DRV093
ORD03401,C1186,R012,2026-09-01T10:34:00+00:00,delivered,V044,DRV109
ORD03402,C1475,R007,2026-09-11T13:17:00+00:00,in_transit,V075,DRV115
ORD03403,C2360,R053,2026-08-11T21:10:00+00:00,delivered,V007,DRV062
ORD03404,C1439,R040,2026-09-11T02:25:00+00:00,delivered,V087,DRV096
ORD03405,C0682,R060,2026-08-14T19:25:00+00:00,delivered,V059,DRV020
ORD03406,C0102,R027,2026-08-28T01:11:00+00:00,delivered,V035,DRV088
ORD03407,C2165,R002,2026-09-16T08:18:00+00:00,delivered,V088,DRV049
ORD03408,C2448,R002,2026-09-09T14:06:00+00:00,delivered,V076,DRV094
ORD03409,C1679,R053,2026-08-07T08:38:00+00:00,delivered,V017,DRV120
ORD03410,C2442,R080,2026-09-10T11:22:00+00:00,picked_up,V059,DRV057
ORD03411,C1542,R006,2026-08-19T18:44:00+00:00,in_transit,V053,DRV019
ORD03412,C1819,R060,2026-09-23T16:35:00+00:00,delivered,V096,DRV104
ORD03413,C0533,R008,2026-09-10T00:42:00+00:00,delayed,V046,DRV016
ORD03414,C0688,R024,2026-08-04T02:09:00+00:00,delivered,V084,DRV118
ORD03415,C0213,R021,2026-08-22T04:24:00+00:00,delivered,V100,DRV031
ORD03416,C1553,R079,2026-09-23T16:28:00+00:00,picked_up,V033,DRV036
ORD03417,C0929,R004,2026-09-04T10:11:00+00:00,in_transit,V034,DRV091
ORD03418,C1793,R079,2026-09-01T11:06:00+00:00,in_transit,V025,DRV044
ORD03419,C1408,R018,2026-09-24T14:53:00+00:00,delivered,V018,DRV065
ORD03420,C2176,R007,2026-08-04T03:43:00+00:00,delayed,V034,DRV033
ORD03421,C0437,R069,2026-09-13T15:51:00+00:00,delayed,V044,DRV032
ORD03422,C1274,R067,2026-08-01T23:23:00+00:00,delivered,V047,DRV045
ORD03423,C1240,R001,2026-08-30T13:37:00+00:00,delivered,V057,DRV053
ORD03424,C2172,R043,2026-08-03T21:47:00+00:00,delivered,V055,DRV071
ORD03425,C2418,R051,2026-08-03T13:44:00+00:00,in_transit,V006,DRV030
ORD03426,C0382,R016,2026-08-23T19:41:00+00:00,picked_up,V062,DRV005
ORD03427,C2363,R052,2026-09-07T19:48:00+00:00,picked_up,V076,DRV100
ORD03428,C2128,R061,2026-09-21T17:07:00+00:00,delivered,V062,DRV021
ORD03429,C1484,R010,2026-08-24T01:51:00+00:00,picked_up,V040,DRV073
ORD03430,C1607,R074,2026-08-11T10:27:00+00:00,delivered,V086,DRV074
ORD03431,C0749,R015,2026-09-08T21:50:00+00:00,delivered,V025,DRV098
ORD03432,C0733,R001,2026-08-02T23:14:00+00:00,delivered,V090,DRV006
ORD03433,C0653,R044,2026-08-08T05:58:00+00:00,delivered,V003,DRV019
ORD03434,C1632,R063,2026-09-02T23:23:00+00:00,delivered,V035,DRV009
ORD03435,C0228,R064,2026-08-13T15:22:00+00:00,in_transit,V090,DRV009
ORD03436,C0074,R054,2026-08-13T01:05:00+00:00,picked_up,V041,DRV084
ORD03437,C1036,R022,2026-09-07T01:28:00+00:00,in_transit,V074,DRV058
ORD03438,C1972,R007,2026-08-22T01:40:00+00:00,picked_up,V051,DRV008
ORD03439,C2080,R070,2026-08-18T09:02:00+00:00,delivered,V074,DRV048
ORD03440,C0043,R031,2026-09-20T17:39:00+00:00,delivered,V069,DRV091
ORD03441,C0939,R012,2026-08-24T17:01:00+00:00,delivered,V077,DRV020
ORD03442,C1402,R063,2026-08-07T22:28:00+00:00,delivered,V085,DRV069
ORD03443,C0438,R059,2026-08-01T19:39:00+00:00,delivered,V006,DRV093
ORD03444,C0529,R078,2026-09-14T03:42:00+00:00,in_transit,V004,DRV080
ORD03445,C2252,R074,2026-08-13T01:15:00+00:00,delivered,V072,DRV020
ORD03446,C0016,R031,2026-08-21T18:34:00+00:00,delayed,V073,DRV058
ORD03447,C2431,R026,2026-09-13T10:48:00+00:00,in_transit,V065,DRV021
ORD03448,C1759,R069,2026-09-03T23:05:00+00:00,picked_up,V016,DRV010
ORD03449,C1912,R057,2026-08-08T17:31:00+00:00,delivered,V022,DRV003
ORD03450,C0752,R039,2026-08-11T05:07:00+00:00,cancelled,V040,DRV118
ORD03451,C0534,R060,2026-08-22T20:06:00+00:00,in_transit,V021,DRV050
ORD03452,C0288,R011,2026-09-17T03:57:00+00:00,picked_up,V031,DRV089
ORD03453,C1779,R074,2026-09-12T23:02:00+00:00,delayed,V031,DRV098
ORD03454,C0810,R022,2026-08-24T15:01:00+00:00,delivered,V082,DRV040
ORD03455,C1542,R080,2026-09-12T06:02:00+00:00,delivered,V022,DRV078
ORD03456,C1260,R015,2026-08-31T20:03:00+00:00,picked_up,V097,DRV092
ORD03457,C0928,R006,2026-08-15T09:20:00+00:00,in_transit,V074,DRV007
ORD03458,C1716,R003,2026-08-28T01:35:00+00:00,delivered,V061,DRV075
ORD03459,C0270,R004,2026-08-05T17:11:00+00:00,in_transit,V002,DRV077
ORD03460,C0688,R062,2026-08-21T22:23:00+00:00,delivered,V017,DRV037
ORD03461,C0136,R018,2026-08-12T13:38:00+00:00,delivered,V077,DRV020
ORD03462,C1100,R077,2026-08-22T01:43:00+00:00,delivered,V098,DRV011
ORD03463,C0466,R043,2026-08-14T16:39:00+00:00,delivered,V014,DRV091
ORD03464,C2013,R024,2026-09-06T04:37:00+00:00,delivered,V009,DRV034
ORD03465,C2137,R074,2026-08-02T06:51:00+00:00,picked_up,V082,DRV009
ORD03466,C2161,R079,2026-08-21T09:43:00+00:00,delivered,V043,DRV079
ORD03467,C0993,R040,2026-08-16T00:51:00+00:00,delivered,V069,DRV082
ORD03468,C1953,R054,2026-09-07T20:59:00+00:00,picked_up,V062,DRV101
ORD03469,C1767,R032,2026-09-24T06:12:00+00:00,delivered,V022,DRV022
ORD03470,C0831,R060,2026-08-22T14:07:00+00:00,delivered,V002,DRV006
ORD03471,C0228,R073,2026-08-02T15:09:00+00:00,in_transit,V091,DRV082
ORD03472,C1234,R059,2026-09-07T02:10:00+00:00,delivered,V083,DRV040
ORD03473,C1331,R065,2026-09-14T15:26:00+00:00,delivered,V095,DRV091
ORD03474,C1641,R007,2026-08-27T01:39:00+00:00,delivered,V032,DRV016
ORD03475,C1097,R019,2026-08-06T16:17:00+00:00,delayed,V057,DRV047
ORD03476,C1640,R026,2026-08-28T20:52:00+00:00,cancelled,V088,DRV074
ORD03477,C0751,R041,2026-08-20T10:50:00+00:00,delayed,V086,DRV076
ORD03478,C1871,R066,2026-09-12T18:33:00+00:00,in_transit,V029,DRV043
ORD03479,C1972,R066,2026-08-10T02:08:00+00:00,picked_up,V032,DRV003
ORD03480,C0207,R044,2026-08-23T17:15:00+00:00,in_transit,V087,DRV027
ORD03481,C1201,R055,2026-08-29T10:29:00+00:00,delivered,V023,DRV020
ORD03482,C1879,R003,2026-09-21T23:23:00+00:00,delivered,V025,DRV092
ORD03483,C0298,R031,2026-08-22T02:55:00+00:00,delivered,V042,DRV118
ORD03484,C0117,R017,2026-08-23T19:50:00+00:00,picked_up,V042,DRV013
ORD03485,C2408,R047,2026-09-02T13:47:00+00:00,delivered,V064,DRV007
ORD03486,C1226,R007,2026-08-26T00:51:00+00:00,delivered,V083,DRV105
ORD03487,C1521,R040,2026-08-07T15:28:00+00:00,delivered,V080,DRV021
ORD03488,C2118,R017,2026-08-30T06:03:00+00:00,delivered,V005,DRV063
ORD03489,C1415,R012,2026-08-23T17:53:00+00:00,picked_up,V094,DRV114
ORD03490,C0281,R029,2026-08-29T10:05:00+00:00,in_transit,V033,DRV120
ORD03491,C2033,R043,2026-09-15T07:57:00+00:00,picked_up,V041,DRV046
ORD03492,C0539,R056,2026-08-22T02:54:00+00:00,delivered,V066,DRV081
ORD03493,C1682,R032,2026-08-02T16:00:00+00:00,picked_up,V056,DRV016
ORD03494,C0973,R069,2026-09-03T08:05:00+00:00,picked_up,V092,DRV056
ORD03495,C0171,R002,2026-08-01T04:54:00+00:00,delivered,V010,DRV041
ORD03496,C2052,R008,2026-08-29T18:36:00+00:00,in_transit,V085,DRV050
ORD03497,C0778,R054,2026-09-24T07:47:00+00:00,delivered,V010,DRV040
ORD03498,C0156,R004,2026-09-16T01:15:00+00:00,delivered,V098,DRV076
ORD03499,C0394,R011,2026-08-26T22:43:00+00:00,delayed,V054,DRV094
ORD03500,C2052,R077,2026-08-14T14:38:00+00:00,delivered,V066,DRV068
ORD03501,C0470,R077,2026-08-20T00:30:00+00:00,delivered,V051,DRV085
ORD03502,C2195,R072,2026-09-17T18:16:00+00:00,delivered,V066,DRV061
ORD03503,C1436,R068,2026-09-02T04:40:00+00:00,picked_up,V077,DRV006
ORD03504,C2281,R076,2026-09-04T20:11:00+00:00,delivered,V052,DRV098
ORD03505,C0640,R062,2026-08-17T05:35:00+00:00,delivered,V002,DRV062
ORD03506,C1190,R001,2026-09-20T14:44:00+00:00,delivered,V086,DRV111
ORD03507,C0073,R025,2026-09-11T21:27:00+00:00,delivered,V054,DRV037
ORD03508,C1640,R029,2026-08-03T19:24:00+00:00,cancelled,V029,DRV007
ORD03509,C0423,R077,2026-09-23T06:39:00+00:00,in_transit,V073,DRV048
ORD03510,C0326,R037,2026-09-20T01:27:00+00:00,delivered,V060,DRV115
ORD03511,C2158,R062,2026-08-25T03:47:00+00:00,in_transit,V056,DRV049
ORD03512,C2013,R048,2026-08-07T06:58:00+00:00,picked_up,V044,DRV098
ORD03513,C2489,R055,2026-08-28T20:40:00+00:00,delivered,V006,DRV045
ORD03514,C2064,R027,2026-08-28T16:31:00+00:00,delivered,V097,DRV012
ORD03515,C0133,R057,2026-08-20T03:33:00+00:00,in_transit,V019,DRV003
ORD03516,C0877,R068,2026-09-01T14:51:00+00:00,delivered,V098,DRV102
ORD03517,C0820,R062,2026-09-13T22:46:00+00:00,delayed,V003,DRV087
ORD03518,C0659,R064,2026-09-20T21:31:00+00:00,delivered,V076,DRV101
ORD03519,C0052,R048,2026-08-26T20:12:00+00:00,delivered,V087,DRV020
ORD03520,C1189,R034,2026-08-06T09:23:00+00:00,delivered,V048,DRV105
ORD03521,C0129,R004,2026-08-06T07:19:00+00:00,cancelled,V038,DRV076
ORD03522,C2032,R073,2026-09-23T12:37:00+00:00,picked_up,V027,DRV073
ORD03523,C1270,R059,2026-08-22T17:29:00+00:00,delivered,V062,DRV018
ORD03524,C1019,R051,2026-08-20T15:19:00+00:00,delivered,V099,DRV037
ORD03525,C1282,R004,2026-08-03T19:25:00+00:00,in_transit,V038,DRV029
ORD03526,C1139,R040,2026-08-21T15:24:00+00:00,cancelled,V063,DRV089
ORD03527,C1112,R073,2026-09-21T17:34:00+00:00,cancelled,V053,DRV041
ORD03528,C1472,R020,2026-09-16T16:02:00+00:00,in_transit,V089,DRV025
ORD03529,C1853,R078,2026-09-04T12:23:00+00:00,delivered,V044,DRV020
ORD03530,C0154,R052,2026-08-06T03:29:00+00:00,delivered,V017,DRV032
ORD03531,C1850,R037,2026-08-04T14:42:00+00:00,delivered,V096,DRV060
ORD03532,C0179,R047,2026-08-08T07:09:00+00:00,in_transit,V067,DRV073
ORD03533,C0050,R067,2026-08-16T06:15:00+00:00,delayed,V065,DRV113
ORD03534,C0471,R053,2026-09-06T17:39:00+00:00,delivered,V091,DRV070
ORD03535,C1129,R075,2026-08-12T18:30:00+00:00,delivered,V071,DRV038
ORD03536,C0794,R079,2026-08-04T05:47:00+00:00,in_transit,V049,DRV103
ORD03537,C2260,R042,2026-08-13T22:09:00+00:00,delivered,V079,DRV042
ORD03538,C1064,R039,2026-08-15T05:15:00+00:00,delivered,V021,DRV103
ORD03539,C0289,R069,2026-09-19T15:41:00+00:00,picked_up,V025,DRV093
ORD03540,C0928,R031,2026-09-12T02:40:00+00:00,delivered,V047,DRV006
ORD03541,C1560,R069,2026-08-03T22:44:00+00:00,in_transit,V049,DRV087
ORD03542,C1570,R016,2026-08-23T16:24:00+00:00,in_transit,V053,DRV001
ORD03543,C2054,R034,2026-09-11T10:00:00+00:00,picked_up,V012,DRV112
ORD03544,C2455,R075,2026-08-12T11:27:00+00:00,delayed,V049,DRV085
ORD03545,C0866,R063,2026-09-07T09:08:00+00:00,in_transit,V086,DRV100
ORD03546,C0812,R006,2026-08-21T02:54:00+00:00,delivered,V036,DRV012
ORD03547,C0425,R014,2026-08-11T05:35:00+00:00,picked_up,V072,DRV082
ORD03548,C1290,R044,2026-08-08T21:26:00+00:00,in_transit,V030,DRV021
ORD03549,C2058,R076,2026-08-01T08:40:00+00:00,delivered,V058,DRV005
ORD03550,C1583,R001,2026-09-22T07:18:00+00:00,delayed,V007,DRV104
ORD03551,C0090,R038,2026-09-15T21:58:00+00:00,delivered,V028,DRV009
ORD03552,C1290,R034,2026-09-02T09:25:00+00:00,delayed,V050,DRV035
ORD03553,C1101,R020,2026-09-11T17:06:00+00:00,delivered,V061,DRV077
ORD03554,C1058,R035,2026-08-03T16:16:00+00:00,delivered,V058,DRV034
ORD03555,C0937,R078,2026-08-22T01:49:00+00:00,delivered,V014,DRV091
ORD03556,C1231,R037,2026-08-09T03:41:00+00:00,delivered,V081,DRV052
ORD03557,C1847,R050,2026-08-02T16:41:00+00:00,delivered,V055,DRV098
ORD03558,C1625,R009,2026-09-20T18:32:00+00:00,delivered,V063,DRV119
ORD03559,C1664,R005,2026-08-08T12:59:00+00:00,delivered,V069,DRV078
ORD03560,C0154,R053,2026-08-09T18:45:00+00:00,delivered,V029,DRV051
ORD03561,C1639,R003,2026-08-06T18:54:00+00:00,delivered,V038,DRV067
ORD03562,C2392,R039,2026-09-21T05:31:00+00:00,delivered,V082,DRV082
ORD03563,C1010,R033,2026-09-17T05:05:00+00:00,delivered,V002,DRV115
ORD03564,C1920,R004,2026-08-05T21:46:00+00:00,picked_up,V059,DRV103
ORD03565,C0909,R057,2026-09-14T11:09:00+00:00,picked_up,V098,DRV111
ORD03566,C0152,R074,2026-08-29T09:36:00+00:00,in_transit,V026,DRV105
ORD03567,C0437,R014,2026-08-11T06:03:00+00:00,picked_up,V010,DRV057
ORD03568,C0381,R005,2026-08-26T10:24:00+00:00,in_transit,V022,DRV119
ORD03569,C2425,R038,2026-08-09T00:30:00+00:00,picked_up,V046,DRV043
ORD03570,C2126,R036,2026-08-21T20:12:00+00:00,delivered,V086,DRV085
ORD03571,C0663,R073,2026-09-07T04:08:00+00:00,cancelled,V044,DRV048
ORD03572,C0865,R014,2026-09-13T19:24:00+00:00,delayed,V004,DRV105
ORD03573,C1275,R032,2026-08-01T05:02:00+00:00,picked_up,V097,DRV008
ORD03574,C0458,R052,2026-09-01T20:59:00+00:00,delivered,V050,DRV092
ORD03575,C2327,R059,2026-08-22T13:28:00+00:00,delivered,V059,DRV028
ORD03576,C0624,R020,2026-08-25T22:53:00+00:00,delivered,V092,DRV093
ORD03577,C0998,R045,2026-09-17T23:13:00+00:00,delivered,V043,DRV085
ORD03578,C0321,R050,2026-09-20T11:44:00+00:00,delivered,V012,DRV034
ORD03579,C2495,R074,2026-08-19T10:37:00+00:00,delayed,V098,DRV062
ORD03580,C0415,R005,2026-09-09T09:05:00+00:00,delivered,V047,DRV072
ORD03581,C0498,R041,2026-09-12T06:24:00+00:00,in_transit,V016,DRV113
ORD03582,C0770,R044,2026-08-03T09:24:00+00:00,delivered,V076,DRV072
ORD03583,C2442,R051,2026-08-28T16:51:00+00:00,delivered,V076,DRV069
ORD03584,C1343,R014,2026-08-28T02:22:00+00:00,in_transit,V081,DRV083
ORD03585,C0542,R001,2026-08-22T04:56:00+00:00,in_transit,V031,DRV033
ORD03586,C0619,R070,2026-09-06T02:59:00+00:00,delivered,V096,DRV075
ORD03587,C0712,R017,2026-08-06T03:41:00+00:00,delivered,V080,DRV119
ORD03588,C0227,R001,2026-08-05T10:06:00+00:00,in_transit,V015,DRV086
ORD03589,C0789,R055,2026-08-07T20:10:00+00:00,delivered,V075,DRV059
ORD03590,C0947,R080,2026-09-16T20:11:00+00:00,delivered,V012,DRV110
ORD03591,C2175,R072,2026-09-16T17:48:00+00:00,delivered,V098,DRV025
ORD03592,C2297,R049,2026-09-22T07:51:00+00:00,in_transit,V098,DRV088
ORD03593,C0252,R017,2026-08-19T00:34:00+00:00,in_transit,V028,DRV010
ORD03594,C1910,R034,2026-09-18T06:56:00+00:00,delivered,V087,DRV114
ORD03595,C0288,R053,2026-09-03T02:28:00+00:00,cancelled,V093,DRV054
ORD03596,C1683,R010,2026-09-18T09:02:00+00:00,delivered,V018,DRV003
ORD03597,C1575,R068,2026-09-06T05:55:00+00:00,picked_up,V016,DRV062
ORD03598,C0477,R029,2026-08-03T19:56:00+00:00,delivered,V053,DRV034
ORD03599,C2497,R031,2026-09-08T14:34:00+00:00,delivered,V041,DRV117
ORD03600,C0923,R060,2026-09-09T14:35:00+00:00,delivered,V032,DRV019
ORD03601,C2186,R030,2026-08-17T10:32:00+00:00,cancelled,V018,DRV101
ORD03602,C2468,R052,2026-09-11T11:02:00+00:00,picked_up,V023,DRV049
ORD03603,C1315,R075,2026-08-24T18:12:00+00:00,in_transit,V080,DRV073
ORD03604,C1054,R041,2026-08-17T23:06:00+00:00,picked_up,V054,DRV098
ORD03605,C1759,R067,2026-08-26T12:40:00+00:00,delayed,V032,DRV103
ORD03606,C0190,R015,2026-08-11T18:06:00+00:00,delivered,V029,DRV029
ORD03607,C1962,R004,2026-09-17T08:51:00+00:00,delivered,V072,DRV064
ORD03608,C0229,R041,2026-09-01T19:39:00+00:00,in_transit,V085,DRV101
ORD03609,C0704,R062,2026-09-18T10:59:00+00:00,delivered,V079,DRV007
ORD03610,C1599,R013,2026-08-14T22:40:00+00:00,delivered,V094,DRV035
ORD03611,C1620,R022,2026-08-11T14:50:00+00:00,delivered,V093,DRV051
ORD03612,C2193,R019,2026-08-18T08:25:00+00:00,delivered,V039,DRV010
ORD03613,C2326,R080,2026-08-30T06:49:00+00:00,delivered,V080,DRV076
ORD03614,C2465,R030,2026-09-11T14:34:00+00:00,cancelled,V074,DRV026
ORD03615,C0599,R075,2026-08-29T20:53:00+00:00,delayed,V009,DRV073
ORD03616,C0888,R035,2026-08-08T22:30:00+00:00,delivered,V062,DRV087
ORD03617,C1455,R002,2026-08-21T01:14:00+00:00,delayed,V055,DRV019
ORD03618,C2276,R060,2026-09-09T08:57:00+00:00,delivered,V021,DRV047
ORD03619,C0176,R027,2026-08-20T02:12:00+00:00,delivered,V002,DRV070
ORD03620,C0599,R032,2026-08-04T00:13:00+00:00,delayed,V066,DRV090
ORD03621,C0702,R033,2026-09-20T22:00:00+00:00,delivered,V060,DRV029
ORD03622,C1808,R061,2026-09-17T14:22:00+00:00,delivered,V011,DRV022
ORD03623,C0011,R046,2026-08-27T15:36:00+00:00,delivered,V020,DRV024
ORD03624,C1209,R001,2026-08-06T21:50:00+00:00,in_transit,V003,DRV071
ORD03625,C0657,R061,2026-08-24T06:26:00+00:00,picked_up,V009,DRV056
ORD03626,C0644,R056,2026-08-20T04:50:00+00:00,in_transit,V042,DRV009
ORD03627,C1489,R043,2026-08-09T09:02:00+00:00,in_transit,V003,DRV003
ORD03628,C1049,R066,2026-08-11T12:40:00+00:00,in_transit,V089,DRV069
ORD03629,C0860,R055,2026-08-16T22:03:00+00:00,delivered,V007,DRV002
ORD03630,C0629,R058,2026-08-13T08:50:00+00:00,delivered,V042,DRV005
ORD03631,C0809,R025,2026-08-25T22:12:00+00:00,in_transit,V082,DRV036
ORD03632,C2348,R027,2026-09-22T08:33:00+00:00,delivered,V056,DRV099
ORD03633,C0906,R004,2026-08-11T06:09:00+00:00,picked_up,V091,DRV051
ORD03634,C1252,R055,2026-09-05T02:58:00+00:00,picked_up,V061,DRV094
ORD03635,C1036,R027,2026-08-01T04:25:00+00:00,delivered,V036,DRV117
ORD03636,C1902,R050,2026-08-10T02:20:00+00:00,delivered,V034,DRV075
ORD03637,C2263,R070,2026-08-27T04:48:00+00:00,delivered,V095,DRV043
ORD03638,C2377,R043,2026-08-09T19:45:00+00:00,delivered,V039,DRV019
ORD03639,C0488,R067,2026-08-01T11:38:00+00:00,in_transit,V038,DRV013
ORD03640,C2348,R041,2026-08-02T19:57:00+00:00,in_transit,V053,DRV079
ORD03641,C1358,R025,2026-08-12T06:47:00+00:00,delivered,V021,DRV091
ORD03642,C0197,R032,2026-08-15T22:49:00+00:00,delivered,V071,DRV120
ORD03643,C1246,R071,2026-08-18T16:35:00+00:00,cancelled,V083,DRV057
ORD03644,C2036,R035,2026-08-06T09:17:00+00:00,cancelled,V092,DRV040
ORD03645,C0437,R044,2026-08-19T03:03:00+00:00,in_transit,V006,DRV099
ORD03646,C1784,R043,2026-08-15T13:58:00+00:00,picked_up,V041,DRV065
ORD03647,C0166,R058,2026-09-19T13:29:00+00:00,in_transit,V023,DRV052
ORD03648,C0082,R057,2026-08-26T06:38:00+00:00,delivered,V003,DRV031
ORD03649,C1929,R069,2026-09-16T06:23:00+00:00,delivered,V098,DRV076
ORD03650,C0538,R056,2026-08-07T05:31:00+00:00,delayed,V040,DRV106
ORD03651,C1209,R029,2026-09-03T15:42:00+00:00,cancelled,V043,DRV089
ORD03652,C1667,R024,2026-08-05T07:14:00+00:00,delivered,V046,DRV073
ORD03653,C0772,R057,2026-09-15T07:55:00+00:00,in_transit,V012,DRV014
ORD03654,C1358,R071,2026-08-21T12:58:00+00:00,delivered,V040,DRV098
ORD03655,C0427,R019,2026-09-10T07:22:00+00:00,picked_up,V042,DRV099
ORD03656,C2337,R001,2026-09-20T05:05:00+00:00,in_transit,V046,DRV068
ORD03657,C0477,R014,2026-09-01T20:05:00+00:00,in_transit,V022,DRV024
ORD03658,C0032,R049,2026-09-17T14:03:00+00:00,in_transit,V049,DRV008
ORD03659,C2080,R059,2026-09-09T11:45:00+00:00,in_transit,V010,DRV017
ORD03660,C0479,R064,2026-08-26T16:11:00+00:00,delivered,V014,DRV095
ORD03661,C1911,R078,2026-09-13T16:23:00+00:00,in_transit,V077,DRV017
ORD03662,C2134,R043,2026-09-06T01:28:00+00:00,picked_up,V029,DRV028
ORD03663,C1498,R067,2026-09-02T06:45:00+00:00,picked_up,V019,DRV066
ORD03664,C0962,R014,2026-09-19T21:42:00+00:00,delayed,V034,DRV100
ORD03665,C0017,R032,2026-08-05T20:29:00+00:00,delayed,V073,DRV002
ORD03666,C1218,R064,2026-09-23T14:15:00+00:00,delivered,V075,DRV079
ORD03667,C0452,R060,2026-08-24T01:02:00+00:00,picked_up,V040,DRV036
ORD03668,C1746,R052,2026-09-23T00:16:00+00:00,picked_up,V022,DRV096
ORD03669,C1852,R044,2026-08-27T01:56:00+00:00,in_transit,V039,DRV099
ORD03670,C1022,R014,2026-09-05T17:48:00+00:00,delivered,V094,DRV034
ORD03671,C2326,R066,2026-08-20T02:25:00+00:00,picked_up,V067,DRV043
ORD03672,C1288,R078,2026-09-22T06:47:00+00:00,cancelled,V047,DRV065
ORD03673,C2262,R029,2026-09-15T06:47:00+00:00,delivered,V086,DRV103
ORD03674,C0160,R062,2026-09-18T02:31:00+00:00,delivered,V028,DRV040
ORD03675,C1909,R008,2026-09-10T12:09:00+00:00,in_transit,V013,DRV104
ORD03676,C0011,R013,2026-08-18T19:12:00+00:00,delivered,V004,DRV083
ORD03677,C0782,R069,2026-08-20T22:28:00+00:00,delivered,V021,DRV020
ORD03678,C2383,R042,2026-08-26T20:49:00+00:00,delivered,V025,DRV053
ORD03679,C0768,R071,2026-08-31T10:09:00+00:00,in_transit,V006,DRV094
ORD03680,C0975,R018,2026-09-05T21:02:00+00:00,delivered,V021,DRV059
ORD03681,C2434,R016,2026-08-26T23:13:00+00:00,in_transit,V020,DRV034
ORD03682,C0307,R018,2026-08-12T18:45:00+00:00,delivered,V062,DRV063
ORD03683,C1463,R079,2026-08-31T03:44:00+00:00,picked_up,V075,DRV032
ORD03684,C0610,R045,2026-09-11T03:19:00+00:00,cancelled,V006,DRV117
ORD03685,C1713,R053,2026-08-11T11:25:00+00:00,delivered,V010,DRV025
ORD03686,C1605,R047,2026-09-21T08:53:00+00:00,delivered,V061,DRV103
ORD03687,C0382,R014,2026-09-20T05:42:00+00:00,in_transit,V085,DRV077
ORD03688,C1660,R002,2026-09-08T03:47:00+00:00,delivered,V057,DRV095
ORD03689,C0971,R022,2026-08-14T15:23:00+00:00,picked_up,V070,DRV084
ORD03690,C1445,R050,2026-08-28T01:34:00+00:00,delivered,V072,DRV089
ORD03691,C1364,R033,2026-09-03T19:35:00+00:00,delivered,V044,DRV075
ORD03692,C2047,R053,2026-08-20T12:39:00+00:00,delayed,V055,DRV001
ORD03693,C0561,R069,2026-08-29T13:37:00+00:00,picked_up,V028,DRV030
ORD03694,C1684,R025,2026-09-22T12:33:00+00:00,delayed,V008,DRV034
ORD03695,C2317,R067,2026-08-17T08:41:00+00:00,in_transit,V032,DRV052
ORD03696,C0753,R019,2026-09-08T16:45:00+00:00,picked_up,V073,DRV003
ORD03697,C0096,R008,2026-09-21T12:45:00+00:00,delivered,V044,DRV087
ORD03698,C0275,R059,2026-08-04T12:45:00+00:00,delivered,V060,DRV004
ORD03699,C0856,R023,2026-08-04T15:22:00+00:00,delivered,V075,DRV109
ORD03700,C0671,R079,2026-08-04T02:09:00+00:00,delivered,V077,DRV061
ORD03701,C0974,R024,2026-08-07T20:07:00+00:00,in_transit,V025,DRV088
ORD03702,C2497,R010,2026-09-24T08:34:00+00:00,delivered,V049,DRV101
ORD03703,C0654,R001,2026-08-31T18:47:00+00:00,delivered,V062,DRV011
ORD03704,C0596,R006,2026-08-06T04:18:00+00:00,picked_up,V017,DRV114
ORD03705,C0222,R060,2026-09-10T14:23:00+00:00,delayed,V024,DRV059
ORD03706,C2194,R080,2026-09-21T03:07:00+00:00,delivered,V095,DRV070
ORD03707,C0651,R071,2026-08-14T06:21:00+00:00,delivered,V025,DRV020
ORD03708,C1193,R022,2026-09-08T11:29:00+00:00,cancelled,V071,DRV007
ORD03709,C1109,R054,2026-09-03T11:45:00+00:00,delivered,V042,DRV018
ORD03710,C0080,R002,2026-09-21T20:54:00+00:00,delivered,V089,DRV106
ORD03711,C1404,R057,2026-08-15T06:13:00+00:00,in_transit,V033,DRV118
ORD03712,C1027,R060,2026-08-20T23:55:00+00:00,delivered,V060,DRV089
ORD03713,C2483,R071,2026-09-18T22:43:00+00:00,delivered,V057,DRV001
ORD03714,C0217,R041,2026-09-13T17:51:00+00:00,delivered,V100,DRV112
ORD03715,C0628,R019,2026-09-16T22:05:00+00:00,delivered,V059,DRV118
ORD03716,C2100,R052,2026-09-17T15:18:00+00:00,delivered,V077,DRV018
ORD03717,C0006,R010,2026-09-04T12:39:00+00:00,delivered,V057,DRV004
ORD03718,C1371,R064,2026-08-07T22:52:00+00:00,in_transit,V055,DRV005
ORD03719,C1645,R070,2026-09-17T01:40:00+00:00,delivered,V026,DRV010
ORD03720,C0592,R061,2026-09-22T17:41:00+00:00,picked_up,V082,DRV009
ORD03721,C1076,R068,2026-08-18T10:55:00+00:00,picked_up,V023,DRV098
ORD03722,C1107,R047,2026-08-22T17:51:00+00:00,cancelled,V087,DRV088
ORD03723,C2279,R003,2026-08-08T20:05:00+00:00,in_transit,V011,DRV079
ORD03724,C1931,R003,2026-09-17T13:43:00+00:00,delivered,V090,DRV016
ORD03725,C0699,R052,2026-09-14T06:32:00+00:00,picked_up,V014,DRV047
ORD03726,C1169,R060,2026-08-10T11:14:00+00:00,delayed,V008,DRV061
ORD03727,C1528,R029,2026-08-21T15:53:00+00:00,delivered,V071,DRV075
ORD03728,C1203,R049,2026-09-11T09:53:00+00:00,in_transit,V083,DRV117
ORD03729,C2338,R007,2026-08-30T20:14:00+00:00,cancelled,V012,DRV005
ORD03730,C1484,R061,2026-08-05T16:23:00+00:00,picked_up,V064,DRV072
ORD03731,C1184,R002,2026-09-04T01:55:00+00:00,delivered,V045,DRV086
ORD03732,C0706,R030,2026-08-17T04:24:00+00:00,delivered,V002,DRV087
ORD03733,C1368,R080,2026-09-25T00:04:00+00:00,delivered,V083,DRV059
ORD03734,C1267,R055,2026-08-30T08:47:00+00:00,in_transit,V096,DRV058
ORD03735,C1057,R045,2026-08-14T20:46:00+00:00,delivered,V087,DRV088
ORD03736,C0866,R037,2026-08-08T18:38:00+00:00,delivered,V015,DRV045
ORD03737,C1879,R006,2026-09-03T11:05:00+00:00,delivered,V025,DRV031
ORD03738,C2491,R055,2026-09-06T04:29:00+00:00,delayed,V099,DRV101
ORD03739,C0020,R069,2026-08-11T15:09:00+00:00,delayed,V049,DRV099
ORD03740,C2453,R064,2026-08-09T02:15:00+00:00,picked_up,V059,DRV039
ORD03741,C2086,R067,2026-08-28T05:00:00+00:00,in_transit,V051,DRV067
ORD03742,C0867,R035,2026-09-23T16:37:00+00:00,in_transit,V066,DRV008
ORD03743,C1457,R052,2026-08-16T17:54:00+00:00,delivered,V006,DRV087
ORD03744,C2285,R034,2026-08-31T06:53:00+00:00,delivered,V080,DRV074
ORD03745,C0596,R024,2026-08-24T17:03:00+00:00,delivered,V032,DRV041
ORD03746,C0233,R014,2026-08-10T00:11:00+00:00,picked_up,V012,DRV089
ORD03747,C2096,R069,2026-08-23T22:14:00+00:00,delivered,V055,DRV115
ORD03748,C2363,R029,2026-08-16T06:45:00+00:00,delivered,V046,DRV106
ORD03749,C0814,R065,2026-08-20T05:03:00+00:00,delivered,V085,DRV059
ORD03750,C1715,R002,2026-08-04T18:07:00+00:00,picked_up,V019,DRV085
ORD03751,C1372,R045,2026-09-15T05:39:00+00:00,in_transit,V018,DRV002
ORD03752,C1984,R070,2026-08-15T23:48:00+00:00,picked_up,V067,DRV112
ORD03753,C1047,R019,2026-08-06T23:27:00+00:00,picked_up,V037,DRV061
ORD03754,C1016,R040,2026-09-05T09:09:00+00:00,delivered,V023,DRV075
ORD03755,C0739,R062,2026-09-19T21:46:00+00:00,picked_up,V088,DRV061
ORD03756,C2193,R056,2026-08-08T04:41:00+00:00,delivered,V064,DRV044
ORD03757,C1827,R045,2026-08-14T07:05:00+00:00,in_transit,V024,DRV055
ORD03758,C2220,R065,2026-09-17T09:17:00+00:00,in_transit,V059,DRV076
ORD03759,C1852,R043,2026-08-27T19:44:00+00:00,delivered,V066,DRV034
ORD03760,C0558,R031,2026-08-26T09:04:00+00:00,delivered,V079,DRV119
ORD03761,C1859,R001,2026-08-31T00:45:00+00:00,cancelled,V056,DRV024
ORD03762,C1021,R009,2026-09-22T23:06:00+00:00,delivered,V049,DRV115
ORD03763,C1207,R020,2026-08-26T13:52:00+00:00,picked_up,V068,DRV037
ORD03764,C1668,R032,2026-09-08T11:28:00+00:00,delayed,V086,DRV045
ORD03765,C0542,R047,2026-09-07T09:32:00+00:00,in_transit,V052,DRV018
ORD03766,C1034,R060,2026-08-03T14:39:00+00:00,in_transit,V043,DRV079
ORD03767,C0535,R030,2026-08-10T11:42:00+00:00,delivered,V017,DRV091
ORD03768,C1803,R039,2026-08-23T01:19:00+00:00,delivered,V028,DRV108
ORD03769,C0664,R063,2026-08-07T06:25:00+00:00,delivered,V082,DRV084
ORD03770,C0431,R059,2026-09-02T03:07:00+00:00,delivered,V009,DRV103
ORD03771,C2231,R010,2026-08-20T04:26:00+00:00,delivered,V002,DRV063
ORD03772,C1619,R063,2026-09-19T07:02:00+00:00,delayed,V007,DRV116
ORD03773,C2104,R041,2026-08-28T08:55:00+00:00,delivered,V066,DRV043
ORD03774,C1215,R030,2026-09-02T05:57:00+00:00,delivered,V091,DRV107
ORD03775,C2140,R004,2026-08-16T03:14:00+00:00,in_transit,V071,DRV088
ORD03776,C2214,R018,2026-08-08T02:04:00+00:00,picked_up,V085,DRV067
ORD03777,C1117,R075,2026-08-04T22:43:00+00:00,picked_up,V041,DRV107
ORD03778,C2055,R078,2026-09-17T23:05:00+00:00,delayed,V023,DRV069
ORD03779,C0183,R037,2026-09-10T23:41:00+00:00,picked_up,V043,DRV020
ORD03780,C1886,R029,2026-08-16T07:33:00+00:00,picked_up,V070,DRV072
ORD03781,C1772,R027,2026-08-15T16:05:00+00:00,picked_up,V027,DRV112
ORD03782,C1969,R056,2026-08-27T20:05:00+00:00,delivered,V057,DRV119
ORD03783,C0763,R055,2026-09-19T11:51:00+00:00,delayed,V100,DRV044
ORD03784,C0997,R068,2026-09-12T04:56:00+00:00,delayed,V004,DRV093
ORD03785,C1101,R065,2026-09-14T03:52:00+00:00,delivered,V029,DRV107
ORD03786,C0909,R001,2026-09-07T03:27:00+00:00,delivered,V069,DRV030
ORD03787,C1742,R045,2026-09-03T14:44:00+00:00,delivered,V044,DRV115
ORD03788,C0150,R017,2026-09-11T06:37:00+00:00,delivered,V092,DRV099
ORD03789,C2393,R043,2026-08-20T13:58:00+00:00,delivered,V046,DRV091
ORD03790,C0519,R008,2026-08-12T13:04:00+00:00,delayed,V029,DRV096
ORD03791,C0669,R045,2026-09-10T21:56:00+00:00,picked_up,V003,DRV040
ORD03792,C1682,R020,2026-08-31T05:52:00+00:00,delivered,V038,DRV117
ORD03793,C0426,R058,2026-09-11T21:08:00+00:00,in_transit,V038,DRV014
ORD03794,C2392,R072,2026-09-19T02:22:00+00:00,picked_up,V009,DRV047
ORD03795,C2162,R037,2026-09-06T13:18:00+00:00,picked_up,V059,DRV030
ORD03796,C1084,R049,2026-08-02T02:36:00+00:00,delivered,V036,DRV066
ORD03797,C0289,R030,2026-08-19T22:49:00+00:00,delivered,V023,DRV080
ORD03798,C1793,R070,2026-09-24T20:42:00+00:00,delivered,V069,DRV060
ORD03799,C1282,R055,2026-08-15T20:18:00+00:00,delivered,V079,DRV034
ORD03800,C2274,R054,2026-08-26T03:20:00+00:00,delivered,V053,DRV004
ORD03801,C0924,R008,2026-08-08T20:49:00+00:00,delivered,V092,DRV007
ORD03802,C2067,R066,2026-08-03T20:12:00+00:00,in_transit,V031,DRV093
ORD03803,C1738,R049,2026-08-14T03:17:00+00:00,delivered,V032,DRV046
ORD03804,C0480,R071,2026-08-08T01:13:00+00:00,delivered,V087,DRV003
ORD03805,C1654,R027,2026-09-11T19:03:00+00:00,delivered,V026,DRV042
ORD03806,C1888,R017,2026-09-11T00:03:00+00:00,delivered,V066,DRV099
ORD03807,C1508,R049,2026-09-03T11:49:00+00:00,in_transit,V085,DRV080
ORD03808,C1406,R038,2026-09-02T08:01:00+00:00,cancelled,V044,DRV073
ORD03809,C1585,R004,2026-09-01T06:18:00+00:00,delivered,V084,DRV031
ORD03810,C1173,R011,2026-09-10T09:22:00+00:00,delivered,V066,DRV047
ORD03811,C0537,R029,2026-09-01T13:28:00+00:00,picked_up,V089,DRV041
ORD03812,C2051,R008,2026-09-11T08:00:00+00:00,picked_up,V100,DRV068
ORD03813,C0758,R051,2026-08-29T14:01:00+00:00,delivered,V009,DRV079
ORD03814,C0611,R048,2026-09-14T18:47:00+00:00,delivered,V038,DRV041
ORD03815,C1074,R006,2026-08-13T12:43:00+00:00,delivered,V050,DRV098
ORD03816,C1230,R004,2026-09-16T17:39:00+00:00,delayed,V071,DRV019
ORD03817,C0691,R047,2026-08-23T03:45:00+00:00,delivered,V012,DRV101
ORD03818,C0957,R002,2026-08-16T20:51:00+00:00,in_transit,V099,DRV056
ORD03819,C0363,R003,2026-09-22T11:05:00+00:00,delivered,V023,DRV103
ORD03820,C2328,R022,2026-09-02T05:40:00+00:00,delivered,V041,DRV075
ORD03821,C0559,R037,2026-09-13T15:57:00+00:00,in_transit,V033,DRV012
ORD03822,C2435,R042,2026-08-28T14:16:00+00:00,delivered,V012,DRV071
ORD03823,C1074,R027,2026-08-28T16:54:00+00:00,delayed,V094,DRV030
ORD03824,C1772,R009,2026-08-19T11:48:00+00:00,delivered,V099,DRV088
ORD03825,C0980,R055,2026-09-19T21:51:00+00:00,delivered,V024,DRV064
ORD03826,C0354,R015,2026-08-11T16:58:00+00:00,delivered,V099,DRV022
ORD03827,C1251,R011,2026-08-21T09:54:00+00:00,delivered,V038,DRV076
ORD03828,C2233,R080,2026-09-17T21:37:00+00:00,cancelled,V007,DRV072
ORD03829,C0772,R049,2026-09-07T14:07:00+00:00,delivered,V047,DRV021
ORD03830,C0632,R014,2026-09-22T11:00:00+00:00,picked_up,V005,DRV066
ORD03831,C0848,R025,2026-08-30T06:38:00+00:00,delivered,V072,DRV094
ORD03832,C2004,R020,2026-08-22T07:17:00+00:00,delayed,V081,DRV052
ORD03833,C2245,R009,2026-09-14T03:24:00+00:00,delivered,V084,DRV028
ORD03834,C0147,R015,2026-09-16T05:14:00+00:00,delayed,V062,DRV038
ORD03835,C1020,R015,2026-08-22T21:33:00+00:00,delayed,V021,DRV003
ORD03836,C1049,R076,2026-09-03T16:26:00+00:00,delivered,V064,DRV010
ORD03837,C1421,R045,2026-08-06T08:49:00+00:00,picked_up,V064,DRV059
ORD03838,C0856,R059,2026-08-14T21:51:00+00:00,delivered,V049,DRV097
ORD03839,C0315,R004,2026-08-18T21:21:00+00:00,in_transit,V083,DRV065
ORD03840,C1801,R008,2026-08-29T18:07:00+00:00,delayed,V089,DRV097
ORD03841,C1739,R074,2026-09-04T16:20:00+00:00,picked_up,V027,DRV008
ORD03842,C1650,R003,2026-08-02T09:59:00+00:00,delivered,V078,DRV036
ORD03843,C1016,R078,2026-08-23T11:02:00+00:00,picked_up,V018,DRV099
ORD03844,C1304,R008,2026-08-03T16:46:00+00:00,delivered,V096,DRV088
ORD03845,C0199,R075,2026-09-15T06:43:00+00:00,picked_up,V009,DRV036
ORD03846,C0126,R032,2026-08-17T19:06:00+00:00,delivered,V028,DRV109
ORD03847,C2156,R069,2026-09-14T18:48:00+00:00,delivered,V090,DRV070
ORD03848,C0022,R022,2026-08-23T08:40:00+00:00,delivered,V077,DRV094
ORD03849,C2219,R019,2026-09-17T19:57:00+00:00,picked_up,V042,DRV117
ORD03850,C0462,R071,2026-08-31T20:11:00+00:00,delayed,V046,DRV041
ORD03851,C1274,R015,2026-09-22T12:40:00+00:00,cancelled,V004,DRV028
ORD03852,C2004,R055,2026-09-15T05:05:00+00:00,delivered,V027,DRV071
ORD03853,C0070,R073,2026-08-18T13:33:00+00:00,delivered,V031,DRV069
ORD03854,C1275,R031,2026-09-07T14:32:00+00:00,delivered,V047,DRV067
ORD03855,C1089,R036,2026-09-17T03:33:00+00:00,delivered,V062,DRV092
ORD03856,C1640,R030,2026-09-14T19:29:00+00:00,delayed,V017,DRV005
ORD03857,C1812,R059,2026-08-31T12:07:00+00:00,delivered,V022,DRV074
ORD03858,C0020,R005,2026-08-12T03:45:00+00:00,delivered,V066,DRV039
ORD03859,C0731,R035,2026-08-24T02:31:00+00:00,delayed,V048,DRV057
ORD03860,C2208,R028,2026-09-04T16:28:00+00:00,picked_up,V010,DRV054
ORD03861,C0813,R014,2026-08-29T02:25:00+00:00,delivered,V004,DRV111
ORD03862,C0091,R012,2026-09-17T03:40:00+00:00,in_transit,V052,DRV096
ORD03863,C1058,R044,2026-08-25T15:12:00+00:00,delivered,V045,DRV117
ORD03864,C0949,R065,2026-08-23T16:08:00+00:00,delivered,V097,DRV033
ORD03865,C1117,R012,2026-08-25T10:31:00+00:00,picked_up,V026,DRV038
ORD03866,C1737,R044,2026-09-21T14:44:00+00:00,delivered,V053,DRV101
ORD03867,C1695,R030,2026-08-01T17:05:00+00:00,picked_up,V012,DRV077
ORD03868,C2405,R064,2026-08-14T20:05:00+00:00,cancelled,V067,DRV049
ORD03869,C1823,R017,2026-08-10T02:45:00+00:00,in_transit,V094,DRV099
ORD03870,C0227,R068,2026-08-22T05:47:00+00:00,delivered,V085,DRV101
ORD03871,C1060,R058,2026-08-02T23:54:00+00:00,cancelled,V075,DRV025
ORD03872,C2227,R074,2026-08-08T19:28:00+00:00,delivered,V047,DRV005
ORD03873,C0079,R025,2026-09-07T14:31:00+00:00,picked_up,V034,DRV110
ORD03874,C1941,R068,2026-08-24T02:56:00+00:00,in_transit,V025,DRV112
ORD03875,C2337,R002,2026-09-08T09:00:00+00:00,delivered,V063,DRV119
ORD03876,C0743,R074,2026-08-31T16:25:00+00:00,picked_up,V016,DRV040
ORD03877,C0567,R037,2026-09-05T07:18:00+00:00,delivered,V043,DRV038
ORD03878,C2051,R046,2026-09-09T15:20:00+00:00,delivered,V044,DRV022
ORD03879,C0274,R015,2026-09-07T22:55:00+00:00,cancelled,V096,DRV114
ORD03880,C1166,R035,2026-08-29T00:00:00+00:00,delivered,V085,DRV101
ORD03881,C1677,R024,2026-08-22T10:14:00+00:00,delivered,V016,DRV105
ORD03882,C2483,R030,2026-08-15T23:27:00+00:00,delivered,V094,DRV066
ORD03883,C2279,R006,2026-08-05T21:26:00+00:00,delivered,V002,DRV060
ORD03884,C1660,R080,2026-08-26T21:30:00+00:00,in_transit,V044,DRV058
ORD03885,C1236,R006,2026-08-25T18:14:00+00:00,picked_up,V100,DRV073
ORD03886,C1005,R037,2026-08-16T22:56:00+00:00,in_transit,V082,DRV109
ORD03887,C0693,R020,2026-09-19T12:23:00+00:00,delivered,V028,DRV062
ORD03888,C0853,R052,2026-09-14T19:48:00+00:00,in_transit,V072,DRV016
ORD03889,C1935,R054,2026-08-30T17:05:00+00:00,delivered,V082,DRV059
ORD03890,C0266,R044,2026-09-17T07:33:00+00:00,in_transit,V094,DRV094
ORD03891,C0009,R067,2026-09-24T07:38:00+00:00,delivered,V093,DRV120
ORD03892,C1232,R016,2026-08-11T17:33:00+00:00,cancelled,V016,DRV010
ORD03893,C2387,R033,2026-09-04T20:54:00+00:00,delayed,V011,DRV014
ORD03894,C1237,R074,2026-09-11T20:17:00+00:00,delivered,V039,DRV023
ORD03895,C0757,R067,2026-09-19T20:54:00+00:00,picked_up,V098,DRV044
ORD03896,C1878,R062,2026-08-27T15:31:00+00:00,in_transit,V094,DRV064
ORD03897,C0603,R061,2026-09-21T03:40:00+00:00,in_transit,V016,DRV081
ORD03898,C2273,R023,2026-08-31T11:21:00+00:00,picked_up,V021,DRV012
ORD03899,C0248,R021,2026-08-16T06:51:00+00:00,delivered,V074,DRV075
ORD03900,C1763,R052,2026-09-07T15:42:00+00:00,delayed,V019,DRV070
ORD03901,C1882,R071,2026-08-20T14:58:00+00:00,picked_up,V083,DRV047
ORD03902,C0548,R040,2026-09-06T16:57:00+00:00,delayed,V086,DRV068
ORD03903,C0040,R002,2026-08-18T05:36:00+00:00,in_transit,V096,DRV061
ORD03904,C2162,R006,2026-08-23T13:37:00+00:00,delivered,V100,DRV008
ORD03905,C0144,R075,2026-08-21T13:49:00+00:00,delivered,V064,DRV103
ORD03906,C1783,R065,2026-08-25T21:38:00+00:00,in_transit,V087,DRV089
ORD03907,C1679,R070,2026-09-10T05:27:00+00:00,picked_up,V088,DRV023
ORD03908,C1394,R061,2026-08-27T05:45:00+00:00,in_transit,V035,DRV104
ORD03909,C1132,R057,2026-08-13T04:32:00+00:00,delivered,V051,DRV047
ORD03910,C1112,R066,2026-08-15T18:52:00+00:00,delivered,V058,DRV076
ORD03911,C1259,R074,2026-09-02T00:13:00+00:00,delivered,V006,DRV025
ORD03912,C0925,R020,2026-08-06T14:30:00+00:00,delivered,V023,DRV051
ORD03913,C0704,R017,2026-09-05T13:34:00+00:00,in_transit,V033,DRV045
ORD03914,C0136,R029,2026-08-23T04:17:00+00:00,delivered,V092,DRV098
ORD03915,C2110,R006,2026-09-04T20:11:00+00:00,delivered,V012,DRV056
ORD03916,C1508,R020,2026-08-25T19:27:00+00:00,delivered,V096,DRV062
ORD03917,C2355,R044,2026-09-20T19:52:00+00:00,delivered,V098,DRV082
ORD03918,C2460,R046,2026-08-20T05:08:00+00:00,delivered,V099,DRV053
ORD03919,C0531,R018,2026-09-14T22:02:00+00:00,delivered,V028,DRV034
ORD03920,C0946,R046,2026-09-06T15:04:00+00:00,delivered,V099,DRV067
ORD03921,C2375,R029,2026-09-15T08:52:00+00:00,in_transit,V024,DRV044
ORD03922,C0218,R005,2026-08-22T05:57:00+00:00,picked_up,V092,DRV061
ORD03923,C0140,R075,2026-08-29T12:28:00+00:00,delivered,V027,DRV033
ORD03924,C0806,R002,2026-08-25T09:17:00+00:00,delivered,V030,DRV114
ORD03925,C1633,R069,2026-09-16T21:41:00+00:00,delivered,V036,DRV047
ORD03926,C0052,R047,2026-09-14T10:36:00+00:00,picked_up,V081,DRV119
ORD03927,C1523,R029,2026-09-10T02:40:00+00:00,delivered,V068,DRV103
ORD03928,C1582,R054,2026-09-22T03:26:00+00:00,in_transit,V070,DRV003
ORD03929,C0393,R046,2026-08-29T02:53:00+00:00,delivered,V089,DRV019
ORD03930,C1783,R070,2026-08-21T09:10:00+00:00,delivered,V086,DRV021
ORD03931,C1845,R042,2026-08-19T21:00:00+00:00,delayed,V081,DRV106
ORD03932,C0837,R078,2026-09-09T03:26:00+00:00,delivered,V047,DRV079
ORD03933,C0906,R068,2026-09-20T19:26:00+00:00,delivered,V074,DRV005
ORD03934,C2122,R078,2026-09-12T18:35:00+00:00,picked_up,V087,DRV087
ORD03935,C2433,R011,2026-09-04T01:13:00+00:00,delivered,V022,DRV013
ORD03936,C0123,R054,2026-09-01T12:28:00+00:00,delayed,V100,DRV011
ORD03937,C2147,R002,2026-09-06T05:32:00+00:00,delivered,V095,DRV084
ORD03938,C2025,R005,2026-09-06T21:15:00+00:00,in_transit,V029,DRV039
ORD03939,C2179,R012,2026-08-28T07:02:00+00:00,picked_up,V074,DRV087
ORD03940,C0365,R019,2026-09-20T23:01:00+00:00,in_transit,V093,DRV079
ORD03941,C1924,R068,2026-08-31T15:42:00+00:00,delivered,V019,DRV110
ORD03942,C1641,R020,2026-08-10T12:09:00+00:00,delivered,V073,DRV098
ORD03943,C2444,R038,2026-08-19T20:43:00+00:00,in_transit,V054,DRV030
ORD03944,C2306,R044,2026-09-24T10:44:00+00:00,delivered,V026,DRV072
ORD03945,C1508,R037,2026-09-07T20:29:00+00:00,delivered,V100,DRV085
ORD03946,C0220,R061,2026-08-06T09:10:00+00:00,delivered,V028,DRV005
ORD03947,C1558,R003,2026-08-14T11:55:00+00:00,delayed,V060,DRV027
ORD03948,C1890,R022,2026-09-02T01:05:00+00:00,delayed,V085,DRV102
ORD03949,C1098,R022,2026-08-19T17:18:00+00:00,delivered,V065,DRV058
ORD03950,C0394,R009,2026-09-08T20:35:00+00:00,in_transit,V001,DRV103
ORD03951,C1624,R078,2026-08-01T23:36:00+00:00,delivered,V067,DRV056
ORD03952,C1833,R027,2026-08-15T03:24:00+00:00,delivered,V039,DRV119
ORD03953,C1145,R061,2026-09-16T20:34:00+00:00,delivered,V047,DRV081
ORD03954,C0096,R056,2026-08-06T09:44:00+00:00,delayed,V079,DRV086
ORD03955,C1499,R013,2026-09-07T19:53:00+00:00,delivered,V099,DRV091
ORD03956,C1114,R037,2026-09-02T01:03:00+00:00,delayed,V032,DRV092
ORD03957,C0875,R074,2026-08-28T10:24:00+00:00,delivered,V064,DRV102
ORD03958,C1334,R057,2026-09-20T01:22:00+00:00,picked_up,V096,DRV099
ORD03959,C1413,R074,2026-08-03T19:00:00+00:00,in_transit,V050,DRV056
ORD03960,C1841,R025,2026-09-10T11:10:00+00:00,delivered,V039,DRV095
ORD03961,C0969,R076,2026-09-18T07:25:00+00:00,picked_up,V070,DRV065
ORD03962,C1652,R032,2026-08-25T04:14:00+00:00,delivered,V078,DRV105
ORD03963,C1325,R028,2026-09-15T20:50:00+00:00,delivered,V021,DRV096
ORD03964,C2424,R031,2026-08-05T06:32:00+00:00,delivered,V074,DRV083
ORD03965,C0952,R051,2026-08-16T05:07:00+00:00,delivered,V029,DRV039
ORD03966,C0765,R068,2026-09-06T23:52:00+00:00,in_transit,V023,DRV015
ORD03967,C0261,R050,2026-08-03T23:06:00+00:00,picked_up,V065,DRV058
ORD03968,C1191,R070,2026-08-05T06:19:00+00:00,delivered,V040,DRV054
ORD03969,C1954,R001,2026-08-28T10:47:00+00:00,in_transit,V008,DRV028
ORD03970,C2388,R057,2026-08-26T05:09:00+00:00,delivered,V095,DRV117
ORD03971,C1385,R011,2026-09-08T19:47:00+00:00,delivered,V023,DRV015
ORD03972,C1675,R074,2026-09-06T22:12:00+00:00,in_transit,V045,DRV071
ORD03973,C1286,R073,2026-08-05T03:39:00+00:00,delivered,V039,DRV016
ORD03974,C1643,R028,2026-09-03T23:09:00+00:00,delivered,V070,DRV054
ORD03975,C0107,R029,2026-09-17T00:33:00+00:00,delivered,V096,DRV001
ORD03976,C0434,R044,2026-09-13T21:46:00+00:00,delivered,V067,DRV002
ORD03977,C2220,R024,2026-08-27T20:26:00+00:00,picked_up,V060,DRV013
ORD03978,C0372,R072,2026-08-06T02:58:00+00:00,delivered,V084,DRV104
ORD03979,C1531,R073,2026-09-22T16:34:00+00:00,delivered,V052,DRV081
ORD03980,C2430,R044,2026-08-12T02:33:00+00:00,in_transit,V086,DRV105
ORD03981,C2018,R053,2026-09-18T12:07:00+00:00,delivered,V065,DRV056
ORD03982,C0605,R001,2026-09-18T21:58:00+00:00,delivered,V040,DRV079
ORD03983,C2459,R072,2026-09-03T11:06:00+00:00,delivered,V090,DRV013
ORD03984,C0798,R020,2026-09-23T22:10:00+00:00,delivered,V018,DRV010
ORD03985,C1087,R046,2026-08-15T21:36:00+00:00,cancelled,V006,DRV073
ORD03986,C1930,R007,2026-08-20T14:42:00+00:00,delivered,V087,DRV010
ORD03987,C1839,R067,2026-09-20T16:47:00+00:00,delivered,V020,DRV092
ORD03988,C0743,R001,2026-09-05T13:19:00+00:00,delivered,V009,DRV089
ORD03989,C1518,R005,2026-08-21T22:49:00+00:00,picked_up,V050,DRV076
ORD03990,C0483,R041,2026-09-14T19:40:00+00:00,in_transit,V022,DRV015
ORD03991,C0540,R009,2026-09-19T10:48:00+00:00,delivered,V016,DRV086
ORD03992,C1463,R078,2026-08-21T09:10:00+00:00,delivered,V024,DRV042
ORD03993,C0472,R018,2026-08-06T13:17:00+00:00,delivered,V020,DRV029
ORD03994,C2069,R044,2026-09-24T16:25:00+00:00,delivered,V085,DRV089
ORD03995,C1658,R075,2026-09-05T06:21:00+00:00,in_transit,V074,DRV098
ORD03996,C0578,R046,2026-08-03T20:32:00+00:00,delivered,V012,DRV009
ORD03997,C1123,R055,2026-08-01T14:28:00+00:00,delivered,V052,DRV101
ORD03998,C0175,R002,2026-08-24T02:26:00+00:00,delivered,V053,DRV108
ORD03999,C0968,R064,2026-08-10T10:20:00+00:00,delivered,V100,DRV071
ORD04000,C1444,R073,2026-08-30T16:27:00+00:00,delivered,V073,DRV113
ORD04001,C2055,R002,2026-09-23T19:16:00+00:00,in_transit,V095,DRV043
ORD04002,C2434,R017,2026-09-11T16:21:00+00:00,delivered,V051,DRV056
ORD04003,C1057,R070,2026-09-01T19:00:00+00:00,in_transit,V006,DRV063
ORD04004,C0066,R036,2026-08-08T05:59:00+00:00,delivered,V086,DRV080
ORD04005,C1766,R046,2026-09-11T10:42:00+00:00,picked_up,V084,DRV057
ORD04006,C1600,R025,2026-09-18T15:15:00+00:00,delivered,V052,DRV097
ORD04007,C1171,R045,2026-08-18T23:29:00+00:00,delivered,V051,DRV110
ORD04008,C1538,R068,2026-09-06T15:08:00+00:00,delivered,V038,DRV087
ORD04009,C0531,R002,2026-08-13T10:55:00+00:00,cancelled,V088,DRV050
ORD04010,C2213,R011,2026-08-12T04:23:00+00:00,delayed,V050,DRV018
ORD04011,C1107,R002,2026-08-18T10:25:00+00:00,delivered,V067,DRV017
ORD04012,C1622,R077,2026-09-07T18:15:00+00:00,delivered,V006,DRV016
ORD04013,C0184,R021,2026-09-15T09:11:00+00:00,delayed,V088,DRV038
ORD04014,C0605,R047,2026-09-15T09:44:00+00:00,cancelled,V027,DRV012
ORD04015,C1400,R036,2026-08-17T11:46:00+00:00,cancelled,V044,DRV020
ORD04016,C1266,R001,2026-09-17T14:12:00+00:00,delivered,V067,DRV108
ORD04017,C0616,R058,2026-08-17T09:29:00+00:00,delivered,V008,DRV044
ORD04018,C0772,R047,2026-08-21T19:05:00+00:00,delivered,V099,DRV012
ORD04019,C0942,R035,2026-09-03T22:40:00+00:00,picked_up,V003,DRV043
ORD04020,C0507,R020,2026-08-23T01:53:00+00:00,delivered,V093,DRV092
ORD04021,C1058,R011,2026-08-14T11:32:00+00:00,picked_up,V075,DRV035
ORD04022,C2205,R036,2026-08-08T00:57:00+00:00,delivered,V004,DRV104
ORD04023,C1908,R029,2026-08-25T08:16:00+00:00,in_transit,V026,DRV088
ORD04024,C0609,R070,2026-08-14T19:42:00+00:00,in_transit,V039,DRV006
ORD04025,C2016,R055,2026-09-18T09:12:00+00:00,delivered,V012,DRV028
ORD04026,C1569,R014,2026-08-02T11:52:00+00:00,cancelled,V088,DRV073
ORD04027,C1783,R021,2026-09-07T06:45:00+00:00,delivered,V060,DRV067
ORD04028,C1421,R047,2026-09-15T22:41:00+00:00,delivered,V037,DRV100
ORD04029,C0801,R028,2026-08-28T13:25:00+00:00,delivered,V069,DRV019
ORD04030,C0526,R020,2026-08-29T18:39:00+00:00,delivered,V096,DRV024
ORD04031,C2282,R042,2026-08-11T17:23:00+00:00,delivered,V060,DRV068
ORD04032,C1378,R004,2026-08-31T07:12:00+00:00,delivered,V032,DRV033
ORD04033,C0030,R071,2026-09-18T02:48:00+00:00,delivered,V061,DRV021
ORD04034,C0182,R051,2026-09-13T02:42:00+00:00,delivered,V049,DRV091
ORD04035,C2051,R070,2026-09-15T06:12:00+00:00,delivered,V091,DRV090
ORD04036,C0296,R017,2026-08-06T04:04:00+00:00,in_transit,V041,DRV027
ORD04037,C0559,R072,2026-09-02T22:20:00+00:00,in_transit,V014,DRV048
ORD04038,C0337,R013,2026-08-04T06:13:00+00:00,delivered,V038,DRV092
ORD04039,C1588,R029,2026-08-01T09:43:00+00:00,in_transit,V016,DRV002
ORD04040,C1253,R037,2026-09-02T12:17:00+00:00,delivered,V077,DRV049
ORD04041,C2438,R040,2026-08-25T21:19:00+00:00,picked_up,V028,DRV009
ORD04042,C1134,R016,2026-09-03T04:18:00+00:00,delivered,V032,DRV114
ORD04043,C0378,R080,2026-09-09T08:57:00+00:00,picked_up,V060,DRV004
ORD04044,C2457,R027,2026-08-28T17:54:00+00:00,delivered,V039,DRV077
ORD04045,C0282,R070,2026-09-02T11:06:00+00:00,picked_up,V092,DRV053
ORD04046,C0536,R066,2026-09-06T19:07:00+00:00,delivered,V091,DRV120
ORD04047,C0891,R074,2026-09-23T23:10:00+00:00,delivered,V078,DRV033
ORD04048,C0185,R029,2026-09-16T23:30:00+00:00,delivered,V037,DRV075
ORD04049,C2467,R016,2026-08-15T17:23:00+00:00,delivered,V030,DRV112
ORD04050,C1188,R072,2026-08-04T22:03:00+00:00,picked_up,V057,DRV002
ORD04051,C2152,R016,2026-08-29T12:36:00+00:00,delayed,V095,DRV113
ORD04052,C2034,R072,2026-09-12T07:03:00+00:00,delivered,V061,DRV093
ORD04053,C1447,R059,2026-08-02T19:29:00+00:00,delivered,V050,DRV053
ORD04054,C0664,R001,2026-09-10T23:32:00+00:00,delivered,V092,DRV018
ORD04055,C0871,R024,2026-09-19T05:14:00+00:00,delivered,V075,DRV107
ORD04056,C1804,R022,2026-09-13T20:07:00+00:00,in_transit,V034,DRV098
ORD04057,C0046,R034,2026-08-20T18:03:00+00:00,in_transit,V026,DRV109
ORD04058,C0151,R076,2026-09-09T09:27:00+00:00,in_transit,V085,DRV098
ORD04059,C0949,R051,2026-08-04T00:27:00+00:00,picked_up,V070,DRV046
ORD04060,C1393,R026,2026-08-24T02:25:00+00:00,in_transit,V034,DRV027
ORD04061,C1267,R072,2026-08-09T12:28:00+00:00,delivered,V067,DRV085
ORD04062,C0120,R013,2026-08-15T04:31:00+00:00,cancelled,V024,DRV016
ORD04063,C0078,R060,2026-09-20T20:52:00+00:00,in_transit,V061,DRV097
ORD04064,C0341,R029,2026-09-04T10:12:00+00:00,delivered,V068,DRV013
ORD04065,C2263,R075,2026-09-01T23:39:00+00:00,picked_up,V095,DRV105
ORD04066,C2351,R034,2026-08-16T07:04:00+00:00,delivered,V032,DRV064
ORD04067,C1379,R027,2026-09-07T12:53:00+00:00,delivered,V089,DRV051
ORD04068,C1951,R063,2026-09-06T14:09:00+00:00,delivered,V067,DRV064
ORD04069,C0295,R073,2026-08-20T04:23:00+00:00,delivered,V072,DRV055
ORD04070,C2396,R012,2026-09-14T08:20:00+00:00,delivered,V077,DRV010
ORD04071,C1220,R072,2026-08-03T05:34:00+00:00,cancelled,V084,DRV070
ORD04072,C0054,R063,2026-08-13T01:30:00+00:00,delivered,V078,DRV078
ORD04073,C0308,R015,2026-09-03T03:07:00+00:00,picked_up,V005,DRV013
ORD04074,C1261,R079,2026-08-10T19:17:00+00:00,delivered,V068,DRV001
ORD04075,C0641,R026,2026-09-07T14:56:00+00:00,cancelled,V064,DRV080
ORD04076,C2149,R075,2026-09-25T02:55:00+00:00,delivered,V001,DRV111
ORD04077,C0076,R050,2026-08-23T21:43:00+00:00,picked_up,V091,DRV078
ORD04078,C1972,R078,2026-09-22T01:20:00+00:00,cancelled,V044,DRV116
ORD04079,C1892,R004,2026-09-04T19:56:00+00:00,delivered,V074,DRV049
ORD04080,C1616,R058,2026-08-17T14:15:00+00:00,cancelled,V075,DRV087
ORD04081,C0917,R024,2026-08-18T17:17:00+00:00,delivered,V056,DRV040
ORD04082,C1798,R047,2026-09-16T09:50:00+00:00,delayed,V073,DRV073
ORD04083,C1492,R047,2026-09-12T20:19:00+00:00,delivered,V097,DRV083
ORD04084,C0030,R080,2026-08-18T20:45:00+00:00,delivered,V063,DRV060
ORD04085,C1911,R043,2026-08-29T06:23:00+00:00,in_transit,V013,DRV107
ORD04086,C2081,R024,2026-09-07T19:24:00+00:00,delivered,V076,DRV055
ORD04087,C2255,R066,2026-09-20T09:48:00+00:00,in_transit,V083,DRV088
ORD04088,C0822,R005,2026-09-17T19:50:00+00:00,delivered,V078,DRV061
ORD04089,C0871,R049,2026-09-13T16:27:00+00:00,picked_up,V076,DRV038
ORD04090,C1568,R036,2026-08-25T19:38:00+00:00,picked_up,V007,DRV022
ORD04091,C1437,R063,2026-09-06T04:19:00+00:00,picked_up,V085,DRV055
ORD04092,C1578,R043,2026-09-17T07:04:00+00:00,delivered,V095,DRV050
ORD04093,C0978,R034,2026-09-10T09:59:00+00:00,delayed,V045,DRV046
ORD04094,C0532,R033,2026-08-30T05:19:00+00:00,in_transit,V092,DRV082
ORD04095,C0023,R047,2026-08-23T02:16:00+00:00,delivered,V022,DRV077
ORD04096,C1060,R079,2026-09-06T09:49:00+00:00,delivered,V030,DRV083
ORD04097,C2270,R031,2026-09-10T04:14:00+00:00,picked_up,V045,DRV036
ORD04098,C0814,R068,2026-08-01T19:50:00+00:00,delivered,V069,DRV028
ORD04099,C1015,R075,2026-08-18T07:58:00+00:00,delivered,V078,DRV016
ORD04100,C1134,R049,2026-08-28T14:46:00+00:00,cancelled,V068,DRV006
ORD04101,C1441,R029,2026-09-11T18:34:00+00:00,delivered,V036,DRV012
ORD04102,C0121,R028,2026-08-17T05:22:00+00:00,picked_up,V091,DRV033
ORD04103,C2184,R006,2026-08-14T00:57:00+00:00,delivered,V067,DRV030
ORD04104,C1617,R075,2026-09-09T12:11:00+00:00,delivered,V038,DRV119
ORD04105,C1769,R055,2026-08-25T07:11:00+00:00,in_transit,V051,DRV111
ORD04106,C2337,R028,2026-08-13T14:57:00+00:00,picked_up,V026,DRV106
ORD04107,C2358,R015,2026-08-31T16:27:00+00:00,in_transit,V007,DRV091
ORD04108,C1787,R007,2026-08-09T03:04:00+00:00,delivered,V081,DRV063
ORD04109,C0471,R069,2026-08-11T04:45:00+00:00,in_transit,V077,DRV042
ORD04110,C2318,R067,2026-08-25T01:54:00+00:00,in_transit,V060,DRV061
ORD04111,C0358,R067,2026-08-18T23:50:00+00:00,cancelled,V003,DRV055
ORD04112,C1105,R028,2026-08-30T10:57:00+00:00,delivered,V084,DRV048
ORD04113,C1409,R076,2026-08-20T05:52:00+00:00,picked_up,V003,DRV104
ORD04114,C1653,R005,2026-08-18T02:28:00+00:00,delayed,V004,DRV093
ORD04115,C2220,R056,2026-09-12T21:28:00+00:00,delivered,V011,DRV082
ORD04116,C0389,R077,2026-08-17T16:54:00+00:00,delivered,V093,DRV052
ORD04117,C1491,R015,2026-08-12T17:32:00+00:00,delivered,V060,DRV033
ORD04118,C0037,R027,2026-08-23T18:22:00+00:00,delivered,V065,DRV058
ORD04119,C1657,R002,2026-09-14T16:41:00+00:00,in_transit,V098,DRV006
ORD04120,C1864,R004,2026-09-08T23:58:00+00:00,delivered,V064,DRV005
ORD04121,C0804,R039,2026-09-10T05:00:00+00:00,delivered,V035,DRV066
ORD04122,C0873,R033,2026-09-17T07:01:00+00:00,picked_up,V045,DRV060
ORD04123,C0530,R037,2026-08-01T20:38:00+00:00,picked_up,V034,DRV080
ORD04124,C1851,R066,2026-08-06T09:00:00+00:00,in_transit,V025,DRV016
ORD04125,C2018,R050,2026-08-24T11:28:00+00:00,delivered,V011,DRV055
ORD04126,C0171,R065,2026-08-25T10:39:00+00:00,picked_up,V035,DRV114
ORD04127,C0138,R028,2026-08-03T09:00:00+00:00,delivered,V024,DRV081
ORD04128,C1402,R048,2026-09-09T17:53:00+00:00,delivered,V092,DRV106
ORD04129,C0847,R080,2026-08-05T23:13:00+00:00,delivered,V047,DRV021
ORD04130,C0803,R078,2026-09-24T13:13:00+00:00,in_transit,V052,DRV049
ORD04131,C1637,R077,2026-08-16T04:29:00+00:00,picked_up,V046,DRV109
ORD04132,C2430,R001,2026-08-23T08:34:00+00:00,delivered,V077,DRV083
ORD04133,C0854,R036,2026-08-06T13:28:00+00:00,picked_up,V088,DRV060
ORD04134,C1464,R016,2026-08-14T09:27:00+00:00,picked_up,V081,DRV078
ORD04135,C0822,R072,2026-08-30T18:21:00+00:00,delivered,V038,DRV017
ORD04136,C1575,R069,2026-08-13T19:43:00+00:00,in_transit,V098,DRV089
ORD04137,C2321,R039,2026-09-18T04:57:00+00:00,picked_up,V089,DRV005
ORD04138,C0891,R045,2026-08-28T05:18:00+00:00,delivered,V091,DRV058
ORD04139,C2153,R063,2026-09-24T16:44:00+00:00,delivered,V027,DRV076
ORD04140,C0347,R043,2026-08-30T21:20:00+00:00,delivered,V014,DRV048
ORD04141,C1125,R019,2026-08-18T04:06:00+00:00,delayed,V018,DRV056
ORD04142,C1485,R046,2026-08-10T02:57:00+00:00,delivered,V024,DRV112
ORD04143,C0325,R060,2026-09-08T06:30:00+00:00,delayed,V068,DRV085
ORD04144,C2356,R076,2026-08-04T21:57:00+00:00,delivered,V066,DRV016
ORD04145,C1588,R043,2026-08-28T16:15:00+00:00,delivered,V065,DRV059
ORD04146,C0472,R002,2026-08-27T22:08:00+00:00,delivered,V037,DRV075
ORD04147,C1668,R066,2026-09-22T05:00:00+00:00,delivered,V033,DRV037
ORD04148,C1480,R031,2026-08-31T09:55:00+00:00,delivered,V053,DRV077
ORD04149,C2093,R077,2026-08-20T04:52:00+00:00,delivered,V043,DRV066
ORD04150,C1351,R065,2026-08-13T08:15:00+00:00,in_transit,V058,DRV057
ORD04151,C2353,R058,2026-09-15T07:14:00+00:00,picked_up,V035,DRV048
ORD04152,C0608,R037,2026-08-11T19:49:00+00:00,delivered,V066,DRV058
ORD04153,C0070,R032,2026-09-14T03:02:00+00:00,in_transit,V079,DRV005
ORD04154,C2243,R037,2026-08-31T06:19:00+00:00,picked_up,V077,DRV037
ORD04155,C0433,R054,2026-09-12T05:22:00+00:00,picked_up,V093,DRV109
ORD04156,C1728,R017,2026-08-19T04:18:00+00:00,in_transit,V044,DRV101
ORD04157,C0123,R020,2026-08-31T02:50:00+00:00,delivered,V029,DRV044
ORD04158,C0086,R056,2026-09-10T19:53:00+00:00,delivered,V094,DRV102
ORD04159,C0605,R016,2026-08-15T07:10:00+00:00,picked_up,V020,DRV063
ORD04160,C1507,R047,2026-08-19T00:48:00+00:00,picked_up,V037,DRV105
ORD04161,C0203,R026,2026-08-26T04:48:00+00:00,delivered,V082,DRV105
ORD04162,C1187,R037,2026-09-03T08:05:00+00:00,delivered,V031,DRV102
ORD04163,C1783,R080,2026-08-31T16:47:00+00:00,picked_up,V047,DRV119
ORD04164,C0834,R055,2026-09-20T23:25:00+00:00,cancelled,V085,DRV028
ORD04165,C1459,R062,2026-09-07T18:32:00+00:00,delivered,V007,DRV072
ORD04166,C0209,R075,2026-08-09T11:28:00+00:00,delivered,V054,DRV098
ORD04167,C1932,R011,2026-09-13T06:11:00+00:00,delivered,V043,DRV088
ORD04168,C1602,R012,2026-09-22T21:02:00+00:00,delivered,V030,DRV029
ORD04169,C1722,R079,2026-08-23T02:57:00+00:00,picked_up,V086,DRV088
ORD04170,C0101,R074,2026-09-17T04:19:00+00:00,cancelled,V070,DRV045
ORD04171,C2447,R048,2026-09-03T21:38:00+00:00,delayed,V071,DRV026
ORD04172,C0663,R014,2026-09-03T19:13:00+00:00,picked_up,V023,DRV006
ORD04173,C0973,R007,2026-08-04T02:38:00+00:00,in_transit,V025,DRV088
ORD04174,C0010,R056,2026-08-23T05:34:00+00:00,delivered,V006,DRV024
ORD04175,C2293,R072,2026-09-10T20:13:00+00:00,delivered,V084,DRV009
ORD04176,C0407,R039,2026-08-26T23:12:00+00:00,cancelled,V058,DRV067
ORD04177,C0554,R056,2026-09-06T19:45:00+00:00,delivered,V035,DRV113
ORD04178,C1205,R030,2026-08-28T07:27:00+00:00,delivered,V012,DRV024
ORD04179,C1692,R056,2026-08-27T17:28:00+00:00,delivered,V020,DRV094
ORD04180,C0682,R004,2026-08-24T15:49:00+00:00,delivered,V072,DRV025
ORD04181,C1341,R056,2026-09-07T01:28:00+00:00,delivered,V077,DRV101
ORD04182,C2497,R061,2026-09-10T11:18:00+00:00,picked_up,V039,DRV035
ORD04183,C1054,R050,2026-09-18T02:07:00+00:00,delivered,V012,DRV040
ORD04184,C0377,R028,2026-09-21T22:36:00+00:00,in_transit,V043,DRV032
ORD04185,C1144,R056,2026-09-06T18:01:00+00:00,delivered,V019,DRV026
ORD04186,C1537,R049,2026-09-23T05:21:00+00:00,delayed,V072,DRV073
ORD04187,C0499,R050,2026-09-05T15:18:00+00:00,delivered,V067,DRV009
ORD04188,C0559,R074,2026-08-14T09:43:00+00:00,delivered,V099,DRV084
ORD04189,C1916,R072,2026-09-14T18:20:00+00:00,delivered,V007,DRV029
ORD04190,C0264,R063,2026-09-20T21:26:00+00:00,delayed,V007,DRV050
ORD04191,C2134,R053,2026-09-14T22:11:00+00:00,picked_up,V091,DRV114
ORD04192,C1351,R065,2026-08-23T09:53:00+00:00,delivered,V034,DRV101
ORD04193,C1636,R050,2026-08-30T19:05:00+00:00,in_transit,V058,DRV085
ORD04194,C1445,R065,2026-09-05T05:28:00+00:00,in_transit,V001,DRV007
ORD04195,C1739,R017,2026-09-06T03:09:00+00:00,in_transit,V062,DRV084
ORD04196,C0919,R033,2026-09-24T20:29:00+00:00,delivered,V054,DRV118
ORD04197,C1455,R005,2026-09-03T13:30:00+00:00,delivered,V033,DRV056
ORD04198,C0360,R033,2026-08-17T08:19:00+00:00,delivered,V038,DRV020
ORD04199,C0208,R033,2026-09-11T14:49:00+00:00,delayed,V048,DRV018
ORD04200,C0089,R011,2026-09-22T10:31:00+00:00,delivered,V068,DRV045
ORD04201,C2242,R048,2026-08-10T08:43:00+00:00,delivered,V041,DRV113
ORD04202,C0761,R070,2026-08-09T01:40:00+00:00,in_transit,V025,DRV117
ORD04203,C0839,R065,2026-09-13T09:43:00+00:00,picked_up,V053,DRV091
ORD04204,C0838,R076,2026-08-05T09:35:00+00:00,delayed,V017,DRV027
ORD04205,C2071,R052,2026-08-04T17:59:00+00:00,picked_up,V096,DRV103
ORD04206,C0334,R006,2026-08-04T14:22:00+00:00,delivered,V017,DRV078
ORD04207,C1483,R059,2026-08-27T22:23:00+00:00,in_transit,V099,DRV053
ORD04208,C1759,R017,2026-09-13T03:00:00+00:00,delivered,V024,DRV045
ORD04209,C0794,R038,2026-08-20T16:02:00+00:00,delivered,V065,DRV106
ORD04210,C1501,R001,2026-09-14T03:04:00+00:00,delivered,V095,DRV093
ORD04211,C0628,R006,2026-09-09T01:08:00+00:00,delivered,V077,DRV097
ORD04212,C0824,R052,2026-09-20T05:38:00+00:00,in_transit,V037,DRV044
ORD04213,C1161,R037,2026-09-10T19:20:00+00:00,delivered,V020,DRV006
ORD04214,C0357,R079,2026-08-12T14:05:00+00:00,delivered,V032,DRV103
ORD04215,C0908,R055,2026-09-07T12:49:00+00:00,delivered,V006,DRV023
ORD04216,C0091,R012,2026-09-07T20:19:00+00:00,cancelled,V044,DRV066
ORD04217,C1725,R033,2026-09-11T11:43:00+00:00,delivered,V044,DRV020
ORD04218,C0236,R007,2026-08-23T02:31:00+00:00,delivered,V061,DRV096
ORD04219,C1789,R041,2026-08-11T11:10:00+00:00,delivered,V046,DRV116
ORD04220,C0291,R055,2026-09-22T19:12:00+00:00,delivered,V060,DRV010
ORD04221,C2453,R067,2026-08-09T09:56:00+00:00,picked_up,V059,DRV112
ORD04222,C0941,R031,2026-09-03T08:01:00+00:00,delayed,V025,DRV074
ORD04223,C1310,R048,2026-08-25T21:01:00+00:00,delivered,V094,DRV075
ORD04224,C1216,R043,2026-09-13T03:48:00+00:00,picked_up,V057,DRV075
ORD04225,C0724,R014,2026-09-18T05:34:00+00:00,delivered,V019,DRV035
ORD04226,C1356,R053,2026-09-18T03:49:00+00:00,delayed,V081,DRV119
ORD04227,C0266,R004,2026-08-14T03:11:00+00:00,delayed,V039,DRV009
ORD04228,C0205,R070,2026-09-16T00:33:00+00:00,delivered,V041,DRV013
ORD04229,C0919,R037,2026-09-05T19:13:00+00:00,delayed,V093,DRV032
ORD04230,C1509,R031,2026-08-01T17:32:00+00:00,delivered,V091,DRV099
ORD04231,C1155,R060,2026-08-05T21:24:00+00:00,delivered,V070,DRV116
ORD04232,C0601,R034,2026-08-22T07:11:00+00:00,delivered,V058,DRV005
ORD04233,C0754,R002,2026-08-25T16:30:00+00:00,delivered,V015,DRV105
ORD04234,C0870,R022,2026-09-20T10:10:00+00:00,picked_up,V029,DRV111
ORD04235,C1860,R058,2026-09-19T05:35:00+00:00,delivered,V068,DRV014
ORD04236,C2022,R057,2026-09-04T05:54:00+00:00,delivered,V078,DRV013
ORD04237,C1422,R031,2026-08-03T22:31:00+00:00,delayed,V009,DRV008
ORD04238,C1014,R011,2026-09-04T12:02:00+00:00,in_transit,V071,DRV025
ORD04239,C2047,R076,2026-08-20T07:50:00+00:00,cancelled,V049,DRV037
ORD04240,C1436,R078,2026-08-24T14:13:00+00:00,delayed,V006,DRV050
ORD04241,C0088,R020,2026-08-31T14:43:00+00:00,in_transit,V048,DRV060
ORD04242,C0051,R048,2026-08-01T19:24:00+00:00,in_transit,V051,DRV024
ORD04243,C1844,R042,2026-09-08T18:56:00+00:00,delivered,V093,DRV024
ORD04244,C1569,R021,2026-09-07T10:25:00+00:00,delivered,V017,DRV120
ORD04245,C0482,R072,2026-09-09T17:39:00+00:00,delivered,V003,DRV095
ORD04246,C0279,R029,2026-09-09T19:35:00+00:00,picked_up,V076,DRV084
ORD04247,C0201,R001,2026-09-20T16:27:00+00:00,delivered,V060,DRV007
ORD04248,C1412,R064,2026-09-07T04:04:00+00:00,in_transit,V068,DRV004
ORD04249,C2412,R063,2026-09-15T07:42:00+00:00,delayed,V011,DRV036
ORD04250,C2307,R050,2026-09-16T06:06:00+00:00,delivered,V013,DRV014
ORD04251,C1842,R077,2026-09-06T14:58:00+00:00,delivered,V004,DRV063
ORD04252,C2306,R041,2026-09-24T04:40:00+00:00,delivered,V090,DRV103
ORD04253,C1509,R022,2026-08-14T18:18:00+00:00,delivered,V016,DRV027
ORD04254,C2498,R073,2026-09-11T22:09:00+00:00,delayed,V094,DRV068
ORD04255,C1913,R006,2026-08-05T13:25:00+00:00,delivered,V014,DRV055
ORD04256,C2257,R054,2026-09-13T02:52:00+00:00,delivered,V070,DRV016
ORD04257,C2045,R063,2026-09-15T09:30:00+00:00,delivered,V058,DRV037
ORD04258,C1365,R031,2026-09-04T03:58:00+00:00,picked_up,V079,DRV119
ORD04259,C2418,R069,2026-08-22T14:32:00+00:00,delivered,V078,DRV075
ORD04260,C0329,R023,2026-09-02T00:29:00+00:00,delivered,V005,DRV108
ORD04261,C0610,R049,2026-08-24T07:14:00+00:00,delivered,V074,DRV016
ORD04262,C2357,R015,2026-09-22T15:32:00+00:00,delivered,V054,DRV075
ORD04263,C0313,R048,2026-08-22T20:52:00+00:00,in_transit,V028,DRV081
ORD04264,C1612,R062,2026-09-20T18:14:00+00:00,delivered,V042,DRV083
ORD04265,C1358,R062,2026-09-04T03:05:00+00:00,delivered,V043,DRV108
ORD04266,C2249,R022,2026-08-06T01:17:00+00:00,delivered,V087,DRV036
ORD04267,C0646,R062,2026-09-16T01:34:00+00:00,delivered,V024,DRV072
ORD04268,C1852,R076,2026-08-19T00:59:00+00:00,delivered,V048,DRV016
ORD04269,C1805,R022,2026-08-12T19:16:00+00:00,delivered,V029,DRV011
ORD04270,C1001,R056,2026-08-31T16:19:00+00:00,picked_up,V002,DRV102
ORD04271,C2028,R048,2026-08-06T06:03:00+00:00,delivered,V062,DRV089
ORD04272,C0515,R011,2026-09-11T21:19:00+00:00,delivered,V010,DRV118
ORD04273,C0314,R039,2026-08-30T02:46:00+00:00,delivered,V032,DRV065
ORD04274,C1882,R064,2026-09-02T02:25:00+00:00,delivered,V076,DRV019
ORD04275,C0771,R080,2026-08-25T21:27:00+00:00,delivered,V094,DRV101
ORD04276,C1051,R048,2026-09-11T03:00:00+00:00,in_transit,V054,DRV024
ORD04277,C1887,R074,2026-08-10T04:09:00+00:00,delivered,V049,DRV114
ORD04278,C1116,R069,2026-08-29T19:44:00+00:00,delivered,V052,DRV074
ORD04279,C0277,R035,2026-08-25T06:01:00+00:00,picked_up,V008,DRV101
ORD04280,C1067,R019,2026-09-14T09:46:00+00:00,delayed,V076,DRV061
ORD04281,C2149,R036,2026-09-23T06:17:00+00:00,delivered,V001,DRV014
ORD04282,C0466,R070,2026-09-07T22:35:00+00:00,in_transit,V080,DRV083
ORD04283,C2166,R076,2026-08-23T11:29:00+00:00,delivered,V042,DRV027
ORD04284,C0154,R010,2026-08-10T06:25:00+00:00,delivered,V092,DRV064
ORD04285,C1688,R059,2026-09-03T18:13:00+00:00,delivered,V083,DRV012
ORD04286,C1325,R050,2026-08-18T04:29:00+00:00,delivered,V043,DRV117
ORD04287,C0945,R021,2026-08-01T10:44:00+00:00,picked_up,V016,DRV107
ORD04288,C1166,R050,2026-08-16T11:19:00+00:00,delivered,V032,DRV073
ORD04289,C1132,R011,2026-09-10T15:45:00+00:00,delivered,V038,DRV030
ORD04290,C0204,R008,2026-09-01T01:02:00+00:00,picked_up,V034,DRV061
ORD04291,C0316,R007,2026-08-23T18:57:00+00:00,picked_up,V068,DRV110
ORD04292,C0547,R074,2026-09-02T14:17:00+00:00,delivered,V025,DRV044
ORD04293,C1193,R011,2026-08-17T05:00:00+00:00,delivered,V022,DRV022
ORD04294,C2488,R044,2026-09-06T12:01:00+00:00,delivered,V066,DRV006
ORD04295,C0500,R033,2026-08-08T22:01:00+00:00,delivered,V043,DRV035
ORD04296,C0051,R026,2026-09-09T15:39:00+00:00,delivered,V094,DRV103
ORD04297,C1766,R044,2026-09-24T12:14:00+00:00,picked_up,V009,DRV043
ORD04298,C1529,R015,2026-09-10T04:19:00+00:00,in_transit,V013,DRV086
ORD04299,C1246,R022,2026-09-21T14:19:00+00:00,delivered,V043,DRV023
ORD04300,C0421,R011,2026-09-23T08:52:00+00:00,picked_up,V083,DRV088
ORD04301,C0463,R074,2026-09-23T04:34:00+00:00,picked_up,V035,DRV065
ORD04302,C2103,R037,2026-08-01T18:46:00+00:00,delayed,V028,DRV105
ORD04303,C0690,R074,2026-09-23T01:39:00+00:00,delivered,V016,DRV037
ORD04304,C0126,R020,2026-08-01T14:09:00+00:00,picked_up,V021,DRV106
ORD04305,C2073,R039,2026-08-05T01:09:00+00:00,delivered,V080,DRV116
ORD04306,C1652,R056,2026-09-15T23:05:00+00:00,delivered,V067,DRV051
ORD04307,C1898,R039,2026-09-19T14:11:00+00:00,delivered,V070,DRV019
ORD04308,C1340,R016,2026-08-23T13:50:00+00:00,in_transit,V059,DRV114
ORD04309,C1284,R040,2026-08-25T22:59:00+00:00,in_transit,V074,DRV016
ORD04310,C0782,R015,2026-09-21T00:03:00+00:00,in_transit,V013,DRV013
ORD04311,C2186,R041,2026-08-13T14:20:00+00:00,delivered,V046,DRV052
ORD04312,C0514,R038,2026-08-17T17:50:00+00:00,delivered,V092,DRV002
ORD04313,C0335,R051,2026-08-16T23:15:00+00:00,picked_up,V062,DRV107
ORD04314,C1037,R002,2026-08-13T18:42:00+00:00,delivered,V097,DRV113
ORD04315,C1836,R069,2026-09-08T18:49:00+00:00,delivered,V006,DRV105
ORD04316,C0811,R004,2026-08-29T12:12:00+00:00,delayed,V080,DRV118
ORD04317,C2209,R055,2026-09-06T04:11:00+00:00,picked_up,V039,DRV007
ORD04318,C0732,R018,2026-08-07T23:09:00+00:00,delivered,V084,DRV044
ORD04319,C1518,R003,2026-08-23T00:03:00+00:00,picked_up,V090,DRV005
ORD04320,C1893,R077,2026-09-14T22:59:00+00:00,cancelled,V019,DRV037
ORD04321,C0266,R036,2026-08-17T19:54:00+00:00,delivered,V038,DRV114
ORD04322,C1780,R076,2026-08-19T23:44:00+00:00,in_transit,V063,DRV109
ORD04323,C0424,R071,2026-08-30T03:11:00+00:00,in_transit,V029,DRV072
ORD04324,C0682,R074,2026-08-18T13:18:00+00:00,picked_up,V083,DRV025
ORD04325,C0163,R055,2026-09-17T02:14:00+00:00,delivered,V095,DRV118
ORD04326,C0947,R030,2026-09-02T02:59:00+00:00,picked_up,V059,DRV099
ORD04327,C0331,R079,2026-09-24T23:39:00+00:00,delivered,V031,DRV010
ORD04328,C1306,R076,2026-08-18T03:33:00+00:00,in_transit,V084,DRV025
ORD04329,C0014,R060,2026-08-06T09:32:00+00:00,delivered,V061,DRV110
ORD04330,C1219,R048,2026-08-01T16:32:00+00:00,delayed,V071,DRV118
ORD04331,C1548,R074,2026-09-06T13:01:00+00:00,delivered,V045,DRV059
ORD04332,C1333,R017,2026-08-07T14:13:00+00:00,delivered,V002,DRV104
ORD04333,C1139,R079,2026-08-24T12:04:00+00:00,in_transit,V095,DRV046
ORD04334,C0774,R048,2026-09-23T01:57:00+00:00,delivered,V013,DRV026
ORD04335,C1694,R079,2026-08-07T05:34:00+00:00,delivered,V013,DRV075
ORD04336,C0408,R046,2026-08-11T00:41:00+00:00,picked_up,V091,DRV119
ORD04337,C0944,R053,2026-09-15T12:02:00+00:00,delivered,V014,DRV087
ORD04338,C1373,R052,2026-09-02T09:33:00+00:00,delayed,V002,DRV110
ORD04339,C0972,R009,2026-09-14T20:05:00+00:00,delivered,V019,DRV019
ORD04340,C0162,R054,2026-09-14T10:00:00+00:00,picked_up,V060,DRV112
ORD04341,C1808,R028,2026-09-19T15:50:00+00:00,delivered,V067,DRV011
ORD04342,C1259,R080,2026-09-22T02:08:00+00:00,delayed,V046,DRV111
ORD04343,C1300,R018,2026-08-12T02:30:00+00:00,delivered,V021,DRV057
ORD04344,C0844,R064,2026-08-20T21:49:00+00:00,delivered,V040,DRV078
ORD04345,C0221,R003,2026-09-18T21:14:00+00:00,delivered,V021,DRV031
ORD04346,C0963,R075,2026-08-24T16:15:00+00:00,in_transit,V004,DRV004
ORD04347,C1525,R003,2026-08-23T05:22:00+00:00,delayed,V039,DRV071
ORD04348,C0311,R006,2026-08-12T20:40:00+00:00,delivered,V020,DRV039
ORD04349,C1073,R070,2026-08-09T02:56:00+00:00,delivered,V018,DRV067
ORD04350,C0785,R055,2026-09-20T04:08:00+00:00,delivered,V058,DRV083
ORD04351,C0045,R037,2026-09-21T19:04:00+00:00,in_transit,V062,DRV111
ORD04352,C2030,R017,2026-08-02T23:55:00+00:00,delivered,V083,DRV040
ORD04353,C1685,R027,2026-08-29T02:00:00+00:00,delivered,V014,DRV006
ORD04354,C0269,R006,2026-08-02T22:18:00+00:00,delivered,V051,DRV001
ORD04355,C1501,R038,2026-08-11T05:01:00+00:00,delivered,V031,DRV044
ORD04356,C0602,R074,2026-08-28T16:45:00+00:00,delivered,V093,DRV061
ORD04357,C0535,R077,2026-09-02T14:05:00+00:00,delivered,V089,DRV060
ORD04358,C2291,R049,2026-08-08T04:39:00+00:00,delayed,V098,DRV077
ORD04359,C1520,R059,2026-09-14T18:07:00+00:00,delivered,V095,DRV057
ORD04360,C0873,R065,2026-09-13T18:52:00+00:00,delivered,V010,DRV017
ORD04361,C0659,R074,2026-08-21T08:42:00+00:00,in_transit,V083,DRV082
ORD04362,C0479,R065,2026-09-13T11:56:00+00:00,delivered,V036,DRV047
ORD04363,C0347,R044,2026-09-15T19:43:00+00:00,delivered,V066,DRV104
ORD04364,C2043,R036,2026-08-11T12:03:00+00:00,delivered,V088,DRV004
ORD04365,C1985,R006,2026-08-23T17:10:00+00:00,in_transit,V014,DRV045
ORD04366,C2210,R043,2026-08-18T16:29:00+00:00,picked_up,V014,DRV099
ORD04367,C1253,R051,2026-08-13T20:39:00+00:00,delivered,V036,DRV106
ORD04368,C1296,R075,2026-08-17T17:59:00+00:00,delivered,V087,DRV073
ORD04369,C1869,R053,2026-08-21T18:40:00+00:00,delivered,V054,DRV115
ORD04370,C1455,R007,2026-09-12T17:20:00+00:00,cancelled,V010,DRV099
ORD04371,C1419,R072,2026-08-26T13:30:00+00:00,delivered,V088,DRV115
ORD04372,C1094,R045,2026-08-31T18:24:00+00:00,delayed,V087,DRV041
ORD04373,C1868,R058,2026-09-17T04:16:00+00:00,delayed,V087,DRV053
ORD04374,C0675,R068,2026-09-19T01:16:00+00:00,cancelled,V076,DRV119
ORD04375,C0038,R005,2026-08-04T15:38:00+00:00,delivered,V018,DRV087
ORD04376,C0712,R080,2026-08-29T09:14:00+00:00,delivered,V009,DRV016
ORD04377,C0064,R014,2026-09-10T12:10:00+00:00,delivered,V063,DRV069
ORD04378,C0336,R003,2026-08-29T10:53:00+00:00,in_transit,V053,DRV062
ORD04379,C1198,R035,2026-08-14T16:39:00+00:00,cancelled,V017,DRV099
ORD04380,C0337,R008,2026-08-24T14:59:00+00:00,in_transit,V054,DRV061
ORD04381,C0946,R016,2026-09-15T19:37:00+00:00,delivered,V100,DRV002
ORD04382,C1204,R042,2026-09-12T06:37:00+00:00,delayed,V089,DRV037
ORD04383,C1734,R060,2026-08-23T10:29:00+00:00,delivered,V049,DRV085
ORD04384,C0876,R033,2026-09-24T17:31:00+00:00,picked_up,V087,DRV008
ORD04385,C2437,R030,2026-09-16T19:33:00+00:00,cancelled,V060,DRV057
ORD04386,C1158,R052,2026-09-22T06:51:00+00:00,delivered,V060,DRV003
ORD04387,C1182,R025,2026-08-06T12:07:00+00:00,delivered,V055,DRV099
ORD04388,C1553,R032,2026-08-08T18:50:00+00:00,picked_up,V046,DRV089
ORD04389,C0331,R066,2026-08-12T13:12:00+00:00,delivered,V048,DRV077
ORD04390,C1110,R003,2026-08-23T11:14:00+00:00,delivered,V098,DRV059
ORD04391,C0117,R046,2026-09-04T20:36:00+00:00,picked_up,V061,DRV038
ORD04392,C0635,R049,2026-08-13T16:07:00+00:00,delivered,V084,DRV086
ORD04393,C0466,R010,2026-08-31T16:11:00+00:00,delivered,V082,DRV009
ORD04394,C1016,R018,2026-08-03T16:49:00+00:00,delivered,V063,DRV014
ORD04395,C0527,R075,2026-08-19T15:40:00+00:00,delivered,V005,DRV047
ORD04396,C1793,R040,2026-08-25T05:15:00+00:00,delivered,V055,DRV101
ORD04397,C1739,R026,2026-09-21T02:16:00+00:00,delivered,V018,DRV041
ORD04398,C2339,R053,2026-08-11T00:47:00+00:00,cancelled,V041,DRV086
ORD04399,C1128,R019,2026-09-07T17:57:00+00:00,delayed,V011,DRV069
ORD04400,C0632,R027,2026-09-10T02:16:00+00:00,delayed,V041,DRV069
ORD04401,C2378,R017,2026-09-03T16:56:00+00:00,delivered,V014,DRV035
ORD04402,C1518,R024,2026-08-18T13:02:00+00:00,delivered,V045,DRV072
ORD04403,C1366,R066,2026-08-06T04:27:00+00:00,in_transit,V086,DRV095
ORD04404,C0187,R067,2026-08-03T23:05:00+00:00,delivered,V064,DRV041
ORD04405,C1848,R066,2026-08-09T02:51:00+00:00,in_transit,V081,DRV106
ORD04406,C1149,R034,2026-08-28T00:32:00+00:00,picked_up,V046,DRV024
ORD04407,C1121,R063,2026-09-14T01:56:00+00:00,delivered,V100,DRV117
ORD04408,C0217,R076,2026-08-23T08:58:00+00:00,delivered,V055,DRV037
ORD04409,C0556,R002,2026-09-05T08:27:00+00:00,in_transit,V066,DRV119
ORD04410,C1874,R070,2026-09-09T16:47:00+00:00,delivered,V095,DRV086
ORD04411,C2304,R027,2026-09-15T09:06:00+00:00,delivered,V030,DRV101
ORD04412,C0497,R038,2026-09-04T14:42:00+00:00,delivered,V013,DRV018
ORD04413,C1451,R004,2026-09-12T16:19:00+00:00,delivered,V047,DRV033
ORD04414,C2350,R056,2026-08-05T01:42:00+00:00,delivered,V056,DRV008
ORD04415,C1627,R033,2026-09-12T17:51:00+00:00,delivered,V073,DRV019
ORD04416,C1615,R014,2026-09-13T11:05:00+00:00,delivered,V016,DRV088
ORD04417,C2395,R017,2026-09-03T23:20:00+00:00,delivered,V030,DRV096
ORD04418,C0634,R077,2026-09-16T11:32:00+00:00,picked_up,V034,DRV035
ORD04419,C0372,R074,2026-09-02T17:56:00+00:00,delivered,V032,DRV055
ORD04420,C1255,R034,2026-09-22T00:45:00+00:00,delivered,V034,DRV044
ORD04421,C1838,R046,2026-09-11T15:26:00+00:00,delayed,V015,DRV023
ORD04422,C0589,R064,2026-08-27T09:24:00+00:00,in_transit,V085,DRV103
ORD04423,C1147,R068,2026-08-21T20:17:00+00:00,delivered,V019,DRV120
ORD04424,C0530,R028,2026-09-24T18:52:00+00:00,cancelled,V051,DRV111
ORD04425,C0125,R014,2026-09-12T03:37:00+00:00,delivered,V035,DRV091
ORD04426,C0331,R036,2026-09-05T12:52:00+00:00,delivered,V047,DRV013
ORD04427,C1435,R049,2026-08-22T02:18:00+00:00,delivered,V016,DRV003
ORD04428,C1954,R017,2026-09-18T13:10:00+00:00,delayed,V021,DRV005
ORD04429,C0553,R044,2026-09-23T16:17:00+00:00,delivered,V068,DRV092
ORD04430,C0861,R063,2026-09-13T23:20:00+00:00,delayed,V024,DRV027
ORD04431,C0546,R028,2026-08-22T01:16:00+00:00,picked_up,V059,DRV025
ORD04432,C0327,R028,2026-09-08T05:19:00+00:00,delayed,V075,DRV024
ORD04433,C1807,R006,2026-08-02T04:11:00+00:00,delivered,V001,DRV063
ORD04434,C2138,R033,2026-08-18T19:11:00+00:00,picked_up,V081,DRV033
ORD04435,C1480,R049,2026-09-01T09:39:00+00:00,delivered,V064,DRV009
ORD04436,C0018,R032,2026-08-11T05:45:00+00:00,cancelled,V046,DRV024
ORD04437,C2328,R072,2026-09-11T09:48:00+00:00,delivered,V086,DRV104
ORD04438,C0933,R061,2026-08-20T03:29:00+00:00,picked_up,V060,DRV058
ORD04439,C1276,R079,2026-09-13T12:13:00+00:00,cancelled,V036,DRV011
ORD04440,C0110,R021,2026-09-11T09:30:00+00:00,in_transit,V048,DRV078
ORD04441,C0618,R070,2026-08-02T18:42:00+00:00,delivered,V008,DRV061
ORD04442,C0497,R072,2026-09-13T14:25:00+00:00,delivered,V021,DRV097
ORD04443,C1325,R024,2026-08-23T12:09:00+00:00,in_transit,V083,DRV090
ORD04444,C2114,R017,2026-08-22T13:08:00+00:00,delivered,V042,DRV104
ORD04445,C0810,R015,2026-09-11T23:35:00+00:00,delivered,V080,DRV004
ORD04446,C1778,R002,2026-09-20T04:00:00+00:00,delivered,V008,DRV102
ORD04447,C1146,R037,2026-08-07T04:13:00+00:00,delivered,V002,DRV022
ORD04448,C1734,R004,2026-08-05T11:47:00+00:00,delivered,V081,DRV070
ORD04449,C1396,R045,2026-09-17T02:08:00+00:00,delayed,V063,DRV042
ORD04450,C1374,R076,2026-08-31T21:11:00+00:00,in_transit,V013,DRV039
ORD04451,C1689,R080,2026-09-09T23:29:00+00:00,delivered,V032,DRV051
ORD04452,C0428,R017,2026-09-10T14:36:00+00:00,delivered,V055,DRV044
ORD04453,C2267,R018,2026-08-04T17:02:00+00:00,delivered,V029,DRV084
ORD04454,C1644,R042,2026-08-05T06:26:00+00:00,in_transit,V089,DRV034
ORD04455,C1212,R063,2026-09-05T05:50:00+00:00,delivered,V025,DRV119
ORD04456,C1547,R037,2026-08-10T21:28:00+00:00,delivered,V092,DRV097
ORD04457,C1719,R005,2026-09-10T08:32:00+00:00,in_transit,V087,DRV072
ORD04458,C0353,R041,2026-09-10T16:38:00+00:00,delivered,V010,DRV097
ORD04459,C0376,R056,2026-09-11T20:29:00+00:00,in_transit,V055,DRV038
ORD04460,C1299,R031,2026-09-22T19:34:00+00:00,delivered,V079,DRV115
ORD04461,C2356,R061,2026-08-05T20:59:00+00:00,delivered,V021,DRV036
ORD04462,C2137,R056,2026-08-25T07:01:00+00:00,delivered,V086,DRV077
ORD04463,C0012,R032,2026-09-10T01:14:00+00:00,delivered,V035,DRV057
ORD04464,C2085,R062,2026-09-23T19:38:00+00:00,delivered,V045,DRV009
ORD04465,C2415,R051,2026-09-22T20:45:00+00:00,delivered,V056,DRV116
ORD04466,C2033,R029,2026-08-15T13:10:00+00:00,delivered,V027,DRV044
ORD04467,C0633,R047,2026-09-05T13:30:00+00:00,picked_up,V024,DRV010
ORD04468,C2073,R004,2026-09-20T10:49:00+00:00,delayed,V059,DRV085
ORD04469,C0744,R015,2026-09-03T14:16:00+00:00,delivered,V091,DRV040
ORD04470,C0004,R049,2026-08-02T22:39:00+00:00,delivered,V070,DRV101
ORD04471,C0842,R069,2026-08-20T09:59:00+00:00,delivered,V078,DRV006
ORD04472,C1662,R035,2026-08-07T19:29:00+00:00,picked_up,V032,DRV106
ORD04473,C2196,R025,2026-08-12T12:06:00+00:00,in_transit,V042,DRV056
ORD04474,C0114,R078,2026-09-10T14:30:00+00:00,picked_up,V057,DRV105
ORD04475,C0407,R055,2026-08-05T03:11:00+00:00,delivered,V035,DRV049
ORD04476,C1138,R032,2026-09-10T13:50:00+00:00,delivered,V007,DRV101
ORD04477,C1588,R063,2026-08-29T07:13:00+00:00,picked_up,V037,DRV026
ORD04478,C1789,R049,2026-08-22T19:02:00+00:00,delivered,V090,DRV059
ORD04479,C0026,R046,2026-09-13T15:44:00+00:00,delayed,V039,DRV107
ORD04480,C0612,R048,2026-09-15T18:57:00+00:00,delivered,V016,DRV068
ORD04481,C2073,R064,2026-08-29T03:48:00+00:00,delivered,V022,DRV063
ORD04482,C2061,R009,2026-08-24T00:23:00+00:00,delivered,V094,DRV078
ORD04483,C0705,R054,2026-08-19T22:10:00+00:00,delayed,V088,DRV074
ORD04484,C2398,R021,2026-08-13T11:58:00+00:00,delivered,V029,DRV074
ORD04485,C0504,R041,2026-09-21T08:51:00+00:00,delayed,V002,DRV060
ORD04486,C1439,R001,2026-08-27T12:40:00+00:00,delayed,V066,DRV034
ORD04487,C0453,R062,2026-08-07T15:57:00+00:00,delivered,V086,DRV035
ORD04488,C2245,R049,2026-09-05T15:58:00+00:00,delivered,V041,DRV054
ORD04489,C1518,R011,2026-08-10T04:10:00+00:00,delivered,V095,DRV040
ORD04490,C1637,R052,2026-09-14T21:43:00+00:00,picked_up,V086,DRV058
ORD04491,C1615,R056,2026-09-05T01:53:00+00:00,delivered,V033,DRV062
ORD04492,C1401,R046,2026-08-12T12:34:00+00:00,delivered,V086,DRV095
ORD04493,C0758,R056,2026-08-29T08:24:00+00:00,delivered,V042,DRV119
ORD04494,C2128,R047,2026-08-06T20:27:00+00:00,delivered,V080,DRV069
ORD04495,C1918,R018,2026-09-24T03:52:00+00:00,in_transit,V063,DRV019
ORD04496,C2270,R036,2026-08-14T01:28:00+00:00,delivered,V056,DRV010
ORD04497,C0951,R054,2026-08-16T16:10:00+00:00,in_transit,V069,DRV060
ORD04498,C1251,R005,2026-08-06T19:04:00+00:00,delivered,V062,DRV018
ORD04499,C0360,R026,2026-09-23T07:02:00+00:00,delivered,V021,DRV103
ORD04500,C2322,R008,2026-08-18T18:32:00+00:00,delivered,V090,DRV025
ORD04501,C2083,R003,2026-08-08T07:31:00+00:00,delivered,V015,DRV103
ORD04502,C1406,R052,2026-09-02T09:32:00+00:00,delivered,V069,DRV042
ORD04503,C2333,R048,2026-08-13T07:34:00+00:00,in_transit,V046,DRV020
ORD04504,C1874,R044,2026-08-07T22:20:00+00:00,delivered,V053,DRV078
ORD04505,C1856,R059,2026-09-17T17:34:00+00:00,delivered,V010,DRV120
ORD04506,C0990,R065,2026-09-11T16:18:00+00:00,delayed,V012,DRV085
ORD04507,C1014,R051,2026-09-08T17:11:00+00:00,picked_up,V056,DRV113
ORD04508,C1792,R074,2026-09-02T11:16:00+00:00,delayed,V096,DRV069
ORD04509,C1586,R060,2026-09-18T15:25:00+00:00,picked_up,V042,DRV088
ORD04510,C1771,R077,2026-09-23T03:46:00+00:00,cancelled,V100,DRV106
ORD04511,C0689,R055,2026-09-24T23:09:00+00:00,delivered,V061,DRV054
ORD04512,C1483,R069,2026-08-26T22:02:00+00:00,delivered,V068,DRV111
ORD04513,C2484,R076,2026-09-11T16:44:00+00:00,delivered,V062,DRV073
ORD04514,C0316,R001,2026-08-12T23:39:00+00:00,in_transit,V064,DRV105
ORD04515,C1861,R041,2026-08-12T15:59:00+00:00,picked_up,V025,DRV070
ORD04516,C0309,R017,2026-08-12T08:25:00+00:00,delayed,V047,DRV082
ORD04517,C1249,R036,2026-09-02T03:39:00+00:00,delayed,V049,DRV022
ORD04518,C1741,R024,2026-08-14T20:59:00+00:00,delivered,V051,DRV044
ORD04519,C0150,R031,2026-09-24T20:20:00+00:00,delivered,V087,DRV046
ORD04520,C2206,R025,2026-08-13T00:43:00+00:00,delivered,V042,DRV031
ORD04521,C1284,R002,2026-08-22T12:34:00+00:00,delivered,V064,DRV041
ORD04522,C1219,R036,2026-08-15T15:04:00+00:00,delivered,V037,DRV068
ORD04523,C2459,R007,2026-09-14T12:17:00+00:00,delivered,V002,DRV098
ORD04524,C2315,R024,2026-09-17T02:49:00+00:00,delivered,V075,DRV082
ORD04525,C0829,R018,2026-08-25T04:22:00+00:00,delivered,V039,DRV119
ORD04526,C2283,R080,2026-08-02T04:30:00+00:00,delivered,V013,DRV086
ORD04527,C2003,R043,2026-08-23T04:25:00+00:00,picked_up,V017,DRV097
ORD04528,C1806,R029,2026-09-14T17:30:00+00:00,delivered,V044,DRV033
ORD04529,C1383,R057,2026-08-12T17:31:00+00:00,delivered,V061,DRV029
ORD04530,C1596,R072,2026-08-10T21:23:00+00:00,delivered,V013,DRV024
ORD04531,C0890,R014,2026-08-31T23:40:00+00:00,picked_up,V032,DRV075
ORD04532,C0569,R035,2026-08-17T08:52:00+00:00,delivered,V007,DRV107
ORD04533,C0912,R008,2026-08-10T01:26:00+00:00,delivered,V033,DRV107
ORD04534,C2211,R007,2026-09-09T21:28:00+00:00,delivered,V080,DRV110
ORD04535,C0882,R024,2026-08-27T06:31:00+00:00,picked_up,V061,DRV025
ORD04536,C0459,R078,2026-09-25T00:25:00+00:00,picked_up,V029,DRV058
ORD04537,C1486,R057,2026-09-01T16:40:00+00:00,in_transit,V073,DRV090
ORD04538,C0367,R012,2026-08-27T09:05:00+00:00,picked_up,V011,DRV102
ORD04539,C1333,R023,2026-08-04T02:53:00+00:00,picked_up,V091,DRV051
ORD04540,C1029,R001,2026-08-26T05:44:00+00:00,picked_up,V025,DRV051
ORD04541,C2308,R035,2026-08-27T14:03:00+00:00,delivered,V021,DRV096
ORD04542,C0031,R012,2026-08-24T01:38:00+00:00,delivered,V089,DRV098
ORD04543,C2049,R020,2026-08-16T03:33:00+00:00,picked_up,V057,DRV051
ORD04544,C1827,R021,2026-09-12T04:19:00+00:00,delivered,V081,DRV065
ORD04545,C2214,R014,2026-08-06T07:04:00+00:00,in_transit,V028,DRV025
ORD04546,C0246,R006,2026-08-02T11:30:00+00:00,delivered,V006,DRV116
ORD04547,C1950,R018,2026-09-01T07:53:00+00:00,delivered,V055,DRV083
ORD04548,C1964,R037,2026-09-06T17:23:00+00:00,delivered,V053,DRV016
ORD04549,C1124,R040,2026-09-12T06:43:00+00:00,in_transit,V031,DRV038
ORD04550,C1551,R028,2026-08-21T04:50:00+00:00,delivered,V037,DRV105
ORD04551,C1369,R053,2026-09-18T05:29:00+00:00,delivered,V099,DRV009
ORD04552,C0836,R026,2026-08-31T10:38:00+00:00,delivered,V041,DRV064
ORD04553,C2047,R066,2026-09-03T12:38:00+00:00,delivered,V094,DRV108
ORD04554,C2376,R050,2026-09-02T20:25:00+00:00,delayed,V073,DRV047
ORD04555,C0937,R053,2026-08-02T06:09:00+00:00,delivered,V082,DRV118
ORD04556,C1115,R041,2026-08-15T02:08:00+00:00,delivered,V051,DRV095
ORD04557,C0524,R018,2026-08-09T04:21:00+00:00,delivered,V021,DRV024
ORD04558,C1509,R034,2026-08-31T21:55:00+00:00,delivered,V076,DRV082
ORD04559,C1119,R017,2026-08-21T23:27:00+00:00,delivered,V053,DRV006
ORD04560,C1933,R019,2026-09-09T03:42:00+00:00,delivered,V008,DRV024
ORD04561,C2419,R010,2026-08-21T04:02:00+00:00,delayed,V020,DRV023
ORD04562,C1276,R003,2026-08-19T07:57:00+00:00,delivered,V097,DRV020
ORD04563,C0357,R020,2026-08-16T06:24:00+00:00,in_transit,V048,DRV005
ORD04564,C1772,R051,2026-08-13T06:16:00+00:00,in_transit,V004,DRV059
ORD04565,C0871,R078,2026-08-06T02:09:00+00:00,picked_up,V060,DRV069
ORD04566,C1796,R052,2026-09-11T18:22:00+00:00,in_transit,V004,DRV007
ORD04567,C2489,R039,2026-09-06T11:32:00+00:00,delivered,V051,DRV049
ORD04568,C2315,R029,2026-09-09T09:51:00+00:00,picked_up,V001,DRV088
ORD04569,C1459,R067,2026-09-07T05:12:00+00:00,delivered,V088,DRV096
ORD04570,C1750,R042,2026-08-31T14:49:00+00:00,in_transit,V043,DRV101
ORD04571,C0600,R062,2026-08-17T21:16:00+00:00,delivered,V073,DRV097
ORD04572,C1004,R042,2026-09-10T21:50:00+00:00,delayed,V021,DRV063
ORD04573,C1108,R070,2026-08-16T06:35:00+00:00,delivered,V008,DRV094
ORD04574,C1764,R025,2026-08-23T02:41:00+00:00,delivered,V033,DRV113
ORD04575,C1583,R014,2026-08-05T05:54:00+00:00,delivered,V039,DRV077
ORD04576,C2057,R007,2026-09-04T14:43:00+00:00,picked_up,V051,DRV022
ORD04577,C1114,R067,2026-09-12T23:31:00+00:00,picked_up,V079,DRV022
ORD04578,C1476,R033,2026-08-02T18:58:00+00:00,delayed,V088,DRV120
ORD04579,C1228,R055,2026-08-30T14:52:00+00:00,delivered,V012,DRV030
ORD04580,C0416,R072,2026-09-19T07:00:00+00:00,delivered,V084,DRV031
ORD04581,C1098,R004,2026-08-12T05:44:00+00:00,delivered,V095,DRV025
ORD04582,C0834,R075,2026-08-07T09:45:00+00:00,picked_up,V083,DRV107
ORD04583,C0010,R078,2026-08-23T14:37:00+00:00,in_transit,V079,DRV071
ORD04584,C2053,R021,2026-08-03T16:36:00+00:00,delivered,V028,DRV013
ORD04585,C0408,R004,2026-08-01T16:44:00+00:00,in_transit,V031,DRV075
ORD04586,C1618,R028,2026-08-07T18:29:00+00:00,picked_up,V032,DRV105
ORD04587,C0688,R038,2026-08-01T15:31:00+00:00,in_transit,V023,DRV011
ORD04588,C1747,R024,2026-08-23T10:46:00+00:00,delivered,V077,DRV118
ORD04589,C0075,R005,2026-08-11T08:22:00+00:00,delivered,V045,DRV078
ORD04590,C2357,R059,2026-09-14T06:27:00+00:00,in_transit,V052,DRV116
ORD04591,C0325,R001,2026-08-10T18:30:00+00:00,in_transit,V082,DRV097
ORD04592,C1266,R044,2026-08-20T11:08:00+00:00,picked_up,V023,DRV038
ORD04593,C1527,R028,2026-09-16T12:09:00+00:00,picked_up,V062,DRV015
ORD04594,C0466,R037,2026-09-15T01:16:00+00:00,delivered,V080,DRV015
ORD04595,C0577,R008,2026-09-20T09:10:00+00:00,delivered,V018,DRV062
ORD04596,C2129,R033,2026-08-05T21:05:00+00:00,delivered,V031,DRV085
ORD04597,C0468,R026,2026-08-26T20:33:00+00:00,in_transit,V073,DRV083
ORD04598,C0103,R022,2026-08-11T11:20:00+00:00,delivered,V088,DRV002
ORD04599,C0957,R028,2026-08-17T06:40:00+00:00,delivered,V010,DRV070
ORD04600,C0176,R024,2026-09-11T03:04:00+00:00,delivered,V047,DRV019
ORD04601,C1419,R029,2026-08-11T07:14:00+00:00,delivered,V060,DRV073
ORD04602,C0109,R068,2026-08-20T15:30:00+00:00,delivered,V050,DRV064
ORD04603,C1774,R052,2026-09-10T18:53:00+00:00,delivered,V015,DRV103
ORD04604,C1311,R053,2026-08-13T10:00:00+00:00,cancelled,V001,DRV023
ORD04605,C0694,R025,2026-09-16T08:25:00+00:00,delivered,V033,DRV097
ORD04606,C2349,R030,2026-08-02T13:41:00+00:00,delivered,V006,DRV079
ORD04607,C0049,R062,2026-08-31T22:12:00+00:00,delivered,V003,DRV037
ORD04608,C1404,R010,2026-09-17T13:06:00+00:00,delivered,V010,DRV008
ORD04609,C1311,R042,2026-08-30T04:35:00+00:00,delivered,V034,DRV065
ORD04610,C0954,R038,2026-09-07T18:53:00+00:00,picked_up,V058,DRV008
ORD04611,C0029,R033,2026-09-09T19:29:00+00:00,delivered,V063,DRV007
ORD04612,C0166,R058,2026-09-05T21:30:00+00:00,delivered,V038,DRV107
ORD04613,C2038,R030,2026-08-30T09:24:00+00:00,delivered,V001,DRV011
ORD04614,C0564,R022,2026-09-11T11:20:00+00:00,in_transit,V057,DRV032
ORD04615,C0968,R004,2026-08-11T19:11:00+00:00,picked_up,V071,DRV117
ORD04616,C0792,R047,2026-08-10T22:42:00+00:00,delivered,V021,DRV009
ORD04617,C0299,R055,2026-08-18T20:02:00+00:00,picked_up,V069,DRV004
ORD04618,C0264,R004,2026-08-17T07:49:00+00:00,delivered,V052,DRV041
ORD04619,C1888,R035,2026-09-13T05:59:00+00:00,picked_up,V093,DRV012
ORD04620,C1785,R035,2026-09-19T09:31:00+00:00,delivered,V057,DRV073
ORD04621,C0230,R012,2026-08-16T01:47:00+00:00,picked_up,V033,DRV107
ORD04622,C0329,R078,2026-08-03T09:59:00+00:00,delivered,V039,DRV070
ORD04623,C1124,R067,2026-08-12T02:46:00+00:00,in_transit,V016,DRV013
ORD04624,C0292,R064,2026-09-06T18:04:00+00:00,delivered,V054,DRV116
ORD04625,C1983,R035,2026-09-21T10:13:00+00:00,delivered,V004,DRV013
ORD04626,C0308,R020,2026-08-09T19:25:00+00:00,delivered,V040,DRV043
ORD04627,C2274,R006,2026-08-12T18:26:00+00:00,picked_up,V086,DRV027
ORD04628,C0665,R045,2026-08-22T02:56:00+00:00,delivered,V065,DRV112
ORD04629,C0243,R018,2026-08-30T12:28:00+00:00,picked_up,V094,DRV020
ORD04630,C2276,R076,2026-08-17T19:38:00+00:00,delivered,V068,DRV073
ORD04631,C2490,R047,2026-09-15T19:04:00+00:00,delivered,V059,DRV022
ORD04632,C0670,R044,2026-09-13T03:19:00+00:00,picked_up,V081,DRV003
ORD04633,C1736,R079,2026-08-23T04:33:00+00:00,in_transit,V052,DRV086
ORD04634,C1172,R068,2026-08-29T04:35:00+00:00,delayed,V037,DRV069
ORD04635,C1610,R059,2026-08-23T18:28:00+00:00,in_transit,V030,DRV041
ORD04636,C1706,R031,2026-09-25T01:28:00+00:00,delivered,V094,DRV071
ORD04637,C0925,R022,2026-08-15T06:29:00+00:00,delivered,V043,DRV111
ORD04638,C0428,R001,2026-09-05T17:09:00+00:00,in_transit,V008,DRV110
ORD04639,C1073,R025,2026-08-23T10:56:00+00:00,delivered,V008,DRV015
ORD04640,C1407,R048,2026-09-06T08:28:00+00:00,in_transit,V033,DRV113
ORD04641,C1719,R028,2026-09-06T14:37:00+00:00,delivered,V068,DRV072
ORD04642,C1091,R025,2026-09-03T07:58:00+00:00,delivered,V037,DRV036
ORD04643,C0604,R016,2026-08-28T22:59:00+00:00,delivered,V038,DRV120
ORD04644,C1201,R014,2026-09-12T16:10:00+00:00,delivered,V074,DRV034
ORD04645,C2271,R037,2026-08-16T07:27:00+00:00,delayed,V011,DRV081
ORD04646,C1504,R039,2026-09-04T12:22:00+00:00,delivered,V015,DRV116
ORD04647,C2012,R080,2026-08-11T05:13:00+00:00,delivered,V053,DRV035
ORD04648,C2053,R050,2026-08-27T10:15:00+00:00,delivered,V077,DRV113
ORD04649,C2164,R033,2026-09-10T08:11:00+00:00,delayed,V042,DRV028
ORD04650,C1904,R073,2026-08-11T21:45:00+00:00,delivered,V001,DRV008
ORD04651,C2167,R034,2026-09-03T15:48:00+00:00,cancelled,V084,DRV010
ORD04652,C0961,R062,2026-09-21T19:47:00+00:00,delivered,V088,DRV115
ORD04653,C0806,R060,2026-09-20T19:43:00+00:00,delivered,V042,DRV095
ORD04654,C0978,R065,2026-08-09T13:20:00+00:00,delivered,V052,DRV039
ORD04655,C0291,R050,2026-08-16T10:00:00+00:00,delivered,V096,DRV007
ORD04656,C2419,R054,2026-08-02T09:00:00+00:00,delivered,V095,DRV096
ORD04657,C1693,R004,2026-09-04T11:44:00+00:00,picked_up,V077,DRV081
ORD04658,C0262,R040,2026-08-10T12:42:00+00:00,picked_up,V019,DRV103
ORD04659,C1091,R005,2026-09-05T07:11:00+00:00,delivered,V055,DRV010
ORD04660,C0675,R045,2026-09-23T01:21:00+00:00,delivered,V014,DRV116
ORD04661,C1042,R018,2026-08-18T10:27:00+00:00,delivered,V006,DRV001
ORD04662,C1703,R062,2026-08-16T03:15:00+00:00,in_transit,V080,DRV070
ORD04663,C1602,R018,2026-08-11T07:52:00+00:00,picked_up,V008,DRV071
ORD04664,C1893,R079,2026-09-20T01:13:00+00:00,delivered,V048,DRV005
ORD04665,C0133,R080,2026-09-11T06:06:00+00:00,delivered,V034,DRV021
ORD04666,C1055,R009,2026-08-27T04:40:00+00:00,delivered,V035,DRV018
ORD04667,C2185,R061,2026-08-21T11:08:00+00:00,picked_up,V022,DRV032
ORD04668,C1320,R046,2026-09-22T19:30:00+00:00,delivered,V067,DRV091
ORD04669,C2007,R042,2026-09-12T22:06:00+00:00,in_transit,V028,DRV115
ORD04670,C2355,R030,2026-08-03T19:28:00+00:00,delivered,V064,DRV062
ORD04671,C1817,R077,2026-09-18T20:23:00+00:00,picked_up,V027,DRV050
ORD04672,C1512,R061,2026-08-29T11:55:00+00:00,delayed,V013,DRV006
ORD04673,C1150,R035,2026-09-18T20:29:00+00:00,delivered,V001,DRV099
ORD04674,C0105,R008,2026-08-22T14:16:00+00:00,delivered,V056,DRV095
ORD04675,C1570,R046,2026-09-20T09:13:00+00:00,in_transit,V080,DRV081
ORD04676,C1917,R080,2026-09-08T07:44:00+00:00,delivered,V040,DRV087
ORD04677,C0234,R063,2026-08-30T19:05:00+00:00,picked_up,V022,DRV012
ORD04678,C1556,R038,2026-08-12T22:21:00+00:00,delivered,V085,DRV018
ORD04679,C1137,R037,2026-08-10T14:24:00+00:00,delivered,V017,DRV110
ORD04680,C0960,R038,2026-08-06T16:29:00+00:00,delivered,V078,DRV082
ORD04681,C1001,R048,2026-08-23T01:55:00+00:00,delivered,V036,DRV083
ORD04682,C1710,R076,2026-08-31T06:35:00+00:00,delivered,V058,DRV093
ORD04683,C1445,R059,2026-08-21T10:19:00+00:00,delivered,V033,DRV072
ORD04684,C2257,R010,2026-08-16T15:35:00+00:00,delivered,V043,DRV105
ORD04685,C2015,R059,2026-09-24T02:01:00+00:00,picked_up,V007,DRV011
ORD04686,C0718,R021,2026-09-13T20:18:00+00:00,in_transit,V082,DRV117
ORD04687,C1628,R055,2026-08-31T00:58:00+00:00,picked_up,V027,DRV101
ORD04688,C0918,R075,2026-09-21T11:08:00+00:00,in_transit,V019,DRV008
ORD04689,C0368,R005,2026-09-09T23:44:00+00:00,delivered,V072,DRV034
ORD04690,C1311,R011,2026-08-12T22:20:00+00:00,delivered,V054,DRV073
ORD04691,C2492,R029,2026-09-19T15:49:00+00:00,delivered,V091,DRV026
ORD04692,C0289,R032,2026-08-31T12:23:00+00:00,delivered,V037,DRV054
ORD04693,C1451,R056,2026-08-16T08:01:00+00:00,delivered,V008,DRV066
ORD04694,C0283,R051,2026-08-23T14:32:00+00:00,delivered,V053,DRV010
ORD04695,C1567,R064,2026-08-18T08:16:00+00:00,delivered,V067,DRV023
ORD04696,C0420,R025,2026-08-20T22:38:00+00:00,in_transit,V006,DRV037
ORD04697,C0948,R011,2026-09-05T01:25:00+00:00,delivered,V032,DRV026
ORD04698,C1235,R048,2026-08-27T16:28:00+00:00,delivered,V068,DRV084
ORD04699,C2478,R056,2026-08-06T00:52:00+00:00,in_transit,V087,DRV003
ORD04700,C0649,R029,2026-09-12T22:43:00+00:00,picked_up,V070,DRV007
ORD04701,C1693,R075,2026-08-23T01:55:00+00:00,picked_up,V063,DRV093
ORD04702,C1869,R060,2026-09-11T13:45:00+00:00,delivered,V054,DRV044
ORD04703,C0239,R046,2026-09-01T20:01:00+00:00,delivered,V080,DRV114
ORD04704,C0828,R065,2026-08-11T05:54:00+00:00,in_transit,V090,DRV033
ORD04705,C2352,R014,2026-08-05T17:48:00+00:00,delivered,V080,DRV027
ORD04706,C0555,R027,2026-08-22T11:50:00+00:00,picked_up,V069,DRV080
ORD04707,C0287,R025,2026-08-08T15:04:00+00:00,delivered,V087,DRV096
ORD04708,C0094,R067,2026-08-29T17:52:00+00:00,delivered,V004,DRV060
ORD04709,C1580,R033,2026-08-02T18:25:00+00:00,delivered,V055,DRV002
ORD04710,C1217,R014,2026-08-30T06:01:00+00:00,in_transit,V016,DRV096
ORD04711,C2304,R062,2026-09-09T21:25:00+00:00,delivered,V054,DRV037
ORD04712,C1021,R018,2026-09-11T07:09:00+00:00,in_transit,V075,DRV059
ORD04713,C1958,R075,2026-08-26T17:56:00+00:00,delivered,V073,DRV042
ORD04714,C1480,R022,2026-08-04T03:51:00+00:00,delivered,V095,DRV103
ORD04715,C2200,R060,2026-08-11T06:55:00+00:00,delivered,V070,DRV024
ORD04716,C2415,R072,2026-09-24T23:40:00+00:00,picked_up,V076,DRV086
ORD04717,C2386,R046,2026-08-08T13:39:00+00:00,delivered,V093,DRV043
ORD04718,C1201,R036,2026-08-29T16:16:00+00:00,picked_up,V051,DRV085
ORD04719,C0124,R033,2026-08-30T09:07:00+00:00,delivered,V075,DRV001
ORD04720,C2156,R048,2026-08-16T15:02:00+00:00,delivered,V020,DRV113
ORD04721,C0039,R069,2026-09-03T07:43:00+00:00,delivered,V064,DRV114
ORD04722,C1420,R076,2026-09-12T19:42:00+00:00,delayed,V077,DRV088
ORD04723,C0936,R039,2026-09-04T09:11:00+00:00,delivered,V006,DRV096
ORD04724,C2063,R019,2026-09-01T07:50:00+00:00,picked_up,V096,DRV017
ORD04725,C2029,R040,2026-08-08T02:23:00+00:00,delivered,V092,DRV005
ORD04726,C0401,R055,2026-08-05T00:20:00+00:00,in_transit,V014,DRV053
ORD04727,C0523,R039,2026-08-02T04:57:00+00:00,delayed,V076,DRV080
ORD04728,C1415,R035,2026-09-01T23:53:00+00:00,delivered,V023,DRV063
ORD04729,C0825,R023,2026-09-15T20:16:00+00:00,delayed,V086,DRV112
ORD04730,C0370,R052,2026-09-14T17:56:00+00:00,in_transit,V065,DRV044
ORD04731,C1424,R055,2026-09-05T18:31:00+00:00,delivered,V066,DRV009
ORD04732,C1706,R015,2026-08-30T15:37:00+00:00,delivered,V054,DRV087
ORD04733,C2317,R054,2026-09-21T01:25:00+00:00,cancelled,V039,DRV006
ORD04734,C1400,R031,2026-09-05T11:31:00+00:00,delivered,V082,DRV002
ORD04735,C0849,R016,2026-09-07T18:30:00+00:00,delivered,V010,DRV029
ORD04736,C0306,R025,2026-08-18T03:19:00+00:00,delivered,V048,DRV120
ORD04737,C0596,R051,2026-09-06T23:08:00+00:00,delivered,V017,DRV011
ORD04738,C1589,R058,2026-08-29T14:13:00+00:00,in_transit,V098,DRV090
ORD04739,C2079,R039,2026-09-18T00:24:00+00:00,delivered,V097,DRV106
ORD04740,C1424,R011,2026-09-22T02:54:00+00:00,delivered,V029,DRV008
ORD04741,C0751,R007,2026-08-24T17:58:00+00:00,delayed,V050,DRV074
ORD04742,C0018,R073,2026-08-08T05:25:00+00:00,delivered,V018,DRV031
ORD04743,C0041,R062,2026-08-26T16:46:00+00:00,delivered,V092,DRV099
ORD04744,C0371,R050,2026-08-19T17:34:00+00:00,cancelled,V097,DRV078
ORD04745,C1417,R060,2026-08-02T15:45:00+00:00,picked_up,V047,DRV086
ORD04746,C0050,R001,2026-09-08T09:54:00+00:00,delayed,V023,DRV025
ORD04747,C1446,R045,2026-09-08T04:16:00+00:00,delivered,V083,DRV095
ORD04748,C2491,R048,2026-09-05T18:49:00+00:00,in_transit,V038,DRV022
ORD04749,C0890,R001,2026-08-28T05:01:00+00:00,picked_up,V091,DRV005
ORD04750,C2146,R027,2026-08-02T18:34:00+00:00,delivered,V017,DRV040
ORD04751,C0940,R039,2026-09-04T19:49:00+00:00,delivered,V042,DRV017
ORD04752,C0620,R011,2026-08-11T14:06:00+00:00,in_transit,V089,DRV097
ORD04753,C2387,R070,2026-08-01T10:46:00+00:00,in_transit,V055,DRV110
ORD04754,C0819,R053,2026-08-13T16:21:00+00:00,in_transit,V072,DRV043
ORD04755,C1985,R013,2026-08-15T22:20:00+00:00,delivered,V011,DRV060
ORD04756,C1245,R051,2026-09-08T18:51:00+00:00,delivered,V030,DRV051
ORD04757,C1337,R065,2026-08-07T19:59:00+00:00,in_transit,V021,DRV054
ORD04758,C0202,R002,2026-08-18T14:43:00+00:00,delivered,V088,DRV063
ORD04759,C0922,R077,2026-08-26T12:24:00+00:00,cancelled,V004,DRV107
ORD04760,C0441,R028,2026-09-01T12:11:00+00:00,in_transit,V026,DRV086
ORD04761,C1352,R033,2026-09-01T09:28:00+00:00,delivered,V089,DRV058
ORD04762,C1023,R013,2026-09-23T00:42:00+00:00,in_transit,V007,DRV105
ORD04763,C0275,R052,2026-09-15T16:58:00+00:00,delivered,V008,DRV059
ORD04764,C2220,R043,2026-08-14T20:52:00+00:00,delivered,V080,DRV038
ORD04765,C0975,R046,2026-08-15T15:39:00+00:00,delayed,V077,DRV065
ORD04766,C1810,R010,2026-08-31T01:31:00+00:00,delivered,V076,DRV060
ORD04767,C0348,R035,2026-09-22T10:54:00+00:00,delivered,V052,DRV093
ORD04768,C0683,R057,2026-09-07T18:07:00+00:00,picked_up,V018,DRV066
ORD04769,C2309,R014,2026-09-21T16:39:00+00:00,in_transit,V085,DRV035
ORD04770,C1215,R073,2026-08-28T20:28:00+00:00,in_transit,V034,DRV075
ORD04771,C1619,R041,2026-09-11T17:57:00+00:00,delivered,V053,DRV111
ORD04772,C1393,R070,2026-09-18T19:54:00+00:00,picked_up,V044,DRV081
ORD04773,C1640,R075,2026-08-09T10:01:00+00:00,in_transit,V077,DRV045
ORD04774,C1494,R025,2026-08-13T23:46:00+00:00,picked_up,V073,DRV090
ORD04775,C0632,R002,2026-08-11T20:18:00+00:00,in_transit,V037,DRV012
ORD04776,C0942,R054,2026-09-05T00:36:00+00:00,delivered,V100,DRV042
ORD04777,C0003,R068,2026-09-14T22:18:00+00:00,delivered,V057,DRV018
ORD04778,C0274,R029,2026-08-20T15:01:00+00:00,in_transit,V071,DRV013
ORD04779,C0901,R074,2026-09-09T01:08:00+00:00,delivered,V062,DRV055
ORD04780,C1025,R003,2026-08-19T06:07:00+00:00,in_transit,V029,DRV038
ORD04781,C0413,R047,2026-09-08T07:25:00+00:00,delivered,V059,DRV082
ORD04782,C0794,R052,2026-08-30T20:19:00+00:00,delivered,V037,DRV108
ORD04783,C1846,R062,2026-08-04T04:40:00+00:00,delivered,V051,DRV105
ORD04784,C0024,R032,2026-08-08T01:26:00+00:00,delivered,V093,DRV077
ORD04785,C0988,R055,2026-09-20T02:07:00+00:00,in_transit,V064,DRV096
ORD04786,C0659,R067,2026-09-15T21:32:00+00:00,delivered,V016,DRV008
ORD04787,C1719,R013,2026-08-13T12:14:00+00:00,cancelled,V023,DRV055
ORD04788,C0134,R035,2026-09-15T05:36:00+00:00,delayed,V007,DRV088
ORD04789,C1204,R007,2026-08-29T00:11:00+00:00,delivered,V012,DRV100
ORD04790,C0105,R041,2026-09-12T13:11:00+00:00,delayed,V002,DRV006
ORD04791,C1312,R008,2026-08-04T07:13:00+00:00,delivered,V067,DRV065
ORD04792,C1160,R057,2026-08-22T05:10:00+00:00,in_transit,V094,DRV064
ORD04793,C2272,R074,2026-08-22T05:51:00+00:00,picked_up,V082,DRV005
ORD04794,C1549,R027,2026-08-10T23:24:00+00:00,in_transit,V041,DRV074
ORD04795,C1435,R068,2026-08-21T01:44:00+00:00,delivered,V026,DRV002
ORD04796,C1469,R070,2026-08-24T02:15:00+00:00,in_transit,V091,DRV023
ORD04797,C1448,R012,2026-09-23T04:43:00+00:00,in_transit,V026,DRV097
ORD04798,C0259,R074,2026-08-27T20:06:00+00:00,delivered,V074,DRV037
ORD04799,C2416,R073,2026-09-10T20:46:00+00:00,in_transit,V095,DRV106
ORD04800,C1716,R018,2026-08-23T16:06:00+00:00,in_transit,V091,DRV058
ORD04801,C0678,R056,2026-08-04T10:42:00+00:00,cancelled,V050,DRV107
ORD04802,C1927,R026,2026-08-29T07:14:00+00:00,delivered,V028,DRV073
ORD04803,C0797,R060,2026-08-27T03:22:00+00:00,delivered,V090,DRV084
ORD04804,C2329,R013,2026-09-16T13:45:00+00:00,delivered,V031,DRV021
ORD04805,C1565,R080,2026-09-10T20:52:00+00:00,delayed,V024,DRV050
ORD04806,C1266,R022,2026-08-01T11:03:00+00:00,delivered,V045,DRV120
ORD04807,C1925,R042,2026-08-11T20:21:00+00:00,delivered,V014,DRV010
ORD04808,C1853,R044,2026-09-10T01:09:00+00:00,picked_up,V052,DRV108
ORD04809,C2264,R076,2026-08-13T12:17:00+00:00,cancelled,V086,DRV072
ORD04810,C1310,R030,2026-08-06T13:32:00+00:00,picked_up,V068,DRV057
ORD04811,C0761,R005,2026-09-02T15:47:00+00:00,delivered,V097,DRV117
ORD04812,C2171,R027,2026-09-08T05:12:00+00:00,delivered,V057,DRV063
ORD04813,C0717,R077,2026-08-16T14:47:00+00:00,delivered,V077,DRV061
ORD04814,C2361,R044,2026-09-12T12:49:00+00:00,delivered,V052,DRV037
ORD04815,C1296,R034,2026-09-03T04:45:00+00:00,delivered,V096,DRV040
ORD04816,C1218,R046,2026-08-17T06:10:00+00:00,delivered,V093,DRV039
ORD04817,C0199,R018,2026-09-08T05:35:00+00:00,in_transit,V078,DRV074
ORD04818,C0460,R047,2026-08-10T15:07:00+00:00,delayed,V014,DRV105
ORD04819,C1411,R061,2026-08-23T18:45:00+00:00,delayed,V070,DRV111
ORD04820,C0152,R059,2026-09-09T02:28:00+00:00,delivered,V054,DRV064
ORD04821,C0829,R053,2026-09-18T12:49:00+00:00,delivered,V078,DRV070
ORD04822,C0248,R075,2026-08-21T10:08:00+00:00,delivered,V042,DRV090
ORD04823,C1226,R041,2026-09-16T11:55:00+00:00,cancelled,V007,DRV032
ORD04824,C2368,R026,2026-08-23T00:36:00+00:00,picked_up,V100,DRV070
ORD04825,C1852,R039,2026-09-02T18:40:00+00:00,delivered,V099,DRV042
ORD04826,C1928,R010,2026-08-29T21:55:00+00:00,picked_up,V044,DRV093
ORD04827,C0681,R025,2026-09-18T20:39:00+00:00,delivered,V082,DRV026
ORD04828,C1597,R060,2026-08-09T03:49:00+00:00,delivered,V086,DRV068
ORD04829,C1972,R049,2026-09-22T23:20:00+00:00,picked_up,V095,DRV033
ORD04830,C1412,R028,2026-09-12T20:31:00+00:00,delivered,V088,DRV072
ORD04831,C1693,R072,2026-09-10T11:16:00+00:00,delayed,V089,DRV024
ORD04832,C2343,R025,2026-08-12T07:30:00+00:00,delayed,V020,DRV023
ORD04833,C0004,R023,2026-08-21T11:03:00+00:00,delivered,V097,DRV090
ORD04834,C0389,R045,2026-08-23T01:31:00+00:00,in_transit,V033,DRV112
ORD04835,C0673,R044,2026-09-03T15:28:00+00:00,delivered,V070,DRV079
ORD04836,C0210,R068,2026-08-22T20:53:00+00:00,delivered,V099,DRV001
ORD04837,C0618,R052,2026-08-21T15:11:00+00:00,delivered,V021,DRV065
ORD04838,C1264,R025,2026-08-30T21:32:00+00:00,in_transit,V079,DRV002
ORD04839,C2064,R070,2026-09-04T19:15:00+00:00,delivered,V013,DRV055
ORD04840,C1502,R018,2026-08-09T11:03:00+00:00,delivered,V100,DRV095
ORD04841,C2197,R054,2026-08-16T20:30:00+00:00,picked_up,V053,DRV117
ORD04842,C2146,R038,2026-08-20T05:41:00+00:00,delivered,V050,DRV007
ORD04843,C1800,R003,2026-09-22T13:53:00+00:00,delivered,V047,DRV070
ORD04844,C1610,R077,2026-08-27T10:54:00+00:00,delivered,V086,DRV028
ORD04845,C1587,R051,2026-08-19T11:09:00+00:00,delivered,V071,DRV038
ORD04846,C0059,R061,2026-08-15T11:14:00+00:00,delayed,V020,DRV066
ORD04847,C1164,R052,2026-08-29T13:41:00+00:00,in_transit,V066,DRV106
ORD04848,C0982,R074,2026-08-08T11:17:00+00:00,in_transit,V056,DRV104
ORD04849,C0402,R029,2026-08-04T07:34:00+00:00,delivered,V013,DRV008
ORD04850,C2147,R031,2026-09-04T07:02:00+00:00,delivered,V097,DRV019
ORD04851,C2185,R041,2026-08-29T00:05:00+00:00,delivered,V097,DRV001
ORD04852,C0312,R079,2026-09-04T12:10:00+00:00,delivered,V074,DRV046
ORD04853,C0150,R001,2026-09-16T17:16:00+00:00,delivered,V055,DRV011
ORD04854,C0026,R006,2026-08-06T14:37:00+00:00,delivered,V050,DRV115
ORD04855,C1375,R076,2026-08-02T16:52:00+00:00,in_transit,V057,DRV034
ORD04856,C0550,R080,2026-08-10T18:51:00+00:00,picked_up,V093,DRV049
ORD04857,C2236,R010,2026-08-03T07:25:00+00:00,delivered,V081,DRV063
ORD04858,C0312,R061,2026-08-21T06:52:00+00:00,picked_up,V019,DRV117
ORD04859,C0867,R008,2026-08-17T06:35:00+00:00,picked_up,V036,DRV020
ORD04860,C0313,R035,2026-08-24T04:43:00+00:00,picked_up,V002,DRV059
ORD04861,C1536,R002,2026-09-12T06:41:00+00:00,delayed,V079,DRV067
ORD04862,C0125,R032,2026-08-03T12:08:00+00:00,cancelled,V082,DRV120
ORD04863,C0911,R057,2026-08-09T16:24:00+00:00,delivered,V044,DRV030
ORD04864,C1298,R064,2026-08-08T11:48:00+00:00,delivered,V074,DRV098
ORD04865,C0680,R009,2026-08-16T16:08:00+00:00,in_transit,V071,DRV089
ORD04866,C2249,R023,2026-08-15T07:28:00+00:00,delivered,V024,DRV065
ORD04867,C0569,R024,2026-08-05T09:34:00+00:00,delivered,V088,DRV046
ORD04868,C2488,R051,2026-09-20T00:32:00+00:00,delivered,V021,DRV054
ORD04869,C1955,R043,2026-08-05T06:03:00+00:00,picked_up,V098,DRV008
ORD04870,C0978,R036,2026-09-24T16:13:00+00:00,delivered,V077,DRV038
ORD04871,C1993,R022,2026-09-03T09:03:00+00:00,delivered,V097,DRV022
ORD04872,C0944,R051,2026-08-14T23:06:00+00:00,delayed,V031,DRV072
ORD04873,C1053,R007,2026-08-22T05:16:00+00:00,delivered,V051,DRV046
ORD04874,C1460,R075,2026-09-23T21:51:00+00:00,delivered,V094,DRV072
ORD04875,C0394,R029,2026-08-03T12:39:00+00:00,delivered,V082,DRV033
ORD04876,C0192,R053,2026-08-23T12:24:00+00:00,picked_up,V076,DRV084
ORD04877,C2094,R043,2026-08-06T09:58:00+00:00,delayed,V035,DRV120
ORD04878,C2282,R014,2026-08-31T12:43:00+00:00,in_transit,V041,DRV016
ORD04879,C0213,R060,2026-09-14T15:24:00+00:00,delivered,V008,DRV079
ORD04880,C2327,R037,2026-08-24T11:24:00+00:00,delivered,V089,DRV030
ORD04881,C0041,R061,2026-08-12T09:47:00+00:00,delivered,V033,DRV110
ORD04882,C2065,R033,2026-09-02T13:59:00+00:00,delivered,V087,DRV114
ORD04883,C0853,R051,2026-08-31T04:45:00+00:00,in_transit,V063,DRV097
ORD04884,C1813,R036,2026-09-24T14:09:00+00:00,delivered,V049,DRV001
ORD04885,C1925,R051,2026-09-04T13:42:00+00:00,delayed,V099,DRV038
ORD04886,C0791,R019,2026-08-01T19:03:00+00:00,in_transit,V070,DRV001
ORD04887,C0544,R077,2026-08-20T07:26:00+00:00,delivered,V020,DRV046
ORD04888,C0480,R040,2026-08-20T19:54:00+00:00,in_transit,V100,DRV047
ORD04889,C1979,R018,2026-09-06T05:24:00+00:00,in_transit,V091,DRV043
ORD04890,C0211,R017,2026-09-09T07:10:00+00:00,delivered,V038,DRV072
ORD04891,C1884,R055,2026-08-19T00:15:00+00:00,delivered,V067,DRV009
ORD04892,C1997,R034,2026-09-20T13:07:00+00:00,delivered,V044,DRV032
ORD04893,C0047,R021,2026-09-16T23:52:00+00:00,delivered,V079,DRV029
ORD04894,C1627,R046,2026-08-22T22:06:00+00:00,in_transit,V018,DRV095
ORD04895,C2290,R069,2026-09-01T15:58:00+00:00,delivered,V077,DRV104
ORD04896,C2468,R038,2026-08-03T22:52:00+00:00,delivered,V033,DRV080
ORD04897,C1842,R059,2026-08-31T03:30:00+00:00,delivered,V063,DRV026
ORD04898,C1709,R036,2026-09-23T18:10:00+00:00,cancelled,V006,DRV074
ORD04899,C1378,R009,2026-09-25T02:26:00+00:00,delivered,V050,DRV111
ORD04900,C0822,R030,2026-09-05T03:48:00+00:00,delivered,V005,DRV085
ORD04901,C2378,R044,2026-09-12T20:36:00+00:00,delivered,V052,DRV070
ORD04902,C2036,R067,2026-08-02T23:29:00+00:00,delivered,V015,DRV091
ORD04903,C0662,R080,2026-08-26T08:44:00+00:00,picked_up,V005,DRV061
ORD04904,C1739,R065,2026-09-11T14:26:00+00:00,in_transit,V009,DRV087
ORD04905,C1013,R041,2026-09-16T05:23:00+00:00,delivered,V030,DRV053
ORD04906,C2278,R016,2026-08-04T02:19:00+00:00,delivered,V043,DRV057
ORD04907,C0655,R015,2026-08-14T06:55:00+00:00,delivered,V062,DRV089
ORD04908,C2010,R019,2026-09-23T13:51:00+00:00,picked_up,V022,DRV109
ORD04909,C0263,R022,2026-08-24T16:21:00+00:00,in_transit,V087,DRV075
ORD04910,C2295,R068,2026-08-27T17:55:00+00:00,delivered,V090,DRV045
ORD04911,C1140,R025,2026-09-12T10:48:00+00:00,delayed,V008,DRV091
ORD04912,C2317,R054,2026-08-19T16:05:00+00:00,delivered,V042,DRV048
ORD04913,C1047,R003,2026-09-15T00:00:00+00:00,picked_up,V056,DRV097
ORD04914,C0243,R013,2026-08-25T19:02:00+00:00,delayed,V001,DRV001
ORD04915,C0504,R057,2026-09-03T16:34:00+00:00,delivered,V020,DRV031
ORD04916,C0651,R040,2026-08-04T20:23:00+00:00,delivered,V078,DRV063
ORD04917,C1353,R021,2026-08-17T04:50:00+00:00,delayed,V065,DRV085
ORD04918,C1989,R059,2026-08-19T20:19:00+00:00,delayed,V034,DRV076
ORD04919,C1684,R015,2026-09-24T11:25:00+00:00,delivered,V025,DRV104
ORD04920,C1891,R042,2026-08-26T05:26:00+00:00,delivered,V047,DRV066
ORD04921,C2405,R009,2026-08-06T12:41:00+00:00,picked_up,V042,DRV025
ORD04922,C2030,R076,2026-08-06T05:07:00+00:00,delayed,V089,DRV104
ORD04923,C0438,R072,2026-08-30T16:10:00+00:00,delivered,V052,DRV001
ORD04924,C1545,R029,2026-08-02T20:59:00+00:00,delivered,V021,DRV045
ORD04925,C1626,R038,2026-08-12T05:06:00+00:00,delivered,V013,DRV053
ORD04926,C0453,R046,2026-08-14T12:38:00+00:00,delivered,V001,DRV057
ORD04927,C1335,R074,2026-09-12T16:44:00+00:00,delivered,V056,DRV028
ORD04928,C2333,R038,2026-08-17T06:46:00+00:00,cancelled,V059,DRV021
ORD04929,C1668,R027,2026-09-16T18:33:00+00:00,delivered,V013,DRV063
ORD04930,C0590,R018,2026-08-16T10:36:00+00:00,picked_up,V057,DRV005
ORD04931,C0274,R032,2026-08-07T16:27:00+00:00,delivered,V030,DRV074
ORD04932,C1375,R040,2026-09-08T12:01:00+00:00,delivered,V062,DRV017
ORD04933,C0184,R037,2026-09-05T01:14:00+00:00,picked_up,V066,DRV021
ORD04934,C1438,R080,2026-08-02T23:51:00+00:00,delivered,V014,DRV041
ORD04935,C0121,R024,2026-09-05T23:00:00+00:00,picked_up,V031,DRV033
ORD04936,C0228,R012,2026-08-13T11:29:00+00:00,delivered,V099,DRV087
ORD04937,C0018,R057,2026-09-09T18:43:00+00:00,delivered,V042,DRV037
ORD04938,C1688,R023,2026-08-26T09:47:00+00:00,delivered,V084,DRV015
ORD04939,C1780,R043,2026-08-21T09:58:00+00:00,delayed,V065,DRV096
ORD04940,C2128,R071,2026-08-02T03:17:00+00:00,delivered,V009,DRV031
ORD04941,C1817,R058,2026-08-21T14:08:00+00:00,delivered,V029,DRV049
ORD04942,C0452,R046,2026-08-31T09:14:00+00:00,picked_up,V018,DRV053
ORD04943,C1497,R004,2026-09-10T07:11:00+00:00,delivered,V095,DRV045
ORD04944,C2303,R047,2026-08-15T09:53:00+00:00,in_transit,V048,DRV005
ORD04945,C0783,R064,2026-08-25T10:47:00+00:00,delivered,V017,DRV099
ORD04946,C1303,R075,2026-09-19T21:14:00+00:00,in_transit,V084,DRV023
ORD04947,C0144,R020,2026-09-06T12:00:00+00:00,delivered,V056,DRV004
ORD04948,C0358,R024,2026-08-31T16:05:00+00:00,in_transit,V009,DRV047
ORD04949,C1945,R058,2026-09-03T04:22:00+00:00,delivered,V075,DRV026
ORD04950,C0811,R043,2026-08-20T22:58:00+00:00,delivered,V023,DRV059
ORD04951,C2018,R043,2026-09-18T10:03:00+00:00,in_transit,V086,DRV009
ORD04952,C0366,R015,2026-08-19T03:16:00+00:00,picked_up,V054,DRV098
ORD04953,C1768,R049,2026-08-08T03:41:00+00:00,delivered,V090,DRV103
ORD04954,C1072,R020,2026-08-14T00:54:00+00:00,delivered,V087,DRV102
ORD04955,C1105,R066,2026-08-09T16:43:00+00:00,cancelled,V001,DRV014
ORD04956,C1117,R075,2026-09-10T08:16:00+00:00,delivered,V072,DRV069
ORD04957,C1238,R077,2026-08-23T22:14:00+00:00,delivered,V099,DRV102
ORD04958,C2464,R052,2026-09-17T00:36:00+00:00,delivered,V097,DRV119
ORD04959,C2220,R002,2026-09-17T11:25:00+00:00,picked_up,V042,DRV066
ORD04960,C0789,R066,2026-08-04T21:53:00+00:00,delivered,V035,DRV003
ORD04961,C0461,R004,2026-08-31T23:42:00+00:00,cancelled,V071,DRV108
ORD04962,C1770,R049,2026-08-21T04:37:00+00:00,delivered,V083,DRV067
ORD04963,C1684,R024,2026-08-10T19:06:00+00:00,delayed,V009,DRV013
ORD04964,C0308,R039,2026-09-08T03:17:00+00:00,delivered,V018,DRV082
ORD04965,C0591,R056,2026-09-10T20:25:00+00:00,picked_up,V100,DRV034
ORD04966,C0651,R045,2026-09-21T13:35:00+00:00,delivered,V025,DRV051
ORD04967,C1315,R035,2026-09-16T09:51:00+00:00,picked_up,V034,DRV075
ORD04968,C1003,R050,2026-08-01T12:28:00+00:00,picked_up,V020,DRV001
ORD04969,C2030,R034,2026-09-09T11:05:00+00:00,delivered,V088,DRV046
ORD04970,C0396,R051,2026-09-02T08:47:00+00:00,delivered,V066,DRV081
ORD04971,C0964,R037,2026-09-22T11:34:00+00:00,in_transit,V008,DRV039
ORD04972,C1580,R013,2026-09-06T07:16:00+00:00,delivered,V006,DRV068
ORD04973,C0521,R042,2026-08-18T09:47:00+00:00,delayed,V017,DRV099
ORD04974,C2004,R061,2026-08-14T14:47:00+00:00,cancelled,V094,DRV071
ORD04975,C2329,R013,2026-08-18T02:56:00+00:00,delivered,V028,DRV086
ORD04976,C2065,R063,2026-08-23T21:48:00+00:00,delivered,V051,DRV016
ORD04977,C0149,R065,2026-08-19T07:41:00+00:00,in_transit,V040,DRV114
ORD04978,C1941,R035,2026-08-26T13:47:00+00:00,picked_up,V087,DRV082
ORD04979,C1776,R070,2026-09-16T14:00:00+00:00,delivered,V023,DRV002
ORD04980,C2450,R049,2026-08-19T00:46:00+00:00,delivered,V086,DRV118
ORD04981,C1698,R059,2026-09-09T18:18:00+00:00,in_transit,V018,DRV031
ORD04982,C2181,R023,2026-09-12T21:15:00+00:00,delivered,V033,DRV016
ORD04983,C2298,R078,2026-09-01T09:20:00+00:00,cancelled,V082,DRV061
ORD04984,C0331,R018,2026-09-16T19:38:00+00:00,delivered,V059,DRV064
ORD04985,C1584,R017,2026-09-21T11:19:00+00:00,delivered,V003,DRV018
ORD04986,C1137,R059,2026-08-21T09:09:00+00:00,delayed,V086,DRV028
ORD04987,C0889,R037,2026-08-23T13:16:00+00:00,in_transit,V004,DRV096
ORD04988,C1749,R016,2026-09-18T07:27:00+00:00,delivered,V085,DRV096
ORD04989,C1053,R007,2026-09-08T20:11:00+00:00,delivered,V063,DRV096
ORD04990,C0252,R018,2026-08-05T20:17:00+00:00,delayed,V013,DRV011
ORD04991,C1919,R071,2026-08-22T01:40:00+00:00,delivered,V032,DRV095
ORD04992,C1949,R003,2026-08-08T21:14:00+00:00,in_transit,V058,DRV061
ORD04993,C1158,R029,2026-08-18T05:29:00+00:00,picked_up,V096,DRV120
ORD04994,C0549,R042,2026-08-20T09:33:00+00:00,in_transit,V079,DRV017
ORD04995,C1868,R047,2026-09-15T00:36:00+00:00,delivered,V099,DRV024
ORD04996,C0437,R047,2026-09-10T17:46:00+00:00,in_transit,V007,DRV022
ORD04997,C1266,R012,2026-08-10T06:27:00+00:00,picked_up,V037,DRV068
ORD04998,C1623,R030,2026-09-04T15:40:00+00:00,delivered,V030,DRV075
ORD04999,C1169,R065,2026-08-28T07:05:00+00:00,delivered,V003,DRV098
ORD05000,C2434,R076,2026-09-21T03:42:00+00:00,delivered,V085,DRV065
ORD05001,C1002,R061,2026-08-06T04:32:00+00:00,picked_up,V074,DRV090
ORD05002,C0616,R044,2026-08-23T02:40:00+00:00,delivered,V082,DRV007
ORD05003,C1943,R053,2026-08-08T12:37:00+00:00,picked_up,V092,DRV086
ORD05004,C2333,R057,2026-09-11T08:25:00+00:00,delivered,V009,DRV067
ORD05005,C1191,R054,2026-08-08T06:51:00+00:00,picked_up,V074,DRV042
ORD05006,C1795,R018,2026-08-06T23:25:00+00:00,delivered,V072,DRV043
ORD05007,C0876,R043,2026-08-05T21:49:00+00:00,delivered,V036,DRV059
ORD05008,C2070,R074,2026-09-08T14:59:00+00:00,delivered,V087,DRV026
ORD05009,C1904,R038,2026-09-21T06:45:00+00:00,picked_up,V064,DRV087
ORD05010,C0181,R071,2026-08-15T01:33:00+00:00,picked_up,V018,DRV003
ORD05011,C1671,R004,2026-08-10T01:06:00+00:00,delayed,V023,DRV065
ORD05012,C2001,R008,2026-09-06T02:38:00+00:00,delivered,V011,DRV042
ORD05013,C0176,R044,2026-08-10T23:21:00+00:00,delivered,V075,DRV099
ORD05014,C1087,R013,2026-08-02T10:22:00+00:00,in_transit,V002,DRV001
ORD05015,C1982,R062,2026-08-17T19:52:00+00:00,delivered,V085,DRV023
ORD05016,C1219,R051,2026-09-08T15:40:00+00:00,delivered,V085,DRV017
ORD05017,C0637,R045,2026-08-11T14:42:00+00:00,delivered,V076,DRV060
ORD05018,C0963,R024,2026-08-20T21:53:00+00:00,picked_up,V033,DRV027
ORD05019,C1983,R056,2026-09-12T09:04:00+00:00,delivered,V058,DRV088
ORD05020,C1372,R028,2026-08-24T00:29:00+00:00,picked_up,V017,DRV050
ORD05021,C2418,R007,2026-08-20T00:16:00+00:00,in_transit,V002,DRV039
ORD05022,C0747,R012,2026-08-24T09:54:00+00:00,delivered,V062,DRV010
ORD05023,C1083,R011,2026-09-22T15:18:00+00:00,in_transit,V062,DRV108
ORD05024,C1944,R053,2026-09-25T02:01:00+00:00,delayed,V086,DRV035
ORD05025,C0944,R059,2026-08-12T01:23:00+00:00,delayed,V022,DRV038
ORD05026,C0207,R055,2026-09-15T15:51:00+00:00,in_transit,V032,DRV101
ORD05027,C0592,R045,2026-08-19T02:40:00+00:00,delivered,V074,DRV048
ORD05028,C0848,R069,2026-09-10T16:39:00+00:00,delayed,V049,DRV063
ORD05029,C2045,R061,2026-09-21T02:06:00+00:00,delayed,V096,DRV008
ORD05030,C1582,R029,2026-09-24T07:40:00+00:00,delivered,V060,DRV108
ORD05031,C2497,R010,2026-08-17T19:09:00+00:00,in_transit,V012,DRV034
ORD05032,C0722,R052,2026-08-22T17:13:00+00:00,delivered,V074,DRV051
ORD05033,C0157,R051,2026-08-28T06:42:00+00:00,delivered,V075,DRV112
ORD05034,C0068,R078,2026-08-31T17:13:00+00:00,delivered,V052,DRV028
ORD05035,C0484,R051,2026-08-19T07:58:00+00:00,delivered,V092,DRV119
ORD05036,C1894,R010,2026-09-05T10:39:00+00:00,delivered,V058,DRV066
ORD05037,C1491,R065,2026-08-10T22:33:00+00:00,delivered,V095,DRV084
ORD05038,C0669,R032,2026-09-07T23:22:00+00:00,delivered,V021,DRV062
ORD05039,C0251,R070,2026-09-05T21:10:00+00:00,delivered,V061,DRV090
ORD05040,C0152,R039,2026-09-17T05:48:00+00:00,in_transit,V092,DRV099
ORD05041,C2464,R024,2026-09-23T13:40:00+00:00,picked_up,V050,DRV078
ORD05042,C0204,R038,2026-09-20T01:20:00+00:00,delivered,V062,DRV002
ORD05043,C0528,R032,2026-08-20T21:53:00+00:00,delayed,V014,DRV028
ORD05044,C0081,R074,2026-08-18T20:08:00+00:00,delivered,V034,DRV054
ORD05045,C0311,R032,2026-09-09T17:07:00+00:00,delayed,V069,DRV037
ORD05046,C0277,R062,2026-08-08T17:37:00+00:00,in_transit,V095,DRV078
ORD05047,C1695,R048,2026-08-06T19:21:00+00:00,delayed,V046,DRV102
ORD05048,C0636,R056,2026-09-03T07:04:00+00:00,delivered,V077,DRV021
ORD05049,C2009,R047,2026-08-12T20:10:00+00:00,in_transit,V042,DRV072
ORD05050,C0606,R025,2026-08-01T14:47:00+00:00,delayed,V020,DRV099
ORD05051,C1798,R029,2026-08-22T15:31:00+00:00,delivered,V019,DRV070
ORD05052,C1680,R048,2026-08-18T18:51:00+00:00,delivered,V077,DRV084
ORD05053,C2044,R021,2026-09-07T11:51:00+00:00,delivered,V040,DRV109
ORD05054,C0619,R036,2026-09-02T21:07:00+00:00,delivered,V059,DRV088
ORD05055,C0202,R002,2026-08-12T05:39:00+00:00,cancelled,V046,DRV093
ORD05056,C1437,R062,2026-08-29T19:28:00+00:00,delivered,V040,DRV105
ORD05057,C0044,R070,2026-08-11T04:23:00+00:00,in_transit,V041,DRV068
ORD05058,C2436,R072,2026-09-20T19:39:00+00:00,picked_up,V054,DRV063
ORD05059,C1830,R033,2026-09-15T15:39:00+00:00,delivered,V076,DRV028
ORD05060,C1354,R025,2026-09-05T01:53:00+00:00,delayed,V038,DRV050
ORD05061,C2352,R030,2026-08-28T12:21:00+00:00,picked_up,V057,DRV036
ORD05062,C1763,R026,2026-09-13T17:42:00+00:00,in_transit,V019,DRV020
ORD05063,C1987,R015,2026-08-07T21:27:00+00:00,delivered,V024,DRV028
ORD05064,C1324,R071,2026-09-15T11:39:00+00:00,delivered,V041,DRV007
ORD05065,C1035,R077,2026-08-27T13:50:00+00:00,delivered,V082,DRV001
ORD05066,C1750,R054,2026-08-03T11:51:00+00:00,in_transit,V083,DRV073
ORD05067,C1847,R010,2026-08-25T15:52:00+00:00,delivered,V076,DRV063
ORD05068,C1299,R049,2026-08-02T12:49:00+00:00,in_transit,V097,DRV095
ORD05069,C0950,R072,2026-08-09T15:31:00+00:00,delivered,V039,DRV063
ORD05070,C2160,R047,2026-08-19T19:31:00+00:00,in_transit,V083,DRV068
ORD05071,C1419,R058,2026-08-28T09:58:00+00:00,delivered,V077,DRV088
ORD05072,C2193,R015,2026-08-23T09:32:00+00:00,delivered,V081,DRV079
ORD05073,C1783,R034,2026-09-24T19:33:00+00:00,picked_up,V009,DRV118
ORD05074,C1953,R041,2026-08-17T16:27:00+00:00,delivered,V033,DRV062
ORD05075,C0911,R031,2026-09-10T01:11:00+00:00,in_transit,V011,DRV019
ORD05076,C0334,R059,2026-09-10T15:30:00+00:00,delivered,V010,DRV101
ORD05077,C0905,R048,2026-09-14T22:18:00+00:00,in_transit,V086,DRV069
ORD05078,C0245,R077,2026-08-04T19:57:00+00:00,in_transit,V004,DRV118
ORD05079,C1795,R002,2026-08-30T05:04:00+00:00,delivered,V095,DRV015
ORD05080,C2324,R042,2026-09-20T03:57:00+00:00,delivered,V005,DRV042
ORD05081,C1675,R029,2026-08-26T07:28:00+00:00,delivered,V024,DRV038
ORD05082,C0960,R061,2026-08-10T12:10:00+00:00,cancelled,V025,DRV079
ORD05083,C0798,R053,2026-08-31T18:23:00+00:00,delivered,V048,DRV113
ORD05084,C2219,R061,2026-08-29T14:21:00+00:00,picked_up,V075,DRV086
ORD05085,C0492,R051,2026-08-15T09:54:00+00:00,delivered,V094,DRV091
ORD05086,C1333,R068,2026-09-14T19:21:00+00:00,in_transit,V098,DRV081
ORD05087,C1905,R071,2026-08-14T11:57:00+00:00,delayed,V061,DRV025
ORD05088,C2380,R007,2026-09-23T15:19:00+00:00,picked_up,V059,DRV029
ORD05089,C2333,R050,2026-09-07T16:50:00+00:00,delivered,V064,DRV085
ORD05090,C1198,R042,2026-08-31T14:53:00+00:00,cancelled,V097,DRV008
ORD05091,C0644,R006,2026-09-10T10:13:00+00:00,delayed,V077,DRV052
ORD05092,C0605,R003,2026-09-10T08:32:00+00:00,in_transit,V091,DRV024
ORD05093,C1581,R019,2026-09-10T22:50:00+00:00,delivered,V045,DRV038
ORD05094,C1743,R043,2026-08-28T21:43:00+00:00,in_transit,V095,DRV045
ORD05095,C2258,R009,2026-09-11T22:48:00+00:00,delivered,V027,DRV075
ORD05096,C2418,R036,2026-08-29T22:23:00+00:00,in_transit,V092,DRV113
ORD05097,C1292,R065,2026-09-15T16:29:00+00:00,delivered,V064,DRV043
ORD05098,C1955,R001,2026-09-03T06:21:00+00:00,delivered,V051,DRV044
ORD05099,C1858,R067,2026-08-20T18:49:00+00:00,picked_up,V048,DRV005
ORD05100,C1702,R011,2026-08-18T11:22:00+00:00,picked_up,V053,DRV078
ORD05101,C2243,R009,2026-08-12T19:30:00+00:00,delivered,V041,DRV050
ORD05102,C2133,R058,2026-08-03T16:57:00+00:00,picked_up,V024,DRV062
ORD05103,C0638,R058,2026-09-21T21:03:00+00:00,picked_up,V072,DRV099
ORD05104,C0424,R074,2026-08-16T17:37:00+00:00,delivered,V029,DRV061
ORD05105,C2168,R001,2026-09-08T22:45:00+00:00,in_transit,V073,DRV005
ORD05106,C2056,R028,2026-08-04T03:18:00+00:00,delivered,V034,DRV088
ORD05107,C2195,R067,2026-08-12T10:10:00+00:00,delivered,V021,DRV026
ORD05108,C1970,R044,2026-09-07T19:47:00+00:00,delivered,V052,DRV061
ORD05109,C1340,R073,2026-09-02T12:18:00+00:00,delivered,V032,DRV095
ORD05110,C1811,R001,2026-08-30T04:31:00+00:00,picked_up,V097,DRV082
ORD05111,C0733,R017,2026-09-02T08:25:00+00:00,cancelled,V038,DRV006
ORD05112,C2215,R079,2026-09-15T20:31:00+00:00,delivered,V004,DRV081
ORD05113,C2064,R068,2026-09-10T20:55:00+00:00,delivered,V044,DRV063
ORD05114,C1181,R061,2026-08-14T15:09:00+00:00,delivered,V003,DRV020
ORD05115,C1241,R037,2026-08-08T21:55:00+00:00,delivered,V060,DRV095
ORD05116,C1754,R052,2026-09-04T13:36:00+00:00,delivered,V086,DRV016
ORD05117,C0947,R044,2026-09-03T12:17:00+00:00,in_transit,V056,DRV012
ORD05118,C0173,R036,2026-09-10T03:16:00+00:00,in_transit,V046,DRV006
ORD05119,C2406,R043,2026-09-20T07:46:00+00:00,delivered,V083,DRV071
ORD05120,C0153,R062,2026-08-03T06:29:00+00:00,delivered,V074,DRV080
ORD05121,C1427,R078,2026-08-29T01:22:00+00:00,in_transit,V043,DRV056
ORD05122,C1996,R051,2026-08-20T07:13:00+00:00,in_transit,V052,DRV038
ORD05123,C0399,R039,2026-09-03T05:28:00+00:00,delivered,V066,DRV118
ORD05124,C1216,R068,2026-08-21T04:56:00+00:00,delivered,V009,DRV101
ORD05125,C2489,R035,2026-09-07T02:05:00+00:00,delivered,V032,DRV086
ORD05126,C2248,R005,2026-08-24T16:33:00+00:00,delivered,V076,DRV117
ORD05127,C0679,R071,2026-09-19T15:14:00+00:00,delayed,V054,DRV064
ORD05128,C1793,R039,2026-08-01T23:33:00+00:00,in_transit,V049,DRV015
ORD05129,C2040,R075,2026-09-15T17:25:00+00:00,picked_up,V027,DRV010
ORD05130,C2298,R065,2026-08-11T14:22:00+00:00,picked_up,V053,DRV069
ORD05131,C1556,R003,2026-08-21T23:43:00+00:00,picked_up,V070,DRV038
ORD05132,C1034,R071,2026-08-09T21:04:00+00:00,delivered,V013,DRV049
ORD05133,C0949,R053,2026-09-05T02:51:00+00:00,cancelled,V048,DRV057
ORD05134,C1649,R045,2026-08-21T03:05:00+00:00,delivered,V017,DRV057
ORD05135,C2041,R023,2026-08-15T20:50:00+00:00,delayed,V075,DRV046
ORD05136,C2311,R036,2026-09-03T07:27:00+00:00,delivered,V008,DRV081
ORD05137,C1380,R060,2026-08-22T06:46:00+00:00,in_transit,V012,DRV098
ORD05138,C0338,R055,2026-08-04T11:26:00+00:00,picked_up,V023,DRV049
ORD05139,C1086,R058,2026-08-09T02:16:00+00:00,picked_up,V043,DRV005
ORD05140,C2049,R048,2026-08-17T22:52:00+00:00,delivered,V037,DRV045
ORD05141,C0354,R054,2026-09-24T07:50:00+00:00,delivered,V048,DRV033
ORD05142,C1987,R060,2026-09-20T22:43:00+00:00,delivered,V077,DRV065
ORD05143,C0788,R003,2026-09-25T01:40:00+00:00,delivered,V071,DRV104
ORD05144,C1280,R077,2026-09-05T18:56:00+00:00,picked_up,V095,DRV022
ORD05145,C0496,R054,2026-08-01T08:42:00+00:00,delayed,V063,DRV037
ORD05146,C0508,R034,2026-08-25T16:45:00+00:00,delivered,V022,DRV056
ORD05147,C1579,R025,2026-08-26T18:25:00+00:00,delivered,V046,DRV044
ORD05148,C0625,R026,2026-08-14T02:42:00+00:00,picked_up,V056,DRV093
ORD05149,C1412,R069,2026-08-24T08:14:00+00:00,picked_up,V089,DRV047
ORD05150,C1483,R074,2026-09-02T01:58:00+00:00,delivered,V017,DRV112
ORD05151,C0253,R044,2026-08-01T17:33:00+00:00,delivered,V070,DRV065
ORD05152,C1929,R068,2026-08-16T16:55:00+00:00,in_transit,V057,DRV021
ORD05153,C0756,R051,2026-08-18T05:33:00+00:00,delivered,V005,DRV089
ORD05154,C1666,R068,2026-08-10T18:49:00+00:00,delayed,V032,DRV020
ORD05155,C1839,R058,2026-08-23T17:07:00+00:00,delivered,V053,DRV017
ORD05156,C2076,R057,2026-08-27T14:25:00+00:00,delivered,V079,DRV043
ORD05157,C1876,R038,2026-09-05T03:51:00+00:00,delivered,V058,DRV082
ORD05158,C0795,R020,2026-09-22T09:51:00+00:00,delivered,V078,DRV079
ORD05159,C1652,R054,2026-09-14T16:26:00+00:00,delivered,V064,DRV021
ORD05160,C1354,R034,2026-09-25T01:08:00+00:00,cancelled,V001,DRV117
ORD05161,C0765,R055,2026-09-10T00:19:00+00:00,in_transit,V027,DRV098
ORD05162,C0846,R010,2026-09-06T04:32:00+00:00,delivered,V092,DRV092
ORD05163,C0169,R058,2026-09-24T10:24:00+00:00,delivered,V032,DRV039
ORD05164,C1307,R069,2026-08-21T05:40:00+00:00,delivered,V014,DRV084
ORD05165,C0047,R003,2026-08-10T16:20:00+00:00,delivered,V036,DRV070
ORD05166,C2446,R055,2026-08-13T09:55:00+00:00,delivered,V016,DRV112
ORD05167,C1449,R068,2026-09-03T09:15:00+00:00,cancelled,V010,DRV015
ORD05168,C1986,R073,2026-09-14T04:12:00+00:00,delivered,V013,DRV047
ORD05169,C1547,R012,2026-08-30T02:01:00+00:00,in_transit,V011,DRV003
ORD05170,C1557,R065,2026-09-08T09:46:00+00:00,picked_up,V031,DRV092
ORD05171,C0716,R038,2026-09-06T05:36:00+00:00,delivered,V019,DRV053
ORD05172,C1380,R064,2026-09-20T07:55:00+00:00,in_transit,V017,DRV019
ORD05173,C0407,R071,2026-08-14T10:41:00+00:00,picked_up,V055,DRV083
ORD05174,C1185,R006,2026-09-07T21:22:00+00:00,delivered,V008,DRV068
ORD05175,C0073,R042,2026-09-13T20:50:00+00:00,picked_up,V075,DRV064
ORD05176,C1957,R079,2026-09-17T19:16:00+00:00,delivered,V073,DRV079
ORD05177,C2185,R055,2026-09-18T10:29:00+00:00,delivered,V048,DRV007
ORD05178,C0672,R071,2026-08-09T12:45:00+00:00,delayed,V072,DRV120
ORD05179,C0221,R006,2026-09-10T11:19:00+00:00,cancelled,V061,DRV026
ORD05180,C0042,R036,2026-08-19T01:54:00+00:00,in_transit,V025,DRV080
ORD05181,C1603,R007,2026-09-01T03:48:00+00:00,picked_up,V095,DRV086
ORD05182,C1166,R006,2026-09-14T02:42:00+00:00,delivered,V023,DRV084
ORD05183,C2144,R066,2026-08-30T19:09:00+00:00,picked_up,V058,DRV080
ORD05184,C1353,R030,2026-08-16T09:45:00+00:00,delivered,V069,DRV016
ORD05185,C0716,R077,2026-08-20T00:11:00+00:00,delivered,V074,DRV059
ORD05186,C1020,R005,2026-08-11T08:13:00+00:00,delivered,V086,DRV110
ORD05187,C2200,R048,2026-08-27T17:15:00+00:00,delivered,V011,DRV065
ORD05188,C0236,R047,2026-09-24T19:51:00+00:00,delivered,V070,DRV007
ORD05189,C1756,R074,2026-08-16T22:02:00+00:00,delayed,V035,DRV097
ORD05190,C1436,R053,2026-09-24T15:35:00+00:00,picked_up,V031,DRV062
ORD05191,C1000,R047,2026-08-02T18:14:00+00:00,delivered,V044,DRV070
ORD05192,C1904,R005,2026-08-02T06:45:00+00:00,picked_up,V064,DRV096
ORD05193,C0594,R075,2026-08-05T23:58:00+00:00,delayed,V015,DRV057
ORD05194,C2050,R010,2026-08-21T16:42:00+00:00,delayed,V076,DRV091
ORD05195,C1723,R025,2026-08-20T05:56:00+00:00,delivered,V097,DRV048
ORD05196,C0127,R003,2026-08-11T13:53:00+00:00,delivered,V040,DRV052
ORD05197,C1781,R026,2026-08-20T02:17:00+00:00,delivered,V001,DRV109
ORD05198,C1589,R050,2026-08-06T02:17:00+00:00,in_transit,V027,DRV010
ORD05199,C0480,R050,2026-09-06T10:45:00+00:00,picked_up,V030,DRV030
ORD05200,C0432,R038,2026-08-05T19:27:00+00:00,picked_up,V020,DRV025
ORD05201,C2385,R061,2026-08-08T22:30:00+00:00,in_transit,V016,DRV078
ORD05202,C2473,R060,2026-08-23T22:04:00+00:00,delivered,V098,DRV015
ORD05203,C0024,R071,2026-08-07T20:22:00+00:00,in_transit,V091,DRV002
ORD05204,C1709,R057,2026-08-22T07:07:00+00:00,in_transit,V021,DRV103
ORD05205,C1481,R077,2026-09-03T16:34:00+00:00,delivered,V056,DRV031
ORD05206,C0761,R015,2026-08-22T23:49:00+00:00,in_transit,V004,DRV020
ORD05207,C1735,R013,2026-08-05T23:36:00+00:00,delivered,V042,DRV096
ORD05208,C1826,R038,2026-09-23T01:58:00+00:00,delivered,V025,DRV047
ORD05209,C1505,R037,2026-08-08T14:02:00+00:00,in_transit,V075,DRV006
ORD05210,C2032,R064,2026-08-31T21:25:00+00:00,delivered,V017,DRV092
ORD05211,C1903,R021,2026-09-05T21:55:00+00:00,cancelled,V041,DRV068
ORD05212,C0465,R071,2026-08-23T18:04:00+00:00,delivered,V014,DRV041
ORD05213,C1200,R034,2026-08-15T22:20:00+00:00,delayed,V015,DRV021
ORD05214,C0836,R040,2026-09-08T02:19:00+00:00,delivered,V010,DRV118
ORD05215,C1679,R061,2026-08-25T04:13:00+00:00,delivered,V001,DRV088
ORD05216,C0220,R042,2026-08-29T09:32:00+00:00,picked_up,V041,DRV084
ORD05217,C0372,R001,2026-08-18T16:30:00+00:00,delivered,V016,DRV084
ORD05218,C0151,R012,2026-09-12T01:53:00+00:00,delivered,V014,DRV027
ORD05219,C0371,R017,2026-09-11T04:45:00+00:00,delivered,V029,DRV110
ORD05220,C2405,R021,2026-08-03T20:40:00+00:00,picked_up,V041,DRV061
ORD05221,C0262,R055,2026-08-24T18:23:00+00:00,delivered,V009,DRV073
ORD05222,C1793,R017,2026-09-06T09:13:00+00:00,delayed,V091,DRV115
ORD05223,C1111,R010,2026-08-12T06:51:00+00:00,delivered,V036,DRV027
ORD05224,C1195,R009,2026-08-12T06:51:00+00:00,delivered,V061,DRV041
ORD05225,C0520,R019,2026-08-26T02:54:00+00:00,picked_up,V068,DRV019
ORD05226,C0325,R055,2026-08-27T22:16:00+00:00,delivered,V010,DRV102
ORD05227,C2448,R034,2026-09-06T14:15:00+00:00,delivered,V067,DRV104
ORD05228,C1602,R044,2026-08-14T16:32:00+00:00,delivered,V089,DRV055
ORD05229,C0772,R009,2026-09-15T04:36:00+00:00,delivered,V033,DRV042
ORD05230,C1762,R056,2026-08-25T15:35:00+00:00,in_transit,V041,DRV002
ORD05231,C0427,R037,2026-08-10T12:31:00+00:00,delivered,V028,DRV061
ORD05232,C0431,R038,2026-09-08T17:54:00+00:00,delayed,V031,DRV081
ORD05233,C1981,R070,2026-09-24T16:06:00+00:00,picked_up,V006,DRV082
ORD05234,C2284,R042,2026-09-11T07:59:00+00:00,delayed,V007,DRV015
ORD05235,C1140,R036,2026-08-10T19:46:00+00:00,in_transit,V042,DRV082
ORD05236,C0913,R040,2026-09-15T12:29:00+00:00,delivered,V035,DRV090
ORD05237,C1958,R078,2026-09-12T17:08:00+00:00,delivered,V098,DRV078
ORD05238,C1487,R055,2026-09-15T19:21:00+00:00,delayed,V020,DRV108
ORD05239,C2309,R062,2026-08-30T05:06:00+00:00,delivered,V001,DRV102
ORD05240,C1342,R003,2026-08-08T16:35:00+00:00,picked_up,V015,DRV067
ORD05241,C1469,R074,2026-09-10T20:10:00+00:00,delivered,V003,DRV095
ORD05242,C0134,R003,2026-08-30T23:16:00+00:00,delayed,V085,DRV046
ORD05243,C1831,R074,2026-08-15T00:38:00+00:00,delivered,V068,DRV035
ORD05244,C2484,R051,2026-09-16T02:07:00+00:00,delivered,V027,DRV095
ORD05245,C2445,R010,2026-09-08T22:21:00+00:00,picked_up,V013,DRV012
ORD05246,C0107,R005,2026-09-04T18:00:00+00:00,delivered,V063,DRV066
ORD05247,C0483,R065,2026-08-19T12:35:00+00:00,delivered,V016,DRV020
ORD05248,C0657,R043,2026-09-24T23:05:00+00:00,delivered,V071,DRV020
ORD05249,C0562,R011,2026-08-18T00:39:00+00:00,delivered,V063,DRV064
ORD05250,C1757,R028,2026-09-17T07:47:00+00:00,picked_up,V097,DRV115
ORD05251,C0777,R023,2026-09-12T01:04:00+00:00,in_transit,V034,DRV012
ORD05252,C2015,R064,2026-09-15T03:07:00+00:00,delivered,V026,DRV041
ORD05253,C1268,R033,2026-08-17T11:01:00+00:00,picked_up,V013,DRV087
ORD05254,C0977,R078,2026-08-24T04:43:00+00:00,delivered,V057,DRV077
ORD05255,C1178,R015,2026-09-03T17:24:00+00:00,in_transit,V059,DRV009
ORD05256,C1352,R007,2026-08-31T02:00:00+00:00,cancelled,V018,DRV085
ORD05257,C2243,R001,2026-09-22T12:20:00+00:00,delivered,V089,DRV109
ORD05258,C0747,R078,2026-08-21T13:40:00+00:00,delivered,V086,DRV101
ORD05259,C2133,R059,2026-09-23T07:28:00+00:00,delivered,V020,DRV029
ORD05260,C1314,R010,2026-08-12T16:30:00+00:00,in_transit,V011,DRV031
ORD05261,C0121,R010,2026-08-22T23:43:00+00:00,in_transit,V007,DRV014
ORD05262,C0730,R025,2026-09-04T01:42:00+00:00,picked_up,V087,DRV006
ORD05263,C1182,R074,2026-08-26T10:56:00+00:00,cancelled,V100,DRV105
ORD05264,C0935,R028,2026-08-13T18:47:00+00:00,picked_up,V017,DRV024
ORD05265,C1318,R072,2026-09-14T06:18:00+00:00,delayed,V068,DRV097
ORD05266,C1967,R074,2026-08-28T17:50:00+00:00,delivered,V014,DRV032
ORD05267,C1965,R046,2026-09-21T05:34:00+00:00,picked_up,V067,DRV027
ORD05268,C0762,R029,2026-08-11T05:44:00+00:00,delivered,V095,DRV071
ORD05269,C1829,R007,2026-09-17T00:14:00+00:00,delivered,V077,DRV027
ORD05270,C2226,R014,2026-08-22T05:52:00+00:00,delivered,V058,DRV108
ORD05271,C1010,R077,2026-09-19T14:10:00+00:00,in_transit,V099,DRV103
ORD05272,C0948,R057,2026-08-26T09:46:00+00:00,cancelled,V057,DRV114
ORD05273,C2355,R029,2026-08-20T03:17:00+00:00,delivered,V086,DRV033
ORD05274,C0128,R022,2026-08-29T01:24:00+00:00,picked_up,V041,DRV040
ORD05275,C1459,R002,2026-08-02T13:22:00+00:00,delivered,V030,DRV118
ORD05276,C1081,R065,2026-09-17T06:54:00+00:00,delivered,V027,DRV118
ORD05277,C0952,R066,2026-08-03T15:24:00+00:00,in_transit,V023,DRV073
ORD05278,C2267,R018,2026-09-18T18:44:00+00:00,delivered,V062,DRV076
ORD05279,C0288,R066,2026-09-14T10:18:00+00:00,delayed,V029,DRV060
ORD05280,C0137,R038,2026-08-10T07:41:00+00:00,delivered,V031,DRV028
ORD05281,C1645,R049,2026-09-07T12:20:00+00:00,delivered,V064,DRV008
ORD05282,C1765,R012,2026-08-10T03:42:00+00:00,in_transit,V009,DRV092
ORD05283,C2437,R076,2026-08-31T08:56:00+00:00,delivered,V029,DRV004
ORD05284,C0234,R027,2026-08-11T11:55:00+00:00,picked_up,V033,DRV088
ORD05285,C0881,R064,2026-08-08T05:28:00+00:00,cancelled,V002,DRV100
ORD05286,C0562,R028,2026-08-03T13:13:00+00:00,delivered,V069,DRV075
ORD05287,C0590,R037,2026-09-03T20:10:00+00:00,delivered,V006,DRV062
ORD05288,C0521,R024,2026-08-25T17:45:00+00:00,delivered,V089,DRV039
ORD05289,C1476,R072,2026-08-25T17:20:00+00:00,picked_up,V032,DRV019
ORD05290,C2482,R055,2026-08-30T22:30:00+00:00,picked_up,V074,DRV085
ORD05291,C0491,R029,2026-09-05T01:59:00+00:00,picked_up,V057,DRV080
ORD05292,C0141,R058,2026-08-15T14:49:00+00:00,picked_up,V096,DRV094
ORD05293,C1315,R071,2026-08-03T02:24:00+00:00,picked_up,V041,DRV090
ORD05294,C1078,R013,2026-09-21T20:44:00+00:00,in_transit,V054,DRV070
ORD05295,C2207,R056,2026-08-30T18:58:00+00:00,cancelled,V058,DRV096
ORD05296,C1067,R034,2026-08-27T20:23:00+00:00,cancelled,V005,DRV041
ORD05297,C1335,R047,2026-08-08T21:49:00+00:00,cancelled,V048,DRV119
ORD05298,C0480,R036,2026-08-02T01:06:00+00:00,in_transit,V023,DRV007
ORD05299,C0995,R064,2026-08-29T19:16:00+00:00,in_transit,V077,DRV087
ORD05300,C1242,R010,2026-08-21T10:32:00+00:00,picked_up,V081,DRV011
ORD05301,C2339,R069,2026-08-05T19:18:00+00:00,delivered,V062,DRV003
ORD05302,C0023,R035,2026-09-09T11:55:00+00:00,delivered,V067,DRV033
ORD05303,C1689,R006,2026-08-27T20:43:00+00:00,delivered,V038,DRV092
ORD05304,C2194,R033,2026-09-12T05:40:00+00:00,delivered,V028,DRV038
ORD05305,C2260,R022,2026-09-02T23:10:00+00:00,delivered,V037,DRV115
ORD05306,C0248,R051,2026-09-08T17:52:00+00:00,delivered,V057,DRV055
ORD05307,C0325,R068,2026-08-04T15:50:00+00:00,in_transit,V078,DRV043
ORD05308,C1574,R015,2026-08-16T16:30:00+00:00,in_transit,V014,DRV102
ORD05309,C2319,R048,2026-08-06T14:21:00+00:00,in_transit,V016,DRV048
ORD05310,C1799,R003,2026-08-29T02:47:00+00:00,delivered,V044,DRV003
ORD05311,C1971,R033,2026-08-07T16:18:00+00:00,in_transit,V088,DRV036
ORD05312,C0164,R050,2026-08-18T06:54:00+00:00,picked_up,V013,DRV081
ORD05313,C0238,R032,2026-08-12T03:51:00+00:00,in_transit,V052,DRV061
ORD05314,C1199,R040,2026-09-04T07:57:00+00:00,delivered,V066,DRV033
ORD05315,C2069,R076,2026-09-08T06:31:00+00:00,delivered,V098,DRV083
ORD05316,C0759,R040,2026-08-08T16:48:00+00:00,picked_up,V070,DRV030
ORD05317,C1143,R031,2026-09-10T14:44:00+00:00,in_transit,V035,DRV096
ORD05318,C2354,R021,2026-09-22T16:47:00+00:00,delivered,V092,DRV042
ORD05319,C0082,R039,2026-09-18T07:10:00+00:00,picked_up,V074,DRV040
ORD05320,C2230,R040,2026-09-05T02:50:00+00:00,delivered,V098,DRV111
ORD05321,C2296,R031,2026-09-23T00:04:00+00:00,delivered,V096,DRV038
ORD05322,C1956,R003,2026-09-13T13:26:00+00:00,delayed,V062,DRV051
ORD05323,C0186,R074,2026-09-12T22:15:00+00:00,picked_up,V058,DRV068
ORD05324,C2204,R036,2026-08-14T15:57:00+00:00,delivered,V073,DRV013
ORD05325,C1256,R055,2026-08-12T17:30:00+00:00,picked_up,V074,DRV058
ORD05326,C0235,R059,2026-09-09T10:18:00+00:00,delivered,V052,DRV097
ORD05327,C1559,R016,2026-09-24T20:39:00+00:00,delivered,V047,DRV021
ORD05328,C0464,R044,2026-09-22T16:44:00+00:00,in_transit,V079,DRV027
ORD05329,C1455,R075,2026-09-15T08:20:00+00:00,picked_up,V002,DRV068
ORD05330,C1787,R041,2026-09-22T11:00:00+00:00,delivered,V081,DRV048
ORD05331,C1137,R054,2026-09-14T07:54:00+00:00,delivered,V039,DRV110
ORD05332,C1845,R062,2026-08-11T07:10:00+00:00,delivered,V046,DRV104
ORD05333,C0351,R018,2026-09-03T09:35:00+00:00,cancelled,V096,DRV003
ORD05334,C2205,R037,2026-08-24T10:49:00+00:00,in_transit,V005,DRV082
ORD05335,C2010,R042,2026-08-13T03:42:00+00:00,delivered,V081,DRV028
ORD05336,C1940,R071,2026-08-25T15:53:00+00:00,delivered,V094,DRV044
ORD05337,C0753,R027,2026-08-23T01:28:00+00:00,picked_up,V089,DRV035
ORD05338,C0041,R004,2026-09-21T15:29:00+00:00,picked_up,V028,DRV100
ORD05339,C0586,R061,2026-09-12T23:51:00+00:00,delivered,V081,DRV091
ORD05340,C0247,R074,2026-08-30T21:22:00+00:00,in_transit,V072,DRV064
ORD05341,C1736,R055,2026-09-06T17:32:00+00:00,delivered,V053,DRV119
ORD05342,C2216,R024,2026-09-12T09:20:00+00:00,delivered,V040,DRV034
ORD05343,C0232,R077,2026-08-27T04:28:00+00:00,delivered,V047,DRV006
ORD05344,C2031,R051,2026-08-10T12:53:00+00:00,delivered,V029,DRV062
ORD05345,C1180,R033,2026-08-13T18:11:00+00:00,delivered,V014,DRV054
ORD05346,C2384,R015,2026-09-05T14:39:00+00:00,delivered,V088,DRV055
ORD05347,C0148,R061,2026-08-16T20:49:00+00:00,delivered,V023,DRV045
ORD05348,C2172,R078,2026-08-07T18:49:00+00:00,delivered,V079,DRV061
ORD05349,C0189,R080,2026-09-16T10:12:00+00:00,delivered,V007,DRV062
ORD05350,C2374,R009,2026-08-18T22:32:00+00:00,delivered,V096,DRV040
ORD05351,C1771,R027,2026-09-13T19:31:00+00:00,delivered,V023,DRV107
ORD05352,C1554,R080,2026-08-26T18:29:00+00:00,delivered,V001,DRV012
ORD05353,C2345,R079,2026-08-11T20:41:00+00:00,delivered,V089,DRV023
ORD05354,C0638,R034,2026-08-04T18:48:00+00:00,delivered,V014,DRV070
ORD05355,C1430,R013,2026-08-25T00:27:00+00:00,delivered,V046,DRV076
ORD05356,C0244,R019,2026-08-03T15:56:00+00:00,picked_up,V030,DRV073
ORD05357,C1040,R050,2026-09-09T10:15:00+00:00,in_transit,V083,DRV075
ORD05358,C0852,R074,2026-08-27T14:32:00+00:00,picked_up,V072,DRV087
ORD05359,C0993,R037,2026-08-15T16:09:00+00:00,delivered,V039,DRV050
ORD05360,C1330,R031,2026-08-28T22:44:00+00:00,in_transit,V081,DRV100
ORD05361,C0560,R002,2026-08-17T09:07:00+00:00,picked_up,V061,DRV102
ORD05362,C1466,R074,2026-08-19T15:32:00+00:00,picked_up,V052,DRV021
ORD05363,C2484,R046,2026-08-19T02:13:00+00:00,delivered,V057,DRV080
ORD05364,C1617,R040,2026-09-16T17:02:00+00:00,delivered,V060,DRV019
ORD05365,C2333,R076,2026-08-23T00:36:00+00:00,delayed,V086,DRV068
ORD05366,C0679,R011,2026-08-16T19:28:00+00:00,picked_up,V056,DRV057
ORD05367,C0342,R033,2026-09-15T08:46:00+00:00,delayed,V050,DRV118
ORD05368,C1545,R003,2026-09-10T11:59:00+00:00,delivered,V022,DRV077
ORD05369,C0903,R024,2026-08-26T16:45:00+00:00,delivered,V041,DRV063
ORD05370,C1081,R066,2026-08-05T15:03:00+00:00,delivered,V037,DRV003
ORD05371,C1147,R059,2026-08-10T10:18:00+00:00,in_transit,V018,DRV077
ORD05372,C1493,R059,2026-08-06T07:19:00+00:00,cancelled,V024,DRV055
ORD05373,C1465,R013,2026-08-27T15:22:00+00:00,in_transit,V029,DRV103
ORD05374,C0259,R011,2026-09-23T01:46:00+00:00,delivered,V027,DRV116
ORD05375,C1815,R015,2026-08-30T12:55:00+00:00,delivered,V048,DRV051
ORD05376,C0269,R029,2026-09-13T15:01:00+00:00,delivered,V006,DRV093
ORD05377,C1700,R073,2026-08-18T09:15:00+00:00,delivered,V058,DRV047
ORD05378,C1824,R030,2026-08-01T17:26:00+00:00,delivered,V014,DRV091
ORD05379,C0182,R028,2026-08-22T13:06:00+00:00,picked_up,V062,DRV104
ORD05380,C0315,R013,2026-08-27T10:20:00+00:00,in_transit,V053,DRV021
ORD05381,C0855,R034,2026-08-02T13:58:00+00:00,cancelled,V054,DRV010
ORD05382,C0701,R035,2026-09-24T04:04:00+00:00,delivered,V052,DRV007
ORD05383,C1134,R035,2026-08-23T21:55:00+00:00,delivered,V093,DRV006
ORD05384,C0134,R009,2026-09-20T20:21:00+00:00,delayed,V004,DRV101
ORD05385,C0287,R007,2026-08-08T14:48:00+00:00,picked_up,V096,DRV032
ORD05386,C1664,R042,2026-09-07T02:15:00+00:00,delivered,V020,DRV062
ORD05387,C1341,R064,2026-09-14T05:51:00+00:00,in_transit,V054,DRV007
ORD05388,C0034,R043,2026-09-04T08:30:00+00:00,delivered,V061,DRV045
ORD05389,C0234,R023,2026-08-29T08:24:00+00:00,delivered,V034,DRV097
ORD05390,C2016,R034,2026-09-15T16:23:00+00:00,delivered,V015,DRV100
ORD05391,C0448,R014,2026-09-17T05:48:00+00:00,delivered,V100,DRV064
ORD05392,C0228,R072,2026-09-20T23:01:00+00:00,picked_up,V013,DRV049
ORD05393,C1353,R003,2026-08-08T01:00:00+00:00,in_transit,V086,DRV101
ORD05394,C2247,R006,2026-09-20T20:02:00+00:00,delivered,V063,DRV095
ORD05395,C1225,R006,2026-08-25T00:53:00+00:00,delivered,V038,DRV012
ORD05396,C2023,R080,2026-08-24T18:08:00+00:00,delayed,V096,DRV052
ORD05397,C1346,R069,2026-08-06T14:09:00+00:00,in_transit,V006,DRV009
ORD05398,C0725,R057,2026-09-16T18:17:00+00:00,in_transit,V099,DRV113
ORD05399,C0258,R033,2026-09-10T14:43:00+00:00,delivered,V019,DRV033
ORD05400,C1566,R065,2026-08-11T15:41:00+00:00,delivered,V001,DRV057
ORD05401,C1085,R002,2026-08-05T02:56:00+00:00,delivered,V010,DRV116
ORD05402,C0925,R047,2026-09-22T16:43:00+00:00,delivered,V086,DRV120
ORD05403,C0498,R053,2026-08-10T17:32:00+00:00,in_transit,V041,DRV033
ORD05404,C0057,R042,2026-08-04T11:55:00+00:00,delivered,V064,DRV056
ORD05405,C0025,R045,2026-08-11T03:00:00+00:00,delayed,V069,DRV113
ORD05406,C1507,R061,2026-09-20T13:11:00+00:00,delivered,V065,DRV037
ORD05407,C1980,R056,2026-08-10T13:05:00+00:00,delivered,V055,DRV118
ORD05408,C2475,R056,2026-09-09T00:47:00+00:00,delivered,V089,DRV012
ORD05409,C0841,R071,2026-08-22T04:51:00+00:00,delivered,V016,DRV034
ORD05410,C0724,R076,2026-08-14T21:48:00+00:00,delivered,V021,DRV058
ORD05411,C1900,R063,2026-09-18T19:16:00+00:00,delivered,V055,DRV107
ORD05412,C0185,R068,2026-09-22T14:28:00+00:00,delivered,V088,DRV099
ORD05413,C1602,R075,2026-08-25T09:34:00+00:00,picked_up,V089,DRV060
ORD05414,C0529,R023,2026-08-16T02:05:00+00:00,delivered,V052,DRV103
ORD05415,C2292,R028,2026-09-07T19:31:00+00:00,delivered,V002,DRV111
ORD05416,C0287,R046,2026-09-14T20:32:00+00:00,picked_up,V005,DRV102
ORD05417,C0987,R022,2026-08-05T11:54:00+00:00,delayed,V051,DRV092
ORD05418,C0433,R029,2026-09-03T23:21:00+00:00,picked_up,V080,DRV046
ORD05419,C1785,R051,2026-09-10T01:20:00+00:00,picked_up,V097,DRV010
ORD05420,C1625,R074,2026-09-07T01:01:00+00:00,picked_up,V045,DRV070
ORD05421,C1539,R007,2026-08-13T06:54:00+00:00,delayed,V032,DRV111
ORD05422,C1131,R019,2026-08-06T16:13:00+00:00,in_transit,V023,DRV042
ORD05423,C1799,R071,2026-08-02T23:33:00+00:00,delivered,V035,DRV003
ORD05424,C0820,R072,2026-09-15T11:08:00+00:00,picked_up,V069,DRV118
ORD05425,C1322,R008,2026-08-05T18:24:00+00:00,in_transit,V056,DRV050
ORD05426,C2309,R037,2026-08-23T00:51:00+00:00,picked_up,V097,DRV104
ORD05427,C1283,R001,2026-08-26T08:38:00+00:00,delivered,V029,DRV090
ORD05428,C2316,R069,2026-09-15T07:27:00+00:00,picked_up,V050,DRV036
ORD05429,C0209,R048,2026-08-01T15:02:00+00:00,delivered,V060,DRV114
ORD05430,C2002,R032,2026-08-06T06:57:00+00:00,delivered,V002,DRV017
ORD05431,C0018,R059,2026-09-08T18:33:00+00:00,delivered,V015,DRV025
ORD05432,C1343,R007,2026-08-11T23:17:00+00:00,picked_up,V070,DRV119
ORD05433,C0001,R039,2026-09-14T00:31:00+00:00,delivered,V070,DRV066
ORD05434,C0675,R063,2026-08-29T03:09:00+00:00,delivered,V021,DRV066
ORD05435,C0054,R057,2026-08-16T01:43:00+00:00,delivered,V029,DRV024
ORD05436,C0230,R069,2026-09-02T21:45:00+00:00,delivered,V048,DRV115
ORD05437,C1793,R043,2026-08-15T11:45:00+00:00,delivered,V011,DRV012
ORD05438,C0494,R002,2026-09-03T00:36:00+00:00,delivered,V080,DRV096
ORD05439,C1186,R066,2026-08-03T07:09:00+00:00,delivered,V012,DRV106
ORD05440,C0171,R003,2026-08-01T10:09:00+00:00,delivered,V081,DRV119
ORD05441,C0872,R009,2026-08-31T06:08:00+00:00,delivered,V078,DRV118
ORD05442,C1568,R061,2026-09-07T04:28:00+00:00,delayed,V019,DRV101
ORD05443,C0173,R029,2026-09-16T14:10:00+00:00,delivered,V079,DRV026
ORD05444,C1504,R023,2026-08-19T17:09:00+00:00,in_transit,V049,DRV007
ORD05445,C0505,R053,2026-08-05T05:35:00+00:00,delivered,V020,DRV039
ORD05446,C1282,R027,2026-08-28T02:18:00+00:00,in_transit,V018,DRV083
ORD05447,C0777,R029,2026-09-09T08:19:00+00:00,delivered,V037,DRV112
ORD05448,C0345,R027,2026-09-09T01:17:00+00:00,delivered,V089,DRV025
ORD05449,C0481,R077,2026-08-26T15:26:00+00:00,delivered,V054,DRV071
ORD05450,C1203,R070,2026-09-23T07:01:00+00:00,delivered,V014,DRV118
ORD05451,C1962,R014,2026-09-18T19:01:00+00:00,delivered,V071,DRV075
ORD05452,C0638,R031,2026-08-05T07:49:00+00:00,delivered,V002,DRV036
ORD05453,C0425,R029,2026-09-17T07:56:00+00:00,delivered,V098,DRV031
ORD05454,C0629,R019,2026-08-30T17:37:00+00:00,delivered,V093,DRV092
ORD05455,C2238,R034,2026-08-01T17:02:00+00:00,delivered,V040,DRV032
ORD05456,C2047,R055,2026-09-16T23:17:00+00:00,delivered,V006,DRV104
ORD05457,C2074,R006,2026-08-15T18:15:00+00:00,delivered,V062,DRV094
ORD05458,C1989,R026,2026-09-07T17:19:00+00:00,delivered,V046,DRV027
ORD05459,C0778,R008,2026-09-20T12:59:00+00:00,delayed,V019,DRV026
ORD05460,C0696,R059,2026-08-03T19:47:00+00:00,delivered,V075,DRV070
ORD05461,C0407,R064,2026-08-05T18:09:00+00:00,in_transit,V060,DRV047
ORD05462,C1696,R014,2026-08-01T09:17:00+00:00,in_transit,V085,DRV081
ORD05463,C2071,R059,2026-09-18T01:26:00+00:00,picked_up,V088,DRV023
ORD05464,C1635,R070,2026-09-22T07:09:00+00:00,delivered,V002,DRV049
ORD05465,C0670,R063,2026-09-23T16:23:00+00:00,delivered,V094,DRV111
ORD05466,C0096,R070,2026-08-25T10:00:00+00:00,delivered,V065,DRV119
ORD05467,C1170,R010,2026-09-10T23:44:00+00:00,in_transit,V021,DRV081
ORD05468,C0889,R079,2026-09-11T14:41:00+00:00,cancelled,V057,DRV002
ORD05469,C0018,R072,2026-08-06T19:46:00+00:00,delivered,V034,DRV072
ORD05470,C0183,R033,2026-09-18T10:24:00+00:00,cancelled,V071,DRV074
ORD05471,C1545,R032,2026-08-18T16:56:00+00:00,delivered,V041,DRV070
ORD05472,C0288,R018,2026-09-05T06:10:00+00:00,delivered,V013,DRV028
ORD05473,C2482,R055,2026-09-07T23:25:00+00:00,delivered,V041,DRV119
ORD05474,C2277,R039,2026-08-21T07:01:00+00:00,in_transit,V068,DRV064
ORD05475,C1370,R057,2026-09-17T19:34:00+00:00,delivered,V083,DRV100
ORD05476,C2034,R014,2026-08-12T13:45:00+00:00,delivered,V068,DRV068
ORD05477,C2214,R011,2026-08-31T10:25:00+00:00,delayed,V041,DRV063
ORD05478,C0685,R057,2026-08-19T07:17:00+00:00,delayed,V037,DRV105
ORD05479,C2434,R044,2026-09-05T10:02:00+00:00,cancelled,V035,DRV062
ORD05480,C0652,R032,2026-08-19T01:36:00+00:00,picked_up,V064,DRV070
ORD05481,C1674,R005,2026-09-02T05:05:00+00:00,in_transit,V079,DRV062
ORD05482,C1805,R005,2026-09-18T04:14:00+00:00,delivered,V002,DRV118
ORD05483,C1840,R033,2026-08-02T08:51:00+00:00,delayed,V043,DRV057
ORD05484,C1990,R050,2026-08-13T18:54:00+00:00,delivered,V079,DRV090
ORD05485,C1232,R044,2026-08-12T11:33:00+00:00,delivered,V044,DRV085
ORD05486,C0715,R043,2026-09-21T06:26:00+00:00,delayed,V052,DRV059
ORD05487,C1721,R078,2026-08-06T04:32:00+00:00,cancelled,V021,DRV018
ORD05488,C1288,R035,2026-08-05T02:22:00+00:00,delivered,V004,DRV013
ORD05489,C0956,R030,2026-09-17T05:06:00+00:00,delivered,V092,DRV119
ORD05490,C0832,R068,2026-08-21T01:40:00+00:00,cancelled,V079,DRV018
ORD05491,C2053,R020,2026-09-02T18:43:00+00:00,in_transit,V033,DRV055
ORD05492,C0929,R073,2026-09-07T16:27:00+00:00,picked_up,V012,DRV008
ORD05493,C2292,R048,2026-09-15T09:37:00+00:00,delivered,V071,DRV007
ORD05494,C0660,R063,2026-08-08T09:16:00+00:00,delayed,V099,DRV075
ORD05495,C1634,R062,2026-08-22T03:25:00+00:00,in_transit,V001,DRV083
ORD05496,C1169,R010,2026-08-14T16:47:00+00:00,picked_up,V053,DRV111
ORD05497,C2478,R005,2026-09-23T08:01:00+00:00,delayed,V010,DRV037
ORD05498,C1607,R011,2026-08-01T17:39:00+00:00,delivered,V014,DRV056
ORD05499,C1019,R076,2026-08-30T10:50:00+00:00,delivered,V040,DRV120
ORD05500,C1639,R013,2026-09-13T06:33:00+00:00,picked_up,V035,DRV110
ORD05501,C0641,R063,2026-08-28T04:01:00+00:00,picked_up,V084,DRV089
ORD05502,C2253,R041,2026-08-17T15:49:00+00:00,picked_up,V017,DRV044
ORD05503,C0447,R008,2026-09-15T14:29:00+00:00,delayed,V026,DRV021
ORD05504,C1833,R048,2026-09-06T10:45:00+00:00,in_transit,V014,DRV006
ORD05505,C0484,R069,2026-09-06T23:33:00+00:00,delayed,V009,DRV111
ORD05506,C0138,R028,2026-08-24T01:14:00+00:00,delivered,V019,DRV046
ORD05507,C1054,R035,2026-08-17T03:37:00+00:00,delivered,V059,DRV054
ORD05508,C0575,R074,2026-08-29T02:12:00+00:00,delayed,V053,DRV044
ORD05509,C2009,R008,2026-08-30T05:46:00+00:00,cancelled,V037,DRV064
ORD05510,C2348,R011,2026-09-07T14:08:00+00:00,delivered,V066,DRV048
ORD05511,C2456,R071,2026-09-19T03:06:00+00:00,delayed,V044,DRV046
ORD05512,C1411,R073,2026-08-18T04:39:00+00:00,delivered,V093,DRV009
ORD05513,C0406,R068,2026-08-16T03:55:00+00:00,delayed,V007,DRV104
ORD05514,C0549,R030,2026-08-03T01:41:00+00:00,picked_up,V032,DRV081
ORD05515,C0934,R036,2026-08-27T22:13:00+00:00,in_transit,V037,DRV030
ORD05516,C2044,R040,2026-09-01T12:55:00+00:00,in_transit,V068,DRV055
ORD05517,C1612,R038,2026-09-13T03:09:00+00:00,picked_up,V017,DRV034
ORD05518,C2089,R062,2026-08-14T18:58:00+00:00,delayed,V095,DRV104
ORD05519,C1846,R038,2026-08-10T09:53:00+00:00,in_transit,V002,DRV053
ORD05520,C1195,R005,2026-09-24T09:09:00+00:00,in_transit,V072,DRV038
ORD05521,C1554,R066,2026-08-16T03:29:00+00:00,in_transit,V032,DRV009
ORD05522,C2073,R016,2026-08-12T20:48:00+00:00,delivered,V055,DRV046
ORD05523,C1165,R061,2026-08-05T15:15:00+00:00,cancelled,V099,DRV024
ORD05524,C0363,R044,2026-09-03T06:24:00+00:00,delivered,V074,DRV073
ORD05525,C1552,R034,2026-08-21T23:06:00+00:00,delivered,V045,DRV115
ORD05526,C0229,R019,2026-08-21T11:47:00+00:00,delivered,V034,DRV036
ORD05527,C0292,R066,2026-08-02T22:42:00+00:00,delivered,V084,DRV028
ORD05528,C1104,R043,2026-08-27T18:24:00+00:00,delivered,V058,DRV070
ORD05529,C0506,R003,2026-09-13T02:26:00+00:00,delivered,V089,DRV094
ORD05530,C1612,R021,2026-08-07T19:32:00+00:00,in_transit,V010,DRV024
ORD05531,C1309,R020,2026-08-09T17:43:00+00:00,cancelled,V066,DRV011
ORD05532,C1903,R064,2026-09-20T14:02:00+00:00,delivered,V028,DRV099
ORD05533,C0103,R063,2026-08-06T11:07:00+00:00,delivered,V004,DRV057
ORD05534,C0891,R003,2026-09-06T16:53:00+00:00,picked_up,V050,DRV086
ORD05535,C0829,R052,2026-08-17T09:32:00+00:00,picked_up,V092,DRV085
ORD05536,C2484,R043,2026-09-11T06:47:00+00:00,delivered,V099,DRV064
ORD05537,C0990,R063,2026-08-04T20:05:00+00:00,delivered,V080,DRV102
ORD05538,C0782,R067,2026-09-15T14:00:00+00:00,delivered,V043,DRV021
ORD05539,C1483,R050,2026-09-21T14:55:00+00:00,picked_up,V067,DRV039
ORD05540,C1485,R014,2026-09-23T13:14:00+00:00,delivered,V029,DRV065
ORD05541,C2477,R020,2026-09-18T00:49:00+00:00,delivered,V019,DRV096
ORD05542,C2365,R054,2026-09-02T04:09:00+00:00,delivered,V078,DRV093
ORD05543,C2024,R062,2026-08-26T22:07:00+00:00,delivered,V070,DRV107
ORD05544,C1827,R043,2026-08-21T11:45:00+00:00,delivered,V027,DRV010
ORD05545,C1569,R028,2026-08-28T05:55:00+00:00,picked_up,V043,DRV115
ORD05546,C0208,R055,2026-08-09T16:58:00+00:00,picked_up,V049,DRV047
ORD05547,C2165,R003,2026-08-03T00:55:00+00:00,delayed,V022,DRV064
ORD05548,C1901,R079,2026-09-21T07:13:00+00:00,delivered,V067,DRV086
ORD05549,C2101,R045,2026-08-12T00:42:00+00:00,in_transit,V042,DRV030
ORD05550,C1356,R054,2026-08-18T16:48:00+00:00,delivered,V090,DRV001
ORD05551,C1916,R050,2026-09-24T12:41:00+00:00,delivered,V094,DRV072
ORD05552,C2112,R037,2026-09-05T05:24:00+00:00,delayed,V023,DRV051
ORD05553,C1066,R025,2026-08-09T04:35:00+00:00,delivered,V045,DRV021
ORD05554,C1332,R063,2026-08-13T09:16:00+00:00,picked_up,V004,DRV057
ORD05555,C1029,R025,2026-08-09T22:59:00+00:00,delivered,V084,DRV039
ORD05556,C2354,R076,2026-09-21T13:09:00+00:00,delivered,V035,DRV041
ORD05557,C0578,R034,2026-08-19T15:20:00+00:00,in_transit,V001,DRV074
ORD05558,C1696,R010,2026-09-02T10:31:00+00:00,delivered,V030,DRV086
ORD05559,C2219,R057,2026-08-06T10:29:00+00:00,delivered,V015,DRV115
ORD05560,C2177,R012,2026-08-11T23:30:00+00:00,delayed,V025,DRV012
ORD05561,C1122,R017,2026-08-02T20:29:00+00:00,delivered,V075,DRV014
ORD05562,C1672,R054,2026-09-09T06:44:00+00:00,cancelled,V010,DRV080
ORD05563,C0224,R049,2026-08-01T23:55:00+00:00,cancelled,V093,DRV043
ORD05564,C1607,R035,2026-08-01T07:07:00+00:00,delayed,V001,DRV024
ORD05565,C1718,R059,2026-09-04T14:56:00+00:00,in_transit,V060,DRV048
ORD05566,C1953,R059,2026-08-18T17:31:00+00:00,delayed,V076,DRV083
ORD05567,C1329,R011,2026-08-06T09:03:00+00:00,delivered,V056,DRV067
ORD05568,C1746,R031,2026-08-23T06:37:00+00:00,delivered,V039,DRV115
ORD05569,C0401,R040,2026-09-14T07:57:00+00:00,in_transit,V054,DRV108
ORD05570,C0835,R029,2026-09-12T06:23:00+00:00,delivered,V002,DRV042
ORD05571,C2164,R070,2026-09-24T08:12:00+00:00,delivered,V063,DRV091
ORD05572,C2358,R054,2026-08-14T17:18:00+00:00,in_transit,V008,DRV120
ORD05573,C1631,R046,2026-08-06T04:28:00+00:00,delivered,V007,DRV056
ORD05574,C1359,R078,2026-08-06T00:29:00+00:00,delivered,V059,DRV008
ORD05575,C1923,R016,2026-08-12T01:50:00+00:00,delivered,V074,DRV082
ORD05576,C1690,R056,2026-08-19T15:23:00+00:00,delivered,V074,DRV037
ORD05577,C1111,R073,2026-09-05T10:16:00+00:00,in_transit,V071,DRV060
ORD05578,C0076,R020,2026-08-14T19:40:00+00:00,in_transit,V066,DRV029
ORD05579,C2307,R067,2026-08-29T09:22:00+00:00,delayed,V058,DRV109
ORD05580,C1605,R028,2026-09-11T14:58:00+00:00,delivered,V052,DRV068
ORD05581,C0960,R058,2026-08-24T02:55:00+00:00,picked_up,V024,DRV090
ORD05582,C2000,R073,2026-09-10T05:22:00+00:00,delivered,V042,DRV033
ORD05583,C0886,R046,2026-08-02T14:52:00+00:00,delivered,V025,DRV110
ORD05584,C1828,R020,2026-08-09T01:12:00+00:00,delivered,V042,DRV049
ORD05585,C1204,R003,2026-09-18T22:27:00+00:00,delivered,V069,DRV024
ORD05586,C1721,R078,2026-08-11T23:31:00+00:00,in_transit,V058,DRV011
ORD05587,C0888,R073,2026-08-26T10:09:00+00:00,in_transit,V022,DRV085
ORD05588,C0352,R073,2026-09-07T06:37:00+00:00,in_transit,V061,DRV069
ORD05589,C0306,R079,2026-08-06T19:50:00+00:00,delivered,V066,DRV094
ORD05590,C0198,R075,2026-08-03T06:31:00+00:00,delivered,V057,DRV077
ORD05591,C1422,R040,2026-08-26T16:04:00+00:00,in_transit,V008,DRV099
ORD05592,C2293,R013,2026-08-21T08:06:00+00:00,in_transit,V020,DRV064
ORD05593,C0223,R010,2026-08-15T15:36:00+00:00,delivered,V069,DRV077
ORD05594,C1732,R065,2026-09-08T19:52:00+00:00,cancelled,V007,DRV082
ORD05595,C1593,R040,2026-08-08T09:54:00+00:00,delivered,V082,DRV055
ORD05596,C0669,R062,2026-09-12T12:03:00+00:00,in_transit,V078,DRV036
ORD05597,C2126,R061,2026-08-05T17:14:00+00:00,in_transit,V004,DRV044
ORD05598,C1965,R020,2026-08-26T16:50:00+00:00,cancelled,V002,DRV033
ORD05599,C0945,R042,2026-09-14T02:55:00+00:00,delivered,V001,DRV005
ORD05600,C1695,R011,2026-09-03T07:58:00+00:00,delivered,V067,DRV111
ORD05601,C0624,R045,2026-09-23T19:07:00+00:00,in_transit,V056,DRV023
ORD05602,C2499,R039,2026-09-12T17:56:00+00:00,delivered,V083,DRV013
ORD05603,C0309,R045,2026-09-16T02:33:00+00:00,picked_up,V024,DRV047
ORD05604,C0870,R002,2026-08-13T12:42:00+00:00,picked_up,V052,DRV030
ORD05605,C1940,R018,2026-08-14T05:48:00+00:00,delivered,V097,DRV063
ORD05606,C1732,R042,2026-09-22T15:14:00+00:00,delivered,V087,DRV022
ORD05607,C1140,R079,2026-09-02T22:15:00+00:00,delayed,V034,DRV026
ORD05608,C0481,R024,2026-08-09T09:26:00+00:00,delivered,V082,DRV001
ORD05609,C0409,R044,2026-09-13T14:33:00+00:00,delivered,V036,DRV100
ORD05610,C1018,R027,2026-09-19T18:06:00+00:00,delayed,V047,DRV048
ORD05611,C2498,R061,2026-09-03T02:55:00+00:00,delivered,V098,DRV028
ORD05612,C1310,R016,2026-09-12T05:07:00+00:00,delivered,V022,DRV105
ORD05613,C0394,R019,2026-08-26T11:26:00+00:00,delivered,V090,DRV019
ORD05614,C1791,R045,2026-09-14T00:18:00+00:00,delayed,V056,DRV042
ORD05615,C0078,R001,2026-09-14T17:05:00+00:00,delivered,V029,DRV048
ORD05616,C0182,R034,2026-08-30T18:50:00+00:00,delayed,V093,DRV067
ORD05617,C0653,R022,2026-08-27T19:11:00+00:00,delivered,V087,DRV070
ORD05618,C2362,R047,2026-09-01T17:02:00+00:00,delivered,V096,DRV024
ORD05619,C1480,R003,2026-09-09T03:11:00+00:00,picked_up,V021,DRV081
ORD05620,C2206,R049,2026-08-02T20:24:00+00:00,delivered,V048,DRV046
ORD05621,C0339,R054,2026-08-14T05:56:00+00:00,delayed,V091,DRV086
ORD05622,C0556,R048,2026-08-03T00:27:00+00:00,delivered,V048,DRV026
ORD05623,C1818,R028,2026-08-28T13:47:00+00:00,delayed,V037,DRV120
ORD05624,C0867,R049,2026-09-19T19:04:00+00:00,delivered,V087,DRV054
ORD05625,C1936,R031,2026-09-10T01:05:00+00:00,cancelled,V076,DRV069
ORD05626,C2390,R004,2026-08-31T08:19:00+00:00,delivered,V024,DRV070
ORD05627,C1353,R020,2026-08-21T11:45:00+00:00,cancelled,V079,DRV050
ORD05628,C1181,R025,2026-09-14T10:50:00+00:00,delayed,V050,DRV035
ORD05629,C0628,R021,2026-08-30T20:42:00+00:00,picked_up,V020,DRV022
ORD05630,C1102,R027,2026-08-26T14:54:00+00:00,delayed,V033,DRV087
ORD05631,C1834,R073,2026-09-05T06:01:00+00:00,delivered,V067,DRV008
ORD05632,C2428,R049,2026-08-05T03:22:00+00:00,picked_up,V056,DRV073
ORD05633,C2168,R077,2026-08-25T00:58:00+00:00,delivered,V005,DRV050
ORD05634,C2115,R020,2026-08-13T23:44:00+00:00,delivered,V019,DRV075
ORD05635,C2030,R040,2026-08-17T22:58:00+00:00,delivered,V048,DRV090
ORD05636,C1476,R032,2026-09-08T12:45:00+00:00,in_transit,V082,DRV002
ORD05637,C0142,R043,2026-09-07T22:57:00+00:00,picked_up,V041,DRV081
ORD05638,C2241,R039,2026-08-07T16:54:00+00:00,delivered,V041,DRV022
ORD05639,C2152,R066,2026-09-17T07:05:00+00:00,picked_up,V098,DRV004
ORD05640,C0715,R001,2026-09-12T00:13:00+00:00,delivered,V077,DRV096
ORD05641,C0121,R004,2026-08-23T09:40:00+00:00,delayed,V053,DRV066
ORD05642,C0858,R065,2026-08-27T06:07:00+00:00,delivered,V099,DRV035
ORD05643,C2025,R015,2026-08-19T06:23:00+00:00,delivered,V092,DRV091
ORD05644,C0298,R028,2026-09-20T22:41:00+00:00,delayed,V029,DRV100
ORD05645,C0986,R008,2026-08-28T18:10:00+00:00,delivered,V039,DRV090
ORD05646,C1540,R061,2026-09-22T00:08:00+00:00,cancelled,V043,DRV099
ORD05647,C0270,R016,2026-09-20T17:53:00+00:00,delivered,V098,DRV005
ORD05648,C0936,R060,2026-08-16T04:33:00+00:00,in_transit,V092,DRV089
ORD05649,C1267,R021,2026-09-05T08:15:00+00:00,delivered,V089,DRV057
ORD05650,C0545,R028,2026-08-06T06:26:00+00:00,delivered,V028,DRV014
ORD05651,C1264,R068,2026-08-11T09:48:00+00:00,delivered,V097,DRV003
ORD05652,C2259,R018,2026-09-15T00:32:00+00:00,picked_up,V068,DRV070
ORD05653,C1698,R069,2026-08-30T00:06:00+00:00,in_transit,V022,DRV004
ORD05654,C1858,R034,2026-08-11T16:20:00+00:00,delivered,V017,DRV111
ORD05655,C2355,R012,2026-09-20T12:14:00+00:00,picked_up,V014,DRV002
ORD05656,C2466,R013,2026-08-04T23:10:00+00:00,delivered,V009,DRV059
ORD05657,C0640,R009,2026-08-21T15:01:00+00:00,delivered,V082,DRV022
ORD05658,C0724,R003,2026-08-07T21:11:00+00:00,delivered,V058,DRV005
ORD05659,C0307,R072,2026-08-09T09:49:00+00:00,picked_up,V040,DRV001
ORD05660,C1651,R079,2026-09-05T07:35:00+00:00,delivered,V091,DRV031
ORD05661,C1157,R064,2026-08-14T03:51:00+00:00,picked_up,V021,DRV005
ORD05662,C0839,R074,2026-09-20T08:18:00+00:00,delivered,V095,DRV108
ORD05663,C0768,R031,2026-08-20T00:06:00+00:00,delivered,V015,DRV052
ORD05664,C1548,R042,2026-08-07T06:49:00+00:00,delivered,V074,DRV035
ORD05665,C0306,R032,2026-08-04T09:10:00+00:00,picked_up,V047,DRV086
ORD05666,C1622,R027,2026-08-21T08:02:00+00:00,in_transit,V004,DRV076
ORD05667,C0001,R008,2026-09-23T14:01:00+00:00,picked_up,V020,DRV038
ORD05668,C1719,R012,2026-08-19T12:32:00+00:00,delivered,V081,DRV088
ORD05669,C1573,R031,2026-08-22T15:18:00+00:00,in_transit,V029,DRV102
ORD05670,C2479,R067,2026-09-03T00:11:00+00:00,delivered,V026,DRV029
ORD05671,C2264,R041,2026-09-16T01:05:00+00:00,delivered,V002,DRV004
ORD05672,C0180,R051,2026-08-13T22:53:00+00:00,in_transit,V063,DRV047
ORD05673,C1603,R056,2026-09-17T10:43:00+00:00,delivered,V016,DRV035
ORD05674,C1517,R003,2026-08-21T15:39:00+00:00,in_transit,V099,DRV082
ORD05675,C0661,R038,2026-09-05T09:57:00+00:00,picked_up,V037,DRV083
ORD05676,C0576,R065,2026-08-10T17:08:00+00:00,delayed,V077,DRV003
ORD05677,C2458,R001,2026-08-09T16:09:00+00:00,delivered,V045,DRV014
ORD05678,C1430,R003,2026-09-24T02:16:00+00:00,delivered,V063,DRV099
ORD05679,C0662,R044,2026-08-12T02:10:00+00:00,picked_up,V096,DRV075
ORD05680,C0386,R061,2026-09-02T10:06:00+00:00,picked_up,V036,DRV052
ORD05681,C1163,R021,2026-08-14T07:58:00+00:00,in_transit,V066,DRV081
ORD05682,C2286,R056,2026-09-01T16:21:00+00:00,delivered,V096,DRV112
ORD05683,C2277,R002,2026-08-14T03:29:00+00:00,picked_up,V033,DRV109
ORD05684,C0932,R004,2026-08-21T19:51:00+00:00,delivered,V087,DRV044
ORD05685,C0585,R049,2026-08-28T01:57:00+00:00,delivered,V038,DRV101
ORD05686,C0264,R075,2026-09-09T23:44:00+00:00,picked_up,V044,DRV028
ORD05687,C0204,R075,2026-09-03T14:20:00+00:00,delivered,V072,DRV007
ORD05688,C1434,R080,2026-08-02T19:41:00+00:00,cancelled,V093,DRV075
ORD05689,C1840,R026,2026-08-29T18:21:00+00:00,delivered,V033,DRV018
ORD05690,C2500,R033,2026-08-19T12:41:00+00:00,delivered,V012,DRV005
ORD05691,C2137,R067,2026-08-15T14:08:00+00:00,delivered,V008,DRV083
ORD05692,C0812,R056,2026-08-28T05:24:00+00:00,delivered,V020,DRV108
ORD05693,C1753,R057,2026-08-27T22:36:00+00:00,delivered,V008,DRV101
ORD05694,C0829,R023,2026-09-03T02:25:00+00:00,delivered,V042,DRV117
ORD05695,C2237,R033,2026-08-09T12:48:00+00:00,delivered,V024,DRV024
ORD05696,C1090,R045,2026-08-28T06:33:00+00:00,picked_up,V063,DRV048
ORD05697,C0149,R050,2026-08-23T16:01:00+00:00,cancelled,V058,DRV079
ORD05698,C0770,R035,2026-09-20T13:44:00+00:00,delivered,V015,DRV058
ORD05699,C2225,R079,2026-09-07T01:16:00+00:00,in_transit,V014,DRV004
ORD05700,C0250,R055,2026-09-02T09:12:00+00:00,delivered,V014,DRV018
ORD05701,C1064,R050,2026-08-26T11:30:00+00:00,delayed,V062,DRV049
ORD05702,C1072,R046,2026-09-04T23:08:00+00:00,delivered,V007,DRV072
ORD05703,C2314,R010,2026-08-28T21:53:00+00:00,delivered,V074,DRV075
ORD05704,C0699,R060,2026-08-02T14:32:00+00:00,picked_up,V075,DRV114
ORD05705,C0439,R002,2026-08-14T06:00:00+00:00,delivered,V081,DRV043
ORD05706,C0046,R068,2026-08-15T01:21:00+00:00,delivered,V043,DRV019
ORD05707,C2199,R070,2026-09-07T08:08:00+00:00,delivered,V073,DRV016
ORD05708,C0841,R068,2026-08-04T06:15:00+00:00,delayed,V024,DRV068
ORD05709,C0062,R025,2026-08-02T11:40:00+00:00,cancelled,V063,DRV029
ORD05710,C0429,R030,2026-09-21T08:09:00+00:00,picked_up,V038,DRV003
ORD05711,C0267,R061,2026-09-12T07:13:00+00:00,delayed,V076,DRV019
ORD05712,C1877,R043,2026-08-02T04:46:00+00:00,picked_up,V013,DRV075
ORD05713,C1427,R046,2026-09-14T06:41:00+00:00,delivered,V098,DRV040
ORD05714,C1268,R056,2026-09-23T22:07:00+00:00,picked_up,V015,DRV114
ORD05715,C1251,R059,2026-09-09T14:53:00+00:00,delivered,V071,DRV083
ORD05716,C1289,R041,2026-09-04T02:46:00+00:00,delivered,V055,DRV078
ORD05717,C0929,R021,2026-09-21T08:28:00+00:00,delivered,V095,DRV053
ORD05718,C0176,R028,2026-08-16T08:03:00+00:00,cancelled,V030,DRV063
ORD05719,C1676,R079,2026-08-08T08:26:00+00:00,in_transit,V006,DRV042
ORD05720,C0784,R014,2026-08-25T05:02:00+00:00,delivered,V030,DRV040
ORD05721,C2365,R051,2026-09-17T08:54:00+00:00,in_transit,V030,DRV020
ORD05722,C0137,R071,2026-08-08T23:18:00+00:00,in_transit,V096,DRV056
ORD05723,C1098,R012,2026-09-23T03:56:00+00:00,delivered,V001,DRV021
ORD05724,C0881,R055,2026-08-23T01:39:00+00:00,delivered,V094,DRV085
ORD05725,C1077,R069,2026-08-05T05:15:00+00:00,delivered,V010,DRV068
ORD05726,C0489,R010,2026-08-18T08:07:00+00:00,delivered,V087,DRV062
ORD05727,C1176,R019,2026-09-07T21:11:00+00:00,delivered,V014,DRV095
ORD05728,C2207,R022,2026-08-03T11:50:00+00:00,delivered,V033,DRV060
ORD05729,C1430,R045,2026-08-29T13:57:00+00:00,delivered,V042,DRV120
ORD05730,C1624,R058,2026-08-18T19:19:00+00:00,delivered,V013,DRV100
ORD05731,C0078,R023,2026-09-06T20:33:00+00:00,delivered,V061,DRV082
ORD05732,C0511,R067,2026-08-25T13:54:00+00:00,delivered,V025,DRV006
ORD05733,C1530,R047,2026-09-13T07:43:00+00:00,delivered,V014,DRV052
ORD05734,C1084,R067,2026-09-18T06:04:00+00:00,cancelled,V087,DRV102
ORD05735,C1153,R080,2026-08-04T13:37:00+00:00,delayed,V086,DRV017
ORD05736,C0269,R024,2026-09-20T18:46:00+00:00,delivered,V022,DRV056
ORD05737,C0892,R034,2026-09-04T13:11:00+00:00,delivered,V070,DRV059
ORD05738,C2115,R011,2026-08-24T21:36:00+00:00,in_transit,V089,DRV012
ORD05739,C0826,R058,2026-08-13T04:51:00+00:00,delayed,V076,DRV095
ORD05740,C2149,R044,2026-08-01T17:27:00+00:00,in_transit,V001,DRV100
ORD05741,C2008,R073,2026-08-11T08:48:00+00:00,in_transit,V052,DRV037
ORD05742,C1668,R075,2026-08-17T21:32:00+00:00,delayed,V026,DRV072
ORD05743,C1997,R030,2026-09-13T07:24:00+00:00,in_transit,V090,DRV021
ORD05744,C2375,R010,2026-09-03T05:00:00+00:00,delivered,V027,DRV085
ORD05745,C0820,R065,2026-09-18T20:42:00+00:00,delivered,V023,DRV012
ORD05746,C2063,R009,2026-09-07T06:53:00+00:00,delivered,V031,DRV032
ORD05747,C2093,R061,2026-09-17T15:19:00+00:00,delivered,V002,DRV020
ORD05748,C1028,R077,2026-08-02T08:44:00+00:00,delivered,V053,DRV117
ORD05749,C1970,R044,2026-08-03T19:32:00+00:00,delivered,V012,DRV054
ORD05750,C0907,R068,2026-09-16T15:15:00+00:00,in_transit,V057,DRV079
ORD05751,C2279,R073,2026-08-21T09:51:00+00:00,picked_up,V008,DRV100
ORD05752,C1427,R058,2026-09-17T04:02:00+00:00,delivered,V055,DRV074
ORD05753,C2116,R041,2026-08-23T09:24:00+00:00,picked_up,V054,DRV076
ORD05754,C2096,R023,2026-08-05T01:38:00+00:00,delivered,V081,DRV039
ORD05755,C0653,R011,2026-09-01T02:54:00+00:00,delivered,V087,DRV107
ORD05756,C2360,R050,2026-09-15T11:40:00+00:00,in_transit,V009,DRV087
ORD05757,C0318,R063,2026-08-04T11:45:00+00:00,cancelled,V036,DRV091
ORD05758,C0650,R001,2026-08-24T06:49:00+00:00,delivered,V014,DRV114
ORD05759,C1260,R026,2026-09-08T08:40:00+00:00,delivered,V071,DRV058
ORD05760,C2279,R024,2026-08-20T16:00:00+00:00,picked_up,V070,DRV083
ORD05761,C1852,R062,2026-08-21T08:14:00+00:00,picked_up,V017,DRV103
ORD05762,C1360,R004,2026-09-07T22:05:00+00:00,cancelled,V025,DRV079
ORD05763,C1748,R053,2026-09-20T21:19:00+00:00,in_transit,V075,DRV007
ORD05764,C1029,R038,2026-08-07T21:15:00+00:00,in_transit,V076,DRV071
ORD05765,C1522,R052,2026-08-23T08:38:00+00:00,in_transit,V061,DRV095
ORD05766,C1856,R065,2026-08-25T23:49:00+00:00,delivered,V044,DRV062
ORD05767,C1133,R068,2026-09-03T02:51:00+00:00,in_transit,V089,DRV079
ORD05768,C2102,R030,2026-09-07T18:46:00+00:00,delivered,V088,DRV119
ORD05769,C0681,R038,2026-08-29T12:03:00+00:00,delivered,V073,DRV116
ORD05770,C1329,R049,2026-08-04T10:46:00+00:00,delivered,V035,DRV035
ORD05771,C0494,R045,2026-09-05T16:39:00+00:00,delivered,V008,DRV020
ORD05772,C2239,R023,2026-08-31T08:30:00+00:00,delayed,V076,DRV072
ORD05773,C1684,R014,2026-08-01T09:52:00+00:00,cancelled,V057,DRV093
ORD05774,C0127,R076,2026-08-27T16:40:00+00:00,delivered,V066,DRV105
ORD05775,C2249,R063,2026-08-24T06:52:00+00:00,delivered,V021,DRV056
ORD05776,C2147,R049,2026-08-30T04:44:00+00:00,delivered,V016,DRV002
ORD05777,C2032,R079,2026-09-24T03:12:00+00:00,delivered,V001,DRV111
ORD05778,C0133,R027,2026-08-08T09:05:00+00:00,delivered,V080,DRV039
ORD05779,C0176,R047,2026-09-23T13:55:00+00:00,delivered,V046,DRV116
ORD05780,C1235,R048,2026-09-10T23:18:00+00:00,delivered,V041,DRV061
ORD05781,C2030,R020,2026-09-20T13:42:00+00:00,delivered,V002,DRV088
ORD05782,C1962,R051,2026-08-06T12:07:00+00:00,picked_up,V044,DRV041
ORD05783,C0118,R037,2026-08-11T17:22:00+00:00,delivered,V052,DRV001
ORD05784,C0274,R015,2026-09-07T07:00:00+00:00,picked_up,V087,DRV111
ORD05785,C0674,R011,2026-09-10T05:32:00+00:00,delivered,V003,DRV103
ORD05786,C0375,R048,2026-09-04T08:10:00+00:00,in_transit,V090,DRV076
ORD05787,C1850,R028,2026-08-22T02:18:00+00:00,delayed,V050,DRV111
ORD05788,C2280,R043,2026-09-03T01:02:00+00:00,delivered,V003,DRV050
ORD05789,C2150,R024,2026-09-08T03:02:00+00:00,delivered,V025,DRV031
ORD05790,C1545,R040,2026-09-23T15:27:00+00:00,cancelled,V076,DRV052
ORD05791,C2278,R015,2026-09-16T19:40:00+00:00,delivered,V041,DRV067
ORD05792,C0914,R014,2026-08-27T10:57:00+00:00,in_transit,V025,DRV054
ORD05793,C1599,R057,2026-08-24T17:57:00+00:00,delivered,V018,DRV103
ORD05794,C2488,R031,2026-09-11T01:57:00+00:00,in_transit,V022,DRV021
ORD05795,C0669,R077,2026-08-27T13:38:00+00:00,delivered,V009,DRV088
ORD05796,C2444,R036,2026-08-30T11:47:00+00:00,delivered,V057,DRV078
ORD05797,C2282,R061,2026-08-18T02:11:00+00:00,delivered,V050,DRV101
ORD05798,C1428,R032,2026-08-06T09:56:00+00:00,delivered,V027,DRV054
ORD05799,C1517,R026,2026-09-10T07:21:00+00:00,in_transit,V083,DRV088
ORD05800,C1980,R037,2026-08-10T04:20:00+00:00,delivered,V063,DRV059
ORD05801,C0827,R078,2026-09-02T23:02:00+00:00,picked_up,V085,DRV089
ORD05802,C0326,R035,2026-09-24T22:16:00+00:00,delivered,V028,DRV060
ORD05803,C0542,R041,2026-08-30T22:28:00+00:00,delayed,V075,DRV016
ORD05804,C0669,R040,2026-08-31T13:48:00+00:00,delivered,V004,DRV119
ORD05805,C1545,R027,2026-09-21T03:29:00+00:00,picked_up,V068,DRV018
ORD05806,C1592,R074,2026-08-26T13:09:00+00:00,cancelled,V031,DRV087
ORD05807,C2389,R035,2026-09-19T20:37:00+00:00,delivered,V065,DRV078
ORD05808,C0951,R002,2026-09-17T07:58:00+00:00,delayed,V067,DRV055
ORD05809,C0157,R016,2026-09-19T05:09:00+00:00,in_transit,V042,DRV075
ORD05810,C1143,R007,2026-08-26T17:10:00+00:00,delayed,V034,DRV060
ORD05811,C1408,R007,2026-09-11T07:02:00+00:00,delivered,V039,DRV035
ORD05812,C1035,R072,2026-09-07T16:37:00+00:00,delivered,V078,DRV043
ORD05813,C1301,R021,2026-09-20T02:09:00+00:00,delivered,V008,DRV059
ORD05814,C0030,R032,2026-08-12T09:27:00+00:00,picked_up,V049,DRV103
ORD05815,C1287,R070,2026-08-16T12:00:00+00:00,cancelled,V004,DRV030
ORD05816,C1525,R077,2026-08-11T16:30:00+00:00,in_transit,V003,DRV072
ORD05817,C0121,R059,2026-08-01T02:34:00+00:00,picked_up,V061,DRV046
ORD05818,C0711,R074,2026-08-20T18:15:00+00:00,picked_up,V077,DRV081
ORD05819,C1616,R058,2026-09-13T15:21:00+00:00,in_transit,V039,DRV099
ORD05820,C1665,R062,2026-09-14T02:00:00+00:00,delivered,V052,DRV024
ORD05821,C0928,R068,2026-09-07T14:16:00+00:00,delivered,V030,DRV102
ORD05822,C1680,R069,2026-08-11T22:38:00+00:00,delivered,V026,DRV019
ORD05823,C1036,R079,2026-09-17T02:46:00+00:00,delivered,V004,DRV079
ORD05824,C1282,R047,2026-08-26T07:21:00+00:00,in_transit,V058,DRV004
ORD05825,C1052,R039,2026-08-25T15:18:00+00:00,cancelled,V032,DRV105
ORD05826,C0698,R014,2026-08-13T01:24:00+00:00,delivered,V060,DRV049
ORD05827,C1023,R005,2026-08-08T01:30:00+00:00,delayed,V068,DRV079
ORD05828,C2414,R021,2026-09-18T13:41:00+00:00,delivered,V004,DRV102
ORD05829,C1184,R046,2026-08-23T13:22:00+00:00,picked_up,V042,DRV004
ORD05830,C0158,R068,2026-09-08T20:43:00+00:00,in_transit,V077,DRV006
ORD05831,C1231,R022,2026-08-20T22:08:00+00:00,delivered,V041,DRV018
ORD05832,C1094,R016,2026-08-29T14:18:00+00:00,in_transit,V042,DRV066
ORD05833,C0715,R055,2026-09-17T06:49:00+00:00,delivered,V012,DRV084
ORD05834,C1347,R074,2026-08-19T03:34:00+00:00,picked_up,V029,DRV031
ORD05835,C1051,R040,2026-08-15T05:24:00+00:00,delivered,V071,DRV035
ORD05836,C0718,R051,2026-09-04T14:03:00+00:00,delivered,V092,DRV086
ORD05837,C2190,R054,2026-08-26T17:58:00+00:00,delivered,V028,DRV010
ORD05838,C1510,R063,2026-08-23T10:43:00+00:00,in_transit,V082,DRV053
ORD05839,C1760,R033,2026-09-09T00:19:00+00:00,delivered,V047,DRV037
ORD05840,C1685,R008,2026-08-21T06:02:00+00:00,delayed,V070,DRV036
ORD05841,C2466,R056,2026-08-24T18:52:00+00:00,delivered,V007,DRV010
ORD05842,C1368,R078,2026-08-11T12:43:00+00:00,picked_up,V087,DRV027
ORD05843,C1761,R034,2026-08-17T11:23:00+00:00,delivered,V092,DRV105
ORD05844,C1017,R055,2026-08-01T08:15:00+00:00,delivered,V066,DRV011
ORD05845,C0178,R043,2026-08-07T20:08:00+00:00,delivered,V098,DRV033
ORD05846,C0076,R080,2026-08-09T04:37:00+00:00,delivered,V095,DRV041
ORD05847,C1292,R018,2026-08-24T19:57:00+00:00,delivered,V045,DRV086
ORD05848,C0095,R045,2026-08-08T06:59:00+00:00,delivered,V052,DRV079
ORD05849,C1801,R013,2026-09-01T19:59:00+00:00,delayed,V059,DRV028
ORD05850,C1118,R031,2026-08-01T06:16:00+00:00,delivered,V041,DRV069
ORD05851,C0524,R030,2026-09-24T06:43:00+00:00,delayed,V035,DRV115
ORD05852,C0864,R033,2026-08-02T14:30:00+00:00,delivered,V022,DRV100
ORD05853,C0996,R046,2026-08-05T09:21:00+00:00,cancelled,V072,DRV064
ORD05854,C1113,R025,2026-09-23T01:33:00+00:00,delivered,V005,DRV031
ORD05855,C1356,R080,2026-08-15T15:19:00+00:00,picked_up,V019,DRV004
ORD05856,C2487,R045,2026-09-05T00:43:00+00:00,picked_up,V065,DRV039
ORD05857,C0900,R050,2026-09-01T12:34:00+00:00,delayed,V057,DRV070
ORD05858,C0294,R032,2026-09-24T20:52:00+00:00,in_transit,V038,DRV027
ORD05859,C1448,R045,2026-08-08T10:05:00+00:00,cancelled,V065,DRV066
ORD05860,C0062,R057,2026-09-18T11:06:00+00:00,picked_up,V068,DRV110
ORD05861,C0814,R024,2026-09-16T10:23:00+00:00,delivered,V058,DRV067
ORD05862,C2411,R072,2026-09-24T23:26:00+00:00,in_transit,V047,DRV081
ORD05863,C1719,R003,2026-09-11T03:03:00+00:00,delayed,V044,DRV112
ORD05864,C0642,R049,2026-09-12T18:23:00+00:00,delivered,V027,DRV117
ORD05865,C1345,R069,2026-09-16T06:00:00+00:00,delivered,V067,DRV058
ORD05866,C1399,R071,2026-08-03T23:25:00+00:00,in_transit,V005,DRV063
ORD05867,C0193,R033,2026-09-06T15:20:00+00:00,delayed,V075,DRV117
ORD05868,C1064,R027,2026-09-23T00:07:00+00:00,delivered,V052,DRV106
ORD05869,C1221,R064,2026-08-18T10:17:00+00:00,in_transit,V006,DRV020
ORD05870,C1982,R002,2026-09-13T12:54:00+00:00,delivered,V013,DRV074
ORD05871,C0803,R080,2026-08-01T05:02:00+00:00,delivered,V024,DRV008
ORD05872,C1035,R024,2026-08-07T15:08:00+00:00,delayed,V080,DRV104
ORD05873,C1981,R011,2026-09-05T18:18:00+00:00,delivered,V054,DRV036
ORD05874,C1400,R063,2026-09-22T08:22:00+00:00,delivered,V024,DRV057
ORD05875,C0790,R018,2026-08-03T07:18:00+00:00,delivered,V014,DRV088
ORD05876,C2150,R001,2026-08-07T22:59:00+00:00,delayed,V011,DRV082
ORD05877,C0192,R012,2026-08-31T03:18:00+00:00,delivered,V073,DRV120
ORD05878,C1547,R038,2026-08-07T10:46:00+00:00,picked_up,V050,DRV113
ORD05879,C2279,R005,2026-09-20T03:53:00+00:00,delivered,V038,DRV019
ORD05880,C1232,R051,2026-09-14T20:01:00+00:00,delivered,V017,DRV109
ORD05881,C1612,R036,2026-09-13T05:09:00+00:00,delivered,V049,DRV007
ORD05882,C2178,R059,2026-08-22T15:39:00+00:00,delivered,V059,DRV068
ORD05883,C1881,R033,2026-08-12T05:10:00+00:00,delivered,V006,DRV008
ORD05884,C2184,R004,2026-09-15T21:39:00+00:00,in_transit,V061,DRV080
ORD05885,C1601,R013,2026-09-11T15:24:00+00:00,delivered,V045,DRV099
ORD05886,C1494,R055,2026-08-31T07:45:00+00:00,delivered,V048,DRV059
ORD05887,C1889,R003,2026-08-21T15:35:00+00:00,picked_up,V029,DRV052
ORD05888,C0085,R076,2026-08-26T13:11:00+00:00,delayed,V078,DRV011
ORD05889,C0665,R068,2026-08-26T19:24:00+00:00,delivered,V052,DRV041
ORD05890,C1084,R069,2026-08-01T12:17:00+00:00,delivered,V028,DRV025
ORD05891,C0133,R034,2026-09-19T14:23:00+00:00,delivered,V060,DRV109
ORD05892,C1383,R020,2026-09-05T20:44:00+00:00,cancelled,V060,DRV045
ORD05893,C1779,R045,2026-08-19T13:11:00+00:00,picked_up,V100,DRV079
ORD05894,C0427,R055,2026-08-20T09:18:00+00:00,delivered,V044,DRV011
ORD05895,C0672,R026,2026-08-05T20:37:00+00:00,delivered,V045,DRV065
ORD05896,C0120,R023,2026-09-05T09:25:00+00:00,cancelled,V088,DRV032
ORD05897,C1759,R071,2026-08-02T05:50:00+00:00,delivered,V089,DRV066
ORD05898,C0949,R022,2026-09-03T11:42:00+00:00,delivered,V039,DRV039
ORD05899,C0410,R041,2026-09-12T08:26:00+00:00,picked_up,V017,DRV012
ORD05900,C2175,R014,2026-09-06T21:33:00+00:00,delivered,V001,DRV073
ORD05901,C1506,R059,2026-09-07T21:39:00+00:00,picked_up,V030,DRV117
ORD05902,C1850,R043,2026-08-14T22:17:00+00:00,picked_up,V062,DRV026
ORD05903,C1682,R002,2026-09-11T07:50:00+00:00,delayed,V051,DRV069
ORD05904,C0964,R054,2026-08-29T02:41:00+00:00,delivered,V061,DRV114
ORD05905,C1912,R040,2026-09-09T01:37:00+00:00,delivered,V043,DRV025
ORD05906,C1556,R044,2026-08-16T21:32:00+00:00,delivered,V057,DRV119
ORD05907,C1581,R029,2026-09-22T03:46:00+00:00,delivered,V050,DRV081
ORD05908,C0124,R021,2026-08-23T17:53:00+00:00,in_transit,V095,DRV107
ORD05909,C1802,R003,2026-09-02T04:24:00+00:00,delayed,V008,DRV087
ORD05910,C0912,R013,2026-09-04T16:01:00+00:00,delayed,V081,DRV095
ORD05911,C1380,R008,2026-08-29T02:52:00+00:00,delivered,V063,DRV020
ORD05912,C1412,R012,2026-09-03T00:11:00+00:00,in_transit,V083,DRV078
ORD05913,C2375,R065,2026-08-27T13:02:00+00:00,delivered,V017,DRV119
ORD05914,C1315,R024,2026-09-20T00:21:00+00:00,delayed,V066,DRV012
ORD05915,C0238,R007,2026-08-18T17:22:00+00:00,delivered,V074,DRV069
ORD05916,C2325,R067,2026-08-20T17:10:00+00:00,delivered,V026,DRV036
ORD05917,C2140,R032,2026-08-30T11:50:00+00:00,delivered,V008,DRV089
ORD05918,C1068,R079,2026-08-23T17:07:00+00:00,delivered,V019,DRV038
ORD05919,C1189,R060,2026-09-05T09:36:00+00:00,delivered,V069,DRV063
ORD05920,C2469,R080,2026-09-07T03:43:00+00:00,delivered,V039,DRV017
ORD05921,C1979,R051,2026-09-18T02:58:00+00:00,delivered,V039,DRV067
ORD05922,C0692,R023,2026-09-23T04:11:00+00:00,picked_up,V014,DRV054
ORD05923,C0573,R040,2026-09-01T21:40:00+00:00,delivered,V020,DRV049
ORD05924,C2135,R027,2026-08-21T09:15:00+00:00,delivered,V024,DRV044
ORD05925,C1090,R072,2026-09-12T08:31:00+00:00,delivered,V052,DRV029
ORD05926,C1071,R014,2026-09-10T11:00:00+00:00,cancelled,V096,DRV033
ORD05927,C1643,R044,2026-08-17T17:58:00+00:00,picked_up,V017,DRV039
ORD05928,C1953,R043,2026-08-11T14:44:00+00:00,delivered,V023,DRV009
ORD05929,C0589,R060,2026-08-10T15:09:00+00:00,delivered,V089,DRV085
ORD05930,C1340,R034,2026-09-11T09:11:00+00:00,delivered,V081,DRV107
ORD05931,C1363,R003,2026-09-02T07:25:00+00:00,picked_up,V057,DRV034
ORD05932,C1222,R054,2026-09-08T06:08:00+00:00,delivered,V059,DRV067
ORD05933,C0191,R070,2026-08-23T22:29:00+00:00,delivered,V059,DRV056
ORD05934,C0723,R031,2026-08-18T23:06:00+00:00,delivered,V037,DRV070
ORD05935,C2199,R047,2026-08-12T14:44:00+00:00,delivered,V097,DRV070
ORD05936,C0442,R002,2026-08-18T09:46:00+00:00,picked_up,V032,DRV040
ORD05937,C0423,R046,2026-08-29T09:56:00+00:00,delivered,V034,DRV013
ORD05938,C0911,R013,2026-08-27T17:16:00+00:00,in_transit,V060,DRV111
ORD05939,C1284,R022,2026-09-22T15:18:00+00:00,delivered,V084,DRV031
ORD05940,C1945,R072,2026-08-01T19:16:00+00:00,in_transit,V018,DRV059
ORD05941,C2056,R057,2026-09-14T17:42:00+00:00,in_transit,V042,DRV050
ORD05942,C1847,R078,2026-08-01T12:58:00+00:00,picked_up,V013,DRV088
ORD05943,C2156,R063,2026-09-21T21:46:00+00:00,picked_up,V033,DRV002
ORD05944,C2438,R025,2026-08-03T17:00:00+00:00,delayed,V097,DRV069
ORD05945,C0397,R073,2026-08-05T05:46:00+00:00,picked_up,V034,DRV106
ORD05946,C1004,R072,2026-08-28T02:02:00+00:00,delivered,V089,DRV073
ORD05947,C1307,R033,2026-08-30T11:54:00+00:00,delivered,V054,DRV082
ORD05948,C1577,R068,2026-08-02T10:36:00+00:00,picked_up,V031,DRV071
ORD05949,C0034,R023,2026-09-07T20:21:00+00:00,delivered,V002,DRV071
ORD05950,C2154,R070,2026-08-03T09:02:00+00:00,in_transit,V016,DRV111
ORD05951,C2204,R032,2026-08-01T02:09:00+00:00,delivered,V025,DRV059
ORD05952,C0634,R051,2026-09-17T17:38:00+00:00,delayed,V081,DRV021
ORD05953,C1738,R002,2026-09-11T10:38:00+00:00,delivered,V070,DRV009
ORD05954,C0686,R027,2026-09-23T19:16:00+00:00,delivered,V083,DRV051
ORD05955,C2370,R035,2026-08-07T08:11:00+00:00,delivered,V090,DRV009
ORD05956,C0683,R001,2026-08-12T16:33:00+00:00,delivered,V018,DRV080
ORD05957,C0974,R072,2026-09-07T08:36:00+00:00,delivered,V069,DRV099
ORD05958,C2215,R022,2026-09-05T17:50:00+00:00,delivered,V075,DRV099
ORD05959,C2497,R035,2026-08-30T13:18:00+00:00,delivered,V012,DRV007
ORD05960,C1428,R031,2026-09-02T21:52:00+00:00,delivered,V068,DRV065
ORD05961,C2113,R066,2026-08-21T04:29:00+00:00,delivered,V084,DRV028
ORD05962,C2274,R011,2026-09-24T19:20:00+00:00,delivered,V042,DRV117
ORD05963,C1677,R027,2026-08-02T18:00:00+00:00,in_transit,V020,DRV076
ORD05964,C2498,R075,2026-09-24T21:10:00+00:00,in_transit,V008,DRV102
ORD05965,C0643,R055,2026-09-12T15:29:00+00:00,in_transit,V081,DRV085
ORD05966,C0393,R060,2026-09-24T08:37:00+00:00,delayed,V066,DRV079
ORD05967,C0496,R034,2026-09-19T11:30:00+00:00,delivered,V010,DRV072
ORD05968,C2196,R021,2026-09-16T22:14:00+00:00,delivered,V067,DRV039
ORD05969,C0714,R076,2026-08-24T14:46:00+00:00,delivered,V006,DRV074
ORD05970,C2213,R071,2026-09-17T01:48:00+00:00,cancelled,V045,DRV095
ORD05971,C0093,R024,2026-08-03T02:32:00+00:00,picked_up,V072,DRV082
ORD05972,C0862,R003,2026-08-08T10:58:00+00:00,in_transit,V064,DRV037
ORD05973,C1353,R042,2026-08-14T12:30:00+00:00,in_transit,V079,DRV017
ORD05974,C1100,R054,2026-09-15T17:06:00+00:00,delivered,V089,DRV071
ORD05975,C2303,R002,2026-08-01T04:49:00+00:00,delivered,V089,DRV084
ORD05976,C0767,R028,2026-09-04T17:45:00+00:00,picked_up,V035,DRV091
ORD05977,C1413,R037,2026-09-14T01:56:00+00:00,in_transit,V001,DRV018
ORD05978,C0570,R006,2026-09-05T22:12:00+00:00,picked_up,V058,DRV116
ORD05979,C1938,R055,2026-08-05T19:27:00+00:00,in_transit,V047,DRV104
ORD05980,C1583,R037,2026-09-18T14:25:00+00:00,delivered,V037,DRV059
ORD05981,C2198,R069,2026-08-20T09:29:00+00:00,delivered,V017,DRV086
ORD05982,C1711,R013,2026-08-06T06:55:00+00:00,delivered,V089,DRV107
ORD05983,C2069,R059,2026-08-29T00:22:00+00:00,in_transit,V087,DRV011
ORD05984,C0064,R018,2026-08-05T06:57:00+00:00,in_transit,V021,DRV025
ORD05985,C1773,R062,2026-09-01T10:20:00+00:00,delivered,V028,DRV100
ORD05986,C1464,R062,2026-09-04T13:46:00+00:00,delivered,V058,DRV047
ORD05987,C2215,R043,2026-09-16T11:34:00+00:00,delivered,V042,DRV050
ORD05988,C2151,R055,2026-09-05T02:09:00+00:00,delivered,V065,DRV062
ORD05989,C0457,R052,2026-08-29T07:35:00+00:00,picked_up,V066,DRV061
ORD05990,C1660,R007,2026-08-06T00:25:00+00:00,delivered,V046,DRV034
ORD05991,C1431,R032,2026-08-22T19:16:00+00:00,delivered,V080,DRV066
ORD05992,C1175,R034,2026-09-16T09:04:00+00:00,delivered,V059,DRV001
ORD05993,C0869,R048,2026-08-04T07:22:00+00:00,delivered,V096,DRV050
ORD05994,C0434,R006,2026-09-08T22:58:00+00:00,in_transit,V043,DRV084
ORD05995,C2191,R014,2026-09-23T22:33:00+00:00,delivered,V016,DRV026
ORD05996,C0730,R079,2026-09-01T18:23:00+00:00,delivered,V036,DRV021
ORD05997,C1183,R025,2026-08-23T11:07:00+00:00,picked_up,V083,DRV020
ORD05998,C0357,R079,2026-09-11T22:53:00+00:00,picked_up,V060,DRV093
ORD05999,C1888,R001,2026-08-10T23:03:00+00:00,delayed,V049,DRV057
ORD06000,C0011,R049,2026-08-05T20:17:00+00:00,picked_up,V070,DRV080
ORD06001,C1703,R020,2026-09-10T00:56:00+00:00,delivered,V034,DRV029
ORD06002,C1966,R033,2026-08-19T20:58:00+00:00,cancelled,V040,DRV100
ORD06003,C0334,R069,2026-09-23T04:08:00+00:00,delivered,V065,DRV054
ORD06004,C1258,R012,2026-09-18T01:28:00+00:00,in_transit,V059,DRV050
ORD06005,C1697,R008,2026-09-19T06:22:00+00:00,delivered,V011,DRV102
ORD06006,C0114,R009,2026-09-10T20:01:00+00:00,picked_up,V095,DRV005
ORD06007,C1305,R009,2026-08-13T10:00:00+00:00,cancelled,V003,DRV048
ORD06008,C1237,R008,2026-08-13T21:19:00+00:00,picked_up,V069,DRV097
ORD06009,C2348,R048,2026-09-19T02:13:00+00:00,delayed,V057,DRV055
ORD06010,C0371,R073,2026-08-09T16:11:00+00:00,in_transit,V054,DRV067
ORD06011,C2131,R064,2026-09-17T07:19:00+00:00,delivered,V027,DRV014
ORD06012,C1072,R075,2026-08-29T02:17:00+00:00,delivered,V095,DRV031
ORD06013,C2115,R023,2026-08-19T10:06:00+00:00,delivered,V048,DRV089
ORD06014,C0417,R037,2026-09-01T19:12:00+00:00,delivered,V064,DRV010
ORD06015,C1160,R060,2026-08-25T15:37:00+00:00,delayed,V043,DRV014
ORD06016,C0631,R053,2026-08-19T09:56:00+00:00,delivered,V090,DRV008
ORD06017,C2150,R060,2026-08-24T09:34:00+00:00,in_transit,V005,DRV017
ORD06018,C0952,R049,2026-08-01T09:33:00+00:00,delayed,V063,DRV050
ORD06019,C0744,R027,2026-08-20T01:31:00+00:00,delivered,V054,DRV001
ORD06020,C1653,R032,2026-09-03T11:12:00+00:00,delivered,V010,DRV091
ORD06021,C0618,R071,2026-09-15T03:35:00+00:00,delivered,V022,DRV043
ORD06022,C1438,R012,2026-08-25T13:09:00+00:00,in_transit,V094,DRV030
ORD06023,C0179,R017,2026-08-19T03:30:00+00:00,in_transit,V065,DRV047
ORD06024,C0581,R040,2026-09-18T21:42:00+00:00,delivered,V050,DRV007
ORD06025,C0146,R037,2026-09-12T23:28:00+00:00,delivered,V022,DRV033
ORD06026,C0925,R031,2026-08-05T04:11:00+00:00,delayed,V010,DRV015
ORD06027,C1939,R035,2026-09-03T10:27:00+00:00,in_transit,V078,DRV018
ORD06028,C0147,R022,2026-08-19T00:48:00+00:00,delivered,V065,DRV063
ORD06029,C1646,R072,2026-08-21T15:19:00+00:00,delivered,V047,DRV046
ORD06030,C0631,R048,2026-09-23T19:59:00+00:00,in_transit,V068,DRV099
ORD06031,C1596,R079,2026-09-21T08:48:00+00:00,delayed,V039,DRV068
ORD06032,C0830,R045,2026-09-02T18:15:00+00:00,delivered,V027,DRV106
ORD06033,C2368,R080,2026-08-12T13:57:00+00:00,delivered,V050,DRV001
ORD06034,C0421,R039,2026-08-24T02:49:00+00:00,delivered,V048,DRV004
ORD06035,C1324,R002,2026-08-31T08:50:00+00:00,delivered,V051,DRV045
ORD06036,C2420,R051,2026-08-30T14:45:00+00:00,delivered,V051,DRV112
ORD06037,C1033,R021,2026-08-19T11:57:00+00:00,delivered,V024,DRV006
ORD06038,C0431,R008,2026-09-06T09:20:00+00:00,delivered,V009,DRV074
ORD06039,C1009,R073,2026-09-12T21:16:00+00:00,picked_up,V013,DRV095
ORD06040,C0373,R044,2026-09-23T23:58:00+00:00,delivered,V086,DRV103
ORD06041,C0592,R007,2026-08-15T02:58:00+00:00,delivered,V014,DRV018
ORD06042,C1105,R071,2026-09-07T10:57:00+00:00,in_transit,V098,DRV016
ORD06043,C2436,R037,2026-08-31T02:42:00+00:00,delivered,V019,DRV034
ORD06044,C0539,R037,2026-08-22T21:11:00+00:00,delivered,V030,DRV089
ORD06045,C2473,R004,2026-08-09T21:01:00+00:00,delivered,V058,DRV068
ORD06046,C2401,R021,2026-08-25T07:17:00+00:00,in_transit,V043,DRV008
ORD06047,C2475,R013,2026-08-22T09:13:00+00:00,delivered,V098,DRV021
ORD06048,C1150,R015,2026-09-14T05:54:00+00:00,cancelled,V024,DRV076
ORD06049,C2442,R063,2026-09-04T09:40:00+00:00,delivered,V099,DRV069
ORD06050,C1127,R075,2026-09-03T01:32:00+00:00,delivered,V009,DRV116
ORD06051,C0221,R025,2026-08-01T04:39:00+00:00,in_transit,V006,DRV077
ORD06052,C0500,R031,2026-09-04T10:33:00+00:00,delivered,V063,DRV025
ORD06053,C0811,R061,2026-08-16T02:22:00+00:00,delivered,V063,DRV096
ORD06054,C2234,R076,2026-08-14T10:46:00+00:00,delivered,V077,DRV086
ORD06055,C1232,R059,2026-08-18T21:26:00+00:00,delivered,V095,DRV024
ORD06056,C0656,R020,2026-08-06T22:01:00+00:00,delivered,V022,DRV077
ORD06057,C0339,R021,2026-09-18T08:23:00+00:00,picked_up,V026,DRV067
ORD06058,C2464,R042,2026-08-17T02:46:00+00:00,delayed,V028,DRV044
ORD06059,C1194,R019,2026-09-14T05:21:00+00:00,in_transit,V099,DRV075
ORD06060,C0658,R036,2026-08-28T08:08:00+00:00,delivered,V040,DRV044
ORD06061,C0108,R020,2026-08-24T00:19:00+00:00,picked_up,V050,DRV057
ORD06062,C0641,R030,2026-09-01T19:33:00+00:00,delivered,V054,DRV117
ORD06063,C1401,R059,2026-08-26T10:45:00+00:00,delivered,V026,DRV110
ORD06064,C0327,R067,2026-09-10T16:56:00+00:00,delivered,V075,DRV047
ORD06065,C1394,R032,2026-08-04T03:20:00+00:00,in_transit,V096,DRV035
ORD06066,C1415,R074,2026-09-01T15:43:00+00:00,delivered,V090,DRV024
ORD06067,C0058,R029,2026-08-17T14:09:00+00:00,delayed,V088,DRV025
ORD06068,C1785,R001,2026-09-21T01:42:00+00:00,delivered,V009,DRV072
ORD06069,C1434,R039,2026-09-05T22:29:00+00:00,in_transit,V037,DRV060
ORD06070,C1560,R013,2026-08-25T15:12:00+00:00,delivered,V095,DRV047
ORD06071,C0571,R072,2026-09-04T20:56:00+00:00,in_transit,V086,DRV108
ORD06072,C1512,R001,2026-08-16T20:17:00+00:00,delivered,V017,DRV087
ORD06073,C1508,R014,2026-08-11T05:18:00+00:00,delayed,V008,DRV115
ORD06074,C1672,R023,2026-08-28T19:04:00+00:00,cancelled,V019,DRV055
ORD06075,C1087,R065,2026-08-03T10:20:00+00:00,delayed,V073,DRV106
ORD06076,C0821,R073,2026-09-06T19:11:00+00:00,delivered,V005,DRV032
ORD06077,C0814,R022,2026-08-27T09:31:00+00:00,picked_up,V042,DRV098
ORD06078,C0922,R056,2026-08-30T05:21:00+00:00,delivered,V093,DRV094
ORD06079,C0241,R009,2026-08-27T22:48:00+00:00,cancelled,V039,DRV112
ORD06080,C0779,R010,2026-09-01T11:55:00+00:00,delivered,V092,DRV035
ORD06081,C1014,R078,2026-08-06T22:54:00+00:00,delivered,V053,DRV069
ORD06082,C0764,R047,2026-08-23T00:06:00+00:00,delayed,V010,DRV096
ORD06083,C1795,R021,2026-09-06T18:33:00+00:00,delivered,V057,DRV037
ORD06084,C1190,R056,2026-09-10T00:40:00+00:00,in_transit,V086,DRV049
ORD06085,C1912,R065,2026-09-07T16:28:00+00:00,in_transit,V030,DRV005
ORD06086,C0151,R068,2026-08-08T06:58:00+00:00,delayed,V094,DRV009
ORD06087,C1605,R038,2026-08-27T12:47:00+00:00,delivered,V002,DRV048
ORD06088,C2402,R014,2026-08-11T06:36:00+00:00,delayed,V062,DRV040
ORD06089,C0253,R036,2026-08-24T12:06:00+00:00,in_transit,V007,DRV085
ORD06090,C2335,R025,2026-08-07T14:09:00+00:00,delayed,V038,DRV118
ORD06091,C1697,R037,2026-09-21T20:59:00+00:00,in_transit,V003,DRV092
ORD06092,C0165,R034,2026-08-08T22:04:00+00:00,delivered,V008,DRV059
ORD06093,C0039,R010,2026-08-03T18:26:00+00:00,picked_up,V048,DRV101
ORD06094,C0160,R047,2026-09-17T16:47:00+00:00,delivered,V071,DRV041
ORD06095,C0475,R002,2026-09-09T07:47:00+00:00,delivered,V046,DRV083
ORD06096,C1652,R034,2026-09-17T14:05:00+00:00,delivered,V010,DRV043
ORD06097,C1876,R045,2026-08-12T03:53:00+00:00,delivered,V017,DRV120
ORD06098,C1591,R020,2026-08-06T23:47:00+00:00,delivered,V030,DRV070
ORD06099,C0714,R043,2026-08-12T07:38:00+00:00,delivered,V091,DRV056
ORD06100,C1079,R033,2026-08-19T23:39:00+00:00,delayed,V079,DRV025
ORD06101,C0043,R051,2026-08-10T16:22:00+00:00,in_transit,V054,DRV042
ORD06102,C0148,R024,2026-08-30T02:47:00+00:00,delivered,V016,DRV109
ORD06103,C0595,R064,2026-08-07T21:58:00+00:00,delivered,V001,DRV057
ORD06104,C0725,R070,2026-08-29T00:09:00+00:00,delivered,V093,DRV096
ORD06105,C2498,R071,2026-09-17T07:01:00+00:00,delivered,V005,DRV095
ORD06106,C0962,R017,2026-08-30T02:01:00+00:00,delayed,V030,DRV105
ORD06107,C2356,R013,2026-08-02T11:23:00+00:00,picked_up,V075,DRV095
ORD06108,C1102,R076,2026-08-10T00:10:00+00:00,picked_up,V091,DRV108
ORD06109,C1851,R077,2026-09-16T01:01:00+00:00,delivered,V093,DRV111
ORD06110,C1253,R018,2026-08-17T20:57:00+00:00,delivered,V058,DRV110
ORD06111,C0786,R076,2026-08-24T12:28:00+00:00,in_transit,V046,DRV034
ORD06112,C0712,R006,2026-08-14T17:33:00+00:00,delivered,V034,DRV083
ORD06113,C1792,R069,2026-09-09T14:05:00+00:00,in_transit,V051,DRV108
ORD06114,C0701,R009,2026-08-08T15:14:00+00:00,delivered,V009,DRV099
ORD06115,C2019,R019,2026-08-25T20:58:00+00:00,delivered,V095,DRV055
ORD06116,C1880,R080,2026-09-17T01:57:00+00:00,delivered,V050,DRV059
ORD06117,C0221,R064,2026-08-01T09:18:00+00:00,delivered,V018,DRV033
ORD06118,C0398,R046,2026-08-08T17:37:00+00:00,delayed,V029,DRV025
ORD06119,C1020,R074,2026-08-17T10:11:00+00:00,delivered,V024,DRV086
ORD06120,C1828,R011,2026-09-05T08:16:00+00:00,in_transit,V003,DRV011
ORD06121,C1644,R042,2026-08-11T17:07:00+00:00,in_transit,V049,DRV083
ORD06122,C0082,R054,2026-09-23T12:07:00+00:00,delivered,V015,DRV012
ORD06123,C1956,R031,2026-08-03T14:59:00+00:00,delayed,V024,DRV085
ORD06124,C0937,R028,2026-09-07T14:30:00+00:00,delivered,V068,DRV054
ORD06125,C1603,R075,2026-09-24T09:01:00+00:00,in_transit,V045,DRV006
ORD06126,C1451,R064,2026-09-09T00:21:00+00:00,delivered,V092,DRV044
ORD06127,C2493,R004,2026-08-04T09:50:00+00:00,delivered,V007,DRV087
ORD06128,C1478,R028,2026-08-04T23:11:00+00:00,delivered,V080,DRV024
ORD06129,C1766,R065,2026-08-04T09:08:00+00:00,delivered,V048,DRV115
ORD06130,C0277,R010,2026-09-23T07:51:00+00:00,in_transit,V037,DRV100
ORD06131,C0053,R028,2026-09-08T02:56:00+00:00,delivered,V007,DRV048
ORD06132,C0482,R075,2026-08-04T22:06:00+00:00,delivered,V012,DRV075
ORD06133,C1080,R079,2026-09-18T21:05:00+00:00,delivered,V064,DRV067
ORD06134,C0384,R018,2026-08-09T14:23:00+00:00,delivered,V036,DRV073
ORD06135,C0167,R056,2026-09-10T01:52:00+00:00,delivered,V003,DRV089
ORD06136,C0431,R064,2026-09-01T00:07:00+00:00,in_transit,V026,DRV095
ORD06137,C0215,R046,2026-08-13T03:48:00+00:00,picked_up,V080,DRV042
ORD06138,C0873,R051,2026-08-04T10:31:00+00:00,picked_up,V075,DRV008
ORD06139,C1621,R038,2026-09-20T17:39:00+00:00,delivered,V047,DRV113
ORD06140,C1060,R027,2026-08-30T18:54:00+00:00,picked_up,V041,DRV032
ORD06141,C2123,R026,2026-09-24T12:58:00+00:00,picked_up,V064,DRV001
ORD06142,C0106,R008,2026-09-11T19:27:00+00:00,delivered,V098,DRV106
ORD06143,C1021,R070,2026-08-09T04:23:00+00:00,picked_up,V015,DRV001
ORD06144,C0397,R065,2026-08-15T00:44:00+00:00,picked_up,V033,DRV117
ORD06145,C2131,R077,2026-08-03T09:28:00+00:00,in_transit,V045,DRV063
ORD06146,C1624,R052,2026-09-06T09:41:00+00:00,delivered,V003,DRV064
ORD06147,C2417,R035,2026-09-24T16:13:00+00:00,delivered,V029,DRV101
ORD06148,C0692,R010,2026-09-09T17:10:00+00:00,cancelled,V019,DRV017
ORD06149,C0155,R017,2026-09-09T08:52:00+00:00,delivered,V044,DRV035
ORD06150,C1689,R003,2026-08-17T13:10:00+00:00,delivered,V039,DRV109
ORD06151,C2408,R075,2026-08-14T01:54:00+00:00,picked_up,V091,DRV068
ORD06152,C2360,R070,2026-09-16T06:28:00+00:00,picked_up,V033,DRV112
ORD06153,C2485,R075,2026-09-10T23:51:00+00:00,cancelled,V046,DRV025
ORD06154,C1806,R006,2026-08-17T05:13:00+00:00,delivered,V038,DRV072
ORD06155,C0920,R039,2026-08-28T19:51:00+00:00,delivered,V094,DRV092
ORD06156,C1349,R049,2026-08-04T13:18:00+00:00,in_transit,V008,DRV066
ORD06157,C0886,R029,2026-09-12T15:39:00+00:00,in_transit,V057,DRV051
ORD06158,C0054,R028,2026-08-24T06:59:00+00:00,delivered,V074,DRV003
ORD06159,C1401,R076,2026-08-16T04:35:00+00:00,in_transit,V069,DRV120
ORD06160,C1300,R038,2026-09-06T10:02:00+00:00,delayed,V085,DRV011
ORD06161,C2143,R015,2026-09-08T23:56:00+00:00,delivered,V095,DRV001
ORD06162,C1300,R012,2026-08-02T23:39:00+00:00,delivered,V055,DRV112
ORD06163,C1727,R021,2026-08-29T09:58:00+00:00,delivered,V048,DRV109
ORD06164,C0171,R017,2026-09-22T14:58:00+00:00,delivered,V043,DRV033
ORD06165,C1636,R044,2026-08-02T17:12:00+00:00,in_transit,V074,DRV071
ORD06166,C0093,R026,2026-08-24T04:06:00+00:00,delivered,V050,DRV078
ORD06167,C2479,R038,2026-09-18T12:18:00+00:00,delivered,V006,DRV018
ORD06168,C0914,R029,2026-08-17T17:50:00+00:00,in_transit,V091,DRV115
ORD06169,C2462,R026,2026-08-03T02:02:00+00:00,delivered,V060,DRV115
ORD06170,C2116,R006,2026-08-27T17:07:00+00:00,delayed,V090,DRV064
ORD06171,C0926,R010,2026-09-02T18:50:00+00:00,delivered,V091,DRV098
ORD06172,C2470,R041,2026-08-07T12:45:00+00:00,delivered,V068,DRV020
ORD06173,C2033,R035,2026-08-08T23:38:00+00:00,delivered,V026,DRV100
ORD06174,C1876,R063,2026-08-29T03:15:00+00:00,delivered,V045,DRV004
ORD06175,C1457,R068,2026-08-13T03:31:00+00:00,delivered,V026,DRV077
ORD06176,C1364,R008,2026-09-10T11:58:00+00:00,delivered,V058,DRV058
ORD06177,C1984,R005,2026-08-30T08:55:00+00:00,delivered,V096,DRV041
ORD06178,C1594,R029,2026-09-05T18:39:00+00:00,picked_up,V027,DRV028
ORD06179,C0382,R024,2026-08-24T05:34:00+00:00,delivered,V011,DRV046
ORD06180,C1128,R020,2026-08-29T20:22:00+00:00,delivered,V091,DRV009
ORD06181,C1818,R031,2026-09-08T00:08:00+00:00,delivered,V044,DRV010
ORD06182,C1585,R047,2026-09-15T03:39:00+00:00,delivered,V008,DRV098
ORD06183,C0353,R051,2026-08-03T20:22:00+00:00,delivered,V086,DRV033
ORD06184,C0636,R004,2026-08-06T15:01:00+00:00,delivered,V094,DRV076
ORD06185,C2460,R066,2026-08-19T14:13:00+00:00,picked_up,V087,DRV043
ORD06186,C1957,R058,2026-09-17T13:24:00+00:00,delivered,V072,DRV061
ORD06187,C1930,R043,2026-08-24T19:18:00+00:00,delivered,V029,DRV039
ORD06188,C0027,R045,2026-08-11T11:55:00+00:00,picked_up,V058,DRV035
ORD06189,C1768,R021,2026-09-08T05:07:00+00:00,picked_up,V083,DRV099
ORD06190,C1483,R073,2026-08-21T10:39:00+00:00,picked_up,V049,DRV062
ORD06191,C1059,R059,2026-09-03T16:46:00+00:00,delayed,V044,DRV087
ORD06192,C2345,R040,2026-09-23T06:56:00+00:00,in_transit,V066,DRV097
ORD06193,C1636,R058,2026-09-03T00:26:00+00:00,in_transit,V043,DRV031
ORD06194,C1795,R022,2026-08-17T12:52:00+00:00,in_transit,V075,DRV034
ORD06195,C2066,R033,2026-08-24T18:21:00+00:00,delivered,V051,DRV046
ORD06196,C1919,R002,2026-08-07T08:43:00+00:00,picked_up,V094,DRV084
ORD06197,C2213,R022,2026-09-10T18:28:00+00:00,delivered,V031,DRV066
ORD06198,C2121,R067,2026-09-11T03:23:00+00:00,delivered,V046,DRV099
ORD06199,C1910,R035,2026-08-21T13:40:00+00:00,delivered,V075,DRV080
ORD06200,C1149,R041,2026-08-29T08:04:00+00:00,delivered,V023,DRV103
ORD06201,C0031,R079,2026-08-24T18:16:00+00:00,picked_up,V069,DRV098
ORD06202,C2286,R066,2026-09-17T20:21:00+00:00,delivered,V093,DRV114
ORD06203,C0714,R058,2026-09-06T15:57:00+00:00,delivered,V033,DRV085
ORD06204,C1438,R040,2026-09-10T03:59:00+00:00,picked_up,V014,DRV015
ORD06205,C1399,R059,2026-08-18T18:59:00+00:00,delivered,V069,DRV011
ORD06206,C1549,R052,2026-08-15T11:26:00+00:00,delivered,V063,DRV028
ORD06207,C1196,R031,2026-09-18T01:20:00+00:00,delayed,V026,DRV009
ORD06208,C1742,R028,2026-08-08T00:55:00+00:00,in_transit,V016,DRV051
ORD06209,C1627,R055,2026-08-16T14:56:00+00:00,delivered,V087,DRV085
ORD06210,C0568,R051,2026-08-16T18:39:00+00:00,picked_up,V010,DRV065
ORD06211,C0516,R060,2026-09-21T23:01:00+00:00,cancelled,V081,DRV024
ORD06212,C1868,R052,2026-09-20T07:34:00+00:00,delivered,V006,DRV088
ORD06213,C2338,R057,2026-08-09T12:46:00+00:00,in_transit,V067,DRV086
ORD06214,C0707,R079,2026-08-13T22:16:00+00:00,delivered,V069,DRV048
ORD06215,C0775,R020,2026-09-24T12:49:00+00:00,delivered,V004,DRV101
ORD06216,C0527,R029,2026-09-10T07:36:00+00:00,delivered,V044,DRV035
ORD06217,C0761,R013,2026-08-07T01:20:00+00:00,delivered,V041,DRV067
ORD06218,C1822,R072,2026-08-11T08:59:00+00:00,picked_up,V043,DRV011
ORD06219,C1934,R001,2026-09-11T05:29:00+00:00,picked_up,V056,DRV059
ORD06220,C1220,R026,2026-08-11T18:56:00+00:00,delivered,V051,DRV116
ORD06221,C1429,R071,2026-08-19T00:38:00+00:00,delivered,V038,DRV021
ORD06222,C0717,R029,2026-09-02T21:33:00+00:00,delivered,V089,DRV118
ORD06223,C1653,R013,2026-08-15T19:11:00+00:00,delivered,V039,DRV090
ORD06224,C2480,R077,2026-08-07T10:33:00+00:00,delivered,V076,DRV086
ORD06225,C1967,R058,2026-09-12T22:09:00+00:00,delivered,V013,DRV090
ORD06226,C2261,R055,2026-09-18T14:27:00+00:00,in_transit,V017,DRV048
ORD06227,C1256,R006,2026-08-07T06:12:00+00:00,picked_up,V028,DRV043
ORD06228,C2112,R025,2026-09-06T03:53:00+00:00,picked_up,V079,DRV066
ORD06229,C1231,R065,2026-09-09T14:34:00+00:00,delivered,V081,DRV110
ORD06230,C1654,R075,2026-09-16T07:36:00+00:00,picked_up,V004,DRV085
ORD06231,C0112,R053,2026-09-10T23:39:00+00:00,delayed,V073,DRV018
ORD06232,C0602,R036,2026-08-13T21:05:00+00:00,picked_up,V075,DRV038
ORD06233,C1398,R012,2026-08-16T23:17:00+00:00,delivered,V034,DRV028
ORD06234,C2359,R078,2026-09-14T02:20:00+00:00,delivered,V022,DRV008
ORD06235,C0076,R062,2026-08-13T08:09:00+00:00,picked_up,V013,DRV018
ORD06236,C2441,R020,2026-09-23T22:25:00+00:00,in_transit,V025,DRV076
ORD06237,C1506,R048,2026-08-01T09:21:00+00:00,delayed,V100,DRV087
ORD06238,C0250,R063,2026-09-08T22:14:00+00:00,delivered,V072,DRV097
ORD06239,C0127,R005,2026-08-22T15:35:00+00:00,delivered,V094,DRV110
ORD06240,C0822,R035,2026-09-08T07:19:00+00:00,delivered,V011,DRV103
ORD06241,C1074,R028,2026-08-22T23:14:00+00:00,delivered,V046,DRV064
ORD06242,C2353,R014,2026-08-10T22:54:00+00:00,delivered,V045,DRV035
ORD06243,C1942,R080,2026-08-12T21:46:00+00:00,in_transit,V098,DRV088
ORD06244,C1554,R049,2026-08-05T10:19:00+00:00,in_transit,V009,DRV031
ORD06245,C0528,R063,2026-09-07T22:18:00+00:00,delivered,V090,DRV073
ORD06246,C1630,R074,2026-08-28T14:03:00+00:00,delivered,V027,DRV101
ORD06247,C0440,R004,2026-08-07T20:15:00+00:00,delivered,V067,DRV002
ORD06248,C0862,R028,2026-09-08T00:50:00+00:00,delivered,V050,DRV038
ORD06249,C0517,R026,2026-08-25T07:58:00+00:00,picked_up,V064,DRV027
ORD06250,C0805,R075,2026-09-07T20:06:00+00:00,delivered,V015,DRV048
ORD06251,C1770,R004,2026-09-02T18:03:00+00:00,delivered,V099,DRV045
ORD06252,C2210,R072,2026-09-19T19:21:00+00:00,delayed,V072,DRV083
ORD06253,C2259,R077,2026-09-15T05:54:00+00:00,delivered,V053,DRV036
ORD06254,C0862,R046,2026-08-09T22:37:00+00:00,in_transit,V073,DRV094
ORD06255,C1846,R005,2026-08-31T10:40:00+00:00,picked_up,V082,DRV115
ORD06256,C0403,R011,2026-09-21T12:38:00+00:00,delivered,V026,DRV073
ORD06257,C1640,R066,2026-09-22T22:10:00+00:00,delivered,V051,DRV105
ORD06258,C1361,R004,2026-09-02T22:59:00+00:00,delivered,V065,DRV117
ORD06259,C1067,R006,2026-08-24T20:28:00+00:00,in_transit,V025,DRV078
ORD06260,C2176,R002,2026-08-04T01:25:00+00:00,cancelled,V066,DRV087
ORD06261,C2230,R070,2026-08-30T13:55:00+00:00,delivered,V026,DRV078
ORD06262,C0339,R062,2026-08-03T05:50:00+00:00,delivered,V061,DRV027
ORD06263,C1253,R048,2026-09-20T09:08:00+00:00,delayed,V053,DRV073
ORD06264,C0319,R008,2026-09-11T16:29:00+00:00,delivered,V059,DRV071
ORD06265,C1122,R003,2026-09-23T23:15:00+00:00,delivered,V084,DRV016
ORD06266,C1583,R008,2026-08-07T14:26:00+00:00,in_transit,V032,DRV091
ORD06267,C1466,R005,2026-08-01T08:28:00+00:00,delivered,V036,DRV066
ORD06268,C2074,R014,2026-08-13T08:54:00+00:00,in_transit,V086,DRV033
ORD06269,C1339,R075,2026-08-27T00:11:00+00:00,in_transit,V022,DRV041
ORD06270,C0321,R050,2026-08-14T10:14:00+00:00,delivered,V047,DRV056
ORD06271,C2311,R013,2026-08-15T07:57:00+00:00,in_transit,V092,DRV098
ORD06272,C0497,R009,2026-08-06T11:30:00+00:00,in_transit,V085,DRV017
ORD06273,C0454,R076,2026-08-24T08:15:00+00:00,delivered,V056,DRV015
ORD06274,C0155,R066,2026-08-22T11:46:00+00:00,delivered,V097,DRV091
ORD06275,C1590,R018,2026-09-07T14:49:00+00:00,picked_up,V017,DRV016
ORD06276,C0248,R039,2026-09-17T00:32:00+00:00,delivered,V090,DRV109
ORD06277,C0094,R009,2026-08-16T01:34:00+00:00,delayed,V029,DRV090
ORD06278,C1599,R059,2026-09-22T23:04:00+00:00,picked_up,V044,DRV048
ORD06279,C0788,R024,2026-08-21T07:42:00+00:00,delivered,V083,DRV103
ORD06280,C1611,R040,2026-08-10T03:24:00+00:00,delivered,V040,DRV037
ORD06281,C2469,R065,2026-08-03T02:38:00+00:00,delayed,V034,DRV085
ORD06282,C0056,R026,2026-09-16T19:06:00+00:00,in_transit,V094,DRV074
ORD06283,C0663,R048,2026-08-01T17:31:00+00:00,in_transit,V094,DRV035
ORD06284,C2015,R070,2026-08-22T03:50:00+00:00,delivered,V043,DRV058
ORD06285,C0501,R004,2026-09-15T17:38:00+00:00,delivered,V060,DRV037
ORD06286,C1887,R075,2026-08-08T07:17:00+00:00,picked_up,V045,DRV095
ORD06287,C1464,R044,2026-08-31T18:13:00+00:00,delivered,V040,DRV076
ORD06288,C0576,R080,2026-09-08T16:32:00+00:00,delivered,V081,DRV041
ORD06289,C1084,R062,2026-08-19T05:54:00+00:00,delivered,V040,DRV019
ORD06290,C0093,R022,2026-09-21T15:39:00+00:00,delivered,V085,DRV021
ORD06291,C0436,R010,2026-09-11T21:25:00+00:00,cancelled,V050,DRV041
ORD06292,C2010,R019,2026-08-04T01:13:00+00:00,delivered,V043,DRV108
ORD06293,C1556,R014,2026-08-27T13:38:00+00:00,delivered,V098,DRV111
ORD06294,C0268,R030,2026-08-06T14:54:00+00:00,delivered,V018,DRV036
ORD06295,C1738,R002,2026-08-11T15:46:00+00:00,delivered,V009,DRV037
ORD06296,C1959,R024,2026-08-08T15:43:00+00:00,delivered,V060,DRV083
ORD06297,C0097,R043,2026-08-13T15:29:00+00:00,delayed,V062,DRV061
ORD06298,C1938,R007,2026-08-29T00:33:00+00:00,in_transit,V052,DRV080
ORD06299,C1253,R045,2026-09-06T17:25:00+00:00,in_transit,V056,DRV083
ORD06300,C1780,R028,2026-09-01T18:41:00+00:00,delivered,V058,DRV089
ORD06301,C1651,R080,2026-09-04T17:10:00+00:00,delivered,V090,DRV058
ORD06302,C0464,R073,2026-09-07T11:13:00+00:00,delivered,V006,DRV057
ORD06303,C1459,R037,2026-09-15T12:37:00+00:00,delivered,V085,DRV100
ORD06304,C0034,R006,2026-08-09T19:00:00+00:00,delivered,V062,DRV105
ORD06305,C0965,R017,2026-09-03T16:44:00+00:00,picked_up,V093,DRV029
ORD06306,C0458,R071,2026-08-08T23:27:00+00:00,picked_up,V030,DRV028
ORD06307,C1932,R056,2026-09-07T02:32:00+00:00,delayed,V080,DRV113
ORD06308,C0459,R053,2026-09-23T03:26:00+00:00,delivered,V063,DRV015
ORD06309,C1859,R015,2026-08-11T18:57:00+00:00,delivered,V070,DRV116
ORD06310,C1319,R075,2026-08-06T15:01:00+00:00,picked_up,V064,DRV016
ORD06311,C0862,R052,2026-08-02T03:02:00+00:00,delivered,V039,DRV017
ORD06312,C1170,R039,2026-09-01T00:19:00+00:00,delayed,V069,DRV093
ORD06313,C2259,R027,2026-09-10T19:14:00+00:00,delivered,V036,DRV060
ORD06314,C1883,R004,2026-09-17T07:25:00+00:00,in_transit,V046,DRV083
ORD06315,C0202,R064,2026-09-18T04:01:00+00:00,delivered,V040,DRV036
ORD06316,C0697,R063,2026-08-24T20:02:00+00:00,delayed,V078,DRV033
ORD06317,C1597,R030,2026-09-10T09:00:00+00:00,in_transit,V027,DRV052
ORD06318,C1879,R037,2026-08-29T05:58:00+00:00,delivered,V051,DRV101
ORD06319,C0692,R069,2026-09-17T21:40:00+00:00,delivered,V009,DRV068
ORD06320,C2409,R029,2026-08-28T02:35:00+00:00,picked_up,V060,DRV037
ORD06321,C0963,R067,2026-08-27T16:00:00+00:00,delivered,V017,DRV060
ORD06322,C1302,R014,2026-09-17T04:33:00+00:00,picked_up,V067,DRV014
ORD06323,C1373,R042,2026-08-27T01:28:00+00:00,delivered,V028,DRV102
ORD06324,C0123,R046,2026-09-01T11:05:00+00:00,in_transit,V077,DRV059
ORD06325,C1265,R008,2026-09-13T12:10:00+00:00,picked_up,V083,DRV008
ORD06326,C0803,R027,2026-08-03T12:10:00+00:00,cancelled,V010,DRV063
ORD06327,C0719,R014,2026-08-14T20:18:00+00:00,delivered,V045,DRV076
ORD06328,C1835,R024,2026-09-22T09:17:00+00:00,in_transit,V046,DRV049
ORD06329,C0666,R007,2026-09-03T12:39:00+00:00,delivered,V083,DRV118
ORD06330,C1766,R064,2026-09-12T20:20:00+00:00,delivered,V069,DRV046
ORD06331,C1105,R052,2026-08-29T03:29:00+00:00,picked_up,V098,DRV113
ORD06332,C0631,R040,2026-08-15T02:21:00+00:00,delivered,V018,DRV101
ORD06333,C1199,R017,2026-08-05T20:14:00+00:00,delivered,V001,DRV054
ORD06334,C0253,R059,2026-08-15T19:23:00+00:00,delivered,V021,DRV092
ORD06335,C1849,R066,2026-09-12T02:30:00+00:00,delivered,V080,DRV053
ORD06336,C0659,R022,2026-09-04T02:37:00+00:00,delivered,V074,DRV031
ORD06337,C0735,R044,2026-09-05T12:36:00+00:00,delayed,V080,DRV025
ORD06338,C2328,R001,2026-09-08T14:57:00+00:00,delayed,V006,DRV051
ORD06339,C1117,R015,2026-08-31T17:18:00+00:00,picked_up,V067,DRV033
ORD06340,C0424,R028,2026-09-06T04:03:00+00:00,delivered,V034,DRV010
ORD06341,C1655,R022,2026-08-04T01:31:00+00:00,delivered,V049,DRV063
ORD06342,C1486,R008,2026-09-07T13:37:00+00:00,delivered,V024,DRV013
ORD06343,C0733,R041,2026-08-12T12:25:00+00:00,in_transit,V061,DRV076
ORD06344,C1109,R044,2026-09-17T17:05:00+00:00,delivered,V030,DRV011
ORD06345,C1175,R023,2026-08-17T10:42:00+00:00,delivered,V006,DRV116
ORD06346,C2300,R006,2026-09-11T15:37:00+00:00,delivered,V022,DRV019
ORD06347,C0789,R080,2026-09-24T13:18:00+00:00,picked_up,V065,DRV073
ORD06348,C0337,R038,2026-08-16T04:00:00+00:00,delivered,V051,DRV005
ORD06349,C2059,R061,2026-09-18T06:34:00+00:00,delivered,V028,DRV116
ORD06350,C1434,R014,2026-08-06T21:27:00+00:00,picked_up,V005,DRV084
ORD06351,C0674,R020,2026-08-20T00:06:00+00:00,delivered,V047,DRV119
ORD06352,C2148,R060,2026-09-14T23:42:00+00:00,delivered,V035,DRV037
ORD06353,C2497,R031,2026-08-18T04:54:00+00:00,delivered,V071,DRV088
ORD06354,C0694,R033,2026-09-07T11:27:00+00:00,delivered,V015,DRV119
ORD06355,C1914,R051,2026-09-03T11:19:00+00:00,delivered,V040,DRV017
ORD06356,C1220,R076,2026-09-22T02:56:00+00:00,delivered,V017,DRV016
ORD06357,C0299,R050,2026-08-04T05:10:00+00:00,delivered,V086,DRV049
ORD06358,C1503,R079,2026-09-09T00:21:00+00:00,in_transit,V084,DRV084
ORD06359,C1087,R011,2026-09-23T12:45:00+00:00,delayed,V097,DRV102
ORD06360,C1878,R060,2026-08-04T01:22:00+00:00,delivered,V085,DRV054
ORD06361,C0690,R002,2026-08-19T19:52:00+00:00,delivered,V100,DRV106
ORD06362,C1334,R024,2026-08-26T03:11:00+00:00,delivered,V035,DRV099
ORD06363,C0354,R038,2026-09-18T23:12:00+00:00,delayed,V046,DRV112
ORD06364,C1610,R076,2026-08-03T23:16:00+00:00,picked_up,V041,DRV097
ORD06365,C0473,R024,2026-09-06T20:31:00+00:00,delivered,V010,DRV098
ORD06366,C0702,R066,2026-08-31T20:20:00+00:00,delivered,V045,DRV078
ORD06367,C0598,R075,2026-08-08T02:26:00+00:00,delivered,V038,DRV018
ORD06368,C2261,R019,2026-09-01T21:03:00+00:00,delivered,V033,DRV010
ORD06369,C1985,R062,2026-09-05T14:39:00+00:00,delivered,V052,DRV048
ORD06370,C0965,R034,2026-09-03T07:43:00+00:00,picked_up,V067,DRV111
ORD06371,C1158,R002,2026-09-15T12:39:00+00:00,in_transit,V028,DRV031
ORD06372,C0461,R026,2026-08-18T20:39:00+00:00,delivered,V028,DRV051
ORD06373,C1663,R074,2026-08-17T18:41:00+00:00,picked_up,V054,DRV067
ORD06374,C2412,R067,2026-08-03T07:26:00+00:00,delivered,V003,DRV062
ORD06375,C0587,R043,2026-08-22T22:04:00+00:00,delivered,V007,DRV024
ORD06376,C0065,R002,2026-08-19T11:46:00+00:00,in_transit,V085,DRV105
ORD06377,C0910,R001,2026-08-15T08:03:00+00:00,in_transit,V031,DRV115
ORD06378,C1935,R034,2026-08-14T01:25:00+00:00,in_transit,V028,DRV103
ORD06379,C0719,R023,2026-09-15T11:39:00+00:00,picked_up,V030,DRV075
ORD06380,C0647,R065,2026-08-26T13:00:00+00:00,picked_up,V042,DRV034
ORD06381,C1619,R017,2026-08-23T12:47:00+00:00,delayed,V098,DRV032
ORD06382,C2110,R040,2026-08-03T18:31:00+00:00,in_transit,V023,DRV103
ORD06383,C0309,R045,2026-09-15T18:20:00+00:00,delivered,V086,DRV054
ORD06384,C0256,R065,2026-08-03T22:17:00+00:00,in_transit,V072,DRV093
ORD06385,C1793,R080,2026-08-20T00:04:00+00:00,delivered,V093,DRV023
ORD06386,C1473,R039,2026-08-31T02:20:00+00:00,picked_up,V024,DRV062
ORD06387,C1984,R050,2026-09-14T13:28:00+00:00,delivered,V018,DRV089
ORD06388,C0599,R019,2026-08-10T10:05:00+00:00,picked_up,V045,DRV031
ORD06389,C0762,R013,2026-09-05T21:37:00+00:00,in_transit,V075,DRV025
ORD06390,C1386,R047,2026-08-09T20:21:00+00:00,delivered,V086,DRV051
ORD06391,C2429,R001,2026-09-19T21:40:00+00:00,delivered,V100,DRV038
ORD06392,C0020,R029,2026-08-19T07:00:00+00:00,in_transit,V055,DRV105
ORD06393,C1249,R042,2026-08-14T18:11:00+00:00,in_transit,V052,DRV051
ORD06394,C0016,R012,2026-09-16T19:10:00+00:00,delivered,V018,DRV085
ORD06395,C2201,R025,2026-09-22T07:29:00+00:00,delivered,V091,DRV012
ORD06396,C0891,R043,2026-09-03T09:40:00+00:00,picked_up,V100,DRV053
ORD06397,C1877,R066,2026-09-01T03:33:00+00:00,cancelled,V009,DRV049
ORD06398,C0309,R047,2026-09-02T11:55:00+00:00,in_transit,V097,DRV075
ORD06399,C0565,R075,2026-09-10T09:47:00+00:00,delivered,V095,DRV024
ORD06400,C1424,R036,2026-08-28T22:51:00+00:00,in_transit,V074,DRV102
ORD06401,C0808,R031,2026-09-11T02:36:00+00:00,in_transit,V095,DRV035
ORD06402,C0810,R038,2026-08-10T12:03:00+00:00,picked_up,V020,DRV056
ORD06403,C1120,R060,2026-09-12T19:21:00+00:00,delayed,V091,DRV116
ORD06404,C0538,R019,2026-08-10T01:25:00+00:00,picked_up,V088,DRV039
ORD06405,C2361,R062,2026-08-18T11:58:00+00:00,cancelled,V012,DRV086
ORD06406,C0414,R033,2026-09-10T10:25:00+00:00,delivered,V059,DRV042
ORD06407,C2292,R023,2026-09-23T22:25:00+00:00,picked_up,V070,DRV031
ORD06408,C0100,R065,2026-08-19T20:50:00+00:00,delivered,V061,DRV013
ORD06409,C1747,R027,2026-08-30T11:15:00+00:00,delivered,V028,DRV041
ORD06410,C0265,R029,2026-08-07T02:56:00+00:00,in_transit,V010,DRV078
ORD06411,C1469,R026,2026-09-01T19:42:00+00:00,delivered,V081,DRV011
ORD06412,C1240,R032,2026-09-16T02:50:00+00:00,picked_up,V022,DRV042
ORD06413,C0603,R053,2026-09-19T14:31:00+00:00,in_transit,V019,DRV089
ORD06414,C1044,R070,2026-08-13T06:05:00+00:00,in_transit,V083,DRV076
ORD06415,C1888,R006,2026-08-16T21:15:00+00:00,picked_up,V039,DRV045
ORD06416,C2311,R054,2026-09-22T04:59:00+00:00,cancelled,V013,DRV097
ORD06417,C0801,R023,2026-09-03T16:03:00+00:00,picked_up,V077,DRV078
ORD06418,C0821,R042,2026-08-23T18:07:00+00:00,delayed,V044,DRV013
ORD06419,C1192,R056,2026-08-11T06:28:00+00:00,delayed,V054,DRV060
ORD06420,C1117,R056,2026-08-10T06:16:00+00:00,delivered,V002,DRV041
ORD06421,C0971,R058,2026-08-02T23:20:00+00:00,delivered,V086,DRV102
ORD06422,C0017,R011,2026-08-12T17:51:00+00:00,delivered,V034,DRV062
ORD06423,C1858,R048,2026-08-22T22:09:00+00:00,picked_up,V023,DRV014
ORD06424,C1829,R050,2026-09-11T03:17:00+00:00,delivered,V077,DRV055
ORD06425,C0801,R035,2026-08-09T03:52:00+00:00,in_transit,V022,DRV079
ORD06426,C1853,R014,2026-09-04T11:01:00+00:00,picked_up,V071,DRV119
ORD06427,C0480,R050,2026-08-24T13:14:00+00:00,delivered,V034,DRV002
ORD06428,C1372,R047,2026-09-01T12:08:00+00:00,delivered,V016,DRV058
ORD06429,C1209,R034,2026-09-05T17:05:00+00:00,picked_up,V056,DRV015
ORD06430,C1551,R035,2026-08-05T15:33:00+00:00,delivered,V060,DRV017
ORD06431,C0236,R037,2026-09-01T14:25:00+00:00,delivered,V076,DRV081
ORD06432,C0254,R034,2026-08-12T22:42:00+00:00,delivered,V085,DRV097
ORD06433,C2087,R026,2026-09-07T08:21:00+00:00,in_transit,V008,DRV028
ORD06434,C0778,R042,2026-08-15T16:16:00+00:00,delivered,V067,DRV024
ORD06435,C1265,R020,2026-09-09T00:21:00+00:00,delivered,V028,DRV115
ORD06436,C2485,R069,2026-09-03T09:32:00+00:00,in_transit,V014,DRV112
ORD06437,C1605,R053,2026-08-23T14:05:00+00:00,delivered,V066,DRV120
ORD06438,C0804,R043,2026-08-25T17:38:00+00:00,delivered,V089,DRV053
ORD06439,C0475,R023,2026-09-15T22:23:00+00:00,delivered,V010,DRV060
ORD06440,C0800,R028,2026-09-01T07:13:00+00:00,in_transit,V043,DRV045
ORD06441,C1380,R007,2026-09-08T18:14:00+00:00,in_transit,V067,DRV079
ORD06442,C2351,R034,2026-09-19T04:13:00+00:00,delivered,V008,DRV078
ORD06443,C0498,R067,2026-08-31T13:08:00+00:00,delivered,V081,DRV036
ORD06444,C2319,R027,2026-08-28T07:22:00+00:00,picked_up,V011,DRV040
ORD06445,C0136,R021,2026-08-07T15:45:00+00:00,delivered,V040,DRV093
ORD06446,C1478,R050,2026-08-14T14:09:00+00:00,delivered,V019,DRV071
ORD06447,C0651,R005,2026-08-29T08:25:00+00:00,delivered,V100,DRV048
ORD06448,C1892,R060,2026-08-02T23:31:00+00:00,delivered,V033,DRV118
ORD06449,C1809,R030,2026-08-05T18:07:00+00:00,cancelled,V085,DRV113
ORD06450,C1449,R010,2026-08-01T02:35:00+00:00,in_transit,V051,DRV091
ORD06451,C1672,R037,2026-08-03T04:06:00+00:00,delivered,V030,DRV036
ORD06452,C2045,R006,2026-08-25T19:14:00+00:00,delivered,V095,DRV009
ORD06453,C0588,R020,2026-09-21T10:37:00+00:00,delivered,V007,DRV076
ORD06454,C1458,R027,2026-08-03T15:06:00+00:00,delivered,V075,DRV089
ORD06455,C1826,R012,2026-08-28T18:01:00+00:00,delivered,V087,DRV107
ORD06456,C0519,R074,2026-08-06T02:32:00+00:00,delayed,V048,DRV042
ORD06457,C2026,R065,2026-08-18T05:54:00+00:00,in_transit,V004,DRV033
ORD06458,C1162,R038,2026-08-29T14:19:00+00:00,delivered,V070,DRV037
ORD06459,C2286,R030,2026-08-18T22:37:00+00:00,delivered,V032,DRV100
ORD06460,C1192,R044,2026-08-07T03:05:00+00:00,in_transit,V006,DRV027
ORD06461,C0482,R072,2026-08-13T17:32:00+00:00,delivered,V027,DRV006
ORD06462,C2383,R052,2026-08-24T05:27:00+00:00,in_transit,V095,DRV034
ORD06463,C0487,R047,2026-09-21T17:15:00+00:00,delivered,V038,DRV119
ORD06464,C0958,R025,2026-08-19T14:30:00+00:00,delivered,V088,DRV084
ORD06465,C0410,R015,2026-09-19T21:08:00+00:00,delayed,V020,DRV107
ORD06466,C2331,R050,2026-08-02T15:00:00+00:00,picked_up,V086,DRV025
ORD06467,C2135,R009,2026-09-18T03:20:00+00:00,picked_up,V060,DRV082
ORD06468,C0965,R004,2026-09-19T15:14:00+00:00,picked_up,V008,DRV020
ORD06469,C0576,R074,2026-09-13T19:36:00+00:00,picked_up,V099,DRV087
ORD06470,C1269,R078,2026-08-29T22:22:00+00:00,delivered,V046,DRV055
ORD06471,C1429,R009,2026-08-07T11:04:00+00:00,in_transit,V088,DRV025
ORD06472,C1607,R024,2026-09-17T17:27:00+00:00,delivered,V076,DRV073
ORD06473,C0590,R003,2026-08-15T07:47:00+00:00,delivered,V090,DRV034
ORD06474,C1071,R010,2026-09-13T08:53:00+00:00,in_transit,V080,DRV010
ORD06475,C0784,R078,2026-08-05T04:49:00+00:00,in_transit,V004,DRV084
ORD06476,C1393,R018,2026-09-17T13:18:00+00:00,picked_up,V079,DRV031
ORD06477,C0928,R012,2026-08-03T08:15:00+00:00,delivered,V092,DRV062
ORD06478,C0887,R067,2026-08-17T21:54:00+00:00,delivered,V041,DRV105
ORD06479,C1603,R007,2026-08-17T07:03:00+00:00,in_transit,V074,DRV050
ORD06480,C0748,R072,2026-09-03T00:11:00+00:00,delivered,V093,DRV043
ORD06481,C1492,R001,2026-08-11T07:50:00+00:00,cancelled,V090,DRV116
ORD06482,C0579,R040,2026-09-20T03:31:00+00:00,picked_up,V063,DRV077
ORD06483,C2251,R035,2026-08-06T09:06:00+00:00,delivered,V094,DRV106
ORD06484,C1852,R025,2026-08-13T10:49:00+00:00,delivered,V093,DRV084
ORD06485,C2446,R079,2026-08-06T02:11:00+00:00,delivered,V100,DRV033
ORD06486,C0026,R010,2026-08-03T11:59:00+00:00,cancelled,V027,DRV023
ORD06487,C0277,R007,2026-08-21T22:40:00+00:00,in_transit,V017,DRV066
ORD06488,C1836,R077,2026-09-11T11:03:00+00:00,delivered,V044,DRV105
ORD06489,C0229,R015,2026-08-15T09:12:00+00:00,delivered,V060,DRV008
ORD06490,C0741,R055,2026-08-20T08:14:00+00:00,delivered,V003,DRV102
ORD06491,C2182,R014,2026-09-12T14:19:00+00:00,delivered,V056,DRV107
ORD06492,C0852,R022,2026-09-14T15:01:00+00:00,delivered,V021,DRV013
ORD06493,C0726,R047,2026-09-22T16:35:00+00:00,picked_up,V045,DRV072
ORD06494,C2450,R045,2026-09-06T08:26:00+00:00,delivered,V075,DRV022
ORD06495,C1217,R005,2026-09-23T03:58:00+00:00,picked_up,V073,DRV039
ORD06496,C1752,R064,2026-09-03T06:38:00+00:00,picked_up,V098,DRV057
ORD06497,C1197,R072,2026-08-17T02:52:00+00:00,delivered,V054,DRV120
ORD06498,C2391,R055,2026-08-29T12:47:00+00:00,cancelled,V056,DRV054
ORD06499,C0482,R042,2026-09-15T09:11:00+00:00,delivered,V001,DRV042
ORD06500,C2381,R007,2026-09-06T06:01:00+00:00,delivered,V094,DRV100
ORD06501,C0022,R044,2026-08-07T04:57:00+00:00,delivered,V075,DRV083
ORD06502,C1272,R018,2026-08-31T06:03:00+00:00,delivered,V059,DRV001
ORD06503,C1463,R034,2026-09-04T10:40:00+00:00,cancelled,V064,DRV080
ORD06504,C0028,R007,2026-08-28T10:07:00+00:00,in_transit,V053,DRV108
ORD06505,C1212,R065,2026-08-17T18:33:00+00:00,delivered,V005,DRV092
ORD06506,C0667,R019,2026-09-12T08:06:00+00:00,delivered,V081,DRV082
ORD06507,C0756,R079,2026-08-15T11:35:00+00:00,delivered,V023,DRV015
ORD06508,C1154,R002,2026-08-17T00:19:00+00:00,in_transit,V087,DRV093
ORD06509,C0393,R018,2026-09-14T23:22:00+00:00,delivered,V042,DRV093
ORD06510,C0376,R060,2026-08-25T03:10:00+00:00,in_transit,V061,DRV081
ORD06511,C2296,R017,2026-09-24T11:46:00+00:00,picked_up,V036,DRV048
ORD06512,C2049,R041,2026-08-21T11:43:00+00:00,picked_up,V030,DRV043
ORD06513,C1775,R078,2026-09-25T00:51:00+00:00,in_transit,V097,DRV009
ORD06514,C2254,R045,2026-09-24T19:36:00+00:00,delayed,V019,DRV018
ORD06515,C0181,R042,2026-08-08T06:14:00+00:00,delivered,V001,DRV074
ORD06516,C1874,R012,2026-09-15T07:34:00+00:00,in_transit,V097,DRV074
ORD06517,C0979,R016,2026-08-08T08:20:00+00:00,delivered,V078,DRV055
ORD06518,C0221,R004,2026-09-21T12:40:00+00:00,delivered,V092,DRV013
ORD06519,C0418,R037,2026-08-30T12:30:00+00:00,in_transit,V050,DRV082
ORD06520,C2011,R035,2026-08-06T18:25:00+00:00,delivered,V091,DRV047
ORD06521,C2460,R027,2026-08-24T22:48:00+00:00,picked_up,V038,DRV046
ORD06522,C2085,R012,2026-08-02T15:14:00+00:00,delayed,V021,DRV003
ORD06523,C1112,R066,2026-08-18T01:29:00+00:00,delivered,V053,DRV042
ORD06524,C1529,R071,2026-09-10T11:01:00+00:00,delivered,V043,DRV005
ORD06525,C1876,R043,2026-08-12T03:47:00+00:00,in_transit,V074,DRV027
ORD06526,C2373,R060,2026-08-01T08:50:00+00:00,cancelled,V057,DRV107
ORD06527,C2405,R004,2026-09-06T17:06:00+00:00,delivered,V086,DRV055
ORD06528,C2220,R028,2026-09-03T08:26:00+00:00,picked_up,V022,DRV105
ORD06529,C1475,R027,2026-09-04T17:42:00+00:00,picked_up,V041,DRV100
ORD06530,C1677,R021,2026-09-14T04:00:00+00:00,delivered,V008,DRV089
ORD06531,C1535,R054,2026-09-24T16:41:00+00:00,picked_up,V015,DRV106
ORD06532,C2146,R033,2026-09-24T12:41:00+00:00,delivered,V003,DRV109
ORD06533,C0923,R055,2026-08-12T11:33:00+00:00,delivered,V022,DRV092
ORD06534,C1061,R018,2026-08-03T15:07:00+00:00,picked_up,V098,DRV112
ORD06535,C0842,R050,2026-09-23T05:43:00+00:00,delivered,V100,DRV061
ORD06536,C1734,R034,2026-08-18T19:43:00+00:00,in_transit,V082,DRV085
ORD06537,C1101,R062,2026-09-02T16:40:00+00:00,in_transit,V066,DRV089
ORD06538,C0012,R070,2026-09-13T04:11:00+00:00,picked_up,V068,DRV064
ORD06539,C0359,R067,2026-08-09T03:14:00+00:00,in_transit,V085,DRV089
ORD06540,C0655,R030,2026-09-13T04:21:00+00:00,in_transit,V086,DRV120
ORD06541,C1812,R013,2026-08-25T05:49:00+00:00,delivered,V036,DRV011
ORD06542,C2465,R013,2026-08-14T08:04:00+00:00,delivered,V063,DRV099
ORD06543,C0168,R032,2026-09-16T11:12:00+00:00,delivered,V079,DRV083
ORD06544,C0742,R023,2026-08-16T18:25:00+00:00,delayed,V065,DRV019
ORD06545,C1303,R037,2026-09-17T07:36:00+00:00,delivered,V092,DRV031
ORD06546,C0402,R063,2026-09-17T01:06:00+00:00,delayed,V100,DRV072
ORD06547,C1192,R076,2026-09-02T05:39:00+00:00,delivered,V098,DRV005
ORD06548,C0764,R080,2026-09-23T22:45:00+00:00,delivered,V091,DRV101
ORD06549,C0510,R018,2026-08-26T03:22:00+00:00,delayed,V064,DRV006
ORD06550,C0859,R013,2026-08-22T20:04:00+00:00,delivered,V087,DRV036
ORD06551,C1938,R029,2026-08-06T11:41:00+00:00,picked_up,V095,DRV086
ORD06552,C1424,R012,2026-09-15T09:38:00+00:00,delivered,V032,DRV118
ORD06553,C0335,R053,2026-09-15T17:41:00+00:00,delivered,V021,DRV007
ORD06554,C1179,R079,2026-09-14T10:58:00+00:00,in_transit,V071,DRV048
ORD06555,C0220,R011,2026-08-09T14:10:00+00:00,delivered,V058,DRV002
ORD06556,C0544,R006,2026-09-16T22:13:00+00:00,delivered,V014,DRV106
ORD06557,C1384,R059,2026-09-04T11:12:00+00:00,delivered,V093,DRV082
ORD06558,C1005,R020,2026-09-22T11:46:00+00:00,delivered,V097,DRV090
ORD06559,C2482,R013,2026-08-10T17:03:00+00:00,delivered,V033,DRV119
ORD06560,C2308,R075,2026-08-30T18:05:00+00:00,delivered,V017,DRV105
ORD06561,C1459,R037,2026-09-16T10:24:00+00:00,picked_up,V076,DRV033
ORD06562,C1910,R036,2026-09-24T03:10:00+00:00,delivered,V046,DRV038
ORD06563,C0442,R008,2026-08-27T11:33:00+00:00,delivered,V040,DRV017
ORD06564,C1077,R053,2026-08-22T04:29:00+00:00,in_transit,V076,DRV001
ORD06565,C1488,R013,2026-08-27T00:12:00+00:00,delivered,V040,DRV054
ORD06566,C0656,R067,2026-08-07T08:28:00+00:00,delayed,V095,DRV041
ORD06567,C1553,R066,2026-09-16T15:19:00+00:00,delivered,V051,DRV039
ORD06568,C0337,R072,2026-08-22T01:47:00+00:00,picked_up,V033,DRV031
ORD06569,C0917,R038,2026-08-15T07:37:00+00:00,delivered,V077,DRV013
ORD06570,C0880,R080,2026-09-15T15:31:00+00:00,delivered,V068,DRV029
ORD06571,C0500,R062,2026-08-13T05:17:00+00:00,delayed,V057,DRV095
ORD06572,C0007,R020,2026-08-15T23:03:00+00:00,delivered,V022,DRV041
ORD06573,C1945,R027,2026-08-26T02:46:00+00:00,delayed,V024,DRV037
ORD06574,C1219,R030,2026-09-11T11:58:00+00:00,picked_up,V006,DRV057
ORD06575,C0213,R062,2026-09-01T15:14:00+00:00,delivered,V062,DRV007
ORD06576,C2276,R021,2026-08-22T13:42:00+00:00,in_transit,V078,DRV072
ORD06577,C0003,R027,2026-08-21T17:36:00+00:00,cancelled,V021,DRV013
ORD06578,C2237,R025,2026-09-11T23:14:00+00:00,delivered,V088,DRV119
ORD06579,C1152,R029,2026-08-15T15:29:00+00:00,picked_up,V068,DRV078
ORD06580,C2310,R008,2026-09-20T17:49:00+00:00,delivered,V098,DRV065
ORD06581,C1108,R016,2026-08-10T04:06:00+00:00,delayed,V078,DRV080
ORD06582,C0964,R016,2026-09-15T08:42:00+00:00,picked_up,V091,DRV072
ORD06583,C2410,R001,2026-09-07T14:55:00+00:00,delivered,V026,DRV085
ORD06584,C1859,R025,2026-08-29T03:56:00+00:00,delivered,V037,DRV073
ORD06585,C2315,R057,2026-08-12T17:22:00+00:00,in_transit,V035,DRV007
ORD06586,C0131,R038,2026-08-14T12:57:00+00:00,delivered,V026,DRV106
ORD06587,C0908,R011,2026-09-11T21:46:00+00:00,delivered,V049,DRV025
ORD06588,C2040,R030,2026-08-01T10:30:00+00:00,in_transit,V084,DRV102
ORD06589,C0117,R033,2026-09-13T21:43:00+00:00,delivered,V074,DRV095
ORD06590,C2031,R018,2026-08-08T18:58:00+00:00,picked_up,V022,DRV047
ORD06591,C2061,R010,2026-08-05T15:09:00+00:00,delivered,V015,DRV073
ORD06592,C0723,R021,2026-08-26T14:52:00+00:00,delivered,V080,DRV047
ORD06593,C0588,R050,2026-09-22T00:53:00+00:00,in_transit,V010,DRV046
ORD06594,C1462,R012,2026-09-21T12:56:00+00:00,delivered,V065,DRV074
ORD06595,C0437,R052,2026-09-02T15:49:00+00:00,picked_up,V008,DRV120
ORD06596,C0590,R048,2026-08-26T07:44:00+00:00,delivered,V003,DRV097
ORD06597,C0399,R050,2026-08-06T13:09:00+00:00,delivered,V017,DRV029
ORD06598,C0080,R044,2026-09-13T00:15:00+00:00,delivered,V004,DRV005
ORD06599,C2399,R053,2026-09-19T02:51:00+00:00,delivered,V040,DRV031
ORD06600,C0374,R031,2026-09-20T01:39:00+00:00,delivered,V058,DRV082
ORD06601,C0195,R065,2026-08-07T21:04:00+00:00,picked_up,V030,DRV111
ORD06602,C0787,R023,2026-09-24T01:59:00+00:00,picked_up,V069,DRV021
ORD06603,C0571,R061,2026-08-13T05:57:00+00:00,delivered,V015,DRV012
ORD06604,C1805,R012,2026-08-05T20:06:00+00:00,delivered,V020,DRV030
ORD06605,C2282,R005,2026-09-05T00:12:00+00:00,delayed,V087,DRV038
ORD06606,C1612,R021,2026-08-15T00:33:00+00:00,in_transit,V042,DRV037
ORD06607,C2466,R064,2026-09-04T07:02:00+00:00,delivered,V010,DRV056
ORD06608,C1577,R048,2026-09-02T08:44:00+00:00,picked_up,V007,DRV027
ORD06609,C0653,R046,2026-08-26T19:15:00+00:00,delivered,V027,DRV057
ORD06610,C0515,R055,2026-09-11T05:20:00+00:00,picked_up,V096,DRV109
ORD06611,C1804,R062,2026-09-05T12:28:00+00:00,delivered,V039,DRV083
ORD06612,C1206,R046,2026-08-31T14:44:00+00:00,picked_up,V097,DRV019
ORD06613,C1501,R047,2026-09-24T12:10:00+00:00,delayed,V034,DRV019
ORD06614,C1976,R058,2026-09-18T12:29:00+00:00,delivered,V035,DRV030
ORD06615,C2096,R051,2026-08-04T20:16:00+00:00,in_transit,V025,DRV038
ORD06616,C1557,R009,2026-08-11T00:44:00+00:00,delivered,V016,DRV045
ORD06617,C1303,R073,2026-09-25T00:22:00+00:00,delivered,V012,DRV013
ORD06618,C1070,R033,2026-08-01T13:07:00+00:00,delivered,V003,DRV087
ORD06619,C2245,R060,2026-08-06T13:47:00+00:00,delayed,V054,DRV108
ORD06620,C1513,R066,2026-08-23T02:08:00+00:00,delivered,V092,DRV096
ORD06621,C2302,R029,2026-09-09T01:42:00+00:00,delivered,V034,DRV082
ORD06622,C1979,R079,2026-09-10T23:42:00+00:00,in_transit,V099,DRV098
ORD06623,C0237,R045,2026-08-27T18:11:00+00:00,picked_up,V081,DRV075
ORD06624,C1654,R050,2026-09-18T09:08:00+00:00,delivered,V062,DRV042
ORD06625,C1856,R064,2026-09-18T05:50:00+00:00,delivered,V089,DRV114
ORD06626,C0439,R024,2026-08-30T01:02:00+00:00,delivered,V098,DRV066
ORD06627,C2439,R001,2026-09-19T13:53:00+00:00,picked_up,V057,DRV067
ORD06628,C0912,R014,2026-08-10T20:58:00+00:00,picked_up,V078,DRV116
ORD06629,C2305,R053,2026-09-13T23:44:00+00:00,delivered,V092,DRV083
ORD06630,C0035,R044,2026-08-16T15:43:00+00:00,delivered,V014,DRV003
ORD06631,C2292,R048,2026-09-05T07:21:00+00:00,delivered,V010,DRV103
ORD06632,C2305,R058,2026-08-06T04:16:00+00:00,delivered,V024,DRV006
ORD06633,C1182,R010,2026-08-21T06:44:00+00:00,in_transit,V003,DRV009
ORD06634,C2312,R036,2026-08-10T23:53:00+00:00,in_transit,V062,DRV021
ORD06635,C0059,R008,2026-08-20T09:42:00+00:00,delivered,V042,DRV068
ORD06636,C2148,R029,2026-08-15T02:45:00+00:00,delayed,V099,DRV099
ORD06637,C0139,R010,2026-08-09T10:31:00+00:00,delivered,V025,DRV114
ORD06638,C1880,R004,2026-09-11T21:54:00+00:00,delivered,V034,DRV053
ORD06639,C0886,R060,2026-09-13T09:41:00+00:00,delayed,V030,DRV061
ORD06640,C2009,R074,2026-08-14T04:11:00+00:00,delivered,V079,DRV022
ORD06641,C2496,R007,2026-08-08T20:45:00+00:00,delivered,V052,DRV082
ORD06642,C0226,R038,2026-08-05T17:52:00+00:00,delivered,V089,DRV060
ORD06643,C1632,R028,2026-08-13T04:56:00+00:00,delivered,V087,DRV089
ORD06644,C1388,R070,2026-08-01T21:47:00+00:00,delivered,V001,DRV068
ORD06645,C0026,R006,2026-08-01T16:09:00+00:00,delivered,V003,DRV013
ORD06646,C0894,R017,2026-08-11T16:04:00+00:00,delivered,V051,DRV072
ORD06647,C2237,R013,2026-08-04T07:25:00+00:00,delivered,V010,DRV098
ORD06648,C0459,R073,2026-08-18T20:48:00+00:00,delayed,V093,DRV076
ORD06649,C0266,R060,2026-09-09T18:20:00+00:00,in_transit,V062,DRV108
ORD06650,C0940,R037,2026-08-28T20:21:00+00:00,delivered,V100,DRV055
ORD06651,C1054,R020,2026-08-14T21:31:00+00:00,delivered,V073,DRV049
ORD06652,C1828,R043,2026-09-16T05:15:00+00:00,in_transit,V016,DRV056
ORD06653,C1339,R009,2026-09-14T05:42:00+00:00,delivered,V020,DRV105
ORD06654,C1129,R077,2026-09-05T15:05:00+00:00,delivered,V005,DRV021
ORD06655,C2150,R067,2026-08-13T23:12:00+00:00,picked_up,V034,DRV082
ORD06656,C0699,R060,2026-09-01T13:32:00+00:00,in_transit,V043,DRV001
ORD06657,C0735,R033,2026-08-13T16:50:00+00:00,delivered,V032,DRV048
ORD06658,C0512,R060,2026-08-30T06:12:00+00:00,delivered,V057,DRV064
ORD06659,C0846,R001,2026-08-15T03:30:00+00:00,delivered,V012,DRV089
ORD06660,C1743,R031,2026-08-10T19:57:00+00:00,delayed,V054,DRV058
ORD06661,C2004,R040,2026-09-17T04:33:00+00:00,picked_up,V023,DRV066
ORD06662,C1772,R025,2026-08-06T17:39:00+00:00,delivered,V039,DRV079
ORD06663,C1790,R075,2026-09-05T06:58:00+00:00,delivered,V058,DRV097
ORD06664,C1779,R049,2026-08-04T00:31:00+00:00,in_transit,V091,DRV078
ORD06665,C1053,R077,2026-08-07T14:01:00+00:00,picked_up,V082,DRV006
ORD06666,C1053,R054,2026-08-28T06:02:00+00:00,picked_up,V077,DRV042
ORD06667,C1917,R065,2026-08-25T06:54:00+00:00,delayed,V053,DRV045
ORD06668,C0686,R032,2026-09-11T04:12:00+00:00,delivered,V026,DRV033
ORD06669,C1902,R075,2026-08-20T09:28:00+00:00,in_transit,V023,DRV067
ORD06670,C1053,R023,2026-09-12T18:32:00+00:00,delayed,V055,DRV042
ORD06671,C1187,R064,2026-08-28T22:56:00+00:00,delayed,V099,DRV103
ORD06672,C0124,R044,2026-08-26T02:01:00+00:00,in_transit,V025,DRV115
ORD06673,C2308,R013,2026-08-28T11:09:00+00:00,delivered,V054,DRV042
ORD06674,C0559,R026,2026-09-20T13:22:00+00:00,cancelled,V023,DRV028
ORD06675,C2109,R043,2026-08-23T08:39:00+00:00,delivered,V050,DRV054
ORD06676,C1495,R068,2026-09-24T16:40:00+00:00,cancelled,V098,DRV054
ORD06677,C2242,R039,2026-08-14T13:43:00+00:00,in_transit,V029,DRV108
ORD06678,C1625,R026,2026-08-22T05:50:00+00:00,picked_up,V060,DRV082
ORD06679,C0407,R010,2026-09-03T09:41:00+00:00,in_transit,V062,DRV002
ORD06680,C0443,R015,2026-08-08T08:31:00+00:00,delivered,V099,DRV068
ORD06681,C0658,R028,2026-08-07T08:23:00+00:00,delivered,V079,DRV035
ORD06682,C1659,R046,2026-09-19T18:58:00+00:00,delivered,V093,DRV118
ORD06683,C1493,R074,2026-08-06T21:11:00+00:00,delivered,V077,DRV058
ORD06684,C0158,R057,2026-08-13T13:02:00+00:00,delivered,V048,DRV009
ORD06685,C0062,R004,2026-09-22T16:15:00+00:00,picked_up,V038,DRV029
ORD06686,C1537,R059,2026-09-14T13:55:00+00:00,delivered,V097,DRV002
ORD06687,C0773,R073,2026-08-27T08:21:00+00:00,delivered,V083,DRV053
ORD06688,C0676,R068,2026-08-16T22:18:00+00:00,delivered,V026,DRV120
ORD06689,C1268,R054,2026-08-21T17:16:00+00:00,in_transit,V013,DRV012
ORD06690,C1949,R008,2026-09-11T19:39:00+00:00,delivered,V077,DRV065
ORD06691,C1196,R014,2026-08-25T07:15:00+00:00,picked_up,V024,DRV056
ORD06692,C1054,R029,2026-08-03T23:08:00+00:00,delayed,V086,DRV103
ORD06693,C2074,R037,2026-08-19T03:27:00+00:00,delivered,V026,DRV107
ORD06694,C2213,R064,2026-08-28T11:47:00+00:00,delayed,V018,DRV089
ORD06695,C1064,R007,2026-09-02T12:01:00+00:00,delivered,V085,DRV061
ORD06696,C2082,R075,2026-08-27T20:32:00+00:00,delivered,V044,DRV018
ORD06697,C2310,R040,2026-08-31T11:18:00+00:00,picked_up,V059,DRV117
ORD06698,C1146,R037,2026-09-01T00:29:00+00:00,delivered,V038,DRV004
ORD06699,C1637,R003,2026-08-01T22:20:00+00:00,delivered,V082,DRV076
ORD06700,C0856,R061,2026-09-10T14:16:00+00:00,delivered,V036,DRV048
ORD06701,C1766,R057,2026-09-19T19:51:00+00:00,delivered,V017,DRV096
ORD06702,C0035,R031,2026-09-21T14:35:00+00:00,delivered,V031,DRV119
ORD06703,C1371,R017,2026-09-01T15:02:00+00:00,delayed,V026,DRV077
ORD06704,C1997,R048,2026-09-06T13:05:00+00:00,in_transit,V059,DRV108
ORD06705,C2005,R023,2026-09-02T16:49:00+00:00,delivered,V047,DRV068
ORD06706,C1823,R029,2026-08-09T19:12:00+00:00,delayed,V015,DRV009
ORD06707,C0804,R063,2026-08-22T19:19:00+00:00,in_transit,V047,DRV072
ORD06708,C0355,R038,2026-09-21T09:46:00+00:00,in_transit,V016,DRV044
ORD06709,C2244,R075,2026-08-29T07:52:00+00:00,delivered,V071,DRV064
ORD06710,C2493,R059,2026-08-07T08:05:00+00:00,delivered,V088,DRV114
ORD06711,C1433,R066,2026-09-23T07:55:00+00:00,delivered,V008,DRV117
ORD06712,C1983,R023,2026-08-31T05:12:00+00:00,delivered,V093,DRV117
ORD06713,C0511,R055,2026-08-26T17:26:00+00:00,delivered,V100,DRV026
ORD06714,C2251,R020,2026-08-01T04:45:00+00:00,in_transit,V079,DRV019
ORD06715,C1934,R069,2026-09-13T11:54:00+00:00,in_transit,V020,DRV086
ORD06716,C0561,R014,2026-08-29T16:09:00+00:00,delivered,V085,DRV057
ORD06717,C2429,R057,2026-09-02T06:20:00+00:00,delivered,V050,DRV049
ORD06718,C2122,R017,2026-09-19T21:26:00+00:00,delivered,V095,DRV051
ORD06719,C2343,R036,2026-08-27T15:08:00+00:00,delivered,V037,DRV106
ORD06720,C2220,R013,2026-08-08T18:30:00+00:00,delivered,V049,DRV097
ORD06721,C2122,R004,2026-08-16T12:47:00+00:00,delivered,V017,DRV013
ORD06722,C0696,R002,2026-08-23T11:04:00+00:00,delayed,V053,DRV032
ORD06723,C2436,R016,2026-09-20T02:41:00+00:00,delivered,V022,DRV019
ORD06724,C0254,R046,2026-09-06T12:04:00+00:00,delivered,V089,DRV115
ORD06725,C1192,R080,2026-09-17T01:28:00+00:00,cancelled,V011,DRV083
ORD06726,C0017,R035,2026-08-29T05:21:00+00:00,picked_up,V026,DRV004
ORD06727,C1847,R038,2026-08-31T20:56:00+00:00,picked_up,V098,DRV115
ORD06728,C1721,R038,2026-08-12T04:15:00+00:00,in_transit,V038,DRV116
ORD06729,C0717,R065,2026-08-20T06:32:00+00:00,delivered,V032,DRV026
ORD06730,C1447,R032,2026-09-09T15:48:00+00:00,delivered,V043,DRV059
ORD06731,C0766,R049,2026-09-06T21:52:00+00:00,picked_up,V059,DRV008
ORD06732,C1584,R059,2026-09-04T21:49:00+00:00,delivered,V006,DRV120
ORD06733,C0194,R066,2026-09-03T01:00:00+00:00,delayed,V055,DRV011
ORD06734,C0557,R079,2026-09-07T11:09:00+00:00,delivered,V095,DRV027
ORD06735,C1064,R064,2026-08-25T17:36:00+00:00,picked_up,V084,DRV091
ORD06736,C2330,R035,2026-08-02T11:03:00+00:00,in_transit,V034,DRV026
ORD06737,C1589,R037,2026-09-16T21:45:00+00:00,picked_up,V041,DRV075
ORD06738,C0032,R001,2026-08-07T07:49:00+00:00,in_transit,V088,DRV020
ORD06739,C2427,R050,2026-08-20T20:02:00+00:00,delivered,V071,DRV016
ORD06740,C2427,R019,2026-09-13T12:06:00+00:00,delivered,V013,DRV065
ORD06741,C0395,R014,2026-09-18T19:25:00+00:00,delivered,V078,DRV017
ORD06742,C1483,R001,2026-08-10T01:14:00+00:00,picked_up,V010,DRV060
ORD06743,C1801,R002,2026-08-10T11:28:00+00:00,delivered,V067,DRV056
ORD06744,C0355,R017,2026-09-07T14:30:00+00:00,delivered,V077,DRV101
ORD06745,C1654,R067,2026-08-21T15:38:00+00:00,delivered,V014,DRV117
ORD06746,C0845,R011,2026-09-14T10:23:00+00:00,picked_up,V026,DRV010
ORD06747,C1336,R059,2026-08-27T10:39:00+00:00,in_transit,V015,DRV031
ORD06748,C1012,R055,2026-08-17T19:19:00+00:00,delayed,V045,DRV044
ORD06749,C0523,R048,2026-08-06T20:15:00+00:00,delivered,V067,DRV113
ORD06750,C0450,R055,2026-08-31T22:02:00+00:00,delivered,V028,DRV077
ORD06751,C0796,R061,2026-08-09T21:11:00+00:00,delayed,V033,DRV069
ORD06752,C0498,R069,2026-08-09T13:53:00+00:00,picked_up,V025,DRV037
ORD06753,C1940,R004,2026-08-18T05:43:00+00:00,delivered,V052,DRV002
ORD06754,C1212,R054,2026-09-16T03:36:00+00:00,delivered,V058,DRV039
ORD06755,C2001,R039,2026-08-24T03:10:00+00:00,delivered,V015,DRV066
ORD06756,C1352,R072,2026-08-17T05:56:00+00:00,delivered,V017,DRV115
ORD06757,C0164,R070,2026-09-14T17:17:00+00:00,cancelled,V036,DRV106
ORD06758,C1554,R028,2026-08-07T02:11:00+00:00,delivered,V027,DRV040
ORD06759,C2305,R070,2026-09-08T00:42:00+00:00,delivered,V054,DRV080
ORD06760,C2016,R070,2026-09-14T16:41:00+00:00,delayed,V038,DRV062
ORD06761,C2125,R040,2026-08-09T00:26:00+00:00,delivered,V096,DRV031
ORD06762,C0555,R012,2026-08-03T12:16:00+00:00,delivered,V100,DRV059
ORD06763,C0175,R049,2026-09-03T13:22:00+00:00,delivered,V021,DRV092
ORD06764,C1540,R007,2026-08-22T16:43:00+00:00,picked_up,V030,DRV028
ORD06765,C2289,R059,2026-08-24T09:57:00+00:00,delivered,V013,DRV005
ORD06766,C0459,R075,2026-09-12T19:08:00+00:00,picked_up,V096,DRV099
ORD06767,C1006,R002,2026-08-20T23:28:00+00:00,in_transit,V036,DRV005
ORD06768,C1990,R024,2026-09-13T13:13:00+00:00,delayed,V015,DRV118
ORD06769,C1628,R007,2026-08-20T09:24:00+00:00,delivered,V002,DRV056
ORD06770,C1093,R056,2026-09-02T22:26:00+00:00,delivered,V065,DRV120
ORD06771,C1913,R066,2026-09-15T12:03:00+00:00,delayed,V083,DRV080
ORD06772,C2380,R065,2026-09-14T22:44:00+00:00,in_transit,V046,DRV060
ORD06773,C2465,R013,2026-08-27T17:43:00+00:00,picked_up,V012,DRV059
ORD06774,C0725,R009,2026-08-06T00:58:00+00:00,picked_up,V076,DRV091
ORD06775,C0837,R074,2026-09-02T07:58:00+00:00,delivered,V069,DRV111
ORD06776,C2484,R067,2026-09-06T08:07:00+00:00,delivered,V055,DRV070
ORD06777,C1356,R003,2026-08-02T22:51:00+00:00,delivered,V050,DRV104
ORD06778,C0385,R030,2026-08-05T14:08:00+00:00,picked_up,V018,DRV034
ORD06779,C0390,R022,2026-08-04T16:34:00+00:00,delayed,V053,DRV048
ORD06780,C1531,R044,2026-08-17T09:10:00+00:00,picked_up,V037,DRV077
ORD06781,C2334,R007,2026-08-23T19:36:00+00:00,delayed,V081,DRV097
ORD06782,C2324,R004,2026-09-19T05:40:00+00:00,delivered,V081,DRV088
ORD06783,C2137,R062,2026-08-06T01:45:00+00:00,delivered,V041,DRV027
ORD06784,C2326,R057,2026-09-06T10:57:00+00:00,delivered,V089,DRV097
ORD06785,C0804,R063,2026-09-04T10:37:00+00:00,delivered,V082,DRV110
ORD06786,C0929,R042,2026-09-06T20:22:00+00:00,delayed,V036,DRV093
ORD06787,C1246,R026,2026-09-16T18:33:00+00:00,in_transit,V088,DRV113
ORD06788,C2130,R009,2026-08-17T08:57:00+00:00,picked_up,V007,DRV005
ORD06789,C0719,R006,2026-08-29T12:17:00+00:00,delivered,V100,DRV004
ORD06790,C0751,R058,2026-08-04T00:44:00+00:00,delivered,V092,DRV033
ORD06791,C0611,R032,2026-08-20T23:02:00+00:00,delivered,V039,DRV105
ORD06792,C1976,R038,2026-09-10T04:55:00+00:00,delivered,V066,DRV074
ORD06793,C1206,R010,2026-09-13T19:14:00+00:00,delayed,V061,DRV078
ORD06794,C0557,R079,2026-08-17T09:03:00+00:00,delivered,V014,DRV064
ORD06795,C0356,R070,2026-08-13T08:12:00+00:00,delivered,V044,DRV115
ORD06796,C0329,R003,2026-09-14T17:49:00+00:00,in_transit,V054,DRV031
ORD06797,C1125,R036,2026-08-06T15:56:00+00:00,in_transit,V094,DRV120
ORD06798,C0378,R080,2026-09-08T09:03:00+00:00,in_transit,V082,DRV041
ORD06799,C0212,R022,2026-09-14T00:03:00+00:00,delivered,V045,DRV062
ORD06800,C0878,R069,2026-09-09T15:29:00+00:00,delayed,V056,DRV021
ORD06801,C1897,R048,2026-09-10T21:40:00+00:00,delivered,V087,DRV114
ORD06802,C2479,R009,2026-09-22T10:04:00+00:00,in_transit,V025,DRV110
ORD06803,C0047,R049,2026-09-13T13:33:00+00:00,delivered,V097,DRV063
ORD06804,C0659,R022,2026-09-10T01:08:00+00:00,in_transit,V055,DRV100
ORD06805,C0001,R044,2026-08-17T16:41:00+00:00,delivered,V038,DRV026
ORD06806,C0164,R078,2026-09-19T19:07:00+00:00,delivered,V082,DRV097
ORD06807,C2445,R055,2026-09-01T01:17:00+00:00,picked_up,V040,DRV095
ORD06808,C1246,R070,2026-09-07T22:37:00+00:00,delivered,V094,DRV106
ORD06809,C2382,R078,2026-08-18T16:27:00+00:00,in_transit,V001,DRV027
ORD06810,C1929,R049,2026-09-20T08:48:00+00:00,picked_up,V052,DRV065
ORD06811,C2012,R027,2026-09-12T23:34:00+00:00,delivered,V095,DRV102
ORD06812,C1329,R042,2026-09-14T04:07:00+00:00,delayed,V050,DRV114
ORD06813,C0841,R075,2026-08-14T01:58:00+00:00,delivered,V054,DRV037
ORD06814,C1887,R015,2026-08-21T09:57:00+00:00,delivered,V023,DRV045
ORD06815,C1254,R034,2026-08-08T00:51:00+00:00,delivered,V054,DRV051
ORD06816,C1817,R001,2026-09-22T04:15:00+00:00,delivered,V041,DRV048
ORD06817,C0727,R037,2026-09-21T23:24:00+00:00,delivered,V055,DRV055
ORD06818,C2276,R033,2026-09-14T19:19:00+00:00,delivered,V001,DRV026
ORD06819,C0592,R008,2026-09-13T22:18:00+00:00,cancelled,V008,DRV007
ORD06820,C0464,R068,2026-09-18T06:29:00+00:00,in_transit,V055,DRV035
ORD06821,C1960,R076,2026-08-22T21:34:00+00:00,in_transit,V050,DRV079
ORD06822,C0803,R029,2026-08-19T16:09:00+00:00,delivered,V026,DRV093
ORD06823,C1633,R071,2026-09-16T17:18:00+00:00,delivered,V093,DRV102
ORD06824,C1777,R066,2026-08-12T05:47:00+00:00,cancelled,V027,DRV072
ORD06825,C0153,R045,2026-08-17T15:19:00+00:00,delayed,V032,DRV043
ORD06826,C1475,R078,2026-08-22T12:37:00+00:00,delivered,V063,DRV030
ORD06827,C1048,R075,2026-09-25T02:50:00+00:00,delivered,V049,DRV067
ORD06828,C1438,R026,2026-08-20T00:57:00+00:00,picked_up,V023,DRV077
ORD06829,C1673,R051,2026-09-12T09:24:00+00:00,delivered,V093,DRV020
ORD06830,C1804,R069,2026-08-09T05:15:00+00:00,picked_up,V058,DRV052
ORD06831,C0938,R069,2026-09-07T19:44:00+00:00,cancelled,V086,DRV092
ORD06832,C2361,R069,2026-08-07T08:10:00+00:00,cancelled,V006,DRV046
ORD06833,C2329,R056,2026-09-15T17:57:00+00:00,picked_up,V074,DRV115
ORD06834,C0176,R005,2026-09-03T02:11:00+00:00,delivered,V063,DRV036
ORD06835,C0965,R033,2026-08-13T21:15:00+00:00,delivered,V008,DRV091
ORD06836,C1596,R036,2026-09-20T18:33:00+00:00,in_transit,V064,DRV025
ORD06837,C2198,R068,2026-09-19T00:20:00+00:00,delivered,V078,DRV015
ORD06838,C1640,R011,2026-08-20T08:44:00+00:00,delivered,V039,DRV003
ORD06839,C0836,R061,2026-08-17T18:21:00+00:00,delivered,V052,DRV109
ORD06840,C0142,R019,2026-09-06T03:31:00+00:00,in_transit,V067,DRV042
ORD06841,C0929,R018,2026-09-20T11:16:00+00:00,picked_up,V091,DRV039
ORD06842,C2093,R002,2026-08-03T15:25:00+00:00,in_transit,V076,DRV117
ORD06843,C1283,R073,2026-08-15T16:41:00+00:00,delayed,V035,DRV083
ORD06844,C1914,R009,2026-08-25T10:32:00+00:00,in_transit,V040,DRV065
ORD06845,C1176,R078,2026-09-14T13:02:00+00:00,delivered,V029,DRV108
ORD06846,C0252,R049,2026-08-27T22:26:00+00:00,in_transit,V051,DRV013
ORD06847,C0580,R074,2026-09-10T15:42:00+00:00,delivered,V020,DRV021
ORD06848,C0992,R049,2026-08-08T19:31:00+00:00,delayed,V042,DRV120
ORD06849,C1489,R002,2026-08-14T12:02:00+00:00,delivered,V018,DRV059
ORD06850,C2307,R054,2026-09-12T22:21:00+00:00,delayed,V089,DRV056
ORD06851,C2270,R005,2026-08-30T05:13:00+00:00,delivered,V046,DRV031
ORD06852,C0289,R077,2026-08-01T23:24:00+00:00,delivered,V056,DRV067
ORD06853,C1649,R064,2026-09-01T04:37:00+00:00,picked_up,V007,DRV004
ORD06854,C2329,R047,2026-09-18T07:51:00+00:00,picked_up,V045,DRV119
ORD06855,C1458,R021,2026-08-14T06:16:00+00:00,picked_up,V033,DRV041
ORD06856,C2196,R024,2026-08-20T10:46:00+00:00,delivered,V013,DRV039
ORD06857,C2354,R011,2026-08-18T09:58:00+00:00,in_transit,V100,DRV074
ORD06858,C0855,R011,2026-09-10T18:09:00+00:00,delivered,V077,DRV026
ORD06859,C2406,R071,2026-08-08T05:58:00+00:00,delivered,V075,DRV042
ORD06860,C1784,R002,2026-09-01T22:47:00+00:00,delayed,V087,DRV098
ORD06861,C0459,R002,2026-09-09T07:39:00+00:00,picked_up,V027,DRV053
ORD06862,C2059,R067,2026-09-14T04:30:00+00:00,delivered,V091,DRV104
ORD06863,C2368,R059,2026-08-18T11:23:00+00:00,cancelled,V088,DRV049
ORD06864,C1806,R019,2026-08-07T11:24:00+00:00,delivered,V017,DRV070
ORD06865,C0767,R065,2026-09-22T14:05:00+00:00,cancelled,V031,DRV001
ORD06866,C1313,R047,2026-08-14T07:41:00+00:00,delivered,V046,DRV007
ORD06867,C0614,R072,2026-08-18T10:49:00+00:00,delayed,V074,DRV013
ORD06868,C1725,R034,2026-09-19T20:55:00+00:00,delivered,V068,DRV073
ORD06869,C0064,R079,2026-09-20T07:50:00+00:00,delivered,V035,DRV035
ORD06870,C0765,R055,2026-09-02T08:35:00+00:00,cancelled,V059,DRV009
ORD06871,C2169,R007,2026-09-04T03:04:00+00:00,delivered,V059,DRV040
ORD06872,C0194,R044,2026-09-06T11:47:00+00:00,delivered,V029,DRV004
ORD06873,C1603,R001,2026-09-23T06:20:00+00:00,in_transit,V040,DRV035
ORD06874,C0906,R002,2026-08-10T00:20:00+00:00,delivered,V100,DRV087
ORD06875,C0227,R054,2026-09-06T02:07:00+00:00,in_transit,V049,DRV056
ORD06876,C1527,R045,2026-08-03T02:07:00+00:00,picked_up,V047,DRV083
ORD06877,C1951,R043,2026-09-14T05:42:00+00:00,delivered,V074,DRV028
ORD06878,C1891,R013,2026-09-24T20:46:00+00:00,delivered,V035,DRV029
ORD06879,C0625,R076,2026-08-04T20:28:00+00:00,delayed,V042,DRV112
ORD06880,C1867,R050,2026-08-02T20:16:00+00:00,in_transit,V004,DRV018
ORD06881,C1264,R064,2026-08-07T13:58:00+00:00,picked_up,V099,DRV112
ORD06882,C2380,R030,2026-08-16T08:54:00+00:00,delivered,V010,DRV105
ORD06883,C1987,R056,2026-09-08T02:30:00+00:00,delayed,V018,DRV031
ORD06884,C2201,R071,2026-08-11T01:04:00+00:00,delayed,V032,DRV001
ORD06885,C2188,R034,2026-09-03T17:06:00+00:00,cancelled,V032,DRV063
ORD06886,C0741,R040,2026-09-05T07:28:00+00:00,delivered,V026,DRV095
ORD06887,C2263,R020,2026-09-03T08:08:00+00:00,delivered,V052,DRV116
ORD06888,C2269,R069,2026-08-04T03:30:00+00:00,delayed,V043,DRV118
ORD06889,C1433,R007,2026-09-02T21:41:00+00:00,picked_up,V074,DRV085
ORD06890,C0218,R015,2026-08-30T21:14:00+00:00,delivered,V048,DRV111
ORD06891,C1365,R035,2026-08-21T07:07:00+00:00,in_transit,V089,DRV096
ORD06892,C1122,R014,2026-09-21T00:35:00+00:00,in_transit,V062,DRV059
ORD06893,C0468,R068,2026-09-17T10:23:00+00:00,picked_up,V015,DRV045
ORD06894,C2433,R055,2026-09-07T03:19:00+00:00,delivered,V077,DRV085
ORD06895,C1666,R015,2026-09-11T11:56:00+00:00,delivered,V001,DRV112
ORD06896,C1483,R019,2026-09-06T03:17:00+00:00,delivered,V069,DRV071
ORD06897,C1635,R043,2026-08-22T11:51:00+00:00,delayed,V082,DRV088
ORD06898,C1443,R064,2026-09-08T18:46:00+00:00,delivered,V078,DRV080
ORD06899,C0544,R030,2026-08-26T04:38:00+00:00,delivered,V100,DRV103
ORD06900,C1104,R014,2026-09-09T02:06:00+00:00,delivered,V049,DRV055
ORD06901,C1577,R014,2026-09-18T00:15:00+00:00,in_transit,V013,DRV040
ORD06902,C2202,R067,2026-08-22T07:46:00+00:00,delivered,V092,DRV043
ORD06903,C0337,R048,2026-08-19T21:51:00+00:00,delivered,V085,DRV047
ORD06904,C0020,R026,2026-09-01T12:54:00+00:00,delivered,V014,DRV057
ORD06905,C1869,R065,2026-08-27T10:52:00+00:00,delivered,V039,DRV040
ORD06906,C0452,R022,2026-08-17T04:42:00+00:00,delivered,V080,DRV114
ORD06907,C2140,R010,2026-09-07T05:26:00+00:00,in_transit,V022,DRV045
ORD06908,C1287,R035,2026-08-19T03:22:00+00:00,delivered,V082,DRV091
ORD06909,C0114,R002,2026-09-18T05:25:00+00:00,delivered,V058,DRV036
ORD06910,C0428,R079,2026-09-13T14:12:00+00:00,delivered,V081,DRV054
ORD06911,C0228,R053,2026-09-01T06:09:00+00:00,delivered,V076,DRV074
ORD06912,C1347,R065,2026-08-23T04:27:00+00:00,delayed,V034,DRV020
ORD06913,C1283,R065,2026-08-04T11:29:00+00:00,in_transit,V034,DRV043
ORD06914,C1770,R017,2026-08-27T10:57:00+00:00,delivered,V017,DRV066
ORD06915,C0357,R071,2026-08-24T01:08:00+00:00,delivered,V055,DRV109
ORD06916,C1254,R049,2026-08-24T01:50:00+00:00,in_transit,V016,DRV039
ORD06917,C0735,R032,2026-09-14T20:15:00+00:00,in_transit,V045,DRV108
ORD06918,C0448,R047,2026-09-04T20:39:00+00:00,in_transit,V036,DRV056
ORD06919,C1947,R010,2026-09-02T02:29:00+00:00,picked_up,V030,DRV025
ORD06920,C1095,R035,2026-08-01T17:05:00+00:00,delayed,V012,DRV026
ORD06921,C1995,R063,2026-09-16T04:52:00+00:00,delivered,V080,DRV001
ORD06922,C1413,R048,2026-09-13T22:23:00+00:00,in_transit,V085,DRV039
ORD06923,C1472,R075,2026-09-02T18:32:00+00:00,delivered,V075,DRV110
ORD06924,C2249,R025,2026-09-19T10:27:00+00:00,delivered,V028,DRV050
ORD06925,C2120,R023,2026-09-24T04:27:00+00:00,delivered,V093,DRV010
ORD06926,C0281,R033,2026-08-23T03:00:00+00:00,picked_up,V067,DRV114
ORD06927,C0696,R040,2026-09-18T07:02:00+00:00,delivered,V060,DRV092
ORD06928,C0072,R003,2026-09-24T06:08:00+00:00,in_transit,V059,DRV119
ORD06929,C0029,R036,2026-08-23T23:43:00+00:00,delivered,V031,DRV003
ORD06930,C2500,R034,2026-09-02T14:22:00+00:00,delayed,V016,DRV087
ORD06931,C0117,R011,2026-09-16T19:27:00+00:00,delivered,V028,DRV007
ORD06932,C1872,R049,2026-08-22T20:45:00+00:00,delayed,V018,DRV104
ORD06933,C1328,R027,2026-09-15T05:18:00+00:00,delivered,V055,DRV079
ORD06934,C0184,R027,2026-08-14T10:49:00+00:00,picked_up,V050,DRV114
ORD06935,C1341,R007,2026-08-24T18:43:00+00:00,delivered,V046,DRV027
ORD06936,C1409,R054,2026-09-03T10:11:00+00:00,delivered,V027,DRV007
ORD06937,C0798,R060,2026-08-18T10:23:00+00:00,delayed,V048,DRV013
ORD06938,C1556,R076,2026-09-09T14:06:00+00:00,delivered,V054,DRV008
ORD06939,C1914,R079,2026-09-21T05:53:00+00:00,in_transit,V059,DRV021
ORD06940,C0469,R041,2026-08-09T08:02:00+00:00,delivered,V090,DRV032
ORD06941,C0820,R012,2026-08-07T10:52:00+00:00,in_transit,V012,DRV090
ORD06942,C0641,R054,2026-08-29T10:03:00+00:00,delayed,V083,DRV098
ORD06943,C2212,R023,2026-09-09T01:19:00+00:00,delivered,V053,DRV017
ORD06944,C1895,R025,2026-09-17T11:43:00+00:00,delivered,V047,DRV109
ORD06945,C2304,R077,2026-08-30T03:27:00+00:00,picked_up,V039,DRV048
ORD06946,C1992,R042,2026-08-06T22:50:00+00:00,in_transit,V036,DRV112
ORD06947,C1631,R077,2026-08-25T19:24:00+00:00,in_transit,V059,DRV046
ORD06948,C2102,R014,2026-08-15T22:20:00+00:00,delivered,V100,DRV104
ORD06949,C1735,R026,2026-09-18T22:45:00+00:00,delivered,V063,DRV053
ORD06950,C0687,R008,2026-08-20T04:58:00+00:00,delivered,V001,DRV011
ORD06951,C2113,R010,2026-08-23T13:00:00+00:00,delivered,V098,DRV120
ORD06952,C2095,R027,2026-08-24T22:18:00+00:00,delivered,V039,DRV037
ORD06953,C2310,R037,2026-08-31T06:59:00+00:00,delayed,V059,DRV037
ORD06954,C0521,R055,2026-09-17T12:32:00+00:00,cancelled,V072,DRV089
ORD06955,C0788,R048,2026-08-27T05:11:00+00:00,delivered,V080,DRV110
ORD06956,C2008,R044,2026-08-16T20:04:00+00:00,cancelled,V046,DRV009
ORD06957,C1772,R049,2026-09-08T07:29:00+00:00,picked_up,V003,DRV101
ORD06958,C1315,R061,2026-08-10T11:07:00+00:00,cancelled,V061,DRV100
ORD06959,C0874,R003,2026-09-19T16:40:00+00:00,delivered,V010,DRV005
ORD06960,C1386,R023,2026-08-10T11:58:00+00:00,delayed,V027,DRV075
ORD06961,C2098,R023,2026-08-09T21:31:00+00:00,picked_up,V054,DRV077
ORD06962,C1073,R025,2026-08-15T00:41:00+00:00,in_transit,V034,DRV013
ORD06963,C0523,R053,2026-08-22T01:38:00+00:00,in_transit,V053,DRV096
ORD06964,C1377,R034,2026-08-30T02:51:00+00:00,delivered,V061,DRV014
ORD06965,C2227,R042,2026-08-12T12:46:00+00:00,picked_up,V051,DRV063
ORD06966,C0322,R071,2026-09-15T14:09:00+00:00,picked_up,V099,DRV107
ORD06967,C1223,R046,2026-08-10T05:42:00+00:00,delivered,V055,DRV069
ORD06968,C1101,R023,2026-09-05T23:20:00+00:00,delivered,V046,DRV102
ORD06969,C2305,R006,2026-08-19T23:54:00+00:00,delivered,V050,DRV106
ORD06970,C1014,R005,2026-09-01T03:40:00+00:00,delivered,V073,DRV059
ORD06971,C0564,R071,2026-08-10T07:29:00+00:00,delivered,V044,DRV044
ORD06972,C1561,R061,2026-09-09T19:31:00+00:00,in_transit,V021,DRV081
ORD06973,C2390,R028,2026-08-31T03:02:00+00:00,delivered,V003,DRV087
ORD06974,C2457,R080,2026-09-18T18:38:00+00:00,delivered,V078,DRV011
ORD06975,C2333,R062,2026-09-21T03:25:00+00:00,delivered,V073,DRV051
ORD06976,C2328,R014,2026-09-21T23:17:00+00:00,cancelled,V016,DRV114
ORD06977,C0342,R059,2026-08-25T20:54:00+00:00,delivered,V023,DRV031
ORD06978,C2026,R019,2026-08-27T11:01:00+00:00,delivered,V044,DRV015
ORD06979,C1365,R051,2026-08-20T22:09:00+00:00,picked_up,V058,DRV027
ORD06980,C2430,R022,2026-09-13T06:34:00+00:00,delivered,V065,DRV100
ORD06981,C2210,R056,2026-09-15T18:50:00+00:00,delivered,V069,DRV048
ORD06982,C1660,R009,2026-08-09T05:57:00+00:00,delivered,V009,DRV008
ORD06983,C1649,R040,2026-08-24T04:39:00+00:00,picked_up,V027,DRV101
ORD06984,C2029,R026,2026-08-08T04:04:00+00:00,delivered,V046,DRV057
ORD06985,C0590,R006,2026-08-19T20:18:00+00:00,in_transit,V085,DRV099
ORD06986,C2369,R074,2026-09-07T20:43:00+00:00,delivered,V081,DRV070
ORD06987,C2136,R050,2026-09-11T05:19:00+00:00,in_transit,V043,DRV112
ORD06988,C1133,R033,2026-08-15T19:31:00+00:00,delivered,V034,DRV073
ORD06989,C0186,R013,2026-08-16T13:09:00+00:00,delivered,V071,DRV056
ORD06990,C1117,R001,2026-09-16T16:01:00+00:00,delivered,V006,DRV088
ORD06991,C1237,R074,2026-09-23T07:02:00+00:00,delivered,V016,DRV103
ORD06992,C0059,R001,2026-09-02T16:04:00+00:00,delayed,V072,DRV045
ORD06993,C2464,R035,2026-09-13T18:59:00+00:00,in_transit,V092,DRV021
ORD06994,C1688,R054,2026-08-24T07:38:00+00:00,delivered,V024,DRV022
ORD06995,C2355,R018,2026-08-30T05:54:00+00:00,in_transit,V089,DRV029
ORD06996,C0054,R044,2026-08-20T10:04:00+00:00,in_transit,V093,DRV051
ORD06997,C1160,R033,2026-08-03T12:15:00+00:00,delivered,V011,DRV059
ORD06998,C1640,R048,2026-08-22T17:59:00+00:00,picked_up,V090,DRV090
ORD06999,C0725,R024,2026-09-11T04:45:00+00:00,delayed,V056,DRV065
ORD07000,C0625,R013,2026-09-20T00:40:00+00:00,in_transit,V014,DRV022
ORD07001,C2200,R050,2026-08-12T05:37:00+00:00,picked_up,V021,DRV100
ORD07002,C1918,R063,2026-08-01T04:21:00+00:00,delivered,V078,DRV098
ORD07003,C1304,R056,2026-08-23T12:37:00+00:00,delivered,V013,DRV107
ORD07004,C1802,R061,2026-09-01T03:24:00+00:00,in_transit,V031,DRV016
ORD07005,C0007,R045,2026-08-19T17:16:00+00:00,delivered,V077,DRV061
ORD07006,C1416,R040,2026-08-22T15:29:00+00:00,delivered,V062,DRV118
ORD07007,C0146,R048,2026-08-19T02:56:00+00:00,delivered,V064,DRV018
ORD07008,C0764,R030,2026-08-23T00:10:00+00:00,delivered,V001,DRV026
ORD07009,C0276,R074,2026-09-07T22:30:00+00:00,delivered,V098,DRV033
ORD07010,C2061,R009,2026-08-10T06:00:00+00:00,delivered,V077,DRV054
ORD07011,C0647,R038,2026-09-19T04:15:00+00:00,delayed,V089,DRV039
ORD07012,C0870,R056,2026-08-19T00:20:00+00:00,delivered,V039,DRV114
ORD07013,C1275,R079,2026-08-03T17:52:00+00:00,cancelled,V083,DRV084
ORD07014,C0803,R010,2026-09-02T13:12:00+00:00,picked_up,V082,DRV044
ORD07015,C0802,R064,2026-08-09T03:41:00+00:00,delivered,V040,DRV054
ORD07016,C0556,R039,2026-08-30T16:07:00+00:00,delivered,V066,DRV097
ORD07017,C1315,R042,2026-08-20T18:55:00+00:00,picked_up,V066,DRV085
ORD07018,C1665,R058,2026-09-21T20:51:00+00:00,delivered,V033,DRV077
ORD07019,C1420,R059,2026-08-29T18:59:00+00:00,delivered,V083,DRV029
ORD07020,C1206,R078,2026-09-15T04:45:00+00:00,delivered,V088,DRV050
ORD07021,C0313,R037,2026-08-09T04:28:00+00:00,delivered,V089,DRV101
ORD07022,C0838,R006,2026-08-15T04:39:00+00:00,delivered,V059,DRV065
ORD07023,C2038,R043,2026-08-02T08:40:00+00:00,delivered,V026,DRV019
ORD07024,C0068,R035,2026-09-22T03:20:00+00:00,delivered,V014,DRV111
ORD07025,C1219,R049,2026-09-06T05:08:00+00:00,delivered,V053,DRV120
ORD07026,C1284,R020,2026-08-07T21:07:00+00:00,delivered,V052,DRV034
ORD07027,C1971,R050,2026-09-14T11:05:00+00:00,delivered,V083,DRV099
ORD07028,C2441,R040,2026-09-05T15:54:00+00:00,delivered,V024,DRV050
ORD07029,C0544,R001,2026-08-09T07:18:00+00:00,in_transit,V027,DRV029
ORD07030,C1853,R072,2026-09-20T02:34:00+00:00,picked_up,V013,DRV107
ORD07031,C0289,R054,2026-09-14T04:28:00+00:00,delivered,V073,DRV050
ORD07032,C1263,R037,2026-08-09T18:03:00+00:00,picked_up,V046,DRV016
ORD07033,C0856,R055,2026-08-12T08:14:00+00:00,cancelled,V095,DRV006
ORD07034,C0754,R042,2026-08-14T18:16:00+00:00,delivered,V054,DRV066
ORD07035,C1257,R059,2026-09-21T14:35:00+00:00,delivered,V052,DRV010
ORD07036,C1510,R073,2026-09-04T17:05:00+00:00,delivered,V087,DRV120
ORD07037,C2454,R025,2026-08-15T10:20:00+00:00,delayed,V058,DRV068
ORD07038,C2329,R065,2026-08-31T12:39:00+00:00,delayed,V006,DRV055
ORD07039,C0292,R008,2026-08-21T07:38:00+00:00,delivered,V096,DRV062
ORD07040,C0570,R007,2026-08-13T14:42:00+00:00,delivered,V004,DRV107
ORD07041,C0399,R047,2026-09-22T06:17:00+00:00,picked_up,V090,DRV112
ORD07042,C0188,R020,2026-08-04T07:21:00+00:00,delivered,V019,DRV026
ORD07043,C2216,R048,2026-09-20T12:49:00+00:00,delivered,V029,DRV074
ORD07044,C2387,R014,2026-08-12T03:03:00+00:00,cancelled,V081,DRV098
ORD07045,C0645,R032,2026-09-19T10:28:00+00:00,picked_up,V059,DRV078
ORD07046,C0641,R060,2026-09-05T14:50:00+00:00,cancelled,V069,DRV106
ORD07047,C2430,R001,2026-09-20T08:28:00+00:00,delayed,V024,DRV017
ORD07048,C2085,R043,2026-08-10T15:15:00+00:00,delivered,V088,DRV034
ORD07049,C0096,R059,2026-08-25T19:28:00+00:00,delivered,V052,DRV020
ORD07050,C1224,R009,2026-08-29T05:44:00+00:00,in_transit,V072,DRV082
ORD07051,C2418,R065,2026-09-10T00:31:00+00:00,delivered,V023,DRV108
ORD07052,C0974,R027,2026-08-02T00:39:00+00:00,delayed,V067,DRV035
ORD07053,C2252,R016,2026-08-27T10:19:00+00:00,picked_up,V075,DRV091
ORD07054,C1383,R057,2026-09-23T19:33:00+00:00,delivered,V025,DRV003
ORD07055,C1157,R036,2026-09-22T03:31:00+00:00,cancelled,V007,DRV112
ORD07056,C2337,R022,2026-09-10T04:13:00+00:00,delivered,V076,DRV022
ORD07057,C0457,R067,2026-08-26T18:01:00+00:00,cancelled,V084,DRV034
ORD07058,C0733,R049,2026-09-24T00:05:00+00:00,delivered,V088,DRV053
ORD07059,C1753,R067,2026-09-18T00:18:00+00:00,delayed,V015,DRV115
ORD07060,C1312,R031,2026-09-16T06:06:00+00:00,delivered,V063,DRV002
ORD07061,C0651,R038,2026-08-08T01:15:00+00:00,delivered,V061,DRV053
ORD07062,C0527,R043,2026-09-24T20:40:00+00:00,delivered,V092,DRV042
ORD07063,C1290,R027,2026-09-18T02:51:00+00:00,delivered,V056,DRV030
ORD07064,C1777,R010,2026-08-11T23:22:00+00:00,delivered,V100,DRV036
ORD07065,C0241,R036,2026-09-13T15:41:00+00:00,delivered,V025,DRV022
ORD07066,C1397,R023,2026-09-25T01:05:00+00:00,in_transit,V044,DRV067
ORD07067,C0218,R071,2026-09-03T12:40:00+00:00,delivered,V016,DRV106
ORD07068,C1519,R050,2026-08-05T06:34:00+00:00,delivered,V099,DRV096
ORD07069,C0061,R076,2026-09-06T05:17:00+00:00,delivered,V066,DRV076
ORD07070,C0993,R007,2026-09-19T02:34:00+00:00,delivered,V018,DRV089
ORD07071,C0201,R030,2026-08-08T12:10:00+00:00,delivered,V049,DRV051
ORD07072,C2166,R013,2026-09-06T06:26:00+00:00,in_transit,V024,DRV060
ORD07073,C0815,R066,2026-09-11T23:19:00+00:00,cancelled,V070,DRV010
ORD07074,C0052,R064,2026-09-10T12:01:00+00:00,delayed,V045,DRV012
ORD07075,C0757,R030,2026-08-01T05:48:00+00:00,cancelled,V072,DRV004
ORD07076,C2094,R028,2026-08-11T10:40:00+00:00,delayed,V090,DRV039
ORD07077,C1211,R012,2026-08-28T12:41:00+00:00,delayed,V003,DRV036
ORD07078,C0601,R073,2026-09-12T10:07:00+00:00,delivered,V076,DRV038
ORD07079,C0088,R053,2026-08-21T04:26:00+00:00,delivered,V097,DRV003
ORD07080,C0927,R058,2026-09-08T07:54:00+00:00,delivered,V094,DRV078
ORD07081,C1492,R047,2026-08-01T17:17:00+00:00,delivered,V014,DRV080
ORD07082,C1594,R026,2026-08-05T03:42:00+00:00,delivered,V057,DRV100
ORD07083,C1647,R062,2026-08-01T12:06:00+00:00,delivered,V014,DRV050
ORD07084,C0127,R040,2026-09-19T05:13:00+00:00,in_transit,V018,DRV102
ORD07085,C0433,R068,2026-08-29T08:13:00+00:00,delayed,V010,DRV066
ORD07086,C1049,R051,2026-08-13T18:22:00+00:00,delivered,V036,DRV033
ORD07087,C1890,R048,2026-09-10T03:14:00+00:00,delivered,V040,DRV064
ORD07088,C1654,R029,2026-09-22T00:46:00+00:00,delivered,V026,DRV084
ORD07089,C2393,R075,2026-08-07T21:44:00+00:00,delivered,V085,DRV035
ORD07090,C0118,R062,2026-08-15T09:30:00+00:00,picked_up,V009,DRV115
ORD07091,C1540,R008,2026-09-05T15:35:00+00:00,delivered,V068,DRV118
ORD07092,C2273,R018,2026-08-10T04:45:00+00:00,in_transit,V047,DRV101
ORD07093,C0209,R066,2026-08-23T21:54:00+00:00,delayed,V097,DRV084
ORD07094,C0651,R006,2026-09-03T12:14:00+00:00,in_transit,V012,DRV106
ORD07095,C0414,R050,2026-09-01T17:15:00+00:00,delivered,V089,DRV036
ORD07096,C1878,R051,2026-09-05T13:08:00+00:00,delivered,V013,DRV043
ORD07097,C0429,R016,2026-08-13T19:29:00+00:00,delivered,V064,DRV003
ORD07098,C1732,R068,2026-09-21T18:56:00+00:00,delivered,V048,DRV073
ORD07099,C1481,R076,2026-08-18T01:26:00+00:00,picked_up,V053,DRV024
ORD07100,C0974,R045,2026-09-12T00:10:00+00:00,delivered,V045,DRV004
ORD07101,C2113,R078,2026-09-16T21:32:00+00:00,in_transit,V069,DRV007
ORD07102,C2116,R065,2026-09-09T08:09:00+00:00,in_transit,V086,DRV089
ORD07103,C2428,R033,2026-08-19T18:56:00+00:00,delivered,V019,DRV021
ORD07104,C0014,R048,2026-08-20T19:06:00+00:00,delivered,V016,DRV089
ORD07105,C2315,R029,2026-09-23T02:19:00+00:00,delivered,V028,DRV002
ORD07106,C2270,R001,2026-08-05T11:00:00+00:00,delivered,V054,DRV045
ORD07107,C1390,R073,2026-08-02T15:09:00+00:00,delivered,V039,DRV006
ORD07108,C2001,R001,2026-08-14T12:29:00+00:00,picked_up,V058,DRV071
ORD07109,C1889,R006,2026-08-30T14:34:00+00:00,in_transit,V019,DRV088
ORD07110,C2437,R051,2026-08-18T15:06:00+00:00,delivered,V009,DRV100
ORD07111,C2216,R025,2026-09-17T13:59:00+00:00,delivered,V035,DRV068
ORD07112,C1692,R018,2026-09-07T06:55:00+00:00,in_transit,V054,DRV011
ORD07113,C1875,R057,2026-09-13T09:08:00+00:00,picked_up,V059,DRV118
ORD07114,C1226,R077,2026-09-07T12:13:00+00:00,delayed,V088,DRV074
ORD07115,C2213,R080,2026-08-10T05:32:00+00:00,delivered,V035,DRV091
ORD07116,C0567,R070,2026-08-09T03:02:00+00:00,in_transit,V034,DRV013
ORD07117,C1482,R021,2026-09-10T12:25:00+00:00,delayed,V061,DRV005
ORD07118,C1762,R061,2026-08-31T20:10:00+00:00,picked_up,V006,DRV042
ORD07119,C2199,R038,2026-09-18T19:10:00+00:00,delivered,V096,DRV103
ORD07120,C0925,R067,2026-09-23T22:20:00+00:00,delayed,V004,DRV013
ORD07121,C1141,R026,2026-09-17T21:31:00+00:00,delivered,V057,DRV118
ORD07122,C2204,R022,2026-08-03T03:20:00+00:00,delivered,V036,DRV108
ORD07123,C0308,R071,2026-08-17T00:28:00+00:00,delivered,V098,DRV119
ORD07124,C1792,R038,2026-09-05T15:17:00+00:00,delivered,V061,DRV069
ORD07125,C1973,R057,2026-08-17T22:44:00+00:00,delivered,V085,DRV021
ORD07126,C1253,R007,2026-09-15T19:07:00+00:00,in_transit,V002,DRV031
ORD07127,C1020,R040,2026-09-06T05:01:00+00:00,in_transit,V037,DRV103
ORD07128,C2303,R006,2026-09-24T05:38:00+00:00,delivered,V077,DRV050
ORD07129,C0235,R063,2026-09-12T02:44:00+00:00,picked_up,V086,DRV025
ORD07130,C2340,R001,2026-09-22T06:37:00+00:00,in_transit,V089,DRV112
ORD07131,C2353,R058,2026-09-08T08:02:00+00:00,delivered,V003,DRV077
ORD07132,C0668,R012,2026-08-04T18:02:00+00:00,delivered,V045,DRV052
ORD07133,C2438,R051,2026-08-13T03:33:00+00:00,delivered,V093,DRV081
ORD07134,C2419,R068,2026-08-03T12:07:00+00:00,delivered,V098,DRV118
ORD07135,C1220,R003,2026-08-03T07:26:00+00:00,picked_up,V098,DRV033
ORD07136,C0976,R045,2026-09-08T20:39:00+00:00,picked_up,V099,DRV049
ORD07137,C0768,R058,2026-08-15T06:33:00+00:00,delivered,V056,DRV020
ORD07138,C2300,R015,2026-09-11T03:46:00+00:00,delivered,V073,DRV023
ORD07139,C0930,R003,2026-08-30T08:47:00+00:00,delivered,V004,DRV016
ORD07140,C0887,R004,2026-09-11T15:03:00+00:00,delivered,V086,DRV107
ORD07141,C1907,R067,2026-08-18T19:06:00+00:00,picked_up,V019,DRV030
ORD07142,C1540,R054,2026-09-14T21:49:00+00:00,delivered,V035,DRV120
ORD07143,C1203,R042,2026-08-19T17:53:00+00:00,picked_up,V036,DRV015
ORD07144,C0145,R054,2026-09-21T07:37:00+00:00,in_transit,V071,DRV094
ORD07145,C1412,R046,2026-09-13T12:01:00+00:00,picked_up,V037,DRV056
ORD07146,C0360,R071,2026-09-03T22:17:00+00:00,delivered,V039,DRV047
ORD07147,C2205,R018,2026-09-10T21:28:00+00:00,in_transit,V034,DRV050
ORD07148,C1417,R079,2026-09-21T00:11:00+00:00,cancelled,V012,DRV052
ORD07149,C0442,R067,2026-09-14T17:04:00+00:00,cancelled,V027,DRV042
ORD07150,C0279,R060,2026-09-13T20:50:00+00:00,delivered,V031,DRV034
ORD07151,C1823,R072,2026-09-13T17:23:00+00:00,in_transit,V057,DRV039
ORD07152,C0792,R075,2026-09-10T15:07:00+00:00,in_transit,V010,DRV003
ORD07153,C1993,R069,2026-09-10T02:58:00+00:00,picked_up,V023,DRV064
ORD07154,C1565,R053,2026-09-19T06:44:00+00:00,delivered,V067,DRV086
ORD07155,C1329,R023,2026-08-02T00:45:00+00:00,delivered,V090,DRV004
ORD07156,C0858,R038,2026-09-06T20:18:00+00:00,delivered,V009,DRV052
ORD07157,C1303,R043,2026-08-09T12:05:00+00:00,delivered,V052,DRV110
ORD07158,C0294,R030,2026-08-08T22:22:00+00:00,delivered,V038,DRV115
ORD07159,C0193,R017,2026-09-15T20:37:00+00:00,in_transit,V062,DRV080
ORD07160,C1039,R066,2026-09-09T01:43:00+00:00,delivered,V014,DRV118
ORD07161,C1434,R007,2026-08-10T10:38:00+00:00,delivered,V099,DRV095
ORD07162,C1514,R054,2026-09-12T05:50:00+00:00,delivered,V089,DRV043
ORD07163,C1581,R050,2026-08-29T05:17:00+00:00,delivered,V018,DRV034
ORD07164,C1853,R020,2026-09-24T19:31:00+00:00,delivered,V063,DRV072
ORD07165,C0737,R015,2026-09-04T14:53:00+00:00,delivered,V018,DRV001
ORD07166,C0206,R016,2026-08-08T13:33:00+00:00,delivered,V011,DRV065
ORD07167,C2186,R011,2026-08-26T10:15:00+00:00,in_transit,V007,DRV005
ORD07168,C1011,R041,2026-08-31T10:22:00+00:00,delivered,V088,DRV063
ORD07169,C2484,R028,2026-08-14T16:17:00+00:00,in_transit,V030,DRV114
ORD07170,C1704,R017,2026-08-07T04:52:00+00:00,delivered,V082,DRV031
ORD07171,C0041,R034,2026-09-17T05:37:00+00:00,delivered,V076,DRV066
ORD07172,C0567,R077,2026-09-17T03:43:00+00:00,picked_up,V064,DRV027
ORD07173,C1943,R066,2026-08-25T21:45:00+00:00,delayed,V055,DRV019
ORD07174,C1225,R025,2026-09-12T14:35:00+00:00,delivered,V019,DRV034
ORD07175,C0120,R068,2026-08-26T05:32:00+00:00,delivered,V070,DRV079
ORD07176,C0813,R052,2026-08-03T14:34:00+00:00,in_transit,V060,DRV068
ORD07177,C2057,R019,2026-09-08T22:55:00+00:00,delivered,V093,DRV043
ORD07178,C0994,R035,2026-08-25T10:42:00+00:00,delayed,V050,DRV117
ORD07179,C0176,R068,2026-08-26T14:12:00+00:00,delayed,V088,DRV119
ORD07180,C0182,R040,2026-09-23T09:28:00+00:00,delivered,V073,DRV106
ORD07181,C1398,R019,2026-08-13T15:52:00+00:00,delivered,V097,DRV010
ORD07182,C1143,R065,2026-09-02T06:14:00+00:00,delivered,V050,DRV066
ORD07183,C0677,R038,2026-08-10T23:00:00+00:00,delayed,V086,DRV043
ORD07184,C1951,R002,2026-08-01T06:35:00+00:00,delayed,V058,DRV064
ORD07185,C0649,R079,2026-08-06T02:15:00+00:00,delayed,V027,DRV023
ORD07186,C1176,R061,2026-08-23T03:15:00+00:00,delivered,V060,DRV066
ORD07187,C1730,R055,2026-09-12T16:46:00+00:00,cancelled,V069,DRV040
ORD07188,C0895,R029,2026-08-08T04:17:00+00:00,delayed,V027,DRV018
ORD07189,C1971,R046,2026-08-24T13:21:00+00:00,delivered,V092,DRV056
ORD07190,C1732,R046,2026-09-20T00:12:00+00:00,delivered,V023,DRV010
ORD07191,C0844,R078,2026-09-08T06:05:00+00:00,delivered,V018,DRV035
ORD07192,C2056,R011,2026-08-14T16:28:00+00:00,delivered,V047,DRV065
ORD07193,C1095,R022,2026-08-19T19:42:00+00:00,delivered,V070,DRV016
ORD07194,C0240,R043,2026-09-12T17:37:00+00:00,delivered,V053,DRV058
ORD07195,C1408,R080,2026-08-18T02:37:00+00:00,picked_up,V039,DRV033
ORD07196,C0945,R042,2026-09-24T21:50:00+00:00,cancelled,V009,DRV014
ORD07197,C0170,R054,2026-09-17T23:50:00+00:00,picked_up,V027,DRV015
ORD07198,C1759,R021,2026-09-05T08:34:00+00:00,picked_up,V041,DRV077
ORD07199,C0876,R036,2026-09-08T23:18:00+00:00,delivered,V048,DRV066
ORD07200,C1413,R074,2026-08-02T12:36:00+00:00,delivered,V045,DRV072
ORD07201,C1940,R049,2026-08-18T11:40:00+00:00,in_transit,V089,DRV103
ORD07202,C1593,R024,2026-09-14T19:41:00+00:00,in_transit,V078,DRV020
ORD07203,C1798,R015,2026-08-01T16:45:00+00:00,delivered,V071,DRV100
ORD07204,C1260,R071,2026-08-04T00:41:00+00:00,delivered,V056,DRV054
ORD07205,C0480,R049,2026-08-29T15:43:00+00:00,in_transit,V080,DRV001
ORD07206,C1416,R035,2026-08-21T06:14:00+00:00,delayed,V092,DRV031
ORD07207,C0300,R025,2026-09-22T22:56:00+00:00,delivered,V004,DRV023
ORD07208,C0165,R066,2026-09-13T00:08:00+00:00,delivered,V006,DRV001
ORD07209,C0684,R017,2026-08-06T01:22:00+00:00,delivered,V017,DRV096
ORD07210,C0202,R076,2026-08-22T10:26:00+00:00,in_transit,V046,DRV050
ORD07211,C0064,R055,2026-09-04T22:08:00+00:00,delivered,V058,DRV015
ORD07212,C1444,R061,2026-09-18T21:41:00+00:00,delivered,V060,DRV106
ORD07213,C1328,R063,2026-08-18T11:28:00+00:00,in_transit,V051,DRV054
ORD07214,C1893,R066,2026-09-18T12:03:00+00:00,in_transit,V065,DRV047
ORD07215,C1740,R024,2026-09-12T08:23:00+00:00,picked_up,V026,DRV016
ORD07216,C1394,R045,2026-08-05T21:05:00+00:00,delivered,V040,DRV116
ORD07217,C1432,R026,2026-08-12T14:43:00+00:00,delayed,V008,DRV120
ORD07218,C1286,R012,2026-09-09T02:13:00+00:00,in_transit,V033,DRV100
ORD07219,C1042,R049,2026-09-19T01:02:00+00:00,delivered,V060,DRV051
ORD07220,C0035,R016,2026-08-26T08:17:00+00:00,delivered,V065,DRV040
ORD07221,C0784,R002,2026-08-11T04:17:00+00:00,delivered,V057,DRV034
ORD07222,C1945,R035,2026-09-14T15:15:00+00:00,delayed,V003,DRV098
ORD07223,C2221,R023,2026-08-18T10:45:00+00:00,cancelled,V019,DRV042
ORD07224,C0579,R062,2026-09-09T00:25:00+00:00,delayed,V022,DRV083
ORD07225,C0486,R035,2026-08-31T04:34:00+00:00,delivered,V044,DRV036
ORD07226,C1791,R052,2026-09-03T15:40:00+00:00,delivered,V054,DRV105
ORD07227,C0354,R007,2026-08-04T07:51:00+00:00,delivered,V045,DRV077
ORD07228,C2492,R049,2026-08-15T22:09:00+00:00,in_transit,V035,DRV064
ORD07229,C2368,R028,2026-08-19T19:43:00+00:00,cancelled,V066,DRV086
ORD07230,C1593,R008,2026-08-12T19:08:00+00:00,delivered,V076,DRV083
ORD07231,C0196,R041,2026-09-01T16:20:00+00:00,in_transit,V087,DRV068
ORD07232,C1346,R062,2026-09-03T19:02:00+00:00,delivered,V044,DRV059
ORD07233,C2260,R015,2026-09-16T09:45:00+00:00,picked_up,V029,DRV095
ORD07234,C1125,R063,2026-08-06T01:22:00+00:00,in_transit,V069,DRV036
ORD07235,C2219,R069,2026-08-30T03:50:00+00:00,delivered,V086,DRV026
ORD07236,C0448,R065,2026-09-03T12:49:00+00:00,delayed,V087,DRV039
ORD07237,C1147,R079,2026-08-21T16:42:00+00:00,delivered,V052,DRV095
ORD07238,C0937,R006,2026-08-07T04:28:00+00:00,delivered,V058,DRV032
ORD07239,C1646,R005,2026-08-07T02:59:00+00:00,delivered,V047,DRV025
ORD07240,C2366,R038,2026-09-21T12:55:00+00:00,delivered,V024,DRV061
ORD07241,C1969,R005,2026-09-18T19:16:00+00:00,delivered,V050,DRV022
ORD07242,C0002,R054,2026-09-24T14:30:00+00:00,in_transit,V079,DRV096
ORD07243,C1591,R039,2026-08-11T13:51:00+00:00,delivered,V079,DRV106
ORD07244,C2278,R047,2026-09-05T01:40:00+00:00,delivered,V013,DRV011
ORD07245,C1970,R074,2026-08-12T22:40:00+00:00,picked_up,V091,DRV003
ORD07246,C0973,R056,2026-08-28T17:30:00+00:00,delivered,V072,DRV104
ORD07247,C1546,R064,2026-08-30T09:21:00+00:00,delivered,V026,DRV089
ORD07248,C2424,R034,2026-09-22T19:25:00+00:00,picked_up,V018,DRV065
ORD07249,C1946,R013,2026-09-17T02:42:00+00:00,in_transit,V016,DRV085
ORD07250,C1300,R051,2026-09-19T18:40:00+00:00,delivered,V033,DRV116
ORD07251,C0118,R049,2026-08-26T15:27:00+00:00,in_transit,V022,DRV023
ORD07252,C0986,R074,2026-08-14T23:48:00+00:00,delivered,V044,DRV068
ORD07253,C2261,R026,2026-09-02T00:35:00+00:00,delivered,V085,DRV090
ORD07254,C0397,R052,2026-08-23T09:37:00+00:00,delivered,V038,DRV079
ORD07255,C2238,R067,2026-09-01T18:58:00+00:00,picked_up,V038,DRV072
ORD07256,C1855,R078,2026-08-18T03:45:00+00:00,delivered,V021,DRV120
ORD07257,C0770,R027,2026-08-27T08:16:00+00:00,delivered,V075,DRV107
ORD07258,C0353,R011,2026-09-20T21:31:00+00:00,delivered,V085,DRV061
ORD07259,C0715,R013,2026-08-11T21:36:00+00:00,delivered,V037,DRV006
ORD07260,C1864,R029,2026-09-09T21:04:00+00:00,delivered,V040,DRV041
ORD07261,C0024,R061,2026-08-07T01:50:00+00:00,delivered,V082,DRV068
ORD07262,C0979,R004,2026-08-02T10:48:00+00:00,picked_up,V012,DRV030
ORD07263,C0076,R022,2026-08-11T19:27:00+00:00,delivered,V071,DRV076
ORD07264,C2338,R011,2026-08-09T14:42:00+00:00,delayed,V032,DRV107
ORD07265,C0615,R046,2026-09-21T00:56:00+00:00,picked_up,V010,DRV075
ORD07266,C1723,R019,2026-08-25T09:31:00+00:00,delivered,V083,DRV058
ORD07267,C1271,R049,2026-08-08T01:18:00+00:00,delivered,V095,DRV113
ORD07268,C2234,R074,2026-08-10T01:56:00+00:00,delivered,V089,DRV082
ORD07269,C1997,R051,2026-08-30T22:17:00+00:00,in_transit,V057,DRV040
ORD07270,C0487,R076,2026-08-10T14:05:00+00:00,delivered,V060,DRV095
ORD07271,C0538,R002,2026-09-16T16:02:00+00:00,delayed,V029,DRV067
ORD07272,C2379,R055,2026-08-12T04:55:00+00:00,in_transit,V069,DRV082
ORD07273,C2377,R010,2026-08-13T10:00:00+00:00,delivered,V053,DRV088
ORD07274,C1875,R074,2026-09-21T18:12:00+00:00,picked_up,V094,DRV092
ORD07275,C1868,R065,2026-09-08T18:13:00+00:00,in_transit,V049,DRV046
ORD07276,C1310,R055,2026-09-03T23:30:00+00:00,picked_up,V058,DRV057
ORD07277,C2077,R056,2026-09-13T22:42:00+00:00,delivered,V086,DRV102
ORD07278,C0546,R060,2026-08-30T01:17:00+00:00,delivered,V053,DRV068
ORD07279,C0979,R032,2026-09-13T08:40:00+00:00,delivered,V029,DRV073
ORD07280,C1778,R037,2026-08-09T16:53:00+00:00,picked_up,V093,DRV023
ORD07281,C1830,R065,2026-09-06T22:07:00+00:00,picked_up,V058,DRV007
ORD07282,C1473,R070,2026-09-03T14:09:00+00:00,delivered,V052,DRV001
ORD07283,C0013,R059,2026-08-20T06:34:00+00:00,delivered,V032,DRV028
ORD07284,C2152,R057,2026-09-21T01:12:00+00:00,in_transit,V081,DRV066
ORD07285,C2048,R021,2026-09-23T17:33:00+00:00,in_transit,V045,DRV043
ORD07286,C2041,R028,2026-08-06T01:30:00+00:00,delivered,V069,DRV028
ORD07287,C2463,R077,2026-09-23T00:28:00+00:00,delayed,V089,DRV087
ORD07288,C1417,R017,2026-08-18T06:46:00+00:00,in_transit,V084,DRV011
ORD07289,C2016,R040,2026-08-27T20:46:00+00:00,in_transit,V073,DRV106
ORD07290,C1627,R001,2026-09-19T21:33:00+00:00,cancelled,V037,DRV070
ORD07291,C2498,R015,2026-09-10T04:17:00+00:00,delayed,V021,DRV038
ORD07292,C0193,R049,2026-08-22T22:18:00+00:00,delivered,V055,DRV048
ORD07293,C1605,R054,2026-08-14T01:15:00+00:00,in_transit,V100,DRV089
ORD07294,C2293,R035,2026-08-02T04:37:00+00:00,delivered,V049,DRV021
ORD07295,C1631,R011,2026-08-23T15:03:00+00:00,delivered,V013,DRV048
ORD07296,C2093,R008,2026-08-06T22:23:00+00:00,in_transit,V080,DRV010
ORD07297,C2500,R060,2026-08-11T05:01:00+00:00,delivered,V043,DRV092
ORD07298,C0092,R061,2026-08-08T05:31:00+00:00,picked_up,V078,DRV071
ORD07299,C1629,R011,2026-08-23T02:18:00+00:00,delivered,V072,DRV075
ORD07300,C0369,R005,2026-08-18T13:35:00+00:00,picked_up,V050,DRV014
ORD07301,C1052,R038,2026-08-09T05:53:00+00:00,picked_up,V062,DRV116
ORD07302,C0751,R053,2026-09-01T13:29:00+00:00,delivered,V042,DRV011
ORD07303,C1236,R044,2026-09-03T05:02:00+00:00,in_transit,V054,DRV102
ORD07304,C1565,R053,2026-09-07T01:44:00+00:00,delivered,V089,DRV026
ORD07305,C1364,R066,2026-09-07T13:04:00+00:00,delayed,V066,DRV052
ORD07306,C1299,R058,2026-08-27T20:13:00+00:00,delivered,V042,DRV023
ORD07307,C1064,R073,2026-08-09T04:07:00+00:00,delivered,V030,DRV051
ORD07308,C1966,R051,2026-09-09T19:30:00+00:00,in_transit,V081,DRV100
ORD07309,C1402,R013,2026-08-20T00:19:00+00:00,delivered,V040,DRV102
ORD07310,C2392,R036,2026-09-19T21:27:00+00:00,picked_up,V036,DRV099
ORD07311,C1088,R028,2026-09-01T14:29:00+00:00,picked_up,V074,DRV003
ORD07312,C2452,R010,2026-09-17T11:36:00+00:00,delivered,V049,DRV027
ORD07313,C0838,R033,2026-09-06T20:35:00+00:00,delivered,V100,DRV116
ORD07314,C2388,R011,2026-08-05T13:02:00+00:00,delivered,V080,DRV084
ORD07315,C1087,R055,2026-08-26T17:01:00+00:00,cancelled,V031,DRV067
ORD07316,C0071,R079,2026-09-21T05:10:00+00:00,delivered,V021,DRV083
ORD07317,C2321,R078,2026-08-09T17:42:00+00:00,cancelled,V028,DRV031
ORD07318,C0550,R032,2026-09-05T18:37:00+00:00,delivered,V075,DRV029
ORD07319,C2489,R063,2026-08-11T23:43:00+00:00,delivered,V089,DRV111
ORD07320,C0868,R074,2026-08-10T21:00:00+00:00,delivered,V099,DRV096
ORD07321,C0462,R055,2026-08-16T20:53:00+00:00,picked_up,V098,DRV069
ORD07322,C2023,R080,2026-08-16T12:47:00+00:00,delivered,V015,DRV054
ORD07323,C1789,R058,2026-09-06T10:35:00+00:00,delivered,V092,DRV074
ORD07324,C0612,R080,2026-08-08T21:17:00+00:00,delivered,V019,DRV079
ORD07325,C1481,R042,2026-09-21T12:45:00+00:00,delivered,V094,DRV027
ORD07326,C2226,R048,2026-08-23T16:45:00+00:00,delivered,V022,DRV092
ORD07327,C1117,R040,2026-09-02T06:24:00+00:00,in_transit,V082,DRV003
ORD07328,C2034,R033,2026-08-10T11:40:00+00:00,delivered,V058,DRV086
ORD07329,C0710,R071,2026-08-16T03:34:00+00:00,delivered,V079,DRV069
ORD07330,C0397,R017,2026-08-27T14:09:00+00:00,delivered,V071,DRV021
ORD07331,C2143,R049,2026-08-13T00:46:00+00:00,in_transit,V001,DRV028
ORD07332,C0666,R037,2026-09-10T02:03:00+00:00,picked_up,V019,DRV092
ORD07333,C1856,R018,2026-08-24T01:30:00+00:00,delivered,V056,DRV026
ORD07334,C1203,R066,2026-08-08T07:21:00+00:00,delivered,V033,DRV014
ORD07335,C1954,R067,2026-09-14T07:30:00+00:00,picked_up,V070,DRV036
ORD07336,C0370,R001,2026-08-26T10:46:00+00:00,delivered,V037,DRV090
ORD07337,C1410,R040,2026-08-20T17:57:00+00:00,delivered,V010,DRV001
ORD07338,C1433,R039,2026-08-04T04:03:00+00:00,delivered,V042,DRV024
ORD07339,C1101,R075,2026-08-23T13:41:00+00:00,in_transit,V035,DRV039
ORD07340,C1308,R048,2026-08-11T20:05:00+00:00,in_transit,V076,DRV048
ORD07341,C0559,R078,2026-09-10T23:51:00+00:00,delivered,V034,DRV064
ORD07342,C1419,R058,2026-08-03T13:01:00+00:00,picked_up,V055,DRV023
ORD07343,C1838,R055,2026-08-16T23:05:00+00:00,delivered,V039,DRV025
ORD07344,C1155,R034,2026-08-27T02:02:00+00:00,delivered,V061,DRV022
ORD07345,C2126,R017,2026-09-09T05:21:00+00:00,delivered,V023,DRV119
ORD07346,C2293,R042,2026-09-08T17:31:00+00:00,delivered,V094,DRV007
ORD07347,C0018,R023,2026-08-03T00:53:00+00:00,delayed,V083,DRV065
ORD07348,C0472,R005,2026-09-22T20:24:00+00:00,picked_up,V046,DRV023
ORD07349,C1416,R076,2026-08-26T00:57:00+00:00,delayed,V026,DRV082
ORD07350,C2007,R073,2026-08-08T12:58:00+00:00,delivered,V094,DRV021
ORD07351,C0064,R075,2026-08-02T02:42:00+00:00,delivered,V012,DRV003
ORD07352,C1480,R062,2026-09-24T14:21:00+00:00,in_transit,V018,DRV109
ORD07353,C1027,R074,2026-09-16T18:08:00+00:00,picked_up,V032,DRV043
ORD07354,C0202,R056,2026-08-04T02:56:00+00:00,delivered,V022,DRV039
ORD07355,C1971,R060,2026-09-13T04:14:00+00:00,in_transit,V002,DRV030
ORD07356,C1343,R014,2026-09-01T16:22:00+00:00,delivered,V049,DRV070
ORD07357,C2399,R049,2026-08-02T09:23:00+00:00,delivered,V072,DRV102
ORD07358,C0346,R021,2026-08-05T15:31:00+00:00,delivered,V015,DRV046
ORD07359,C2346,R066,2026-09-08T02:48:00+00:00,picked_up,V006,DRV003
ORD07360,C1811,R074,2026-08-26T14:47:00+00:00,picked_up,V014,DRV100
ORD07361,C2052,R075,2026-08-06T21:19:00+00:00,delivered,V038,DRV107
ORD07362,C0088,R061,2026-08-12T12:32:00+00:00,in_transit,V079,DRV087
ORD07363,C2135,R041,2026-09-24T22:00:00+00:00,in_transit,V065,DRV036
ORD07364,C1809,R030,2026-08-13T11:58:00+00:00,cancelled,V088,DRV089
ORD07365,C0755,R063,2026-08-07T22:10:00+00:00,delivered,V085,DRV111
ORD07366,C2382,R077,2026-08-30T15:09:00+00:00,picked_up,V011,DRV101
ORD07367,C0342,R064,2026-08-05T17:54:00+00:00,delivered,V012,DRV077
ORD07368,C1431,R047,2026-08-18T06:08:00+00:00,delivered,V029,DRV116
ORD07369,C0355,R061,2026-08-17T12:07:00+00:00,delivered,V002,DRV044
ORD07370,C1015,R069,2026-09-19T12:31:00+00:00,in_transit,V056,DRV054
ORD07371,C0451,R035,2026-08-21T04:36:00+00:00,delivered,V008,DRV049
ORD07372,C2138,R039,2026-08-14T10:05:00+00:00,picked_up,V015,DRV015
ORD07373,C0606,R033,2026-09-24T13:05:00+00:00,delayed,V015,DRV080
ORD07374,C1614,R075,2026-08-31T17:38:00+00:00,delivered,V027,DRV030
ORD07375,C0893,R040,2026-09-20T03:16:00+00:00,delivered,V029,DRV012
ORD07376,C0238,R003,2026-08-01T03:04:00+00:00,in_transit,V073,DRV070
ORD07377,C1122,R001,2026-09-07T10:24:00+00:00,delivered,V022,DRV024
ORD07378,C2329,R021,2026-09-05T03:14:00+00:00,delivered,V034,DRV118
ORD07379,C2051,R066,2026-09-15T18:13:00+00:00,delivered,V075,DRV063
ORD07380,C0977,R009,2026-09-11T03:29:00+00:00,in_transit,V045,DRV037
ORD07381,C1504,R072,2026-08-04T20:03:00+00:00,picked_up,V028,DRV035
ORD07382,C1118,R077,2026-08-19T16:49:00+00:00,delivered,V037,DRV079
ORD07383,C2403,R006,2026-08-07T11:16:00+00:00,delivered,V001,DRV054
ORD07384,C0885,R079,2026-09-19T08:02:00+00:00,delivered,V069,DRV090
ORD07385,C1595,R011,2026-09-06T08:31:00+00:00,delivered,V098,DRV022
ORD07386,C0012,R003,2026-08-22T18:46:00+00:00,delayed,V058,DRV045
ORD07387,C0085,R074,2026-09-21T16:06:00+00:00,delivered,V056,DRV036
ORD07388,C1809,R049,2026-09-10T21:20:00+00:00,delivered,V074,DRV014
ORD07389,C0665,R013,2026-08-02T15:32:00+00:00,picked_up,V042,DRV078
ORD07390,C2373,R049,2026-08-30T23:56:00+00:00,delivered,V064,DRV038
ORD07391,C2152,R046,2026-09-18T16:10:00+00:00,delivered,V025,DRV011
ORD07392,C1048,R050,2026-08-31T10:31:00+00:00,delivered,V073,DRV032
ORD07393,C2246,R014,2026-08-14T12:36:00+00:00,delayed,V053,DRV067
ORD07394,C0977,R061,2026-09-20T21:02:00+00:00,picked_up,V091,DRV081
ORD07395,C0893,R011,2026-09-24T11:46:00+00:00,delivered,V081,DRV105
ORD07396,C1023,R068,2026-08-12T01:49:00+00:00,delivered,V055,DRV017
ORD07397,C0477,R043,2026-09-18T10:19:00+00:00,delivered,V011,DRV083
ORD07398,C0391,R060,2026-09-08T03:29:00+00:00,delivered,V047,DRV109
ORD07399,C1919,R065,2026-08-25T09:43:00+00:00,delivered,V034,DRV050
ORD07400,C1414,R008,2026-08-24T07:19:00+00:00,picked_up,V018,DRV103
ORD07401,C1222,R041,2026-09-15T09:20:00+00:00,delivered,V044,DRV033
ORD07402,C2438,R039,2026-09-10T06:14:00+00:00,in_transit,V046,DRV012
ORD07403,C0274,R033,2026-09-22T08:09:00+00:00,picked_up,V079,DRV003
ORD07404,C1275,R076,2026-08-03T03:14:00+00:00,delivered,V083,DRV039
ORD07405,C1009,R048,2026-08-14T08:40:00+00:00,picked_up,V054,DRV045
ORD07406,C1648,R075,2026-08-05T14:04:00+00:00,delivered,V052,DRV050
ORD07407,C0986,R020,2026-08-24T10:32:00+00:00,in_transit,V024,DRV002
ORD07408,C1422,R062,2026-09-23T16:28:00+00:00,in_transit,V002,DRV052
ORD07409,C1937,R017,2026-08-26T10:35:00+00:00,delivered,V008,DRV102
ORD07410,C1727,R030,2026-09-09T16:38:00+00:00,delivered,V006,DRV087
ORD07411,C1714,R073,2026-08-13T20:03:00+00:00,cancelled,V059,DRV016
ORD07412,C0348,R027,2026-08-22T00:47:00+00:00,delivered,V054,DRV001
ORD07413,C2069,R058,2026-08-16T20:06:00+00:00,picked_up,V044,DRV043
ORD07414,C1065,R017,2026-09-09T15:18:00+00:00,delivered,V043,DRV084
ORD07415,C0876,R001,2026-08-08T14:06:00+00:00,in_transit,V071,DRV017
ORD07416,C0913,R017,2026-08-06T06:37:00+00:00,delivered,V042,DRV111
ORD07417,C1857,R052,2026-09-12T22:33:00+00:00,delayed,V003,DRV100
ORD07418,C1394,R048,2026-08-21T04:57:00+00:00,delivered,V098,DRV010
ORD07419,C2276,R065,2026-08-21T05:05:00+00:00,delivered,V054,DRV023
ORD07420,C0970,R025,2026-08-10T19:24:00+00:00,delayed,V034,DRV070
ORD07421,C2405,R037,2026-09-21T09:32:00+00:00,delivered,V045,DRV020
ORD07422,C1573,R047,2026-09-17T12:21:00+00:00,delivered,V009,DRV049
ORD07423,C0660,R079,2026-08-20T02:39:00+00:00,delayed,V027,DRV017
ORD07424,C2097,R071,2026-09-16T19:49:00+00:00,delivered,V001,DRV013
ORD07425,C0549,R043,2026-08-31T18:21:00+00:00,delivered,V087,DRV012
ORD07426,C0799,R023,2026-08-10T14:03:00+00:00,delivered,V025,DRV114
ORD07427,C1246,R010,2026-09-12T19:54:00+00:00,in_transit,V010,DRV076
ORD07428,C2384,R047,2026-09-13T06:13:00+00:00,picked_up,V095,DRV050
ORD07429,C1989,R045,2026-08-19T10:15:00+00:00,delivered,V014,DRV014
ORD07430,C1965,R006,2026-08-21T21:26:00+00:00,delivered,V047,DRV089
ORD07431,C0708,R057,2026-09-01T02:58:00+00:00,delivered,V080,DRV093
ORD07432,C0947,R007,2026-08-13T01:35:00+00:00,delivered,V023,DRV017
ORD07433,C0789,R052,2026-09-05T04:57:00+00:00,delivered,V028,DRV085
ORD07434,C0269,R077,2026-09-11T03:57:00+00:00,in_transit,V021,DRV118
ORD07435,C1811,R041,2026-08-13T04:25:00+00:00,cancelled,V079,DRV021
ORD07436,C1930,R075,2026-08-20T12:12:00+00:00,delayed,V054,DRV104
ORD07437,C0478,R033,2026-08-12T12:05:00+00:00,delivered,V092,DRV090
ORD07438,C0470,R032,2026-08-07T21:11:00+00:00,delivered,V006,DRV079
ORD07439,C0192,R051,2026-08-04T09:45:00+00:00,delivered,V043,DRV024
ORD07440,C1641,R044,2026-09-05T09:15:00+00:00,picked_up,V069,DRV104
ORD07441,C0863,R003,2026-08-19T10:11:00+00:00,delivered,V077,DRV046
ORD07442,C2169,R024,2026-08-13T10:36:00+00:00,delivered,V091,DRV100
ORD07443,C0879,R024,2026-09-24T17:55:00+00:00,delivered,V044,DRV102
ORD07444,C1677,R035,2026-09-18T07:39:00+00:00,delivered,V003,DRV063
ORD07445,C0874,R060,2026-09-13T05:17:00+00:00,delayed,V041,DRV040
ORD07446,C0967,R022,2026-09-20T11:52:00+00:00,in_transit,V033,DRV055
ORD07447,C1072,R038,2026-09-01T05:30:00+00:00,in_transit,V034,DRV059
ORD07448,C1907,R052,2026-08-04T04:10:00+00:00,delayed,V034,DRV087
ORD07449,C1092,R021,2026-08-14T07:48:00+00:00,delivered,V083,DRV092
ORD07450,C1238,R074,2026-08-27T11:55:00+00:00,delivered,V086,DRV102
ORD07451,C1234,R046,2026-09-06T02:36:00+00:00,delayed,V095,DRV040
ORD07452,C0576,R034,2026-08-17T04:27:00+00:00,delivered,V048,DRV060
ORD07453,C0899,R017,2026-09-04T15:21:00+00:00,delayed,V062,DRV009
ORD07454,C1806,R011,2026-08-25T17:36:00+00:00,delivered,V069,DRV017
ORD07455,C2463,R051,2026-08-11T15:32:00+00:00,picked_up,V017,DRV028
ORD07456,C0604,R034,2026-09-03T13:08:00+00:00,delayed,V082,DRV118
ORD07457,C1693,R015,2026-08-20T03:06:00+00:00,delivered,V002,DRV106
ORD07458,C2301,R028,2026-08-06T12:38:00+00:00,picked_up,V087,DRV059
ORD07459,C0660,R079,2026-08-20T12:21:00+00:00,delivered,V072,DRV051
ORD07460,C2385,R044,2026-08-20T09:42:00+00:00,in_transit,V077,DRV012
ORD07461,C0344,R021,2026-09-17T03:55:00+00:00,picked_up,V073,DRV106
ORD07462,C2180,R002,2026-09-10T09:56:00+00:00,delivered,V065,DRV039
ORD07463,C1417,R002,2026-09-03T03:04:00+00:00,delivered,V066,DRV016
ORD07464,C1620,R034,2026-09-07T21:43:00+00:00,delivered,V065,DRV043
ORD07465,C1609,R010,2026-09-12T19:42:00+00:00,picked_up,V091,DRV097
ORD07466,C0505,R023,2026-08-29T08:02:00+00:00,delivered,V065,DRV107
ORD07467,C1100,R047,2026-09-07T11:14:00+00:00,picked_up,V045,DRV011
ORD07468,C0871,R027,2026-08-04T07:13:00+00:00,delivered,V034,DRV050
ORD07469,C0014,R034,2026-08-30T07:42:00+00:00,delivered,V043,DRV103
ORD07470,C2135,R019,2026-08-13T20:39:00+00:00,delivered,V079,DRV088
ORD07471,C2485,R013,2026-08-19T17:30:00+00:00,delivered,V007,DRV046
ORD07472,C0098,R071,2026-09-22T07:47:00+00:00,delivered,V092,DRV030
ORD07473,C1265,R024,2026-08-14T20:22:00+00:00,delayed,V022,DRV092
ORD07474,C0187,R055,2026-09-07T06:27:00+00:00,picked_up,V076,DRV057
ORD07475,C1675,R026,2026-09-20T00:34:00+00:00,delivered,V022,DRV049
ORD07476,C1970,R008,2026-08-02T21:04:00+00:00,in_transit,V077,DRV085
ORD07477,C1497,R042,2026-08-27T21:11:00+00:00,in_transit,V053,DRV024
ORD07478,C1362,R003,2026-08-11T14:07:00+00:00,delivered,V028,DRV047
ORD07479,C0814,R016,2026-08-15T21:52:00+00:00,delivered,V033,DRV088
ORD07480,C1746,R050,2026-09-09T07:07:00+00:00,in_transit,V060,DRV008
ORD07481,C0354,R043,2026-09-09T16:36:00+00:00,delivered,V003,DRV027
ORD07482,C1067,R023,2026-08-17T20:22:00+00:00,delivered,V080,DRV094
ORD07483,C1312,R024,2026-08-02T19:46:00+00:00,picked_up,V045,DRV048
ORD07484,C2260,R013,2026-09-06T06:00:00+00:00,picked_up,V095,DRV095
ORD07485,C1505,R041,2026-08-01T02:36:00+00:00,delivered,V077,DRV037
ORD07486,C0652,R067,2026-08-20T01:36:00+00:00,delayed,V007,DRV060
ORD07487,C2376,R065,2026-08-26T17:53:00+00:00,delayed,V074,DRV026
ORD07488,C2165,R072,2026-09-07T00:28:00+00:00,picked_up,V065,DRV075
ORD07489,C0738,R004,2026-09-06T13:18:00+00:00,in_transit,V044,DRV099
ORD07490,C0866,R040,2026-08-18T23:48:00+00:00,delivered,V023,DRV085
ORD07491,C1824,R033,2026-08-09T17:44:00+00:00,delivered,V030,DRV084
ORD07492,C0120,R021,2026-09-15T05:58:00+00:00,picked_up,V091,DRV018
ORD07493,C0020,R045,2026-08-06T00:10:00+00:00,delivered,V080,DRV038
ORD07494,C2298,R079,2026-08-21T16:53:00+00:00,in_transit,V057,DRV061
ORD07495,C2448,R034,2026-09-16T06:17:00+00:00,delivered,V013,DRV045
ORD07496,C1832,R034,2026-08-16T15:57:00+00:00,picked_up,V038,DRV072
ORD07497,C0428,R006,2026-08-29T04:29:00+00:00,delivered,V040,DRV064
ORD07498,C1431,R066,2026-09-17T05:24:00+00:00,delivered,V074,DRV098
ORD07499,C0470,R052,2026-09-23T16:40:00+00:00,picked_up,V018,DRV076
ORD07500,C2145,R075,2026-08-04T05:08:00+00:00,in_transit,V051,DRV071
ORD07501,C0942,R040,2026-09-13T12:21:00+00:00,picked_up,V089,DRV031
ORD07502,C0410,R075,2026-08-29T08:15:00+00:00,delivered,V083,DRV077
ORD07503,C0568,R041,2026-09-22T15:59:00+00:00,delivered,V065,DRV039
ORD07504,C0992,R063,2026-09-11T18:15:00+00:00,delivered,V056,DRV044
ORD07505,C1408,R053,2026-09-04T07:40:00+00:00,delayed,V057,DRV072
ORD07506,C0279,R057,2026-08-10T07:04:00+00:00,delivered,V031,DRV051
ORD07507,C0567,R052,2026-09-17T06:49:00+00:00,delivered,V048,DRV113
ORD07508,C2010,R064,2026-08-11T19:11:00+00:00,delivered,V064,DRV039
ORD07509,C0710,R053,2026-08-23T17:19:00+00:00,delivered,V095,DRV027
ORD07510,C2281,R002,2026-08-12T06:12:00+00:00,picked_up,V004,DRV022
ORD07511,C0314,R035,2026-09-22T01:54:00+00:00,in_transit,V009,DRV035
ORD07512,C1857,R012,2026-08-12T21:40:00+00:00,delivered,V011,DRV083
ORD07513,C1946,R034,2026-09-21T04:01:00+00:00,delivered,V041,DRV088
ORD07514,C2051,R076,2026-08-25T23:58:00+00:00,picked_up,V025,DRV100
ORD07515,C0632,R009,2026-08-16T20:29:00+00:00,delivered,V089,DRV069
ORD07516,C0177,R002,2026-09-16T10:02:00+00:00,cancelled,V096,DRV064
ORD07517,C1679,R067,2026-09-03T04:15:00+00:00,delivered,V094,DRV025
ORD07518,C1892,R043,2026-08-26T00:56:00+00:00,delivered,V040,DRV087
ORD07519,C1633,R050,2026-08-11T00:17:00+00:00,in_transit,V085,DRV038
ORD07520,C0714,R078,2026-08-13T04:08:00+00:00,picked_up,V001,DRV062
ORD07521,C2144,R017,2026-08-22T14:55:00+00:00,delayed,V093,DRV120
ORD07522,C1240,R066,2026-09-07T11:17:00+00:00,picked_up,V031,DRV027
ORD07523,C0192,R030,2026-09-23T01:59:00+00:00,delivered,V047,DRV112
ORD07524,C1595,R003,2026-08-19T08:30:00+00:00,cancelled,V093,DRV042
ORD07525,C2120,R072,2026-08-28T16:42:00+00:00,delivered,V020,DRV058
ORD07526,C1131,R017,2026-09-04T14:11:00+00:00,in_transit,V092,DRV117
ORD07527,C1867,R038,2026-09-11T19:36:00+00:00,in_transit,V034,DRV037
ORD07528,C0683,R045,2026-08-22T12:18:00+00:00,picked_up,V082,DRV078
ORD07529,C0530,R003,2026-09-09T09:02:00+00:00,delivered,V070,DRV099
ORD07530,C0706,R019,2026-08-02T05:37:00+00:00,cancelled,V003,DRV002
ORD07531,C2263,R002,2026-09-08T10:09:00+00:00,in_transit,V094,DRV102
ORD07532,C0020,R035,2026-09-08T11:43:00+00:00,delivered,V041,DRV026
ORD07533,C0424,R024,2026-08-16T15:36:00+00:00,delivered,V066,DRV071
ORD07534,C2198,R003,2026-08-19T17:59:00+00:00,delayed,V041,DRV105
ORD07535,C1250,R020,2026-08-21T20:14:00+00:00,delivered,V019,DRV029
ORD07536,C0238,R035,2026-08-07T14:33:00+00:00,picked_up,V051,DRV109
ORD07537,C2437,R068,2026-08-08T13:02:00+00:00,delivered,V070,DRV075
ORD07538,C0723,R022,2026-08-16T01:45:00+00:00,delivered,V025,DRV017
ORD07539,C0333,R051,2026-08-11T22:06:00+00:00,in_transit,V073,DRV057
ORD07540,C0455,R013,2026-09-16T10:46:00+00:00,delivered,V019,DRV120
ORD07541,C0732,R030,2026-09-10T15:56:00+00:00,picked_up,V089,DRV041
ORD07542,C0538,R045,2026-09-02T14:20:00+00:00,picked_up,V033,DRV058
ORD07543,C2017,R004,2026-08-05T18:59:00+00:00,picked_up,V067,DRV117
ORD07544,C1854,R022,2026-08-17T00:58:00+00:00,in_transit,V079,DRV088
ORD07545,C0214,R028,2026-09-14T20:30:00+00:00,delivered,V047,DRV083
ORD07546,C0214,R035,2026-08-21T09:48:00+00:00,delivered,V007,DRV097
ORD07547,C1997,R001,2026-09-20T05:55:00+00:00,delivered,V082,DRV059
ORD07548,C2383,R049,2026-09-14T03:36:00+00:00,delayed,V065,DRV046
ORD07549,C0953,R012,2026-08-30T00:28:00+00:00,delivered,V030,DRV029
ORD07550,C0756,R065,2026-08-20T09:41:00+00:00,delivered,V076,DRV005
ORD07551,C1790,R076,2026-08-27T14:57:00+00:00,delayed,V008,DRV042
ORD07552,C2149,R049,2026-08-10T14:36:00+00:00,cancelled,V022,DRV060
ORD07553,C1147,R006,2026-09-12T01:01:00+00:00,in_transit,V052,DRV020
ORD07554,C0545,R079,2026-09-02T08:08:00+00:00,delivered,V034,DRV085
ORD07555,C1830,R055,2026-08-11T15:05:00+00:00,picked_up,V092,DRV032
ORD07556,C0094,R011,2026-09-13T08:55:00+00:00,picked_up,V089,DRV107
ORD07557,C1604,R058,2026-08-30T10:14:00+00:00,in_transit,V043,DRV089
ORD07558,C1715,R038,2026-09-13T21:00:00+00:00,delivered,V015,DRV006
ORD07559,C2082,R039,2026-08-24T18:00:00+00:00,in_transit,V078,DRV102
ORD07560,C2111,R016,2026-09-06T07:51:00+00:00,delivered,V063,DRV067
ORD07561,C0556,R003,2026-08-16T04:35:00+00:00,cancelled,V097,DRV074
ORD07562,C2185,R002,2026-09-21T04:18:00+00:00,delivered,V039,DRV016
ORD07563,C0803,R041,2026-08-29T14:07:00+00:00,delayed,V003,DRV104
ORD07564,C1513,R030,2026-09-16T12:10:00+00:00,picked_up,V002,DRV025
ORD07565,C0619,R014,2026-08-23T20:28:00+00:00,delivered,V029,DRV014
ORD07566,C2235,R035,2026-09-20T04:58:00+00:00,picked_up,V081,DRV110
ORD07567,C2319,R070,2026-09-15T13:58:00+00:00,delayed,V073,DRV109
ORD07568,C1971,R018,2026-08-17T04:38:00+00:00,in_transit,V018,DRV112
ORD07569,C2356,R076,2026-08-14T05:03:00+00:00,picked_up,V031,DRV113
ORD07570,C0128,R074,2026-08-09T16:45:00+00:00,in_transit,V054,DRV023
ORD07571,C0166,R059,2026-09-21T05:53:00+00:00,delivered,V026,DRV117
ORD07572,C1055,R009,2026-09-05T10:37:00+00:00,in_transit,V074,DRV097
ORD07573,C2203,R006,2026-09-12T17:54:00+00:00,in_transit,V090,DRV079
ORD07574,C1438,R035,2026-08-26T00:10:00+00:00,in_transit,V016,DRV070
ORD07575,C0718,R014,2026-09-01T08:54:00+00:00,delivered,V022,DRV057
ORD07576,C0191,R059,2026-08-22T00:15:00+00:00,delivered,V014,DRV065
ORD07577,C0538,R044,2026-09-15T21:17:00+00:00,delivered,V029,DRV003
ORD07578,C0470,R061,2026-08-17T12:14:00+00:00,delivered,V048,DRV021
ORD07579,C1092,R063,2026-08-14T12:10:00+00:00,delivered,V016,DRV090
ORD07580,C0650,R009,2026-09-05T07:44:00+00:00,delivered,V030,DRV070
ORD07581,C1906,R057,2026-09-03T10:42:00+00:00,delayed,V057,DRV017
ORD07582,C0109,R015,2026-09-22T04:56:00+00:00,delivered,V036,DRV053
ORD07583,C1804,R039,2026-09-06T00:02:00+00:00,picked_up,V043,DRV082
ORD07584,C2188,R079,2026-09-04T20:44:00+00:00,delayed,V030,DRV034
ORD07585,C1190,R077,2026-09-16T01:05:00+00:00,delivered,V055,DRV089
ORD07586,C1968,R079,2026-08-12T13:15:00+00:00,in_transit,V098,DRV064
ORD07587,C2228,R003,2026-08-30T16:38:00+00:00,delivered,V077,DRV001
ORD07588,C2214,R002,2026-08-03T05:44:00+00:00,delivered,V090,DRV061
ORD07589,C1025,R067,2026-08-15T07:10:00+00:00,delayed,V027,DRV062
ORD07590,C0752,R070,2026-09-14T05:06:00+00:00,in_transit,V007,DRV027
ORD07591,C0615,R008,2026-09-16T23:36:00+00:00,delivered,V026,DRV030
ORD07592,C1434,R034,2026-08-27T15:04:00+00:00,picked_up,V034,DRV085
ORD07593,C2457,R062,2026-08-15T16:25:00+00:00,delivered,V064,DRV091
ORD07594,C1883,R037,2026-09-09T22:09:00+00:00,picked_up,V094,DRV088
ORD07595,C1588,R040,2026-08-03T08:25:00+00:00,delivered,V051,DRV072
ORD07596,C1540,R074,2026-08-24T19:36:00+00:00,delivered,V001,DRV088
ORD07597,C0678,R061,2026-09-09T03:41:00+00:00,in_transit,V069,DRV112
ORD07598,C2479,R049,2026-08-08T21:02:00+00:00,picked_up,V017,DRV041
ORD07599,C2310,R070,2026-09-14T20:31:00+00:00,delivered,V099,DRV064
ORD07600,C0338,R009,2026-08-17T04:18:00+00:00,delivered,V010,DRV023
ORD07601,C2275,R028,2026-08-29T20:09:00+00:00,delayed,V092,DRV101
ORD07602,C1593,R056,2026-09-13T14:57:00+00:00,delivered,V023,DRV116
ORD07603,C1718,R042,2026-08-10T09:02:00+00:00,in_transit,V025,DRV041
ORD07604,C2217,R037,2026-08-27T13:09:00+00:00,delivered,V087,DRV024
ORD07605,C0688,R033,2026-08-03T17:04:00+00:00,delayed,V013,DRV111
ORD07606,C2305,R008,2026-08-04T23:33:00+00:00,delivered,V024,DRV006
ORD07607,C1195,R021,2026-09-15T17:50:00+00:00,delayed,V016,DRV020
ORD07608,C2102,R051,2026-09-08T05:37:00+00:00,delivered,V085,DRV060
ORD07609,C1092,R025,2026-08-09T22:12:00+00:00,delivered,V077,DRV096
ORD07610,C0330,R079,2026-08-20T18:32:00+00:00,picked_up,V061,DRV045
ORD07611,C0461,R054,2026-09-18T20:08:00+00:00,picked_up,V034,DRV068
ORD07612,C0409,R014,2026-09-24T08:01:00+00:00,delayed,V064,DRV073
ORD07613,C1748,R009,2026-08-15T02:45:00+00:00,delivered,V093,DRV035
ORD07614,C0161,R066,2026-08-31T17:53:00+00:00,delivered,V073,DRV034
ORD07615,C2384,R070,2026-08-27T12:08:00+00:00,delayed,V045,DRV082
ORD07616,C0716,R007,2026-08-10T05:22:00+00:00,delivered,V060,DRV047
ORD07617,C1315,R080,2026-09-13T04:16:00+00:00,delivered,V044,DRV061
ORD07618,C0482,R023,2026-08-31T16:47:00+00:00,in_transit,V092,DRV104
ORD07619,C2336,R061,2026-08-16T12:29:00+00:00,delivered,V037,DRV087
ORD07620,C1300,R002,2026-08-23T14:02:00+00:00,in_transit,V058,DRV074
ORD07621,C0974,R033,2026-09-09T02:48:00+00:00,delivered,V057,DRV020
ORD07622,C1309,R063,2026-09-17T09:44:00+00:00,delivered,V002,DRV057
ORD07623,C1657,R026,2026-09-19T16:06:00+00:00,delivered,V055,DRV024
ORD07624,C0158,R039,2026-08-02T09:06:00+00:00,in_transit,V075,DRV108
ORD07625,C2047,R060,2026-08-13T13:39:00+00:00,delivered,V093,DRV015
ORD07626,C1458,R069,2026-08-02T12:08:00+00:00,delivered,V009,DRV037
ORD07627,C1567,R004,2026-08-17T17:50:00+00:00,in_transit,V079,DRV047
ORD07628,C1112,R042,2026-09-17T15:52:00+00:00,delivered,V039,DRV010
ORD07629,C0140,R069,2026-08-21T11:02:00+00:00,picked_up,V092,DRV052
ORD07630,C1998,R076,2026-08-22T10:42:00+00:00,cancelled,V009,DRV011
ORD07631,C2214,R052,2026-08-18T06:50:00+00:00,delivered,V032,DRV119
ORD07632,C0025,R069,2026-08-24T04:04:00+00:00,delivered,V005,DRV061
ORD07633,C0330,R044,2026-08-10T17:39:00+00:00,delivered,V078,DRV025
ORD07634,C1077,R055,2026-08-07T02:28:00+00:00,picked_up,V005,DRV070
ORD07635,C2424,R026,2026-08-08T03:02:00+00:00,delayed,V033,DRV058
ORD07636,C2494,R023,2026-09-08T14:24:00+00:00,delivered,V068,DRV069
ORD07637,C1937,R043,2026-09-16T05:23:00+00:00,picked_up,V025,DRV114
ORD07638,C0177,R066,2026-08-08T13:50:00+00:00,delivered,V054,DRV066
ORD07639,C2079,R010,2026-08-10T17:40:00+00:00,in_transit,V097,DRV115
ORD07640,C1945,R039,2026-09-13T09:45:00+00:00,delivered,V024,DRV011
ORD07641,C1954,R042,2026-08-27T21:34:00+00:00,delivered,V037,DRV115
ORD07642,C1401,R051,2026-08-04T18:16:00+00:00,delivered,V082,DRV102
ORD07643,C1697,R065,2026-08-18T12:00:00+00:00,delivered,V048,DRV111
ORD07644,C0291,R022,2026-09-12T14:21:00+00:00,delayed,V040,DRV011
ORD07645,C0346,R047,2026-08-14T20:05:00+00:00,delivered,V007,DRV117
ORD07646,C2313,R021,2026-09-05T12:50:00+00:00,delivered,V097,DRV080
ORD07647,C0109,R008,2026-09-03T11:50:00+00:00,delivered,V076,DRV020
ORD07648,C1137,R042,2026-08-24T08:56:00+00:00,delivered,V014,DRV055
ORD07649,C0824,R052,2026-09-06T15:55:00+00:00,in_transit,V073,DRV100
ORD07650,C2111,R063,2026-08-31T13:41:00+00:00,delivered,V069,DRV027
ORD07651,C0634,R030,2026-08-09T06:00:00+00:00,delivered,V032,DRV084
ORD07652,C2055,R066,2026-08-30T15:32:00+00:00,picked_up,V088,DRV022
ORD07653,C2048,R051,2026-09-09T07:07:00+00:00,delivered,V027,DRV034
ORD07654,C2200,R005,2026-09-21T16:56:00+00:00,delivered,V020,DRV109
ORD07655,C1713,R006,2026-08-02T22:56:00+00:00,delivered,V022,DRV096
ORD07656,C2095,R012,2026-09-12T15:16:00+00:00,in_transit,V066,DRV092
ORD07657,C2025,R040,2026-09-23T00:40:00+00:00,picked_up,V051,DRV019
ORD07658,C1209,R045,2026-08-01T09:48:00+00:00,delivered,V094,DRV078
ORD07659,C1481,R008,2026-08-08T20:19:00+00:00,delivered,V074,DRV015
ORD07660,C0641,R026,2026-09-11T18:06:00+00:00,delivered,V075,DRV115
ORD07661,C0477,R076,2026-09-12T09:34:00+00:00,picked_up,V096,DRV051
ORD07662,C2174,R037,2026-08-13T10:41:00+00:00,in_transit,V025,DRV028
ORD07663,C1797,R007,2026-09-13T09:02:00+00:00,picked_up,V006,DRV015
ORD07664,C2291,R040,2026-09-06T05:33:00+00:00,delivered,V029,DRV038
ORD07665,C1867,R074,2026-08-11T18:14:00+00:00,delivered,V042,DRV002
ORD07666,C0927,R017,2026-08-19T18:45:00+00:00,delivered,V041,DRV110
ORD07667,C0293,R064,2026-09-04T09:15:00+00:00,delivered,V063,DRV037
ORD07668,C1556,R029,2026-09-11T07:42:00+00:00,delivered,V039,DRV014
ORD07669,C0766,R053,2026-09-05T02:19:00+00:00,delivered,V074,DRV072
ORD07670,C2168,R059,2026-08-18T17:00:00+00:00,cancelled,V017,DRV057
ORD07671,C1693,R021,2026-09-17T23:06:00+00:00,delivered,V080,DRV108
ORD07672,C0579,R047,2026-09-02T10:33:00+00:00,in_transit,V003,DRV009
ORD07673,C2426,R077,2026-09-21T17:45:00+00:00,picked_up,V034,DRV119
ORD07674,C1497,R042,2026-08-18T12:42:00+00:00,picked_up,V044,DRV074
ORD07675,C1999,R011,2026-09-22T03:34:00+00:00,delivered,V035,DRV073
ORD07676,C2407,R080,2026-08-27T11:02:00+00:00,cancelled,V047,DRV087
ORD07677,C0561,R041,2026-08-14T11:58:00+00:00,delayed,V010,DRV001
ORD07678,C1852,R027,2026-09-15T23:12:00+00:00,delivered,V061,DRV001
ORD07679,C0579,R055,2026-08-03T02:01:00+00:00,picked_up,V017,DRV009
ORD07680,C1932,R005,2026-08-27T05:12:00+00:00,delivered,V063,DRV078
ORD07681,C2258,R011,2026-08-04T20:45:00+00:00,picked_up,V068,DRV037
ORD07682,C1776,R039,2026-08-17T02:57:00+00:00,delivered,V043,DRV091
ORD07683,C1320,R024,2026-08-16T04:19:00+00:00,in_transit,V096,DRV083
ORD07684,C1568,R013,2026-09-12T01:50:00+00:00,delivered,V045,DRV111
ORD07685,C1686,R077,2026-08-14T02:38:00+00:00,in_transit,V090,DRV112
ORD07686,C2018,R002,2026-09-04T15:49:00+00:00,delivered,V067,DRV083
ORD07687,C0770,R043,2026-09-17T21:17:00+00:00,cancelled,V100,DRV098
ORD07688,C1904,R060,2026-09-03T08:47:00+00:00,in_transit,V007,DRV039
ORD07689,C1830,R006,2026-08-29T00:55:00+00:00,delivered,V090,DRV001
ORD07690,C0874,R060,2026-08-23T17:17:00+00:00,picked_up,V047,DRV044
ORD07691,C1617,R040,2026-08-20T17:57:00+00:00,in_transit,V020,DRV090
ORD07692,C2169,R044,2026-08-06T10:04:00+00:00,delivered,V027,DRV039
ORD07693,C0012,R031,2026-08-13T12:31:00+00:00,picked_up,V030,DRV110
ORD07694,C0123,R053,2026-08-24T11:26:00+00:00,delivered,V047,DRV119
ORD07695,C0349,R008,2026-09-24T23:01:00+00:00,cancelled,V095,DRV038
ORD07696,C0179,R008,2026-08-20T09:05:00+00:00,in_transit,V014,DRV109
ORD07697,C0178,R036,2026-08-25T15:54:00+00:00,delivered,V005,DRV047
ORD07698,C2376,R076,2026-08-23T03:36:00+00:00,picked_up,V006,DRV085
ORD07699,C1195,R008,2026-09-18T07:44:00+00:00,picked_up,V052,DRV065
ORD07700,C1440,R042,2026-09-17T13:22:00+00:00,in_transit,V020,DRV021
ORD07701,C1501,R057,2026-09-05T16:44:00+00:00,delivered,V060,DRV043
ORD07702,C1398,R040,2026-08-13T22:08:00+00:00,in_transit,V064,DRV064
ORD07703,C1671,R078,2026-08-20T07:39:00+00:00,delivered,V047,DRV017
ORD07704,C0709,R079,2026-08-26T11:41:00+00:00,delivered,V024,DRV098
ORD07705,C0782,R050,2026-08-06T08:21:00+00:00,in_transit,V046,DRV023
ORD07706,C0744,R078,2026-09-19T20:58:00+00:00,delivered,V089,DRV037
ORD07707,C0903,R041,2026-09-11T15:05:00+00:00,picked_up,V058,DRV080
ORD07708,C1570,R033,2026-08-05T17:22:00+00:00,delivered,V032,DRV067
ORD07709,C1439,R019,2026-08-21T22:49:00+00:00,cancelled,V063,DRV044
ORD07710,C1769,R060,2026-08-19T07:43:00+00:00,in_transit,V062,DRV060
ORD07711,C0586,R056,2026-08-30T08:16:00+00:00,cancelled,V046,DRV066
ORD07712,C1591,R046,2026-08-28T08:43:00+00:00,picked_up,V081,DRV102
ORD07713,C1003,R071,2026-09-22T02:04:00+00:00,delivered,V082,DRV004
ORD07714,C1278,R042,2026-09-18T02:12:00+00:00,picked_up,V035,DRV086
ORD07715,C0469,R068,2026-08-19T04:33:00+00:00,delivered,V060,DRV053
ORD07716,C1422,R041,2026-08-03T07:16:00+00:00,delivered,V011,DRV013
ORD07717,C2438,R013,2026-08-05T00:31:00+00:00,delivered,V039,DRV104
ORD07718,C1562,R067,2026-09-06T14:32:00+00:00,delayed,V078,DRV112
ORD07719,C1999,R048,2026-09-20T13:20:00+00:00,delivered,V004,DRV009
ORD07720,C0325,R057,2026-08-12T13:44:00+00:00,in_transit,V002,DRV106
ORD07721,C1663,R065,2026-08-20T13:14:00+00:00,in_transit,V046,DRV098
ORD07722,C0284,R034,2026-08-18T00:08:00+00:00,delivered,V007,DRV048
ORD07723,C1089,R080,2026-09-13T22:36:00+00:00,delivered,V002,DRV044
ORD07724,C0276,R020,2026-09-07T01:01:00+00:00,picked_up,V017,DRV095
ORD07725,C1013,R011,2026-09-23T01:33:00+00:00,delayed,V089,DRV017
ORD07726,C1010,R014,2026-08-04T00:05:00+00:00,picked_up,V090,DRV061
ORD07727,C0742,R058,2026-09-03T09:07:00+00:00,in_transit,V018,DRV016
ORD07728,C0252,R026,2026-08-28T09:21:00+00:00,delivered,V073,DRV098
ORD07729,C0564,R033,2026-08-19T15:49:00+00:00,cancelled,V011,DRV057
ORD07730,C0292,R036,2026-09-06T03:08:00+00:00,delivered,V009,DRV102
ORD07731,C0858,R003,2026-08-07T05:17:00+00:00,in_transit,V064,DRV069
ORD07732,C0777,R041,2026-08-28T11:00:00+00:00,picked_up,V047,DRV080
ORD07733,C1198,R014,2026-08-21T10:14:00+00:00,cancelled,V020,DRV046
ORD07734,C0424,R074,2026-09-22T22:09:00+00:00,delivered,V033,DRV106
ORD07735,C1687,R003,2026-09-01T06:04:00+00:00,delivered,V001,DRV058
ORD07736,C0533,R015,2026-09-20T18:52:00+00:00,picked_up,V050,DRV089
ORD07737,C1211,R053,2026-09-20T01:25:00+00:00,in_transit,V025,DRV012
ORD07738,C1920,R079,2026-08-26T16:43:00+00:00,in_transit,V002,DRV100
ORD07739,C1421,R057,2026-09-18T13:13:00+00:00,picked_up,V094,DRV114
ORD07740,C1817,R069,2026-08-28T15:06:00+00:00,delivered,V017,DRV021
ORD07741,C1777,R001,2026-08-13T00:03:00+00:00,delivered,V007,DRV055
ORD07742,C1163,R043,2026-08-17T05:13:00+00:00,delivered,V025,DRV097
ORD07743,C1662,R045,2026-08-12T09:01:00+00:00,delayed,V076,DRV005
ORD07744,C2281,R039,2026-08-14T04:23:00+00:00,delivered,V001,DRV109
ORD07745,C2007,R054,2026-08-20T01:18:00+00:00,delayed,V038,DRV026
ORD07746,C1417,R067,2026-08-24T10:43:00+00:00,delivered,V057,DRV113
ORD07747,C1058,R030,2026-09-12T01:57:00+00:00,cancelled,V044,DRV027
ORD07748,C0794,R040,2026-09-17T13:32:00+00:00,delivered,V080,DRV066
ORD07749,C1833,R043,2026-08-21T07:39:00+00:00,delivered,V024,DRV024
ORD07750,C1044,R051,2026-09-22T22:01:00+00:00,delivered,V030,DRV067
ORD07751,C2024,R029,2026-09-13T14:32:00+00:00,picked_up,V044,DRV068
ORD07752,C0657,R018,2026-08-15T20:27:00+00:00,delivered,V011,DRV109
ORD07753,C1152,R040,2026-08-02T04:33:00+00:00,in_transit,V028,DRV085
ORD07754,C0864,R025,2026-08-21T17:13:00+00:00,in_transit,V070,DRV062
ORD07755,C0398,R027,2026-09-02T19:28:00+00:00,picked_up,V007,DRV017
ORD07756,C1702,R053,2026-08-22T23:10:00+00:00,delivered,V052,DRV049
ORD07757,C1246,R025,2026-09-07T02:40:00+00:00,picked_up,V065,DRV049
ORD07758,C0468,R074,2026-09-13T18:23:00+00:00,delivered,V042,DRV110
ORD07759,C1015,R040,2026-08-27T19:50:00+00:00,picked_up,V093,DRV042
ORD07760,C1292,R050,2026-09-15T11:17:00+00:00,delivered,V063,DRV110
ORD07761,C2152,R070,2026-08-20T04:38:00+00:00,delivered,V083,DRV070
ORD07762,C1227,R051,2026-09-08T05:09:00+00:00,delivered,V032,DRV105
ORD07763,C0461,R005,2026-09-25T01:44:00+00:00,delivered,V044,DRV034
ORD07764,C0024,R023,2026-08-28T00:56:00+00:00,in_transit,V060,DRV059
ORD07765,C1068,R074,2026-08-11T09:39:00+00:00,delivered,V087,DRV120
ORD07766,C0392,R048,2026-08-25T16:41:00+00:00,cancelled,V051,DRV046
ORD07767,C1461,R062,2026-08-26T00:09:00+00:00,cancelled,V003,DRV059
ORD07768,C1498,R013,2026-08-19T09:50:00+00:00,delivered,V034,DRV120
ORD07769,C1333,R073,2026-08-20T20:34:00+00:00,delivered,V086,DRV077
ORD07770,C0876,R014,2026-08-31T12:15:00+00:00,in_transit,V020,DRV020
ORD07771,C1749,R039,2026-09-14T12:18:00+00:00,delivered,V044,DRV073
ORD07772,C2246,R047,2026-09-09T11:56:00+00:00,delivered,V035,DRV073
ORD07773,C2376,R039,2026-08-24T16:09:00+00:00,delivered,V049,DRV063
ORD07774,C0676,R027,2026-09-16T10:04:00+00:00,in_transit,V048,DRV087
ORD07775,C1388,R077,2026-08-21T10:50:00+00:00,picked_up,V028,DRV097
ORD07776,C0329,R007,2026-09-17T10:23:00+00:00,picked_up,V011,DRV098
ORD07777,C1080,R066,2026-09-08T14:01:00+00:00,delivered,V034,DRV114
ORD07778,C0014,R056,2026-09-18T01:10:00+00:00,picked_up,V026,DRV017
ORD07779,C1038,R069,2026-08-09T00:11:00+00:00,cancelled,V052,DRV079
ORD07780,C0337,R071,2026-08-14T05:17:00+00:00,delivered,V078,DRV064
ORD07781,C1894,R015,2026-09-01T07:57:00+00:00,delivered,V074,DRV072
ORD07782,C2400,R045,2026-08-25T21:12:00+00:00,delivered,V009,DRV075
ORD07783,C0501,R069,2026-08-30T04:21:00+00:00,in_transit,V016,DRV109
ORD07784,C1819,R022,2026-09-05T16:23:00+00:00,delivered,V017,DRV019
ORD07785,C0682,R038,2026-09-02T17:20:00+00:00,delivered,V022,DRV107
ORD07786,C0473,R073,2026-08-20T22:50:00+00:00,in_transit,V004,DRV072
ORD07787,C0358,R045,2026-09-11T07:05:00+00:00,in_transit,V029,DRV117
ORD07788,C0735,R004,2026-08-29T11:09:00+00:00,in_transit,V075,DRV119
ORD07789,C1470,R005,2026-08-12T02:13:00+00:00,picked_up,V020,DRV070
ORD07790,C0732,R073,2026-09-22T12:05:00+00:00,delayed,V082,DRV059
ORD07791,C2268,R013,2026-08-31T16:09:00+00:00,delivered,V010,DRV002
ORD07792,C0530,R057,2026-08-05T23:06:00+00:00,delivered,V087,DRV100
ORD07793,C0189,R077,2026-08-02T20:21:00+00:00,cancelled,V042,DRV036
ORD07794,C2052,R020,2026-09-18T05:05:00+00:00,delivered,V047,DRV073
ORD07795,C0323,R065,2026-09-14T08:19:00+00:00,delivered,V080,DRV085
ORD07796,C0609,R067,2026-08-26T19:48:00+00:00,delivered,V023,DRV011
ORD07797,C0837,R073,2026-09-04T18:12:00+00:00,delivered,V078,DRV115
ORD07798,C0571,R051,2026-08-14T11:29:00+00:00,delivered,V029,DRV043
ORD07799,C2123,R027,2026-09-04T22:17:00+00:00,delivered,V032,DRV109
ORD07800,C2077,R042,2026-09-12T20:18:00+00:00,delivered,V056,DRV021
ORD07801,C0216,R048,2026-08-28T16:54:00+00:00,delivered,V006,DRV095
ORD07802,C1146,R053,2026-08-11T20:18:00+00:00,delivered,V074,DRV079
ORD07803,C1732,R046,2026-09-07T00:12:00+00:00,delayed,V016,DRV056
ORD07804,C2472,R053,2026-09-11T12:29:00+00:00,cancelled,V057,DRV068
ORD07805,C0883,R018,2026-08-29T00:59:00+00:00,in_transit,V099,DRV044
ORD07806,C2307,R030,2026-09-05T16:06:00+00:00,picked_up,V079,DRV074
ORD07807,C1627,R049,2026-08-03T00:52:00+00:00,delivered,V070,DRV119
ORD07808,C0776,R048,2026-09-10T01:45:00+00:00,picked_up,V037,DRV017
ORD07809,C0896,R026,2026-09-11T02:22:00+00:00,delayed,V002,DRV087
ORD07810,C2231,R060,2026-08-07T15:54:00+00:00,delivered,V042,DRV069
ORD07811,C0162,R037,2026-09-06T19:47:00+00:00,delayed,V089,DRV019
ORD07812,C1597,R044,2026-08-28T15:24:00+00:00,delivered,V041,DRV056
ORD07813,C0465,R027,2026-09-05T16:06:00+00:00,delivered,V091,DRV071
ORD07814,C0239,R019,2026-08-13T22:10:00+00:00,picked_up,V027,DRV111
ORD07815,C2338,R013,2026-08-06T06:05:00+00:00,delivered,V077,DRV096
ORD07816,C0881,R039,2026-09-19T02:20:00+00:00,delivered,V092,DRV095
ORD07817,C1833,R012,2026-08-16T23:39:00+00:00,delivered,V043,DRV099
ORD07818,C2460,R061,2026-09-01T15:56:00+00:00,in_transit,V011,DRV023
ORD07819,C0960,R080,2026-08-12T22:03:00+00:00,in_transit,V004,DRV009
ORD07820,C1095,R002,2026-08-27T01:09:00+00:00,delivered,V061,DRV113
ORD07821,C1936,R071,2026-08-30T10:21:00+00:00,delivered,V093,DRV120
ORD07822,C2206,R011,2026-08-08T10:27:00+00:00,cancelled,V078,DRV020
ORD07823,C0982,R053,2026-09-22T20:38:00+00:00,delivered,V040,DRV080
ORD07824,C0079,R072,2026-08-21T12:30:00+00:00,delivered,V071,DRV002
ORD07825,C1868,R072,2026-08-19T02:19:00+00:00,picked_up,V056,DRV096
ORD07826,C2044,R009,2026-08-28T09:49:00+00:00,delayed,V008,DRV037
ORD07827,C1309,R078,2026-08-27T08:00:00+00:00,picked_up,V054,DRV012
ORD07828,C2468,R015,2026-08-07T22:31:00+00:00,delivered,V090,DRV079
ORD07829,C2009,R020,2026-09-22T19:25:00+00:00,delivered,V031,DRV009
ORD07830,C0264,R075,2026-08-20T04:34:00+00:00,in_transit,V019,DRV006
ORD07831,C0649,R077,2026-09-17T06:00:00+00:00,in_transit,V001,DRV062
ORD07832,C2126,R019,2026-09-15T10:02:00+00:00,delivered,V095,DRV057
ORD07833,C2196,R012,2026-08-29T05:27:00+00:00,delivered,V001,DRV066
ORD07834,C1195,R035,2026-08-23T20:51:00+00:00,delivered,V032,DRV063
ORD07835,C1359,R077,2026-08-28T10:31:00+00:00,delivered,V064,DRV065
ORD07836,C2077,R064,2026-08-05T01:01:00+00:00,delivered,V075,DRV017
ORD07837,C0281,R008,2026-09-24T22:47:00+00:00,delivered,V057,DRV117
ORD07838,C2368,R038,2026-08-22T22:34:00+00:00,delayed,V057,DRV099
ORD07839,C0625,R040,2026-08-09T09:28:00+00:00,delivered,V096,DRV111
ORD07840,C0833,R045,2026-08-05T06:16:00+00:00,delivered,V088,DRV050
ORD07841,C1154,R049,2026-08-15T09:43:00+00:00,delivered,V072,DRV038
ORD07842,C2212,R060,2026-09-12T18:41:00+00:00,delayed,V087,DRV118
ORD07843,C0766,R061,2026-09-09T02:29:00+00:00,in_transit,V057,DRV090
ORD07844,C1504,R003,2026-08-28T11:53:00+00:00,delivered,V076,DRV064
ORD07845,C2160,R012,2026-08-29T04:09:00+00:00,delivered,V093,DRV004
ORD07846,C0397,R076,2026-08-17T08:44:00+00:00,delivered,V050,DRV045
ORD07847,C0487,R053,2026-09-20T21:25:00+00:00,delivered,V042,DRV115
ORD07848,C2494,R065,2026-09-16T22:43:00+00:00,delivered,V006,DRV040
ORD07849,C0177,R047,2026-08-26T02:31:00+00:00,delivered,V004,DRV048
ORD07850,C0059,R076,2026-08-31T13:04:00+00:00,in_transit,V012,DRV061
ORD07851,C2146,R007,2026-08-26T22:19:00+00:00,delivered,V003,DRV114
ORD07852,C0919,R070,2026-09-10T06:00:00+00:00,delivered,V017,DRV050
ORD07853,C0787,R067,2026-08-24T07:03:00+00:00,delivered,V030,DRV030
ORD07854,C0884,R007,2026-08-17T03:08:00+00:00,in_transit,V010,DRV008
ORD07855,C2223,R002,2026-08-03T15:18:00+00:00,delivered,V028,DRV041
ORD07856,C0339,R043,2026-08-03T07:11:00+00:00,delivered,V060,DRV040
ORD07857,C0686,R007,2026-09-16T09:58:00+00:00,picked_up,V068,DRV026
ORD07858,C1400,R034,2026-08-09T20:16:00+00:00,delivered,V040,DRV029
ORD07859,C2061,R039,2026-09-23T07:46:00+00:00,picked_up,V092,DRV097
ORD07860,C1724,R045,2026-08-29T20:12:00+00:00,delivered,V037,DRV084
ORD07861,C0181,R026,2026-08-22T03:20:00+00:00,delivered,V003,DRV028
ORD07862,C1433,R011,2026-09-15T16:56:00+00:00,delivered,V085,DRV066
ORD07863,C2193,R001,2026-09-09T03:58:00+00:00,delivered,V020,DRV047
ORD07864,C1031,R077,2026-08-26T05:41:00+00:00,in_transit,V073,DRV084
ORD07865,C0839,R026,2026-08-22T20:22:00+00:00,delivered,V023,DRV105
ORD07866,C0243,R044,2026-09-06T18:24:00+00:00,delayed,V044,DRV112
ORD07867,C1217,R002,2026-09-18T13:47:00+00:00,delivered,V025,DRV070
ORD07868,C0755,R020,2026-09-11T01:58:00+00:00,in_transit,V009,DRV028
ORD07869,C2434,R042,2026-08-07T23:38:00+00:00,delivered,V088,DRV048
ORD07870,C1087,R056,2026-08-11T08:35:00+00:00,in_transit,V006,DRV015
ORD07871,C0023,R076,2026-09-16T06:55:00+00:00,picked_up,V036,DRV003
ORD07872,C0128,R010,2026-09-08T10:39:00+00:00,in_transit,V013,DRV095
ORD07873,C2314,R057,2026-08-23T04:11:00+00:00,delivered,V078,DRV093
ORD07874,C0988,R023,2026-08-09T20:57:00+00:00,delivered,V029,DRV084
ORD07875,C2238,R026,2026-08-10T10:11:00+00:00,delivered,V042,DRV017
ORD07876,C0193,R024,2026-08-15T11:24:00+00:00,delivered,V003,DRV115
ORD07877,C2211,R041,2026-09-22T07:05:00+00:00,delivered,V091,DRV043
ORD07878,C0596,R030,2026-09-01T11:30:00+00:00,delivered,V006,DRV024
ORD07879,C2000,R002,2026-09-18T09:54:00+00:00,in_transit,V048,DRV083
ORD07880,C0156,R030,2026-09-01T14:50:00+00:00,delivered,V072,DRV120
ORD07881,C0572,R040,2026-08-17T15:13:00+00:00,delivered,V039,DRV075
ORD07882,C1170,R050,2026-08-22T08:53:00+00:00,picked_up,V091,DRV036
ORD07883,C0815,R076,2026-08-18T02:20:00+00:00,delivered,V080,DRV054
ORD07884,C1906,R045,2026-09-03T14:13:00+00:00,picked_up,V047,DRV095
ORD07885,C1186,R046,2026-08-18T06:55:00+00:00,delayed,V030,DRV002
ORD07886,C2323,R080,2026-08-25T21:08:00+00:00,in_transit,V047,DRV116
ORD07887,C2018,R067,2026-09-12T22:12:00+00:00,delivered,V029,DRV031
ORD07888,C0083,R034,2026-08-02T01:53:00+00:00,delivered,V003,DRV030
ORD07889,C0476,R014,2026-08-01T19:30:00+00:00,delivered,V012,DRV009
ORD07890,C2202,R063,2026-09-01T12:40:00+00:00,delivered,V074,DRV060
ORD07891,C1252,R010,2026-09-08T00:39:00+00:00,picked_up,V033,DRV065
ORD07892,C1962,R008,2026-08-31T12:20:00+00:00,delivered,V034,DRV120
ORD07893,C0596,R003,2026-09-16T22:07:00+00:00,delivered,V030,DRV071
ORD07894,C2381,R011,2026-08-22T08:30:00+00:00,picked_up,V084,DRV011
ORD07895,C1985,R069,2026-08-03T16:47:00+00:00,delivered,V019,DRV117
ORD07896,C2188,R049,2026-08-21T11:04:00+00:00,delivered,V038,DRV019
ORD07897,C2225,R067,2026-09-07T21:09:00+00:00,delivered,V081,DRV092
ORD07898,C2152,R007,2026-08-20T03:49:00+00:00,cancelled,V022,DRV026
ORD07899,C0980,R017,2026-09-13T21:41:00+00:00,delivered,V079,DRV034
ORD07900,C2252,R038,2026-08-03T17:34:00+00:00,delivered,V046,DRV044
ORD07901,C0966,R024,2026-08-24T23:52:00+00:00,delivered,V007,DRV022
ORD07902,C1145,R004,2026-09-16T06:05:00+00:00,delivered,V046,DRV083
ORD07903,C0721,R012,2026-08-24T05:48:00+00:00,delivered,V067,DRV067
ORD07904,C2348,R063,2026-08-25T09:17:00+00:00,picked_up,V006,DRV076
ORD07905,C0271,R036,2026-09-15T08:57:00+00:00,cancelled,V069,DRV112
ORD07906,C1168,R038,2026-08-04T15:39:00+00:00,delivered,V010,DRV093
ORD07907,C1013,R030,2026-08-20T21:57:00+00:00,delivered,V057,DRV025
ORD07908,C1601,R022,2026-08-30T08:56:00+00:00,delivered,V097,DRV106
ORD07909,C1448,R071,2026-08-12T02:06:00+00:00,picked_up,V015,DRV110
ORD07910,C1032,R015,2026-09-20T21:30:00+00:00,delivered,V058,DRV118
ORD07911,C1498,R025,2026-09-09T02:18:00+00:00,delivered,V018,DRV069
ORD07912,C0740,R034,2026-08-10T20:51:00+00:00,in_transit,V066,DRV097
ORD07913,C2382,R041,2026-09-11T06:46:00+00:00,delivered,V053,DRV045
ORD07914,C1946,R003,2026-09-14T12:25:00+00:00,delivered,V025,DRV030
ORD07915,C0460,R037,2026-08-19T09:48:00+00:00,delivered,V030,DRV064
ORD07916,C0238,R038,2026-09-06T00:33:00+00:00,delivered,V064,DRV008
ORD07917,C2209,R027,2026-08-03T01:22:00+00:00,delivered,V099,DRV097
ORD07918,C1471,R020,2026-08-22T23:09:00+00:00,delivered,V023,DRV052
ORD07919,C0820,R037,2026-09-13T14:16:00+00:00,delivered,V038,DRV078
ORD07920,C1639,R063,2026-08-21T18:37:00+00:00,delivered,V019,DRV013
ORD07921,C1869,R032,2026-08-28T05:52:00+00:00,delivered,V065,DRV076
ORD07922,C0834,R080,2026-08-20T09:47:00+00:00,delayed,V088,DRV075
ORD07923,C0805,R051,2026-08-26T14:42:00+00:00,delivered,V077,DRV120
ORD07924,C0431,R080,2026-08-31T17:26:00+00:00,picked_up,V021,DRV103
ORD07925,C0333,R020,2026-09-08T00:29:00+00:00,delivered,V053,DRV059
ORD07926,C2389,R062,2026-08-06T15:54:00+00:00,delivered,V056,DRV009
ORD07927,C1875,R050,2026-09-10T04:10:00+00:00,delivered,V019,DRV016
ORD07928,C1993,R076,2026-08-26T09:51:00+00:00,picked_up,V039,DRV034
ORD07929,C1587,R004,2026-08-26T16:27:00+00:00,delivered,V029,DRV057
ORD07930,C1120,R013,2026-09-09T17:31:00+00:00,delivered,V052,DRV020
ORD07931,C0159,R053,2026-08-05T17:57:00+00:00,delayed,V029,DRV005
ORD07932,C2276,R068,2026-08-16T19:07:00+00:00,delivered,V028,DRV082
ORD07933,C1495,R065,2026-09-14T20:08:00+00:00,delayed,V086,DRV081
ORD07934,C2270,R080,2026-08-17T21:59:00+00:00,delivered,V065,DRV059
ORD07935,C1956,R019,2026-09-05T01:21:00+00:00,in_transit,V074,DRV068
ORD07936,C1894,R043,2026-08-11T18:27:00+00:00,picked_up,V046,DRV109
ORD07937,C1205,R039,2026-09-07T16:25:00+00:00,delivered,V001,DRV005
ORD07938,C2427,R034,2026-09-11T15:38:00+00:00,delayed,V098,DRV112
ORD07939,C1590,R030,2026-09-06T11:10:00+00:00,delayed,V084,DRV013
ORD07940,C0544,R079,2026-08-04T20:44:00+00:00,delivered,V074,DRV114
ORD07941,C2007,R050,2026-08-22T08:07:00+00:00,in_transit,V055,DRV094
ORD07942,C1947,R030,2026-09-04T06:20:00+00:00,delivered,V048,DRV017
ORD07943,C1507,R002,2026-08-02T17:10:00+00:00,delayed,V058,DRV047
ORD07944,C2091,R002,2026-09-20T23:37:00+00:00,delivered,V091,DRV026
ORD07945,C0612,R074,2026-08-05T17:01:00+00:00,delivered,V059,DRV041
ORD07946,C2379,R061,2026-09-24T12:51:00+00:00,delivered,V064,DRV062
ORD07947,C1697,R067,2026-08-17T00:52:00+00:00,delivered,V091,DRV009
ORD07948,C2298,R006,2026-08-16T14:43:00+00:00,in_transit,V001,DRV017
ORD07949,C1589,R022,2026-08-17T12:38:00+00:00,in_transit,V038,DRV108
ORD07950,C1473,R053,2026-08-30T20:02:00+00:00,delivered,V090,DRV106
ORD07951,C0215,R053,2026-08-17T19:25:00+00:00,picked_up,V046,DRV064
ORD07952,C0720,R070,2026-09-18T08:04:00+00:00,delivered,V097,DRV074
ORD07953,C0767,R034,2026-08-03T11:22:00+00:00,in_transit,V092,DRV016
ORD07954,C2285,R010,2026-09-11T14:13:00+00:00,delivered,V033,DRV074
ORD07955,C1291,R057,2026-08-28T02:40:00+00:00,delivered,V027,DRV108
ORD07956,C1919,R059,2026-08-03T10:29:00+00:00,delayed,V042,DRV039
ORD07957,C1341,R080,2026-08-13T05:23:00+00:00,delivered,V050,DRV089
ORD07958,C1931,R053,2026-09-11T21:03:00+00:00,delayed,V033,DRV116
ORD07959,C0179,R078,2026-08-08T06:46:00+00:00,delayed,V053,DRV070
ORD07960,C1835,R015,2026-08-05T09:17:00+00:00,delivered,V011,DRV118
ORD07961,C0733,R052,2026-09-04T22:59:00+00:00,picked_up,V006,DRV007
ORD07962,C0536,R004,2026-08-23T20:39:00+00:00,in_transit,V056,DRV040
ORD07963,C0578,R022,2026-08-13T11:10:00+00:00,delivered,V041,DRV024
ORD07964,C1645,R040,2026-08-10T07:54:00+00:00,delivered,V034,DRV044
ORD07965,C1479,R014,2026-08-14T13:58:00+00:00,delayed,V003,DRV022
ORD07966,C0775,R004,2026-09-22T16:42:00+00:00,delivered,V011,DRV114
ORD07967,C0400,R034,2026-09-01T21:03:00+00:00,delivered,V089,DRV041
ORD07968,C1728,R041,2026-09-07T23:29:00+00:00,delayed,V072,DRV029
ORD07969,C0724,R042,2026-08-03T13:16:00+00:00,picked_up,V084,DRV113
ORD07970,C0244,R066,2026-09-13T23:29:00+00:00,delivered,V063,DRV020
ORD07971,C1227,R037,2026-08-18T23:59:00+00:00,picked_up,V052,DRV013
ORD07972,C1188,R066,2026-09-15T17:44:00+00:00,picked_up,V068,DRV074
ORD07973,C2449,R077,2026-09-23T03:15:00+00:00,picked_up,V003,DRV054
ORD07974,C0246,R073,2026-08-12T19:52:00+00:00,delivered,V061,DRV010
ORD07975,C0916,R075,2026-08-06T12:53:00+00:00,delivered,V085,DRV014
ORD07976,C1577,R055,2026-09-19T09:18:00+00:00,cancelled,V007,DRV113
ORD07977,C0412,R041,2026-09-19T03:14:00+00:00,picked_up,V025,DRV077
ORD07978,C0783,R059,2026-09-14T06:11:00+00:00,in_transit,V005,DRV044
ORD07979,C0870,R010,2026-09-16T06:34:00+00:00,in_transit,V080,DRV044
ORD07980,C2329,R074,2026-09-11T07:03:00+00:00,in_transit,V007,DRV030
ORD07981,C0126,R026,2026-08-22T05:45:00+00:00,picked_up,V001,DRV111
ORD07982,C1712,R033,2026-08-18T18:32:00+00:00,delivered,V100,DRV089
ORD07983,C0547,R039,2026-08-12T07:34:00+00:00,delayed,V034,DRV099
ORD07984,C2260,R002,2026-08-04T05:21:00+00:00,picked_up,V090,DRV112
ORD07985,C0915,R070,2026-09-04T06:28:00+00:00,delivered,V089,DRV025
ORD07986,C0685,R063,2026-09-17T17:57:00+00:00,delivered,V030,DRV039
ORD07987,C1290,R037,2026-09-10T01:38:00+00:00,in_transit,V051,DRV060
ORD07988,C0447,R022,2026-08-29T23:25:00+00:00,delivered,V081,DRV033
ORD07989,C1147,R009,2026-09-11T15:40:00+00:00,picked_up,V012,DRV023
ORD07990,C1941,R015,2026-09-23T01:47:00+00:00,delivered,V020,DRV033
ORD07991,C0837,R060,2026-08-25T23:21:00+00:00,delivered,V042,DRV082
ORD07992,C1839,R043,2026-09-04T23:59:00+00:00,delivered,V035,DRV016
ORD07993,C2009,R027,2026-08-25T19:36:00+00:00,delivered,V073,DRV108
ORD07994,C0795,R015,2026-08-21T17:03:00+00:00,cancelled,V024,DRV050
ORD07995,C2371,R041,2026-08-06T01:36:00+00:00,picked_up,V071,DRV083
ORD07996,C0593,R079,2026-09-15T23:13:00+00:00,delivered,V076,DRV020
ORD07997,C0171,R027,2026-09-12T09:37:00+00:00,delivered,V086,DRV042
ORD07998,C1224,R066,2026-09-07T09:18:00+00:00,cancelled,V064,DRV022
ORD07999,C1124,R053,2026-08-13T20:22:00+00:00,delivered,V025,DRV099
ORD08000,C1809,R018,2026-09-22T06:46:00+00:00,delivered,V015,DRV079
ORD08001,C0992,R043,2026-08-31T09:33:00+00:00,delivered,V064,DRV080
ORD08002,C1213,R006,2026-08-15T05:50:00+00:00,delivered,V055,DRV026
ORD08003,C0546,R047,2026-09-05T17:36:00+00:00,cancelled,V096,DRV013
ORD08004,C0512,R078,2026-09-01T19:10:00+00:00,picked_up,V100,DRV021
ORD08005,C0451,R077,2026-08-31T06:50:00+00:00,delivered,V051,DRV110
ORD08006,C1818,R051,2026-09-13T00:36:00+00:00,delayed,V088,DRV044
ORD08007,C0604,R035,2026-08-07T16:02:00+00:00,delivered,V017,DRV078
ORD08008,C1330,R035,2026-08-16T10:29:00+00:00,picked_up,V071,DRV081
ORD08009,C1456,R058,2026-09-06T11:43:00+00:00,delivered,V046,DRV038
ORD08010,C1376,R042,2026-08-30T10:56:00+00:00,delivered,V067,DRV114
ORD08011,C2248,R074,2026-08-05T18:41:00+00:00,delivered,V075,DRV101
ORD08012,C1183,R068,2026-09-19T06:43:00+00:00,cancelled,V075,DRV074
ORD08013,C0144,R001,2026-09-06T04:04:00+00:00,delivered,V050,DRV075
ORD08014,C0432,R040,2026-08-05T10:47:00+00:00,delivered,V083,DRV017
ORD08015,C2184,R001,2026-09-15T07:19:00+00:00,delivered,V025,DRV007
ORD08016,C0847,R030,2026-08-02T22:08:00+00:00,delivered,V075,DRV029
ORD08017,C2021,R060,2026-09-10T22:21:00+00:00,delivered,V019,DRV073
ORD08018,C0591,R030,2026-09-19T09:50:00+00:00,delivered,V091,DRV100
ORD08019,C1019,R014,2026-08-21T12:02:00+00:00,delivered,V029,DRV118
ORD08020,C0072,R067,2026-09-21T03:59:00+00:00,delivered,V034,DRV099
ORD08021,C0399,R055,2026-08-16T19:19:00+00:00,delivered,V023,DRV018
ORD08022,C2107,R012,2026-08-30T20:00:00+00:00,delivered,V035,DRV040
ORD08023,C0075,R019,2026-08-28T05:47:00+00:00,delayed,V090,DRV010
ORD08024,C1011,R069,2026-08-09T17:20:00+00:00,picked_up,V064,DRV014
ORD08025,C1372,R075,2026-09-14T15:22:00+00:00,delivered,V080,DRV082
ORD08026,C0234,R051,2026-08-02T02:06:00+00:00,delivered,V064,DRV023
ORD08027,C1163,R032,2026-08-17T08:13:00+00:00,picked_up,V039,DRV002
ORD08028,C1740,R014,2026-08-15T12:06:00+00:00,delivered,V072,DRV044
ORD08029,C1494,R040,2026-08-19T05:53:00+00:00,delivered,V036,DRV044
ORD08030,C0654,R021,2026-09-24T19:21:00+00:00,delivered,V031,DRV011
ORD08031,C1203,R055,2026-09-09T02:49:00+00:00,delivered,V045,DRV050
ORD08032,C0618,R065,2026-08-19T08:39:00+00:00,delivered,V027,DRV098
ORD08033,C1453,R037,2026-09-17T16:42:00+00:00,delayed,V053,DRV065
ORD08034,C2151,R075,2026-09-22T20:52:00+00:00,in_transit,V001,DRV089
ORD08035,C0233,R009,2026-08-28T18:55:00+00:00,delivered,V066,DRV061
ORD08036,C2205,R030,2026-08-12T21:23:00+00:00,delivered,V050,DRV060
ORD08037,C0119,R040,2026-09-05T10:05:00+00:00,delivered,V043,DRV099
ORD08038,C2340,R019,2026-08-25T06:54:00+00:00,in_transit,V080,DRV053
ORD08039,C0609,R040,2026-09-10T21:06:00+00:00,in_transit,V063,DRV028
ORD08040,C0675,R021,2026-08-24T08:45:00+00:00,picked_up,V076,DRV092
ORD08041,C1612,R012,2026-08-23T12:49:00+00:00,delivered,V040,DRV001
ORD08042,C2411,R052,2026-08-27T08:26:00+00:00,delivered,V046,DRV051
ORD08043,C1666,R033,2026-09-03T22:04:00+00:00,delivered,V047,DRV093
ORD08044,C2388,R022,2026-09-04T20:49:00+00:00,delivered,V055,DRV095
ORD08045,C0290,R036,2026-08-21T08:00:00+00:00,in_transit,V067,DRV087
ORD08046,C0342,R072,2026-08-05T11:17:00+00:00,delivered,V051,DRV022
ORD08047,C0239,R061,2026-09-09T19:21:00+00:00,delivered,V094,DRV039
ORD08048,C1706,R035,2026-08-11T00:34:00+00:00,delivered,V089,DRV087
ORD08049,C1051,R020,2026-09-08T14:56:00+00:00,delivered,V051,DRV008
ORD08050,C0657,R032,2026-08-03T13:32:00+00:00,picked_up,V004,DRV057
ORD08051,C1463,R051,2026-09-05T07:56:00+00:00,cancelled,V002,DRV118
ORD08052,C1163,R028,2026-09-13T22:50:00+00:00,delayed,V027,DRV060
ORD08053,C1973,R049,2026-09-25T00:10:00+00:00,delayed,V064,DRV061
ORD08054,C0296,R023,2026-08-24T11:31:00+00:00,delivered,V066,DRV040
ORD08055,C2068,R063,2026-09-07T14:29:00+00:00,delayed,V014,DRV018
ORD08056,C2268,R014,2026-08-15T17:02:00+00:00,delivered,V092,DRV075
ORD08057,C2069,R078,2026-09-21T16:31:00+00:00,in_transit,V037,DRV085
ORD08058,C0728,R040,2026-08-04T13:52:00+00:00,delivered,V071,DRV016
ORD08059,C0151,R052,2026-08-09T09:32:00+00:00,delayed,V038,DRV117
ORD08060,C1609,R025,2026-08-14T03:50:00+00:00,delivered,V067,DRV120
ORD08061,C1885,R010,2026-08-03T19:21:00+00:00,delivered,V021,DRV036
ORD08062,C2194,R045,2026-09-05T19:51:00+00:00,in_transit,V081,DRV110
ORD08063,C1454,R009,2026-08-17T16:12:00+00:00,delivered,V034,DRV015
ORD08064,C1903,R004,2026-09-14T05:05:00+00:00,delivered,V097,DRV039
ORD08065,C0068,R015,2026-09-08T08:15:00+00:00,picked_up,V049,DRV018
ORD08066,C1639,R031,2026-08-18T17:45:00+00:00,delivered,V063,DRV004
ORD08067,C2429,R072,2026-08-07T17:11:00+00:00,delivered,V061,DRV070
ORD08068,C0278,R018,2026-08-19T10:40:00+00:00,delivered,V029,DRV047
ORD08069,C1703,R003,2026-08-29T10:54:00+00:00,delivered,V073,DRV104
ORD08070,C0197,R046,2026-09-25T00:59:00+00:00,picked_up,V018,DRV038
ORD08071,C0090,R008,2026-08-26T10:28:00+00:00,picked_up,V012,DRV096
ORD08072,C0182,R049,2026-09-07T05:28:00+00:00,delivered,V072,DRV066
ORD08073,C2064,R021,2026-08-24T19:42:00+00:00,delivered,V082,DRV084
ORD08074,C2004,R068,2026-09-16T14:20:00+00:00,delivered,V020,DRV048
ORD08075,C1649,R015,2026-08-10T19:32:00+00:00,delivered,V096,DRV050
ORD08076,C2073,R069,2026-08-17T17:33:00+00:00,delivered,V012,DRV033
ORD08077,C1976,R056,2026-09-23T17:24:00+00:00,in_transit,V013,DRV106
ORD08078,C0356,R034,2026-09-20T08:00:00+00:00,in_transit,V050,DRV103
ORD08079,C1252,R031,2026-09-20T21:31:00+00:00,delivered,V049,DRV050
ORD08080,C0215,R026,2026-08-26T20:23:00+00:00,delivered,V037,DRV030
ORD08081,C1099,R019,2026-09-09T07:28:00+00:00,picked_up,V060,DRV071
ORD08082,C1435,R056,2026-08-07T01:06:00+00:00,delivered,V043,DRV120
ORD08083,C1259,R010,2026-09-07T06:50:00+00:00,picked_up,V077,DRV050
ORD08084,C0113,R057,2026-09-16T14:32:00+00:00,delivered,V055,DRV054
ORD08085,C0393,R070,2026-08-15T11:23:00+00:00,in_transit,V080,DRV049
ORD08086,C2217,R061,2026-08-21T18:00:00+00:00,delivered,V038,DRV118
ORD08087,C0549,R059,2026-09-24T16:33:00+00:00,delivered,V092,DRV090
ORD08088,C2395,R002,2026-08-11T07:38:00+00:00,picked_up,V079,DRV055
ORD08089,C1524,R048,2026-08-15T01:13:00+00:00,delivered,V038,DRV112
ORD08090,C1092,R072,2026-09-23T01:52:00+00:00,picked_up,V070,DRV069
ORD08091,C0928,R055,2026-09-21T04:43:00+00:00,delivered,V039,DRV108
ORD08092,C1910,R067,2026-08-26T01:31:00+00:00,delivered,V039,DRV048
ORD08093,C1738,R059,2026-08-19T02:57:00+00:00,in_transit,V009,DRV044
ORD08094,C1409,R077,2026-09-12T20:31:00+00:00,in_transit,V068,DRV011
ORD08095,C0661,R025,2026-08-03T03:27:00+00:00,delivered,V081,DRV030
ORD08096,C1164,R028,2026-09-24T08:25:00+00:00,picked_up,V051,DRV092
ORD08097,C1571,R074,2026-09-11T04:44:00+00:00,delivered,V060,DRV088
ORD08098,C2185,R053,2026-08-27T22:56:00+00:00,cancelled,V064,DRV014
ORD08099,C0442,R046,2026-08-21T20:21:00+00:00,delivered,V075,DRV056
ORD08100,C1717,R045,2026-08-11T10:28:00+00:00,delivered,V063,DRV041
ORD08101,C0143,R036,2026-08-06T09:17:00+00:00,delivered,V020,DRV016
ORD08102,C1968,R024,2026-09-09T12:41:00+00:00,in_transit,V080,DRV054
ORD08103,C0852,R065,2026-08-22T22:49:00+00:00,delivered,V023,DRV049
ORD08104,C1248,R009,2026-09-21T11:32:00+00:00,delivered,V067,DRV023
ORD08105,C0190,R075,2026-09-15T13:39:00+00:00,picked_up,V097,DRV017
ORD08106,C1729,R061,2026-09-20T19:58:00+00:00,in_transit,V058,DRV021
ORD08107,C1920,R048,2026-09-08T10:43:00+00:00,in_transit,V082,DRV039
ORD08108,C2405,R021,2026-09-19T13:10:00+00:00,delivered,V087,DRV099
ORD08109,C1584,R038,2026-08-08T04:38:00+00:00,picked_up,V049,DRV036
ORD08110,C1612,R014,2026-09-02T02:53:00+00:00,delivered,V056,DRV082
ORD08111,C1067,R071,2026-08-31T07:59:00+00:00,picked_up,V007,DRV005
ORD08112,C1375,R061,2026-09-16T10:40:00+00:00,picked_up,V069,DRV111
ORD08113,C1577,R020,2026-08-12T14:56:00+00:00,picked_up,V007,DRV003
ORD08114,C1115,R062,2026-09-11T04:49:00+00:00,delivered,V015,DRV039
ORD08115,C1169,R008,2026-08-08T15:13:00+00:00,delivered,V001,DRV027
ORD08116,C2047,R049,2026-09-20T01:16:00+00:00,delivered,V023,DRV009
ORD08117,C0113,R055,2026-09-08T02:22:00+00:00,delivered,V061,DRV083
ORD08118,C1981,R079,2026-09-05T08:48:00+00:00,delivered,V011,DRV056
ORD08119,C2079,R031,2026-08-04T19:37:00+00:00,delivered,V090,DRV044
ORD08120,C0394,R047,2026-09-25T03:23:00+00:00,in_transit,V001,DRV096
ORD08121,C0921,R046,2026-09-19T20:42:00+00:00,picked_up,V014,DRV107
ORD08122,C0158,R021,2026-08-16T08:57:00+00:00,delayed,V020,DRV111
ORD08123,C1489,R004,2026-08-13T17:25:00+00:00,delivered,V003,DRV091
ORD08124,C2256,R049,2026-08-22T14:26:00+00:00,in_transit,V034,DRV063
ORD08125,C0026,R068,2026-09-19T21:05:00+00:00,delivered,V035,DRV051
ORD08126,C2321,R057,2026-08-28T15:01:00+00:00,delivered,V095,DRV060
ORD08127,C1914,R040,2026-08-29T12:42:00+00:00,delivered,V015,DRV086
ORD08128,C0762,R055,2026-09-05T03:38:00+00:00,delivered,V077,DRV051
ORD08129,C1530,R022,2026-08-22T12:00:00+00:00,in_transit,V024,DRV080
ORD08130,C0796,R076,2026-09-14T01:37:00+00:00,picked_up,V011,DRV006
ORD08131,C0019,R051,2026-09-01T02:41:00+00:00,picked_up,V065,DRV091
ORD08132,C0311,R049,2026-09-13T09:30:00+00:00,in_transit,V089,DRV043
ORD08133,C2469,R029,2026-09-17T17:57:00+00:00,delivered,V087,DRV008
ORD08134,C1926,R044,2026-09-16T13:43:00+00:00,delivered,V086,DRV115
ORD08135,C0529,R011,2026-09-24T17:21:00+00:00,picked_up,V002,DRV035
ORD08136,C0656,R072,2026-09-03T11:34:00+00:00,in_transit,V099,DRV045
ORD08137,C1613,R015,2026-08-08T06:34:00+00:00,delayed,V057,DRV113
ORD08138,C2092,R063,2026-08-18T01:42:00+00:00,delivered,V014,DRV021
ORD08139,C0512,R004,2026-08-23T15:47:00+00:00,cancelled,V067,DRV040
ORD08140,C0765,R073,2026-09-02T07:17:00+00:00,picked_up,V075,DRV078
ORD08141,C1080,R034,2026-09-23T07:38:00+00:00,delivered,V035,DRV033
ORD08142,C0725,R056,2026-08-08T21:06:00+00:00,picked_up,V074,DRV081
ORD08143,C1137,R007,2026-09-23T22:57:00+00:00,delivered,V050,DRV090
ORD08144,C1428,R071,2026-08-18T06:34:00+00:00,delayed,V072,DRV022
ORD08145,C0469,R016,2026-08-28T00:29:00+00:00,delivered,V010,DRV102
ORD08146,C1410,R036,2026-09-01T22:05:00+00:00,delivered,V008,DRV100
ORD08147,C1696,R023,2026-08-06T02:51:00+00:00,delivered,V005,DRV071
ORD08148,C1394,R066,2026-08-01T07:14:00+00:00,delivered,V015,DRV026
ORD08149,C0635,R040,2026-09-10T07:33:00+00:00,picked_up,V020,DRV034
ORD08150,C2330,R060,2026-08-06T13:12:00+00:00,delayed,V056,DRV047
ORD08151,C0766,R024,2026-08-29T22:59:00+00:00,delivered,V064,DRV094
ORD08152,C1764,R074,2026-08-15T08:36:00+00:00,in_transit,V090,DRV034
ORD08153,C1967,R057,2026-08-14T02:26:00+00:00,picked_up,V084,DRV030
ORD08154,C1946,R056,2026-08-07T14:06:00+00:00,delivered,V012,DRV050
ORD08155,C0156,R007,2026-08-14T20:10:00+00:00,delivered,V038,DRV011
ORD08156,C2252,R021,2026-08-09T23:32:00+00:00,delivered,V027,DRV002
ORD08157,C0501,R003,2026-09-22T18:57:00+00:00,delivered,V091,DRV029
ORD08158,C0281,R033,2026-08-07T03:24:00+00:00,delayed,V032,DRV012
ORD08159,C2409,R007,2026-09-14T01:06:00+00:00,picked_up,V011,DRV030
ORD08160,C1845,R073,2026-09-19T10:26:00+00:00,delivered,V023,DRV068
ORD08161,C1922,R027,2026-08-04T21:22:00+00:00,delivered,V030,DRV065
ORD08162,C1880,R003,2026-09-23T15:48:00+00:00,delivered,V095,DRV062
ORD08163,C2484,R021,2026-09-12T02:49:00+00:00,picked_up,V095,DRV005
ORD08164,C0269,R048,2026-08-14T16:14:00+00:00,delivered,V099,DRV076
ORD08165,C1887,R042,2026-08-29T04:34:00+00:00,picked_up,V029,DRV016
ORD08166,C2386,R069,2026-08-31T15:53:00+00:00,picked_up,V016,DRV102
ORD08167,C1047,R036,2026-08-16T13:26:00+00:00,in_transit,V027,DRV034
ORD08168,C1358,R048,2026-09-20T16:46:00+00:00,in_transit,V047,DRV102
ORD08169,C0424,R068,2026-09-17T23:22:00+00:00,in_transit,V082,DRV105
ORD08170,C1332,R001,2026-09-17T17:55:00+00:00,in_transit,V036,DRV069
ORD08171,C1776,R044,2026-09-24T21:53:00+00:00,picked_up,V096,DRV077
ORD08172,C1388,R002,2026-09-21T00:17:00+00:00,delayed,V088,DRV018
ORD08173,C2241,R064,2026-09-15T10:34:00+00:00,delivered,V066,DRV098
ORD08174,C1128,R056,2026-09-19T01:39:00+00:00,delivered,V025,DRV017
ORD08175,C0485,R011,2026-08-11T08:59:00+00:00,delivered,V085,DRV120
ORD08176,C1168,R015,2026-09-17T12:45:00+00:00,in_transit,V062,DRV033
ORD08177,C1413,R026,2026-08-09T06:00:00+00:00,delivered,V089,DRV012
ORD08178,C0194,R037,2026-08-11T13:59:00+00:00,delayed,V003,DRV064
ORD08179,C2359,R044,2026-08-11T15:40:00+00:00,in_transit,V049,DRV037
ORD08180,C0057,R004,2026-09-04T16:42:00+00:00,in_transit,V055,DRV009
ORD08181,C1312,R035,2026-09-17T04:49:00+00:00,cancelled,V038,DRV021
ORD08182,C1568,R053,2026-09-12T08:58:00+00:00,delivered,V028,DRV008
ORD08183,C1445,R026,2026-09-22T21:29:00+00:00,delivered,V068,DRV062
ORD08184,C1120,R069,2026-09-21T10:48:00+00:00,in_transit,V021,DRV093
ORD08185,C0782,R078,2026-09-02T23:58:00+00:00,picked_up,V015,DRV031
ORD08186,C0547,R053,2026-09-24T12:19:00+00:00,delivered,V035,DRV026
ORD08187,C0506,R036,2026-09-07T23:32:00+00:00,in_transit,V045,DRV046
ORD08188,C2035,R064,2026-09-20T09:50:00+00:00,delivered,V025,DRV085
ORD08189,C0495,R021,2026-08-06T00:01:00+00:00,delivered,V073,DRV064
ORD08190,C1743,R060,2026-08-11T06:13:00+00:00,delayed,V093,DRV080
ORD08191,C2454,R037,2026-09-02T10:10:00+00:00,delivered,V028,DRV102
ORD08192,C1772,R034,2026-08-02T20:34:00+00:00,picked_up,V035,DRV063
ORD08193,C1712,R048,2026-08-25T10:00:00+00:00,picked_up,V040,DRV001
ORD08194,C0888,R077,2026-09-23T22:30:00+00:00,delayed,V020,DRV044
ORD08195,C2267,R025,2026-09-06T04:00:00+00:00,in_transit,V001,DRV112
ORD08196,C0778,R013,2026-09-19T07:58:00+00:00,delivered,V015,DRV084
ORD08197,C1399,R022,2026-08-04T10:45:00+00:00,in_transit,V046,DRV055
ORD08198,C0196,R026,2026-09-18T22:18:00+00:00,delivered,V016,DRV053
ORD08199,C1767,R055,2026-08-07T11:40:00+00:00,in_transit,V032,DRV106
ORD08200,C1480,R053,2026-09-24T00:00:00+00:00,delivered,V070,DRV005
ORD08201,C1999,R040,2026-08-05T08:11:00+00:00,delivered,V064,DRV117
ORD08202,C2167,R005,2026-08-22T13:53:00+00:00,picked_up,V066,DRV101
ORD08203,C0676,R059,2026-08-27T20:05:00+00:00,delivered,V029,DRV024
ORD08204,C1670,R053,2026-08-21T09:09:00+00:00,picked_up,V030,DRV055
ORD08205,C0380,R029,2026-08-31T18:07:00+00:00,delivered,V094,DRV101
ORD08206,C2287,R074,2026-08-13T06:35:00+00:00,cancelled,V014,DRV016
ORD08207,C0304,R074,2026-08-07T08:31:00+00:00,delivered,V090,DRV042
ORD08208,C2134,R059,2026-08-08T21:05:00+00:00,in_transit,V046,DRV116
ORD08209,C1364,R059,2026-09-22T11:51:00+00:00,delivered,V007,DRV091
ORD08210,C2363,R032,2026-08-20T22:28:00+00:00,delivered,V033,DRV059
ORD08211,C1070,R066,2026-09-18T02:33:00+00:00,delivered,V035,DRV026
ORD08212,C1651,R042,2026-09-16T03:52:00+00:00,delivered,V042,DRV034
ORD08213,C0913,R027,2026-08-23T15:12:00+00:00,delivered,V002,DRV006
ORD08214,C0621,R059,2026-08-10T03:13:00+00:00,delivered,V052,DRV104
ORD08215,C0192,R023,2026-09-03T09:14:00+00:00,delivered,V083,DRV107
ORD08216,C0016,R068,2026-08-09T04:26:00+00:00,in_transit,V002,DRV097
ORD08217,C2059,R018,2026-09-23T13:24:00+00:00,delivered,V007,DRV063
ORD08218,C1705,R064,2026-08-27T18:17:00+00:00,delivered,V050,DRV045
ORD08219,C1068,R031,2026-09-11T03:03:00+00:00,delivered,V005,DRV081
ORD08220,C1505,R061,2026-08-18T19:42:00+00:00,delayed,V059,DRV091
ORD08221,C1077,R031,2026-09-04T04:50:00+00:00,cancelled,V042,DRV045
ORD08222,C1877,R017,2026-08-15T01:00:00+00:00,in_transit,V091,DRV039
ORD08223,C2365,R005,2026-08-06T03:56:00+00:00,in_transit,V040,DRV101
ORD08224,C1530,R012,2026-08-15T02:17:00+00:00,delivered,V078,DRV029
ORD08225,C1218,R013,2026-08-28T03:12:00+00:00,delivered,V048,DRV080
ORD08226,C1781,R040,2026-09-16T10:01:00+00:00,cancelled,V052,DRV043
ORD08227,C1115,R033,2026-09-05T08:01:00+00:00,in_transit,V035,DRV086
ORD08228,C1755,R073,2026-09-12T13:06:00+00:00,cancelled,V047,DRV048
ORD08229,C1343,R032,2026-08-27T15:10:00+00:00,delivered,V011,DRV097
ORD08230,C0367,R079,2026-08-03T13:13:00+00:00,picked_up,V004,DRV081
ORD08231,C1108,R062,2026-09-09T06:32:00+00:00,delivered,V092,DRV104
ORD08232,C0760,R013,2026-08-14T11:57:00+00:00,delayed,V059,DRV018
ORD08233,C2121,R039,2026-08-21T07:55:00+00:00,delivered,V024,DRV004
ORD08234,C1866,R011,2026-09-24T17:09:00+00:00,delivered,V047,DRV060
ORD08235,C0611,R037,2026-08-11T03:39:00+00:00,in_transit,V031,DRV058
ORD08236,C0869,R059,2026-08-21T17:32:00+00:00,delivered,V013,DRV082
ORD08237,C2106,R065,2026-09-10T15:08:00+00:00,delivered,V074,DRV064
ORD08238,C1012,R047,2026-08-15T23:40:00+00:00,delivered,V041,DRV112
ORD08239,C0432,R080,2026-09-22T01:35:00+00:00,delivered,V041,DRV035
ORD08240,C0521,R054,2026-08-06T01:13:00+00:00,delivered,V071,DRV064
ORD08241,C1657,R001,2026-09-19T05:54:00+00:00,delivered,V072,DRV097
ORD08242,C0632,R034,2026-08-11T23:26:00+00:00,picked_up,V039,DRV039
ORD08243,C2036,R073,2026-09-04T21:24:00+00:00,in_transit,V032,DRV100
ORD08244,C2168,R074,2026-08-05T11:15:00+00:00,delivered,V046,DRV003
ORD08245,C1113,R026,2026-09-22T07:01:00+00:00,delivered,V037,DRV043
ORD08246,C1409,R042,2026-08-17T13:56:00+00:00,cancelled,V078,DRV050
ORD08247,C0253,R006,2026-08-24T07:09:00+00:00,delivered,V093,DRV065
ORD08248,C0401,R071,2026-08-22T13:02:00+00:00,picked_up,V007,DRV046
ORD08249,C1073,R040,2026-08-03T22:49:00+00:00,delivered,V047,DRV047
ORD08250,C0085,R016,2026-08-26T05:34:00+00:00,delivered,V076,DRV044
ORD08251,C0922,R026,2026-09-09T01:52:00+00:00,in_transit,V049,DRV070
ORD08252,C1221,R020,2026-08-10T09:16:00+00:00,delivered,V035,DRV045
ORD08253,C1255,R037,2026-09-05T12:15:00+00:00,delivered,V047,DRV025
ORD08254,C0809,R080,2026-09-08T15:24:00+00:00,delivered,V056,DRV117
ORD08255,C1324,R016,2026-09-08T00:05:00+00:00,delivered,V007,DRV048
ORD08256,C1212,R025,2026-09-22T10:28:00+00:00,delivered,V046,DRV044
ORD08257,C0867,R024,2026-08-21T06:24:00+00:00,delivered,V077,DRV081
ORD08258,C0167,R010,2026-08-05T08:57:00+00:00,in_transit,V016,DRV088
ORD08259,C2246,R063,2026-09-12T22:30:00+00:00,delivered,V094,DRV118
ORD08260,C2116,R058,2026-09-15T12:39:00+00:00,delayed,V072,DRV077
ORD08261,C0045,R052,2026-09-20T10:07:00+00:00,delayed,V058,DRV118
ORD08262,C0819,R056,2026-09-16T11:05:00+00:00,in_transit,V039,DRV120
ORD08263,C0923,R056,2026-08-30T05:19:00+00:00,delivered,V070,DRV028
ORD08264,C0183,R024,2026-09-14T16:55:00+00:00,delivered,V038,DRV078
ORD08265,C1145,R007,2026-09-02T22:14:00+00:00,delivered,V077,DRV030
ORD08266,C1005,R067,2026-09-24T20:46:00+00:00,delivered,V062,DRV085
ORD08267,C1506,R076,2026-08-29T20:23:00+00:00,picked_up,V063,DRV023
ORD08268,C1153,R044,2026-08-22T07:27:00+00:00,in_transit,V048,DRV067
ORD08269,C0666,R003,2026-08-04T05:53:00+00:00,delivered,V029,DRV005
ORD08270,C1633,R078,2026-08-13T09:40:00+00:00,delivered,V069,DRV116
ORD08271,C1492,R063,2026-08-22T00:21:00+00:00,delivered,V042,DRV089
ORD08272,C1911,R007,2026-09-01T14:57:00+00:00,delivered,V070,DRV012
ORD08273,C1212,R039,2026-08-15T15:10:00+00:00,delivered,V054,DRV018
ORD08274,C1054,R053,2026-09-15T01:41:00+00:00,delivered,V091,DRV001
ORD08275,C0732,R003,2026-09-15T19:08:00+00:00,delivered,V081,DRV114
ORD08276,C2413,R080,2026-08-10T14:02:00+00:00,delivered,V042,DRV085
ORD08277,C0573,R068,2026-09-24T02:33:00+00:00,delivered,V052,DRV035
ORD08278,C2001,R063,2026-08-31T21:24:00+00:00,delayed,V012,DRV057
ORD08279,C1410,R047,2026-08-22T04:25:00+00:00,delivered,V046,DRV053
ORD08280,C1260,R027,2026-09-15T06:20:00+00:00,delivered,V033,DRV025
ORD08281,C0101,R008,2026-08-03T09:16:00+00:00,delayed,V097,DRV004
ORD08282,C0543,R023,2026-08-03T05:02:00+00:00,picked_up,V010,DRV103
ORD08283,C0545,R049,2026-08-03T17:16:00+00:00,delivered,V051,DRV113
ORD08284,C0456,R048,2026-09-12T22:10:00+00:00,delivered,V038,DRV039
ORD08285,C1983,R065,2026-08-29T08:50:00+00:00,delivered,V023,DRV012
ORD08286,C1050,R033,2026-08-14T13:44:00+00:00,delivered,V091,DRV080
ORD08287,C0354,R037,2026-09-13T03:25:00+00:00,in_transit,V073,DRV109
ORD08288,C2151,R062,2026-08-11T05:06:00+00:00,delivered,V081,DRV054
ORD08289,C0626,R065,2026-09-21T17:56:00+00:00,in_transit,V010,DRV082
ORD08290,C0355,R068,2026-08-12T16:34:00+00:00,delivered,V077,DRV040
ORD08291,C0865,R045,2026-08-01T09:22:00+00:00,in_transit,V031,DRV112
ORD08292,C2106,R078,2026-09-17T13:05:00+00:00,delivered,V029,DRV110
ORD08293,C2033,R022,2026-09-23T23:29:00+00:00,delivered,V096,DRV020
ORD08294,C1254,R079,2026-09-10T17:13:00+00:00,in_transit,V030,DRV036
ORD08295,C2332,R027,2026-08-27T23:52:00+00:00,delivered,V062,DRV033
ORD08296,C0289,R073,2026-08-12T04:45:00+00:00,delivered,V011,DRV002
ORD08297,C0383,R022,2026-08-07T21:25:00+00:00,cancelled,V081,DRV068
ORD08298,C1744,R046,2026-09-19T09:04:00+00:00,delivered,V021,DRV026
ORD08299,C0607,R005,2026-09-16T08:58:00+00:00,in_transit,V023,DRV030
ORD08300,C0677,R013,2026-08-07T14:25:00+00:00,delivered,V075,DRV043
ORD08301,C1842,R034,2026-09-22T09:49:00+00:00,in_transit,V037,DRV047
ORD08302,C0230,R011,2026-09-12T19:26:00+00:00,delivered,V085,DRV014
ORD08303,C1970,R028,2026-08-15T12:15:00+00:00,delivered,V007,DRV109
ORD08304,C0913,R066,2026-08-10T04:34:00+00:00,delivered,V036,DRV024
ORD08305,C1533,R057,2026-08-26T04:03:00+00:00,delayed,V088,DRV036
ORD08306,C1075,R030,2026-08-18T19:57:00+00:00,delivered,V053,DRV044
ORD08307,C2308,R048,2026-09-10T21:35:00+00:00,delivered,V048,DRV095
ORD08308,C0381,R051,2026-09-02T07:57:00+00:00,delivered,V087,DRV119
ORD08309,C0888,R072,2026-09-05T09:37:00+00:00,delivered,V010,DRV099
ORD08310,C0656,R015,2026-09-13T19:09:00+00:00,picked_up,V039,DRV062
ORD08311,C1661,R078,2026-08-26T23:54:00+00:00,delivered,V013,DRV073
ORD08312,C0064,R050,2026-08-26T19:43:00+00:00,delayed,V013,DRV071
ORD08313,C2121,R002,2026-08-03T13:47:00+00:00,delivered,V093,DRV029
ORD08314,C1910,R078,2026-08-26T00:58:00+00:00,delayed,V003,DRV100
ORD08315,C1897,R079,2026-09-23T23:52:00+00:00,delivered,V081,DRV079
ORD08316,C2047,R074,2026-08-08T07:10:00+00:00,delivered,V014,DRV072
ORD08317,C1834,R067,2026-09-11T22:14:00+00:00,delivered,V010,DRV043
ORD08318,C1313,R016,2026-09-08T14:53:00+00:00,picked_up,V009,DRV055
ORD08319,C2017,R007,2026-09-22T12:17:00+00:00,delivered,V056,DRV056
ORD08320,C1506,R055,2026-09-20T04:23:00+00:00,delivered,V026,DRV072
ORD08321,C0248,R067,2026-09-03T08:38:00+00:00,delivered,V039,DRV104
ORD08322,C2107,R037,2026-08-08T17:48:00+00:00,in_transit,V003,DRV052
ORD08323,C1559,R014,2026-09-19T15:35:00+00:00,in_transit,V012,DRV011
ORD08324,C1313,R063,2026-08-19T05:59:00+00:00,delivered,V008,DRV072
ORD08325,C1877,R079,2026-09-06T19:39:00+00:00,picked_up,V058,DRV048
ORD08326,C0385,R074,2026-08-29T21:46:00+00:00,delivered,V018,DRV025
ORD08327,C1568,R024,2026-09-05T04:40:00+00:00,in_transit,V079,DRV084
ORD08328,C1447,R013,2026-08-21T05:00:00+00:00,picked_up,V082,DRV082
ORD08329,C0270,R006,2026-08-10T18:15:00+00:00,delivered,V038,DRV045
ORD08330,C1824,R035,2026-08-06T17:49:00+00:00,delivered,V067,DRV098
ORD08331,C1907,R026,2026-09-19T01:43:00+00:00,delivered,V038,DRV094
ORD08332,C0754,R036,2026-08-01T10:03:00+00:00,in_transit,V090,DRV113
ORD08333,C1463,R073,2026-08-15T17:01:00+00:00,delivered,V100,DRV073
ORD08334,C2316,R055,2026-08-16T11:08:00+00:00,delivered,V001,DRV093
ORD08335,C0165,R024,2026-09-10T16:17:00+00:00,delivered,V018,DRV103
ORD08336,C0062,R060,2026-09-03T17:04:00+00:00,cancelled,V075,DRV083
ORD08337,C1326,R064,2026-08-20T14:03:00+00:00,cancelled,V031,DRV059
ORD08338,C0249,R033,2026-09-04T04:34:00+00:00,cancelled,V089,DRV115
ORD08339,C2115,R052,2026-09-21T02:42:00+00:00,picked_up,V073,DRV034
ORD08340,C2000,R007,2026-08-26T09:53:00+00:00,picked_up,V089,DRV054
ORD08341,C0346,R039,2026-08-13T09:36:00+00:00,delivered,V080,DRV098
ORD08342,C0120,R028,2026-09-11T04:25:00+00:00,in_transit,V067,DRV100
ORD08343,C2174,R058,2026-08-14T09:28:00+00:00,delivered,V089,DRV094
ORD08344,C2300,R075,2026-09-10T11:35:00+00:00,in_transit,V063,DRV001
ORD08345,C1230,R005,2026-08-07T09:09:00+00:00,delivered,V022,DRV115
ORD08346,C2350,R037,2026-08-23T17:55:00+00:00,delivered,V017,DRV080
ORD08347,C1082,R013,2026-08-03T00:20:00+00:00,picked_up,V052,DRV061
ORD08348,C1080,R076,2026-08-17T20:47:00+00:00,cancelled,V044,DRV106
ORD08349,C2106,R004,2026-09-23T16:58:00+00:00,delivered,V014,DRV089
ORD08350,C1872,R008,2026-08-22T15:45:00+00:00,delayed,V025,DRV004
ORD08351,C1354,R070,2026-09-20T06:26:00+00:00,in_transit,V006,DRV120
ORD08352,C1467,R004,2026-09-20T04:08:00+00:00,delivered,V064,DRV082
ORD08353,C2074,R048,2026-09-20T14:20:00+00:00,delivered,V064,DRV036
ORD08354,C0779,R057,2026-08-24T14:24:00+00:00,delivered,V020,DRV022
ORD08355,C1241,R052,2026-08-24T07:01:00+00:00,delivered,V043,DRV002
ORD08356,C1989,R060,2026-08-09T15:41:00+00:00,picked_up,V095,DRV090
ORD08357,C1223,R050,2026-09-02T23:36:00+00:00,picked_up,V070,DRV070
ORD08358,C0105,R056,2026-08-08T18:50:00+00:00,picked_up,V035,DRV045
ORD08359,C1108,R056,2026-08-04T12:17:00+00:00,picked_up,V021,DRV103
ORD08360,C1628,R014,2026-08-10T07:24:00+00:00,in_transit,V007,DRV059
ORD08361,C0668,R003,2026-09-23T09:01:00+00:00,picked_up,V052,DRV079
ORD08362,C0077,R012,2026-09-04T08:53:00+00:00,in_transit,V061,DRV024
ORD08363,C0143,R049,2026-08-18T19:39:00+00:00,delivered,V040,DRV009
ORD08364,C1217,R033,2026-08-20T13:03:00+00:00,delivered,V046,DRV096
ORD08365,C1169,R045,2026-09-09T17:30:00+00:00,picked_up,V090,DRV050
ORD08366,C1135,R051,2026-08-12T10:14:00+00:00,delayed,V063,DRV023
ORD08367,C2011,R063,2026-08-20T00:52:00+00:00,delivered,V072,DRV073
ORD08368,C0864,R007,2026-08-29T06:52:00+00:00,delivered,V019,DRV003
ORD08369,C0313,R037,2026-09-02T09:27:00+00:00,delivered,V074,DRV080
ORD08370,C1042,R026,2026-08-26T17:05:00+00:00,in_transit,V081,DRV010
ORD08371,C0318,R013,2026-08-26T10:57:00+00:00,delivered,V084,DRV072
ORD08372,C2026,R049,2026-08-29T11:41:00+00:00,in_transit,V076,DRV002
ORD08373,C1894,R067,2026-08-21T05:59:00+00:00,picked_up,V038,DRV023
ORD08374,C1218,R034,2026-08-14T02:13:00+00:00,delivered,V008,DRV054
ORD08375,C1726,R017,2026-08-29T18:23:00+00:00,in_transit,V098,DRV013
ORD08376,C1475,R004,2026-08-26T14:10:00+00:00,picked_up,V091,DRV074
ORD08377,C1490,R016,2026-08-25T09:41:00+00:00,delivered,V036,DRV101
ORD08378,C2051,R053,2026-09-05T23:04:00+00:00,delivered,V062,DRV011
ORD08379,C2024,R018,2026-08-05T05:20:00+00:00,delivered,V031,DRV046
ORD08380,C1293,R075,2026-09-13T14:45:00+00:00,in_transit,V077,DRV060
ORD08381,C2032,R046,2026-09-08T06:21:00+00:00,delivered,V085,DRV055
ORD08382,C0901,R057,2026-08-24T09:37:00+00:00,cancelled,V092,DRV012
ORD08383,C1141,R014,2026-09-05T19:22:00+00:00,picked_up,V098,DRV101
ORD08384,C1734,R022,2026-08-28T14:06:00+00:00,delayed,V021,DRV015
ORD08385,C1176,R026,2026-08-13T10:32:00+00:00,picked_up,V037,DRV093
ORD08386,C2344,R040,2026-09-06T10:14:00+00:00,delivered,V003,DRV037
ORD08387,C2058,R080,2026-08-04T23:19:00+00:00,picked_up,V043,DRV108
ORD08388,C1200,R072,2026-08-18T15:21:00+00:00,delivered,V010,DRV098
ORD08389,C0930,R008,2026-08-30T13:45:00+00:00,in_transit,V011,DRV069
ORD08390,C0136,R046,2026-08-19T15:47:00+00:00,in_transit,V074,DRV097
ORD08391,C0070,R059,2026-09-19T02:25:00+00:00,delivered,V033,DRV012
ORD08392,C0242,R046,2026-08-04T08:56:00+00:00,cancelled,V076,DRV043
ORD08393,C0154,R035,2026-09-03T23:21:00+00:00,delivered,V056,DRV036
ORD08394,C0179,R039,2026-08-17T02:26:00+00:00,cancelled,V020,DRV089
ORD08395,C0397,R042,2026-08-01T09:27:00+00:00,picked_up,V013,DRV019
ORD08396,C2337,R074,2026-09-02T13:37:00+00:00,in_transit,V095,DRV048
ORD08397,C1322,R009,2026-09-10T02:31:00+00:00,delivered,V051,DRV044
ORD08398,C1927,R006,2026-08-11T18:42:00+00:00,delivered,V014,DRV083
ORD08399,C1455,R017,2026-09-19T23:25:00+00:00,delivered,V032,DRV020
ORD08400,C0497,R026,2026-09-06T07:49:00+00:00,delivered,V037,DRV035
ORD08401,C1277,R020,2026-08-07T11:59:00+00:00,in_transit,V044,DRV010
ORD08402,C2043,R013,2026-08-27T21:04:00+00:00,picked_up,V053,DRV071
ORD08403,C0709,R015,2026-08-11T20:01:00+00:00,delivered,V062,DRV002
ORD08404,C0171,R027,2026-09-19T17:11:00+00:00,picked_up,V033,DRV045
ORD08405,C0361,R042,2026-09-23T06:17:00+00:00,in_transit,V060,DRV029
ORD08406,C0757,R014,2026-08-14T23:02:00+00:00,delivered,V100,DRV010
ORD08407,C2477,R033,2026-09-04T18:24:00+00:00,delivered,V050,DRV017
ORD08408,C1131,R049,2026-08-17T08:31:00+00:00,delivered,V030,DRV076
ORD08409,C0463,R050,2026-08-01T06:41:00+00:00,delivered,V038,DRV054
ORD08410,C1056,R044,2026-09-20T13:06:00+00:00,delivered,V072,DRV037
ORD08411,C1965,R029,2026-08-19T08:22:00+00:00,delivered,V008,DRV004
ORD08412,C0965,R014,2026-08-19T11:59:00+00:00,picked_up,V025,DRV048
ORD08413,C0455,R055,2026-08-26T02:26:00+00:00,delivered,V057,DRV045
ORD08414,C1377,R058,2026-09-01T23:45:00+00:00,delivered,V069,DRV019
ORD08415,C1539,R066,2026-08-22T19:04:00+00:00,delivered,V072,DRV096
ORD08416,C0009,R026,2026-09-01T03:10:00+00:00,delayed,V063,DRV079
ORD08417,C0254,R062,2026-08-19T22:16:00+00:00,delivered,V095,DRV077
ORD08418,C1286,R073,2026-08-23T22:26:00+00:00,cancelled,V087,DRV068
ORD08419,C0876,R050,2026-09-08T22:59:00+00:00,delivered,V025,DRV013
ORD08420,C1880,R067,2026-09-06T05:49:00+00:00,delivered,V070,DRV074
ORD08421,C0343,R063,2026-08-03T05:40:00+00:00,delivered,V011,DRV024
ORD08422,C1064,R046,2026-08-18T10:56:00+00:00,picked_up,V030,DRV073
ORD08423,C2182,R022,2026-09-16T15:40:00+00:00,picked_up,V099,DRV020
ORD08424,C1565,R054,2026-09-03T12:40:00+00:00,delayed,V098,DRV104
ORD08425,C1250,R007,2026-08-17T04:23:00+00:00,in_transit,V060,DRV037
ORD08426,C0982,R003,2026-09-05T03:47:00+00:00,delivered,V011,DRV027
ORD08427,C0636,R067,2026-08-15T13:12:00+00:00,in_transit,V076,DRV102
ORD08428,C1663,R017,2026-08-22T05:45:00+00:00,picked_up,V100,DRV006
ORD08429,C1595,R076,2026-08-23T14:15:00+00:00,in_transit,V029,DRV086
ORD08430,C0943,R019,2026-09-08T12:09:00+00:00,delivered,V091,DRV019
ORD08431,C2058,R018,2026-09-23T11:18:00+00:00,delivered,V090,DRV096
ORD08432,C0061,R046,2026-08-24T10:33:00+00:00,picked_up,V054,DRV092
ORD08433,C2386,R016,2026-09-19T11:23:00+00:00,delivered,V050,DRV047
ORD08434,C0724,R077,2026-09-24T12:42:00+00:00,picked_up,V067,DRV015
ORD08435,C2030,R042,2026-08-26T23:33:00+00:00,delivered,V017,DRV059
ORD08436,C2406,R045,2026-08-08T11:11:00+00:00,cancelled,V016,DRV080
ORD08437,C1929,R030,2026-09-06T10:19:00+00:00,delivered,V087,DRV058
ORD08438,C1272,R013,2026-08-11T21:52:00+00:00,delivered,V037,DRV111
ORD08439,C0725,R033,2026-09-10T19:19:00+00:00,delayed,V001,DRV072
ORD08440,C1446,R076,2026-09-04T09:28:00+00:00,delivered,V084,DRV019
ORD08441,C1812,R067,2026-08-24T14:17:00+00:00,in_transit,V094,DRV022
ORD08442,C0375,R065,2026-08-03T17:52:00+00:00,delivered,V042,DRV079
ORD08443,C1956,R078,2026-09-21T14:31:00+00:00,delivered,V021,DRV014
ORD08444,C0939,R040,2026-09-10T13:04:00+00:00,picked_up,V055,DRV097
ORD08445,C0097,R016,2026-09-15T23:41:00+00:00,delivered,V100,DRV061
ORD08446,C0505,R006,2026-08-16T00:28:00+00:00,delivered,V059,DRV098
ORD08447,C0563,R003,2026-09-04T07:54:00+00:00,delayed,V024,DRV015
ORD08448,C1821,R048,2026-09-16T23:15:00+00:00,delivered,V031,DRV099
ORD08449,C1534,R080,2026-09-09T10:56:00+00:00,in_transit,V090,DRV034
ORD08450,C0712,R005,2026-09-03T10:19:00+00:00,delivered,V073,DRV060
ORD08451,C2101,R077,2026-08-06T21:54:00+00:00,delayed,V073,DRV086
ORD08452,C1977,R021,2026-08-16T11:18:00+00:00,in_transit,V079,DRV057
ORD08453,C2296,R047,2026-09-23T10:02:00+00:00,delayed,V037,DRV046
ORD08454,C1206,R037,2026-08-13T13:48:00+00:00,delivered,V005,DRV042
ORD08455,C2307,R074,2026-08-11T05:51:00+00:00,delivered,V065,DRV085
ORD08456,C0966,R031,2026-08-23T19:25:00+00:00,in_transit,V087,DRV111
ORD08457,C0305,R055,2026-08-20T19:16:00+00:00,delivered,V007,DRV001
ORD08458,C1954,R078,2026-09-02T09:24:00+00:00,cancelled,V046,DRV113
ORD08459,C0490,R017,2026-09-24T08:47:00+00:00,picked_up,V084,DRV107
ORD08460,C1937,R017,2026-08-07T13:12:00+00:00,picked_up,V089,DRV055
ORD08461,C0970,R049,2026-08-19T17:01:00+00:00,delivered,V063,DRV007
ORD08462,C0221,R053,2026-09-05T20:43:00+00:00,delivered,V067,DRV055
ORD08463,C1367,R066,2026-09-11T12:53:00+00:00,picked_up,V088,DRV059
ORD08464,C2260,R043,2026-08-21T18:45:00+00:00,cancelled,V009,DRV069
ORD08465,C1922,R070,2026-08-30T19:42:00+00:00,delivered,V065,DRV066
ORD08466,C0043,R058,2026-08-15T09:33:00+00:00,delivered,V054,DRV008
ORD08467,C2282,R012,2026-08-01T02:20:00+00:00,delayed,V072,DRV102
ORD08468,C1953,R058,2026-08-03T14:45:00+00:00,picked_up,V048,DRV012
ORD08469,C1823,R076,2026-08-25T15:06:00+00:00,in_transit,V089,DRV073
ORD08470,C1096,R002,2026-08-02T23:17:00+00:00,in_transit,V007,DRV055
ORD08471,C0937,R061,2026-08-07T16:01:00+00:00,in_transit,V088,DRV042
ORD08472,C1370,R014,2026-08-09T22:07:00+00:00,delivered,V043,DRV081
ORD08473,C0756,R004,2026-08-13T13:30:00+00:00,picked_up,V072,DRV104
ORD08474,C0124,R047,2026-09-20T09:33:00+00:00,delivered,V030,DRV119
ORD08475,C1325,R045,2026-08-18T10:06:00+00:00,delivered,V099,DRV056
ORD08476,C1342,R017,2026-08-14T10:05:00+00:00,picked_up,V027,DRV034
ORD08477,C0308,R073,2026-09-08T13:50:00+00:00,delivered,V062,DRV101
ORD08478,C2297,R050,2026-09-04T22:14:00+00:00,picked_up,V002,DRV085
ORD08479,C0246,R002,2026-09-09T03:16:00+00:00,delivered,V044,DRV092
ORD08480,C0730,R004,2026-09-02T10:10:00+00:00,delivered,V070,DRV030
ORD08481,C0084,R013,2026-08-27T21:08:00+00:00,delayed,V006,DRV059
ORD08482,C0923,R067,2026-09-21T12:11:00+00:00,picked_up,V025,DRV042
ORD08483,C1438,R025,2026-08-14T11:41:00+00:00,picked_up,V056,DRV014
ORD08484,C1017,R020,2026-08-27T13:08:00+00:00,in_transit,V011,DRV009
ORD08485,C1700,R038,2026-09-20T08:11:00+00:00,picked_up,V014,DRV018
ORD08486,C0715,R048,2026-09-19T07:23:00+00:00,in_transit,V042,DRV082
ORD08487,C1680,R069,2026-08-19T18:34:00+00:00,picked_up,V093,DRV084
ORD08488,C1332,R004,2026-09-07T10:15:00+00:00,cancelled,V079,DRV035
ORD08489,C0882,R036,2026-09-10T00:36:00+00:00,delivered,V078,DRV110
ORD08490,C1354,R048,2026-09-14T19:39:00+00:00,in_transit,V076,DRV055
ORD08491,C2490,R032,2026-09-24T05:21:00+00:00,delayed,V033,DRV105
ORD08492,C1266,R028,2026-08-01T14:21:00+00:00,delivered,V089,DRV071
ORD08493,C0254,R065,2026-08-24T23:02:00+00:00,delivered,V084,DRV093
ORD08494,C1269,R008,2026-09-13T21:17:00+00:00,picked_up,V061,DRV015
ORD08495,C0308,R005,2026-08-14T16:03:00+00:00,in_transit,V002,DRV108
ORD08496,C0130,R032,2026-09-10T12:33:00+00:00,delivered,V079,DRV009
ORD08497,C0898,R077,2026-09-19T07:44:00+00:00,delivered,V083,DRV097
ORD08498,C0014,R008,2026-08-11T08:52:00+00:00,delivered,V037,DRV059
ORD08499,C0550,R033,2026-08-24T09:21:00+00:00,delivered,V030,DRV100
ORD08500,C2306,R061,2026-08-13T08:01:00+00:00,delivered,V089,DRV009
ORD08501,C0541,R012,2026-08-01T20:42:00+00:00,in_transit,V047,DRV093
ORD08502,C0363,R068,2026-08-13T05:18:00+00:00,delivered,V044,DRV046
ORD08503,C2099,R023,2026-08-02T04:41:00+00:00,picked_up,V001,DRV069
ORD08504,C0983,R054,2026-08-28T08:27:00+00:00,delayed,V014,DRV040
ORD08505,C1760,R022,2026-08-15T16:06:00+00:00,delivered,V048,DRV042
ORD08506,C2288,R036,2026-09-21T08:45:00+00:00,delivered,V037,DRV069
ORD08507,C0296,R064,2026-08-19T07:46:00+00:00,delivered,V054,DRV111
ORD08508,C0039,R058,2026-09-13T00:28:00+00:00,delivered,V012,DRV013
ORD08509,C2378,R025,2026-09-11T11:41:00+00:00,cancelled,V041,DRV110
ORD08510,C0279,R043,2026-09-19T15:12:00+00:00,delivered,V089,DRV045
ORD08511,C1768,R036,2026-08-04T18:41:00+00:00,in_transit,V064,DRV034
ORD08512,C2138,R030,2026-09-23T13:09:00+00:00,delivered,V080,DRV105
ORD08513,C0193,R068,2026-09-16T03:23:00+00:00,delivered,V097,DRV120
ORD08514,C1489,R005,2026-08-30T15:35:00+00:00,in_transit,V099,DRV074
ORD08515,C1795,R060,2026-08-05T07:12:00+00:00,delivered,V048,DRV029
ORD08516,C1529,R076,2026-09-07T03:00:00+00:00,delivered,V032,DRV017
ORD08517,C0032,R051,2026-09-04T20:56:00+00:00,delivered,V063,DRV101
ORD08518,C0521,R061,2026-08-20T15:34:00+00:00,cancelled,V064,DRV108
ORD08519,C1651,R004,2026-09-03T00:34:00+00:00,delivered,V020,DRV015
ORD08520,C0743,R078,2026-09-05T04:38:00+00:00,in_transit,V050,DRV067
ORD08521,C1088,R034,2026-08-16T11:37:00+00:00,delivered,V008,DRV084
ORD08522,C1615,R070,2026-08-30T13:51:00+00:00,delayed,V038,DRV038
ORD08523,C2075,R052,2026-09-16T04:34:00+00:00,delivered,V043,DRV120
ORD08524,C0773,R010,2026-08-08T01:30:00+00:00,in_transit,V095,DRV030
ORD08525,C0862,R039,2026-08-12T15:35:00+00:00,delivered,V078,DRV042
ORD08526,C0058,R045,2026-09-08T00:35:00+00:00,delivered,V045,DRV096
ORD08527,C1193,R054,2026-08-16T09:21:00+00:00,delivered,V100,DRV040
ORD08528,C1584,R028,2026-08-09T11:35:00+00:00,delivered,V085,DRV092
ORD08529,C1805,R063,2026-08-06T00:58:00+00:00,delivered,V029,DRV029
ORD08530,C0161,R057,2026-08-25T08:55:00+00:00,delayed,V015,DRV017
ORD08531,C0108,R003,2026-09-04T06:30:00+00:00,picked_up,V097,DRV065
ORD08532,C2382,R076,2026-08-01T15:37:00+00:00,delayed,V093,DRV072
ORD08533,C0048,R064,2026-08-05T22:21:00+00:00,delivered,V065,DRV065
ORD08534,C0963,R036,2026-08-14T17:22:00+00:00,cancelled,V062,DRV043
ORD08535,C2452,R057,2026-09-12T05:27:00+00:00,delivered,V049,DRV107
ORD08536,C2139,R057,2026-08-21T17:30:00+00:00,delivered,V041,DRV114
ORD08537,C1523,R012,2026-08-30T16:54:00+00:00,delayed,V006,DRV068
ORD08538,C1435,R074,2026-08-07T04:34:00+00:00,delayed,V089,DRV050
ORD08539,C1807,R064,2026-09-23T06:16:00+00:00,delivered,V015,DRV019
ORD08540,C2103,R041,2026-08-14T02:00:00+00:00,delivered,V062,DRV016
ORD08541,C1944,R008,2026-09-23T07:58:00+00:00,delivered,V031,DRV110
ORD08542,C1291,R009,2026-09-09T21:39:00+00:00,delivered,V084,DRV113
ORD08543,C2269,R011,2026-08-23T11:53:00+00:00,delivered,V086,DRV042
ORD08544,C0075,R053,2026-08-20T01:09:00+00:00,delivered,V012,DRV030
ORD08545,C1602,R031,2026-09-05T00:25:00+00:00,picked_up,V048,DRV083
ORD08546,C1408,R032,2026-09-24T21:25:00+00:00,picked_up,V031,DRV001
ORD08547,C1150,R064,2026-09-04T18:16:00+00:00,delivered,V037,DRV001
ORD08548,C0267,R012,2026-08-03T16:15:00+00:00,picked_up,V005,DRV056
ORD08549,C0609,R009,2026-09-04T09:14:00+00:00,delivered,V079,DRV026
ORD08550,C1225,R025,2026-09-09T02:27:00+00:00,cancelled,V100,DRV015
ORD08551,C1488,R010,2026-09-20T10:12:00+00:00,delivered,V062,DRV072
ORD08552,C0307,R060,2026-08-28T11:23:00+00:00,delayed,V026,DRV050
ORD08553,C1586,R009,2026-08-26T23:57:00+00:00,delivered,V085,DRV085
ORD08554,C0656,R078,2026-08-08T07:04:00+00:00,delivered,V009,DRV042
ORD08555,C1863,R011,2026-08-22T23:04:00+00:00,delayed,V028,DRV070
ORD08556,C0655,R006,2026-09-05T08:26:00+00:00,delivered,V031,DRV084
ORD08557,C1506,R046,2026-09-12T03:41:00+00:00,delivered,V096,DRV060
ORD08558,C1262,R038,2026-08-10T12:36:00+00:00,delivered,V076,DRV110
ORD08559,C2495,R005,2026-09-13T16:56:00+00:00,delivered,V099,DRV044
ORD08560,C0327,R025,2026-09-15T04:20:00+00:00,delivered,V075,DRV039
ORD08561,C1309,R003,2026-09-24T03:43:00+00:00,delivered,V033,DRV094
ORD08562,C1048,R018,2026-09-04T03:52:00+00:00,delivered,V080,DRV091
ORD08563,C0374,R066,2026-09-01T03:56:00+00:00,cancelled,V010,DRV034
ORD08564,C1767,R026,2026-08-14T12:45:00+00:00,delivered,V041,DRV068
ORD08565,C1425,R028,2026-08-18T10:57:00+00:00,picked_up,V028,DRV002
ORD08566,C1000,R030,2026-08-11T00:38:00+00:00,delivered,V086,DRV084
ORD08567,C0222,R027,2026-09-08T08:43:00+00:00,delivered,V089,DRV080
ORD08568,C0622,R028,2026-09-03T18:37:00+00:00,delayed,V023,DRV095
ORD08569,C2250,R010,2026-08-10T13:25:00+00:00,delivered,V004,DRV074
ORD08570,C0897,R007,2026-09-16T06:52:00+00:00,delivered,V073,DRV028
ORD08571,C0338,R077,2026-08-06T22:27:00+00:00,delivered,V084,DRV078
ORD08572,C2302,R021,2026-08-02T19:16:00+00:00,picked_up,V066,DRV020
ORD08573,C0836,R065,2026-08-11T21:43:00+00:00,delivered,V035,DRV031
ORD08574,C1513,R067,2026-09-08T09:56:00+00:00,delivered,V070,DRV032
ORD08575,C2429,R070,2026-09-17T22:36:00+00:00,cancelled,V058,DRV063
ORD08576,C0211,R005,2026-09-11T17:12:00+00:00,delivered,V064,DRV073
ORD08577,C0818,R037,2026-09-08T06:24:00+00:00,delivered,V021,DRV119
ORD08578,C2392,R068,2026-09-04T19:55:00+00:00,delivered,V035,DRV004
ORD08579,C1527,R004,2026-08-14T08:11:00+00:00,in_transit,V063,DRV117
ORD08580,C0372,R020,2026-08-25T03:11:00+00:00,in_transit,V071,DRV005
ORD08581,C0849,R050,2026-09-19T09:44:00+00:00,in_transit,V100,DRV109
ORD08582,C1463,R078,2026-08-10T23:21:00+00:00,delivered,V080,DRV051
ORD08583,C1111,R068,2026-08-10T19:56:00+00:00,delivered,V100,DRV032
ORD08584,C0772,R036,2026-08-30T14:47:00+00:00,delivered,V059,DRV073
ORD08585,C0239,R025,2026-08-20T21:13:00+00:00,delivered,V088,DRV057
ORD08586,C1672,R061,2026-09-02T18:31:00+00:00,cancelled,V076,DRV049
ORD08587,C1099,R040,2026-09-08T15:18:00+00:00,delivered,V067,DRV086
ORD08588,C0178,R078,2026-09-02T01:25:00+00:00,delivered,V007,DRV062
ORD08589,C0877,R013,2026-08-24T12:41:00+00:00,picked_up,V023,DRV022
ORD08590,C1372,R054,2026-08-02T04:52:00+00:00,delivered,V045,DRV067
ORD08591,C2440,R023,2026-09-23T14:12:00+00:00,delayed,V047,DRV003
ORD08592,C2188,R028,2026-09-09T17:16:00+00:00,delivered,V095,DRV035
ORD08593,C1324,R051,2026-08-07T05:22:00+00:00,delivered,V064,DRV037
ORD08594,C0875,R057,2026-09-06T20:03:00+00:00,delivered,V017,DRV056
ORD08595,C1952,R002,2026-08-04T10:02:00+00:00,picked_up,V075,DRV085
ORD08596,C0144,R007,2026-08-21T06:57:00+00:00,delivered,V079,DRV090
ORD08597,C0800,R036,2026-09-08T17:02:00+00:00,delivered,V033,DRV028
ORD08598,C0122,R073,2026-09-11T14:54:00+00:00,delivered,V044,DRV044
ORD08599,C0932,R027,2026-08-18T18:48:00+00:00,picked_up,V100,DRV038
ORD08600,C0918,R018,2026-09-14T09:03:00+00:00,in_transit,V080,DRV055
ORD08601,C0596,R065,2026-09-02T14:10:00+00:00,delivered,V033,DRV003
ORD08602,C1311,R007,2026-08-12T05:18:00+00:00,delivered,V067,DRV109
ORD08603,C1823,R027,2026-08-16T13:17:00+00:00,delivered,V011,DRV006
ORD08604,C0578,R061,2026-09-16T20:36:00+00:00,in_transit,V037,DRV054
ORD08605,C0370,R038,2026-08-13T10:01:00+00:00,delivered,V090,DRV012
ORD08606,C1243,R066,2026-08-16T19:01:00+00:00,delivered,V052,DRV030
ORD08607,C1802,R066,2026-09-19T19:04:00+00:00,delivered,V073,DRV057
ORD08608,C0518,R071,2026-08-07T23:36:00+00:00,picked_up,V089,DRV111
ORD08609,C2417,R046,2026-08-10T12:35:00+00:00,delayed,V097,DRV015
ORD08610,C1700,R022,2026-09-19T02:38:00+00:00,in_transit,V018,DRV060
ORD08611,C1830,R027,2026-09-24T08:01:00+00:00,delivered,V030,DRV048
ORD08612,C1300,R068,2026-09-06T17:05:00+00:00,in_transit,V098,DRV026
ORD08613,C1275,R030,2026-09-12T15:56:00+00:00,delivered,V059,DRV015
ORD08614,C2440,R058,2026-08-25T03:27:00+00:00,picked_up,V096,DRV059
ORD08615,C1015,R077,2026-09-19T05:51:00+00:00,delivered,V010,DRV017
ORD08616,C0441,R057,2026-09-16T19:43:00+00:00,delivered,V019,DRV093
ORD08617,C2413,R035,2026-08-15T17:25:00+00:00,picked_up,V057,DRV032
ORD08618,C1378,R003,2026-08-25T20:29:00+00:00,in_transit,V033,DRV107
ORD08619,C1507,R028,2026-09-05T23:28:00+00:00,delivered,V020,DRV032
ORD08620,C1314,R032,2026-08-12T18:22:00+00:00,picked_up,V059,DRV058
ORD08621,C0615,R065,2026-08-27T02:05:00+00:00,delivered,V002,DRV037
ORD08622,C2122,R077,2026-09-22T15:39:00+00:00,delivered,V090,DRV067
ORD08623,C1712,R053,2026-08-01T14:02:00+00:00,delivered,V074,DRV052
ORD08624,C0768,R074,2026-08-19T19:58:00+00:00,picked_up,V073,DRV095
ORD08625,C2024,R025,2026-09-05T10:02:00+00:00,in_transit,V005,DRV112
ORD08626,C0068,R063,2026-09-18T18:31:00+00:00,picked_up,V081,DRV024
ORD08627,C2132,R074,2026-09-16T14:51:00+00:00,cancelled,V090,DRV032
ORD08628,C0023,R014,2026-08-18T07:45:00+00:00,delivered,V017,DRV036
ORD08629,C1551,R079,2026-08-31T13:15:00+00:00,delayed,V020,DRV092
ORD08630,C0792,R062,2026-08-27T02:50:00+00:00,picked_up,V042,DRV053
ORD08631,C1909,R043,2026-08-03T04:16:00+00:00,delivered,V084,DRV049
ORD08632,C1357,R072,2026-08-02T04:07:00+00:00,delayed,V048,DRV074
ORD08633,C2336,R037,2026-08-17T13:22:00+00:00,delivered,V017,DRV069
ORD08634,C0720,R039,2026-08-21T05:41:00+00:00,in_transit,V013,DRV038
ORD08635,C1890,R065,2026-09-16T20:33:00+00:00,delivered,V016,DRV032
ORD08636,C0131,R035,2026-08-15T10:57:00+00:00,delivered,V038,DRV106
ORD08637,C1379,R054,2026-08-29T22:10:00+00:00,delivered,V068,DRV088
ORD08638,C0619,R060,2026-08-29T16:37:00+00:00,picked_up,V014,DRV023
ORD08639,C2337,R018,2026-08-08T20:44:00+00:00,picked_up,V041,DRV102
ORD08640,C1103,R050,2026-08-01T16:58:00+00:00,delivered,V024,DRV020
ORD08641,C0970,R005,2026-08-22T02:48:00+00:00,delivered,V089,DRV011
ORD08642,C0043,R069,2026-08-02T17:03:00+00:00,delivered,V069,DRV040
ORD08643,C1484,R019,2026-09-22T05:50:00+00:00,picked_up,V072,DRV109
ORD08644,C0031,R006,2026-09-09T23:40:00+00:00,in_transit,V025,DRV023
ORD08645,C2427,R018,2026-08-12T17:16:00+00:00,picked_up,V039,DRV035
ORD08646,C1520,R006,2026-09-05T01:12:00+00:00,picked_up,V001,DRV066
ORD08647,C1670,R063,2026-08-06T02:29:00+00:00,delivered,V075,DRV025
ORD08648,C0447,R049,2026-08-26T00:39:00+00:00,cancelled,V048,DRV108
ORD08649,C0677,R018,2026-08-17T16:45:00+00:00,delivered,V015,DRV029
ORD08650,C0648,R010,2026-08-03T09:29:00+00:00,delivered,V023,DRV025
ORD08651,C2213,R073,2026-09-22T17:21:00+00:00,in_transit,V018,DRV119
ORD08652,C1299,R016,2026-08-26T19:32:00+00:00,cancelled,V064,DRV030
ORD08653,C1608,R018,2026-08-10T03:42:00+00:00,delayed,V080,DRV011
ORD08654,C0917,R011,2026-09-24T16:02:00+00:00,picked_up,V075,DRV044
ORD08655,C1218,R001,2026-08-31T00:09:00+00:00,in_transit,V065,DRV083
ORD08656,C1011,R070,2026-08-09T05:29:00+00:00,delayed,V084,DRV111
ORD08657,C2339,R080,2026-08-28T22:17:00+00:00,in_transit,V016,DRV080
ORD08658,C0435,R069,2026-08-08T22:59:00+00:00,delivered,V031,DRV003
ORD08659,C0467,R045,2026-08-26T08:09:00+00:00,picked_up,V027,DRV094
ORD08660,C0006,R007,2026-08-08T06:29:00+00:00,in_transit,V015,DRV119
ORD08661,C1426,R067,2026-08-13T15:38:00+00:00,picked_up,V053,DRV034
ORD08662,C0723,R004,2026-08-03T12:57:00+00:00,in_transit,V025,DRV081
ORD08663,C2307,R056,2026-09-03T14:34:00+00:00,delivered,V089,DRV086
ORD08664,C0518,R059,2026-08-12T22:56:00+00:00,delivered,V082,DRV094
ORD08665,C1902,R041,2026-09-04T12:54:00+00:00,delivered,V089,DRV094
ORD08666,C1273,R057,2026-08-07T15:45:00+00:00,picked_up,V019,DRV060
ORD08667,C0535,R013,2026-08-21T22:10:00+00:00,delivered,V074,DRV058
ORD08668,C1863,R032,2026-08-16T01:44:00+00:00,delivered,V081,DRV075
ORD08669,C2245,R026,2026-08-02T16:28:00+00:00,delivered,V055,DRV111
ORD08670,C0559,R056,2026-08-11T14:59:00+00:00,in_transit,V008,DRV092
ORD08671,C1653,R045,2026-08-27T08:40:00+00:00,delivered,V002,DRV019
ORD08672,C0249,R050,2026-09-17T09:16:00+00:00,in_transit,V041,DRV088
ORD08673,C2124,R056,2026-08-12T21:42:00+00:00,delivered,V070,DRV034
ORD08674,C2498,R003,2026-09-07T04:28:00+00:00,delivered,V043,DRV107
ORD08675,C1399,R071,2026-08-07T02:24:00+00:00,delivered,V061,DRV005
ORD08676,C2383,R079,2026-09-12T00:57:00+00:00,in_transit,V062,DRV019
ORD08677,C0999,R052,2026-09-21T09:24:00+00:00,delivered,V041,DRV106
ORD08678,C0854,R046,2026-08-21T13:08:00+00:00,delivered,V039,DRV105
ORD08679,C0808,R018,2026-09-08T02:34:00+00:00,in_transit,V065,DRV066
ORD08680,C1397,R007,2026-08-17T03:11:00+00:00,picked_up,V007,DRV065
ORD08681,C0040,R047,2026-09-06T12:22:00+00:00,delivered,V079,DRV068
ORD08682,C1461,R033,2026-08-05T21:00:00+00:00,delivered,V046,DRV056
ORD08683,C2481,R075,2026-09-13T00:11:00+00:00,delayed,V090,DRV032
ORD08684,C1233,R033,2026-08-28T01:59:00+00:00,delayed,V086,DRV082
ORD08685,C2469,R076,2026-09-03T22:11:00+00:00,delivered,V047,DRV035
ORD08686,C1855,R068,2026-08-20T07:34:00+00:00,delivered,V013,DRV104
ORD08687,C2104,R038,2026-08-25T16:20:00+00:00,picked_up,V024,DRV108
ORD08688,C1881,R080,2026-09-22T07:40:00+00:00,delivered,V065,DRV114
ORD08689,C0900,R057,2026-09-24T14:44:00+00:00,picked_up,V053,DRV095
ORD08690,C2325,R079,2026-08-30T08:04:00+00:00,picked_up,V044,DRV003
ORD08691,C1779,R069,2026-09-04T16:10:00+00:00,delayed,V009,DRV113
ORD08692,C1378,R071,2026-08-16T10:09:00+00:00,delivered,V009,DRV002
ORD08693,C1157,R014,2026-08-16T02:35:00+00:00,delivered,V065,DRV076
ORD08694,C1541,R032,2026-08-10T17:54:00+00:00,cancelled,V056,DRV115
ORD08695,C0912,R050,2026-08-21T07:22:00+00:00,picked_up,V055,DRV112
ORD08696,C0167,R038,2026-08-18T15:48:00+00:00,delivered,V075,DRV110
ORD08697,C1496,R051,2026-08-28T00:41:00+00:00,delivered,V086,DRV115
ORD08698,C1598,R073,2026-08-27T04:40:00+00:00,picked_up,V034,DRV120
ORD08699,C1570,R044,2026-08-14T07:57:00+00:00,in_transit,V025,DRV093
ORD08700,C1610,R061,2026-09-11T16:35:00+00:00,delivered,V013,DRV085
ORD08701,C1897,R047,2026-09-08T01:18:00+00:00,in_transit,V097,DRV041
ORD08702,C1394,R002,2026-09-06T08:20:00+00:00,delivered,V050,DRV046
ORD08703,C1675,R058,2026-08-11T17:37:00+00:00,delivered,V055,DRV074
ORD08704,C2395,R050,2026-09-24T17:07:00+00:00,delivered,V024,DRV036
ORD08705,C0706,R030,2026-08-29T11:15:00+00:00,delivered,V055,DRV077
ORD08706,C2035,R045,2026-09-07T22:58:00+00:00,delivered,V068,DRV027
ORD08707,C0915,R058,2026-08-27T11:42:00+00:00,delivered,V095,DRV028
ORD08708,C1741,R008,2026-08-11T17:43:00+00:00,delivered,V061,DRV069
ORD08709,C0150,R006,2026-09-03T13:43:00+00:00,delivered,V096,DRV043
ORD08710,C1485,R071,2026-08-10T05:26:00+00:00,delivered,V095,DRV104
ORD08711,C2095,R070,2026-08-06T04:22:00+00:00,in_transit,V051,DRV014
ORD08712,C0026,R039,2026-09-20T14:37:00+00:00,delayed,V064,DRV049
ORD08713,C1540,R051,2026-08-28T22:40:00+00:00,delivered,V004,DRV027
ORD08714,C1658,R022,2026-08-26T20:43:00+00:00,delivered,V100,DRV056
ORD08715,C0358,R064,2026-08-10T03:47:00+00:00,picked_up,V081,DRV019
ORD08716,C1716,R053,2026-09-05T10:40:00+00:00,delayed,V044,DRV056
ORD08717,C0182,R078,2026-08-06T06:58:00+00:00,delivered,V088,DRV100
ORD08718,C1694,R064,2026-09-15T04:52:00+00:00,delayed,V086,DRV025
ORD08719,C1772,R053,2026-08-08T00:28:00+00:00,picked_up,V059,DRV090
ORD08720,C0641,R061,2026-08-11T20:18:00+00:00,delivered,V004,DRV115
ORD08721,C2385,R015,2026-08-12T16:44:00+00:00,picked_up,V033,DRV111
ORD08722,C0358,R058,2026-08-17T01:23:00+00:00,delivered,V034,DRV077
ORD08723,C0395,R035,2026-09-19T02:38:00+00:00,delayed,V024,DRV055
ORD08724,C1960,R010,2026-08-03T09:41:00+00:00,in_transit,V044,DRV118
ORD08725,C2012,R032,2026-08-19T13:42:00+00:00,delivered,V098,DRV003
ORD08726,C1980,R031,2026-08-11T13:56:00+00:00,delivered,V098,DRV054
ORD08727,C2183,R025,2026-08-23T18:17:00+00:00,in_transit,V086,DRV006
ORD08728,C0236,R077,2026-09-18T22:05:00+00:00,delivered,V087,DRV050
ORD08729,C2478,R052,2026-08-17T19:05:00+00:00,delivered,V080,DRV071
ORD08730,C2223,R074,2026-08-09T01:22:00+00:00,delivered,V025,DRV002
ORD08731,C0116,R068,2026-09-05T03:47:00+00:00,delivered,V089,DRV084
ORD08732,C1623,R038,2026-08-25T13:30:00+00:00,delivered,V050,DRV010
ORD08733,C1343,R013,2026-08-19T10:42:00+00:00,delayed,V051,DRV026
ORD08734,C0053,R045,2026-08-18T18:37:00+00:00,in_transit,V054,DRV012
ORD08735,C1960,R003,2026-09-16T23:59:00+00:00,in_transit,V001,DRV041
ORD08736,C0220,R067,2026-09-14T05:14:00+00:00,delivered,V091,DRV033
ORD08737,C0883,R076,2026-08-23T06:35:00+00:00,delivered,V009,DRV106
ORD08738,C1078,R073,2026-08-22T01:20:00+00:00,delivered,V037,DRV097
ORD08739,C0829,R070,2026-08-03T04:06:00+00:00,delivered,V095,DRV057
ORD08740,C1136,R076,2026-09-24T19:26:00+00:00,delivered,V051,DRV010
ORD08741,C1646,R067,2026-08-16T16:41:00+00:00,picked_up,V048,DRV094
ORD08742,C2118,R056,2026-08-20T13:30:00+00:00,delivered,V015,DRV018
ORD08743,C0366,R026,2026-09-10T01:11:00+00:00,in_transit,V056,DRV030
ORD08744,C1443,R026,2026-08-19T06:05:00+00:00,cancelled,V072,DRV107
ORD08745,C1833,R032,2026-09-05T22:49:00+00:00,in_transit,V082,DRV043
ORD08746,C0993,R008,2026-08-11T13:09:00+00:00,delivered,V005,DRV108
ORD08747,C1318,R016,2026-09-09T04:04:00+00:00,delivered,V023,DRV026
ORD08748,C1515,R016,2026-08-22T21:49:00+00:00,delivered,V025,DRV031
ORD08749,C1271,R023,2026-08-02T14:03:00+00:00,picked_up,V042,DRV063
ORD08750,C0766,R029,2026-09-18T20:52:00+00:00,delivered,V049,DRV065
ORD08751,C1645,R066,2026-09-11T00:20:00+00:00,delivered,V033,DRV048
ORD08752,C1632,R030,2026-08-11T21:35:00+00:00,in_transit,V007,DRV061
ORD08753,C1580,R004,2026-08-02T09:52:00+00:00,delayed,V087,DRV074
ORD08754,C1323,R074,2026-09-09T19:28:00+00:00,delivered,V034,DRV030
ORD08755,C0463,R047,2026-09-15T00:22:00+00:00,picked_up,V053,DRV090
ORD08756,C0333,R055,2026-08-19T20:23:00+00:00,delivered,V003,DRV053
ORD08757,C0089,R032,2026-08-16T00:08:00+00:00,delivered,V024,DRV025
ORD08758,C0938,R064,2026-08-15T13:35:00+00:00,delivered,V037,DRV057
ORD08759,C1404,R012,2026-09-07T10:59:00+00:00,in_transit,V006,DRV026
ORD08760,C2500,R035,2026-08-12T19:08:00+00:00,delivered,V019,DRV065
ORD08761,C0409,R002,2026-08-26T01:10:00+00:00,delivered,V071,DRV043
ORD08762,C2396,R056,2026-09-17T21:51:00+00:00,delayed,V095,DRV029
ORD08763,C2030,R009,2026-08-29T14:14:00+00:00,delayed,V082,DRV049
ORD08764,C1083,R058,2026-08-22T10:34:00+00:00,delivered,V096,DRV088
ORD08765,C0528,R062,2026-09-09T02:33:00+00:00,picked_up,V052,DRV068
ORD08766,C2069,R004,2026-09-14T15:12:00+00:00,delivered,V002,DRV031
ORD08767,C2080,R038,2026-09-09T12:30:00+00:00,picked_up,V035,DRV030
ORD08768,C1848,R068,2026-09-17T05:03:00+00:00,picked_up,V048,DRV087
ORD08769,C2286,R035,2026-08-31T19:09:00+00:00,delayed,V033,DRV021
ORD08770,C0705,R066,2026-09-19T03:46:00+00:00,cancelled,V081,DRV033
ORD08771,C1427,R075,2026-08-25T09:20:00+00:00,delivered,V070,DRV006
ORD08772,C0952,R076,2026-08-25T01:29:00+00:00,delayed,V076,DRV066
ORD08773,C1920,R067,2026-09-08T21:33:00+00:00,picked_up,V069,DRV004
ORD08774,C2263,R074,2026-08-22T00:48:00+00:00,in_transit,V094,DRV076
ORD08775,C1033,R058,2026-09-08T15:49:00+00:00,delayed,V004,DRV111
ORD08776,C1375,R006,2026-09-23T20:03:00+00:00,delivered,V078,DRV053
ORD08777,C0886,R075,2026-08-28T07:45:00+00:00,in_transit,V088,DRV097
ORD08778,C0326,R028,2026-09-07T13:52:00+00:00,delivered,V057,DRV102
ORD08779,C1819,R065,2026-08-04T18:13:00+00:00,delivered,V100,DRV120
ORD08780,C0703,R040,2026-08-23T22:50:00+00:00,delivered,V017,DRV075
ORD08781,C0028,R024,2026-08-25T01:04:00+00:00,in_transit,V037,DRV070
ORD08782,C2348,R042,2026-09-22T03:36:00+00:00,delivered,V084,DRV065
ORD08783,C2133,R006,2026-09-01T17:14:00+00:00,delivered,V062,DRV050
ORD08784,C0340,R033,2026-09-04T17:58:00+00:00,delivered,V036,DRV109
ORD08785,C2260,R064,2026-08-06T21:12:00+00:00,delivered,V085,DRV064
ORD08786,C0532,R016,2026-08-03T21:35:00+00:00,delivered,V053,DRV025
ORD08787,C1394,R036,2026-09-08T16:42:00+00:00,delivered,V005,DRV024
ORD08788,C2260,R054,2026-08-31T20:12:00+00:00,picked_up,V043,DRV062
ORD08789,C0116,R051,2026-09-12T00:00:00+00:00,picked_up,V055,DRV108
ORD08790,C1136,R013,2026-08-11T06:25:00+00:00,in_transit,V092,DRV022
ORD08791,C2368,R055,2026-08-08T14:29:00+00:00,delivered,V036,DRV062
ORD08792,C2435,R013,2026-09-19T18:24:00+00:00,in_transit,V009,DRV077
ORD08793,C2184,R027,2026-08-15T11:52:00+00:00,delivered,V054,DRV019
ORD08794,C2426,R019,2026-08-21T03:44:00+00:00,delivered,V004,DRV048
ORD08795,C0084,R022,2026-08-19T02:10:00+00:00,delivered,V078,DRV066
ORD08796,C1117,R032,2026-08-14T23:09:00+00:00,picked_up,V024,DRV017
ORD08797,C0421,R041,2026-09-19T08:49:00+00:00,delayed,V092,DRV013
ORD08798,C1828,R045,2026-09-22T05:47:00+00:00,delivered,V096,DRV079
ORD08799,C1810,R048,2026-08-07T14:32:00+00:00,delivered,V086,DRV117
ORD08800,C0813,R016,2026-09-04T23:40:00+00:00,delivered,V089,DRV041
ORD08801,C1616,R052,2026-08-14T00:36:00+00:00,in_transit,V060,DRV066
ORD08802,C0945,R067,2026-09-22T08:29:00+00:00,delivered,V022,DRV072
ORD08803,C0187,R005,2026-08-12T23:58:00+00:00,delivered,V092,DRV106
ORD08804,C0870,R072,2026-09-19T12:20:00+00:00,delayed,V060,DRV037
ORD08805,C1291,R040,2026-08-06T15:58:00+00:00,picked_up,V099,DRV066
ORD08806,C1029,R001,2026-08-28T08:37:00+00:00,in_transit,V047,DRV081
ORD08807,C1776,R064,2026-09-05T13:35:00+00:00,picked_up,V086,DRV044
ORD08808,C0313,R030,2026-09-17T12:57:00+00:00,delivered,V072,DRV067
ORD08809,C0357,R028,2026-09-23T23:00:00+00:00,picked_up,V087,DRV040
ORD08810,C1242,R063,2026-08-19T14:12:00+00:00,delivered,V023,DRV051
ORD08811,C2303,R013,2026-09-24T17:30:00+00:00,in_transit,V040,DRV037
ORD08812,C1461,R004,2026-09-17T11:37:00+00:00,delivered,V060,DRV030
ORD08813,C1754,R017,2026-08-09T14:15:00+00:00,delivered,V086,DRV065
ORD08814,C0688,R068,2026-08-15T21:18:00+00:00,in_transit,V056,DRV011
ORD08815,C2355,R019,2026-09-16T12:24:00+00:00,delivered,V005,DRV016
ORD08816,C0624,R021,2026-08-27T02:00:00+00:00,delivered,V097,DRV048
ORD08817,C1190,R017,2026-08-14T21:18:00+00:00,delivered,V020,DRV033
ORD08818,C0156,R054,2026-08-15T03:15:00+00:00,picked_up,V020,DRV093
ORD08819,C1723,R045,2026-08-24T21:48:00+00:00,delivered,V054,DRV113
ORD08820,C0275,R025,2026-09-10T03:12:00+00:00,cancelled,V057,DRV007
ORD08821,C2080,R048,2026-09-03T07:21:00+00:00,delivered,V046,DRV030
ORD08822,C0381,R058,2026-09-20T15:24:00+00:00,delivered,V027,DRV059
ORD08823,C1653,R010,2026-09-20T16:56:00+00:00,delivered,V090,DRV083
ORD08824,C1348,R061,2026-09-19T19:19:00+00:00,delivered,V072,DRV063
ORD08825,C1759,R071,2026-09-23T17:54:00+00:00,delayed,V068,DRV081
ORD08826,C2063,R078,2026-08-19T21:22:00+00:00,delivered,V035,DRV008
ORD08827,C1648,R074,2026-09-03T05:32:00+00:00,delivered,V045,DRV110
ORD08828,C1996,R002,2026-08-05T12:03:00+00:00,picked_up,V034,DRV116
ORD08829,C1775,R038,2026-08-05T04:58:00+00:00,delivered,V043,DRV115
ORD08830,C0017,R005,2026-08-06T04:36:00+00:00,delivered,V057,DRV118
ORD08831,C0222,R039,2026-09-08T14:03:00+00:00,picked_up,V076,DRV011
ORD08832,C1828,R038,2026-08-16T23:01:00+00:00,delivered,V065,DRV025
ORD08833,C0017,R031,2026-08-11T03:16:00+00:00,delayed,V036,DRV061
ORD08834,C0643,R051,2026-08-02T17:09:00+00:00,delayed,V053,DRV116
ORD08835,C0549,R050,2026-09-23T13:40:00+00:00,delivered,V030,DRV050
ORD08836,C2087,R030,2026-08-27T12:33:00+00:00,delivered,V014,DRV033
ORD08837,C1614,R030,2026-08-03T21:52:00+00:00,delivered,V076,DRV065
ORD08838,C2409,R015,2026-08-08T13:10:00+00:00,in_transit,V026,DRV016
ORD08839,C0786,R070,2026-08-31T04:10:00+00:00,delivered,V076,DRV009
ORD08840,C1830,R024,2026-09-09T01:31:00+00:00,delivered,V094,DRV037
ORD08841,C0463,R043,2026-08-12T10:42:00+00:00,in_transit,V064,DRV069
ORD08842,C0533,R073,2026-08-12T01:11:00+00:00,delayed,V020,DRV026
ORD08843,C1255,R029,2026-08-17T17:29:00+00:00,delayed,V059,DRV041
ORD08844,C1153,R068,2026-09-13T00:39:00+00:00,delivered,V041,DRV037
ORD08845,C1209,R039,2026-09-14T08:01:00+00:00,delivered,V025,DRV024
ORD08846,C0648,R054,2026-08-04T19:54:00+00:00,picked_up,V005,DRV102
ORD08847,C1925,R079,2026-08-11T17:48:00+00:00,delivered,V014,DRV002
ORD08848,C1460,R071,2026-09-11T21:27:00+00:00,delivered,V054,DRV064
ORD08849,C1245,R002,2026-08-01T04:51:00+00:00,delivered,V100,DRV041
ORD08850,C1909,R078,2026-08-26T18:31:00+00:00,delivered,V048,DRV030
ORD08851,C1415,R027,2026-08-16T05:28:00+00:00,picked_up,V089,DRV074
ORD08852,C0494,R019,2026-08-24T08:43:00+00:00,delivered,V073,DRV061
ORD08853,C0992,R049,2026-09-24T00:37:00+00:00,delivered,V010,DRV038
ORD08854,C0589,R021,2026-08-05T09:18:00+00:00,delivered,V013,DRV100
ORD08855,C0210,R048,2026-08-22T12:50:00+00:00,picked_up,V096,DRV120
ORD08856,C0967,R063,2026-08-02T17:37:00+00:00,delivered,V074,DRV046
ORD08857,C2024,R056,2026-08-24T18:57:00+00:00,delivered,V027,DRV111
ORD08858,C0534,R074,2026-09-05T20:46:00+00:00,picked_up,V072,DRV104
ORD08859,C0284,R063,2026-09-04T15:27:00+00:00,in_transit,V034,DRV051
ORD08860,C0095,R074,2026-09-24T17:25:00+00:00,in_transit,V015,DRV070
ORD08861,C1344,R063,2026-08-27T00:11:00+00:00,cancelled,V042,DRV005
ORD08862,C0249,R075,2026-08-25T23:38:00+00:00,in_transit,V053,DRV098
ORD08863,C1578,R054,2026-08-15T17:30:00+00:00,delivered,V002,DRV115
ORD08864,C0406,R047,2026-08-04T19:22:00+00:00,delivered,V099,DRV077
ORD08865,C0394,R080,2026-09-03T06:23:00+00:00,delivered,V020,DRV072
ORD08866,C1276,R034,2026-08-01T18:04:00+00:00,in_transit,V072,DRV068
ORD08867,C0482,R057,2026-09-03T05:56:00+00:00,in_transit,V010,DRV101
ORD08868,C1000,R042,2026-08-06T21:50:00+00:00,delivered,V028,DRV096
ORD08869,C0167,R069,2026-08-22T13:46:00+00:00,delivered,V060,DRV001
ORD08870,C0563,R014,2026-09-20T11:07:00+00:00,delivered,V071,DRV101
ORD08871,C1884,R063,2026-08-09T20:01:00+00:00,in_transit,V070,DRV070
ORD08872,C1422,R025,2026-08-05T22:20:00+00:00,in_transit,V044,DRV089
ORD08873,C0411,R053,2026-08-09T16:02:00+00:00,delivered,V071,DRV033
ORD08874,C1671,R005,2026-08-19T17:36:00+00:00,picked_up,V022,DRV003
ORD08875,C0705,R023,2026-08-03T01:48:00+00:00,delivered,V055,DRV063
ORD08876,C0119,R011,2026-09-23T23:58:00+00:00,in_transit,V092,DRV011
ORD08877,C2093,R023,2026-09-24T08:19:00+00:00,delivered,V093,DRV097
ORD08878,C0630,R056,2026-08-29T10:48:00+00:00,delayed,V084,DRV095
ORD08879,C1765,R010,2026-09-01T16:20:00+00:00,delivered,V021,DRV022
ORD08880,C0716,R068,2026-08-08T20:18:00+00:00,delayed,V057,DRV060
ORD08881,C2176,R060,2026-09-18T10:10:00+00:00,delivered,V030,DRV054
ORD08882,C1341,R029,2026-08-02T15:49:00+00:00,delivered,V029,DRV020
ORD08883,C0439,R007,2026-08-04T19:22:00+00:00,delivered,V012,DRV070
ORD08884,C2300,R003,2026-09-13T18:11:00+00:00,delivered,V068,DRV106
ORD08885,C0815,R019,2026-08-16T07:55:00+00:00,delivered,V034,DRV081
ORD08886,C1118,R017,2026-08-09T19:24:00+00:00,delivered,V005,DRV057
ORD08887,C2362,R007,2026-09-01T17:40:00+00:00,delayed,V005,DRV076
ORD08888,C2092,R078,2026-09-12T04:05:00+00:00,delivered,V065,DRV004
ORD08889,C1323,R016,2026-08-08T14:55:00+00:00,cancelled,V009,DRV108
ORD08890,C1408,R039,2026-08-10T19:36:00+00:00,delivered,V021,DRV093
ORD08891,C1358,R015,2026-08-16T05:06:00+00:00,picked_up,V059,DRV100
ORD08892,C2319,R024,2026-09-06T00:43:00+00:00,delivered,V006,DRV025
ORD08893,C2415,R063,2026-08-23T11:33:00+00:00,in_transit,V057,DRV079
ORD08894,C0382,R078,2026-08-22T22:38:00+00:00,delivered,V014,DRV077
ORD08895,C2204,R048,2026-08-11T03:52:00+00:00,delivered,V033,DRV049
ORD08896,C2276,R041,2026-09-07T09:20:00+00:00,delivered,V073,DRV045
ORD08897,C0653,R070,2026-08-22T23:45:00+00:00,delivered,V077,DRV009
ORD08898,C1938,R030,2026-09-08T00:13:00+00:00,delayed,V039,DRV119
ORD08899,C1262,R024,2026-08-22T02:16:00+00:00,in_transit,V094,DRV085
ORD08900,C0792,R002,2026-09-22T16:37:00+00:00,picked_up,V062,DRV071
ORD08901,C0144,R025,2026-09-04T11:45:00+00:00,picked_up,V035,DRV108
ORD08902,C1521,R043,2026-09-16T05:05:00+00:00,in_transit,V013,DRV070
ORD08903,C1849,R061,2026-08-08T21:12:00+00:00,delivered,V003,DRV057
ORD08904,C0239,R055,2026-09-09T14:51:00+00:00,picked_up,V060,DRV010
ORD08905,C1024,R005,2026-08-26T23:38:00+00:00,delivered,V098,DRV005
ORD08906,C0590,R027,2026-09-01T19:30:00+00:00,delivered,V050,DRV068
ORD08907,C1913,R080,2026-09-12T15:59:00+00:00,delivered,V002,DRV093
ORD08908,C1006,R055,2026-08-01T04:26:00+00:00,delivered,V067,DRV041
ORD08909,C2150,R042,2026-08-29T17:00:00+00:00,delivered,V057,DRV039
ORD08910,C1150,R039,2026-08-28T23:59:00+00:00,delivered,V076,DRV034
ORD08911,C0888,R022,2026-09-06T13:14:00+00:00,delivered,V054,DRV099
ORD08912,C0956,R075,2026-09-17T15:20:00+00:00,delivered,V030,DRV069
ORD08913,C1382,R079,2026-08-28T18:55:00+00:00,picked_up,V041,DRV118
ORD08914,C1860,R080,2026-08-15T13:15:00+00:00,delivered,V061,DRV087
ORD08915,C0481,R048,2026-09-18T17:17:00+00:00,in_transit,V083,DRV053
ORD08916,C2018,R008,2026-08-08T13:14:00+00:00,delivered,V015,DRV032
ORD08917,C2149,R070,2026-09-13T00:15:00+00:00,in_transit,V060,DRV086
ORD08918,C1934,R031,2026-08-06T09:35:00+00:00,in_transit,V100,DRV058
ORD08919,C0022,R071,2026-08-28T09:01:00+00:00,delivered,V007,DRV078
ORD08920,C1673,R043,2026-08-03T12:42:00+00:00,in_transit,V099,DRV035
ORD08921,C2118,R001,2026-08-31T11:12:00+00:00,picked_up,V001,DRV054
ORD08922,C2446,R047,2026-09-03T20:06:00+00:00,delayed,V065,DRV067
ORD08923,C0046,R059,2026-09-20T23:28:00+00:00,delivered,V057,DRV085
ORD08924,C0495,R075,2026-08-03T14:50:00+00:00,delivered,V035,DRV106
ORD08925,C2336,R064,2026-09-10T22:42:00+00:00,cancelled,V025,DRV064
ORD08926,C0919,R005,2026-09-21T19:41:00+00:00,picked_up,V043,DRV116
ORD08927,C2159,R015,2026-09-23T23:17:00+00:00,delivered,V016,DRV109
ORD08928,C1301,R058,2026-08-02T19:51:00+00:00,delivered,V048,DRV095
ORD08929,C1204,R027,2026-08-08T15:00:00+00:00,delivered,V058,DRV118
ORD08930,C0894,R016,2026-09-01T13:22:00+00:00,picked_up,V046,DRV007
ORD08931,C2110,R042,2026-08-03T22:23:00+00:00,delivered,V033,DRV072
ORD08932,C0587,R020,2026-09-09T17:54:00+00:00,delivered,V008,DRV011
ORD08933,C0711,R014,2026-08-30T01:22:00+00:00,picked_up,V052,DRV120
ORD08934,C2017,R055,2026-09-13T02:07:00+00:00,in_transit,V092,DRV104
ORD08935,C1838,R014,2026-09-16T02:21:00+00:00,delivered,V077,DRV101
ORD08936,C1003,R003,2026-08-03T15:36:00+00:00,delivered,V077,DRV060
ORD08937,C2388,R066,2026-09-10T22:16:00+00:00,picked_up,V083,DRV091
ORD08938,C0451,R019,2026-08-20T04:45:00+00:00,delivered,V045,DRV014
ORD08939,C0321,R072,2026-08-08T06:00:00+00:00,picked_up,V066,DRV026
ORD08940,C0808,R059,2026-08-07T15:11:00+00:00,picked_up,V008,DRV076
ORD08941,C2078,R015,2026-09-14T02:40:00+00:00,cancelled,V047,DRV065
ORD08942,C1725,R066,2026-08-22T21:29:00+00:00,picked_up,V049,DRV003
ORD08943,C0227,R058,2026-08-08T05:36:00+00:00,delivered,V046,DRV044
ORD08944,C1961,R070,2026-08-25T06:21:00+00:00,in_transit,V079,DRV015
ORD08945,C1120,R035,2026-08-06T10:43:00+00:00,delayed,V026,DRV035
ORD08946,C1372,R036,2026-08-06T17:36:00+00:00,delivered,V067,DRV067
ORD08947,C0444,R077,2026-08-08T22:23:00+00:00,delivered,V059,DRV058
ORD08948,C2007,R056,2026-09-04T10:18:00+00:00,delayed,V032,DRV041
ORD08949,C0827,R065,2026-08-07T07:49:00+00:00,delivered,V098,DRV067
ORD08950,C1609,R002,2026-09-12T17:13:00+00:00,cancelled,V027,DRV071
ORD08951,C1613,R030,2026-09-10T14:12:00+00:00,delivered,V016,DRV017
ORD08952,C2344,R078,2026-09-11T23:17:00+00:00,in_transit,V018,DRV034
ORD08953,C1943,R012,2026-08-21T02:37:00+00:00,delivered,V069,DRV064
ORD08954,C2185,R013,2026-08-21T08:59:00+00:00,delivered,V092,DRV080
ORD08955,C1287,R034,2026-09-03T07:11:00+00:00,delivered,V016,DRV117
ORD08956,C0739,R070,2026-08-13T20:58:00+00:00,delayed,V043,DRV018
ORD08957,C1787,R002,2026-09-06T18:57:00+00:00,delivered,V053,DRV055
ORD08958,C2373,R047,2026-09-19T08:53:00+00:00,delivered,V037,DRV024
ORD08959,C1849,R008,2026-08-20T16:07:00+00:00,picked_up,V035,DRV075
ORD08960,C0323,R039,2026-09-03T03:22:00+00:00,delivered,V010,DRV021
ORD08961,C1233,R078,2026-09-20T07:51:00+00:00,delayed,V058,DRV056
ORD08962,C0558,R046,2026-09-13T05:40:00+00:00,picked_up,V096,DRV105
ORD08963,C0991,R009,2026-08-08T14:30:00+00:00,delivered,V049,DRV068
ORD08964,C0723,R065,2026-08-15T15:25:00+00:00,in_transit,V056,DRV063
ORD08965,C0883,R064,2026-08-08T19:54:00+00:00,delayed,V083,DRV010
ORD08966,C2418,R030,2026-08-18T07:52:00+00:00,delivered,V067,DRV097
ORD08967,C1949,R037,2026-08-14T00:21:00+00:00,delivered,V027,DRV055
ORD08968,C1850,R038,2026-09-14T16:54:00+00:00,delivered,V038,DRV043
ORD08969,C2213,R043,2026-09-03T09:32:00+00:00,delivered,V098,DRV056
ORD08970,C0283,R021,2026-09-11T15:43:00+00:00,in_transit,V006,DRV034
ORD08971,C1578,R012,2026-09-13T15:43:00+00:00,delivered,V063,DRV012
ORD08972,C2387,R040,2026-08-18T00:43:00+00:00,in_transit,V072,DRV025
ORD08973,C0687,R023,2026-08-25T22:18:00+00:00,delivered,V002,DRV040
ORD08974,C0150,R035,2026-09-12T21:56:00+00:00,picked_up,V022,DRV007
ORD08975,C1560,R012,2026-09-04T22:40:00+00:00,in_transit,V069,DRV006
ORD08976,C1794,R019,2026-08-23T11:48:00+00:00,in_transit,V077,DRV061
ORD08977,C2321,R041,2026-08-19T03:14:00+00:00,delivered,V080,DRV073
ORD08978,C2350,R013,2026-09-20T04:49:00+00:00,delivered,V044,DRV078
ORD08979,C1270,R065,2026-09-18T06:51:00+00:00,delivered,V015,DRV075
ORD08980,C0274,R054,2026-08-27T22:24:00+00:00,in_transit,V099,DRV015
ORD08981,C1732,R035,2026-09-06T14:24:00+00:00,delivered,V090,DRV003
ORD08982,C0978,R078,2026-08-20T14:28:00+00:00,delivered,V034,DRV063
ORD08983,C1800,R051,2026-08-23T10:09:00+00:00,delivered,V001,DRV120
ORD08984,C1611,R072,2026-09-03T22:10:00+00:00,delivered,V017,DRV018
ORD08985,C1171,R032,2026-08-29T01:33:00+00:00,delivered,V037,DRV050
ORD08986,C1268,R003,2026-08-11T05:41:00+00:00,delivered,V022,DRV106
ORD08987,C2426,R010,2026-09-11T11:11:00+00:00,delivered,V004,DRV038
ORD08988,C1933,R058,2026-09-20T02:26:00+00:00,delivered,V012,DRV020
ORD08989,C2448,R010,2026-09-02T21:56:00+00:00,delivered,V067,DRV064
ORD08990,C0510,R069,2026-08-22T19:32:00+00:00,picked_up,V022,DRV077
ORD08991,C2267,R065,2026-08-12T11:19:00+00:00,delayed,V011,DRV084
ORD08992,C0588,R006,2026-08-06T04:57:00+00:00,delayed,V033,DRV029
ORD08993,C1993,R069,2026-08-24T03:34:00+00:00,delivered,V029,DRV085
ORD08994,C1144,R028,2026-08-30T04:57:00+00:00,delivered,V018,DRV076
ORD08995,C1736,R037,2026-09-13T22:26:00+00:00,delivered,V018,DRV021
ORD08996,C0899,R020,2026-09-15T18:57:00+00:00,picked_up,V083,DRV032
ORD08997,C0889,R021,2026-09-04T13:43:00+00:00,delivered,V088,DRV087
ORD08998,C1450,R020,2026-09-10T15:46:00+00:00,delivered,V013,DRV064
ORD08999,C2078,R035,2026-08-07T13:53:00+00:00,picked_up,V029,DRV004
ORD09000,C0583,R011,2026-09-22T09:43:00+00:00,delayed,V019,DRV037
ORD09001,C2468,R022,2026-09-24T18:42:00+00:00,delivered,V029,DRV046
ORD09002,C0611,R021,2026-08-13T13:04:00+00:00,delivered,V066,DRV030
ORD09003,C2242,R029,2026-09-23T15:02:00+00:00,delivered,V034,DRV080
ORD09004,C1798,R078,2026-08-17T04:48:00+00:00,in_transit,V053,DRV057
ORD09005,C2434,R036,2026-09-01T22:57:00+00:00,delivered,V099,DRV095
ORD09006,C1898,R035,2026-08-28T22:54:00+00:00,delivered,V077,DRV116
ORD09007,C0947,R019,2026-09-09T02:15:00+00:00,in_transit,V021,DRV102
ORD09008,C1524,R069,2026-08-20T14:18:00+00:00,delivered,V087,DRV046
ORD09009,C2434,R029,2026-09-14T22:28:00+00:00,delivered,V012,DRV030
ORD09010,C1721,R014,2026-09-05T13:32:00+00:00,delivered,V015,DRV019
ORD09011,C1816,R049,2026-09-04T11:11:00+00:00,delivered,V046,DRV108
ORD09012,C1482,R062,2026-08-10T19:23:00+00:00,picked_up,V062,DRV012
ORD09013,C1500,R070,2026-08-21T11:29:00+00:00,picked_up,V029,DRV030
ORD09014,C2258,R048,2026-08-31T19:01:00+00:00,delivered,V027,DRV043
ORD09015,C0955,R008,2026-08-23T06:50:00+00:00,delayed,V011,DRV010
ORD09016,C0525,R018,2026-08-03T05:28:00+00:00,picked_up,V082,DRV084
ORD09017,C0517,R011,2026-09-11T14:34:00+00:00,delivered,V070,DRV023
ORD09018,C1696,R051,2026-09-19T05:40:00+00:00,delivered,V072,DRV090
ORD09019,C1163,R001,2026-09-13T22:07:00+00:00,delivered,V080,DRV053
ORD09020,C2297,R077,2026-09-16T10:51:00+00:00,picked_up,V041,DRV055
ORD09021,C0332,R022,2026-09-21T21:08:00+00:00,delayed,V074,DRV101
ORD09022,C2155,R017,2026-09-17T22:18:00+00:00,delivered,V084,DRV027
ORD09023,C0780,R002,2026-09-21T19:55:00+00:00,delivered,V057,DRV048
ORD09024,C0783,R050,2026-08-27T11:04:00+00:00,picked_up,V096,DRV051
ORD09025,C1624,R011,2026-08-23T05:16:00+00:00,delayed,V097,DRV002
ORD09026,C2495,R026,2026-08-16T16:21:00+00:00,delivered,V089,DRV051
ORD09027,C0455,R072,2026-09-04T09:30:00+00:00,delivered,V088,DRV098
ORD09028,C1033,R012,2026-09-05T06:04:00+00:00,delivered,V090,DRV100
ORD09029,C1536,R078,2026-08-14T14:25:00+00:00,delivered,V054,DRV100
ORD09030,C0061,R020,2026-09-09T09:38:00+00:00,in_transit,V007,DRV068
ORD09031,C0165,R059,2026-08-01T07:38:00+00:00,delivered,V021,DRV054
ORD09032,C2307,R065,2026-09-18T10:12:00+00:00,delivered,V085,DRV025
ORD09033,C0872,R035,2026-09-11T22:27:00+00:00,delivered,V003,DRV047
ORD09034,C0661,R021,2026-08-01T19:47:00+00:00,delivered,V095,DRV035
ORD09035,C0086,R054,2026-08-12T13:00:00+00:00,delivered,V098,DRV011
ORD09036,C0518,R072,2026-08-19T21:21:00+00:00,delayed,V022,DRV009
ORD09037,C1700,R013,2026-09-02T23:43:00+00:00,delayed,V001,DRV118
ORD09038,C0108,R063,2026-09-16T23:37:00+00:00,delivered,V062,DRV087
ORD09039,C1876,R020,2026-08-04T05:33:00+00:00,in_transit,V087,DRV110
ORD09040,C1270,R031,2026-08-10T11:38:00+00:00,cancelled,V007,DRV078
ORD09041,C1141,R010,2026-09-24T09:43:00+00:00,delayed,V091,DRV081
ORD09042,C1937,R028,2026-09-04T23:31:00+00:00,delivered,V031,DRV022
ORD09043,C1974,R062,2026-08-17T10:13:00+00:00,in_transit,V045,DRV002
ORD09044,C1526,R026,2026-08-21T19:33:00+00:00,picked_up,V100,DRV059
ORD09045,C0910,R035,2026-08-29T03:41:00+00:00,picked_up,V034,DRV066
ORD09046,C0038,R037,2026-09-22T22:47:00+00:00,picked_up,V028,DRV054
ORD09047,C1571,R011,2026-09-09T19:40:00+00:00,delayed,V061,DRV096
ORD09048,C1295,R063,2026-08-19T09:58:00+00:00,delivered,V020,DRV108
ORD09049,C2457,R070,2026-08-24T20:39:00+00:00,delivered,V052,DRV027
ORD09050,C2283,R005,2026-08-10T08:59:00+00:00,picked_up,V066,DRV079
ORD09051,C2129,R019,2026-09-21T20:47:00+00:00,delivered,V057,DRV072
ORD09052,C1759,R027,2026-08-22T04:52:00+00:00,in_transit,V044,DRV068
ORD09053,C1195,R036,2026-08-13T23:13:00+00:00,in_transit,V030,DRV106
ORD09054,C1126,R054,2026-08-28T13:54:00+00:00,delivered,V016,DRV034
ORD09055,C1383,R001,2026-09-03T06:04:00+00:00,delivered,V050,DRV101
ORD09056,C0620,R054,2026-08-02T07:13:00+00:00,delayed,V052,DRV014
ORD09057,C0115,R063,2026-08-24T15:11:00+00:00,delivered,V023,DRV016
ORD09058,C0819,R079,2026-09-18T21:02:00+00:00,picked_up,V073,DRV114
ORD09059,C1770,R013,2026-09-09T15:41:00+00:00,in_transit,V034,DRV050
ORD09060,C1416,R051,2026-09-20T13:39:00+00:00,delivered,V096,DRV072
ORD09061,C1750,R014,2026-09-10T14:43:00+00:00,picked_up,V055,DRV085
ORD09062,C2260,R036,2026-09-14T21:29:00+00:00,cancelled,V088,DRV049
ORD09063,C0646,R059,2026-09-04T14:17:00+00:00,delivered,V055,DRV073
ORD09064,C1864,R077,2026-08-04T18:58:00+00:00,delivered,V021,DRV061
ORD09065,C1361,R079,2026-08-26T09:59:00+00:00,cancelled,V070,DRV024
ORD09066,C1853,R060,2026-09-04T14:14:00+00:00,delivered,V038,DRV104
ORD09067,C2096,R007,2026-08-11T01:09:00+00:00,delivered,V085,DRV050
ORD09068,C1082,R021,2026-09-17T15:03:00+00:00,delivered,V063,DRV017
ORD09069,C1283,R037,2026-09-08T06:35:00+00:00,delayed,V030,DRV113
ORD09070,C1549,R064,2026-08-06T19:55:00+00:00,cancelled,V061,DRV018
ORD09071,C0195,R074,2026-09-20T04:49:00+00:00,delivered,V006,DRV104
ORD09072,C1990,R025,2026-08-04T16:49:00+00:00,delivered,V026,DRV007
ORD09073,C0365,R003,2026-08-03T16:51:00+00:00,in_transit,V017,DRV117
ORD09074,C2335,R024,2026-08-23T13:18:00+00:00,delivered,V040,DRV008
ORD09075,C0661,R044,2026-08-02T02:17:00+00:00,picked_up,V055,DRV107
ORD09076,C2441,R072,2026-08-12T09:30:00+00:00,delivered,V026,DRV010
ORD09077,C1563,R036,2026-09-19T13:49:00+00:00,delivered,V050,DRV058
ORD09078,C1728,R018,2026-08-04T03:29:00+00:00,in_transit,V100,DRV092
ORD09079,C1025,R052,2026-09-01T21:09:00+00:00,delivered,V052,DRV041
ORD09080,C1243,R062,2026-08-04T11:04:00+00:00,delivered,V084,DRV009
ORD09081,C2166,R019,2026-08-22T15:34:00+00:00,in_transit,V057,DRV103
ORD09082,C1417,R004,2026-08-01T14:50:00+00:00,in_transit,V044,DRV035
ORD09083,C1633,R077,2026-08-19T18:55:00+00:00,picked_up,V081,DRV061
ORD09084,C1217,R066,2026-08-11T18:18:00+00:00,delivered,V042,DRV107
ORD09085,C0024,R028,2026-09-09T06:12:00+00:00,delivered,V051,DRV020
ORD09086,C2041,R053,2026-08-06T03:35:00+00:00,delivered,V005,DRV081
ORD09087,C2200,R032,2026-09-12T19:27:00+00:00,delivered,V051,DRV054
ORD09088,C1784,R012,2026-09-09T13:46:00+00:00,picked_up,V083,DRV057
ORD09089,C1768,R078,2026-08-02T07:45:00+00:00,delivered,V050,DRV083
ORD09090,C0266,R044,2026-08-31T15:27:00+00:00,in_transit,V031,DRV095
ORD09091,C0277,R025,2026-08-26T02:01:00+00:00,delivered,V091,DRV078
ORD09092,C2497,R047,2026-08-05T01:22:00+00:00,delivered,V072,DRV057
ORD09093,C1365,R023,2026-08-13T21:04:00+00:00,picked_up,V044,DRV118
ORD09094,C0179,R014,2026-08-24T18:57:00+00:00,delayed,V082,DRV109
ORD09095,C0055,R050,2026-08-03T08:11:00+00:00,delivered,V030,DRV035
ORD09096,C0810,R011,2026-09-07T23:43:00+00:00,in_transit,V016,DRV032
ORD09097,C0128,R026,2026-08-27T15:47:00+00:00,delivered,V023,DRV069
ORD09098,C1056,R029,2026-08-18T07:41:00+00:00,delivered,V098,DRV050
ORD09099,C1120,R048,2026-09-16T15:55:00+00:00,delivered,V039,DRV075
ORD09100,C0465,R043,2026-08-15T12:53:00+00:00,in_transit,V053,DRV071
ORD09101,C0075,R014,2026-09-03T02:55:00+00:00,delivered,V039,DRV084
ORD09102,C0120,R033,2026-09-22T04:02:00+00:00,delivered,V084,DRV089
ORD09103,C0255,R070,2026-08-10T04:43:00+00:00,delivered,V057,DRV110
ORD09104,C2253,R020,2026-09-18T12:25:00+00:00,delayed,V019,DRV034
ORD09105,C1432,R040,2026-09-13T11:49:00+00:00,delivered,V053,DRV063
ORD09106,C0748,R005,2026-08-02T17:38:00+00:00,delayed,V085,DRV003
ORD09107,C1727,R058,2026-09-10T17:06:00+00:00,picked_up,V097,DRV089
ORD09108,C1678,R057,2026-08-01T16:16:00+00:00,in_transit,V089,DRV072
ORD09109,C1788,R052,2026-09-01T05:47:00+00:00,delivered,V019,DRV040
ORD09110,C0577,R043,2026-09-07T16:25:00+00:00,cancelled,V045,DRV009
ORD09111,C0717,R055,2026-08-13T11:58:00+00:00,delivered,V081,DRV004
ORD09112,C1198,R036,2026-08-17T12:07:00+00:00,picked_up,V068,DRV118
ORD09113,C0502,R050,2026-09-23T10:47:00+00:00,delivered,V045,DRV114
ORD09114,C0090,R068,2026-08-07T20:01:00+00:00,in_transit,V100,DRV070
ORD09115,C0160,R049,2026-08-22T03:49:00+00:00,picked_up,V088,DRV071
ORD09116,C0384,R018,2026-09-11T03:58:00+00:00,cancelled,V018,DRV079
ORD09117,C2499,R035,2026-08-12T08:47:00+00:00,delivered,V014,DRV024
ORD09118,C0277,R067,2026-09-15T19:22:00+00:00,picked_up,V065,DRV038
ORD09119,C0862,R022,2026-09-04T04:52:00+00:00,in_transit,V099,DRV090
ORD09120,C2098,R039,2026-09-23T07:34:00+00:00,delivered,V004,DRV060
ORD09121,C2415,R021,2026-08-31T20:15:00+00:00,picked_up,V017,DRV014
ORD09122,C0499,R044,2026-08-15T22:56:00+00:00,delivered,V079,DRV028
ORD09123,C1274,R024,2026-08-21T15:54:00+00:00,delivered,V047,DRV112
ORD09124,C2341,R058,2026-08-01T21:20:00+00:00,delivered,V080,DRV094
ORD09125,C0943,R023,2026-08-02T17:27:00+00:00,delivered,V005,DRV041
ORD09126,C0314,R032,2026-08-16T06:30:00+00:00,picked_up,V036,DRV045
ORD09127,C2091,R073,2026-08-20T03:42:00+00:00,delivered,V090,DRV067
ORD09128,C0329,R010,2026-08-01T10:18:00+00:00,delivered,V074,DRV115
ORD09129,C0889,R058,2026-09-07T18:23:00+00:00,picked_up,V023,DRV057
ORD09130,C2184,R075,2026-08-16T09:23:00+00:00,delivered,V097,DRV013
ORD09131,C0606,R054,2026-09-24T13:26:00+00:00,delayed,V070,DRV026
ORD09132,C2089,R008,2026-08-08T06:51:00+00:00,delivered,V023,DRV108
ORD09133,C0704,R054,2026-09-19T06:46:00+00:00,delayed,V060,DRV031
ORD09134,C0132,R060,2026-09-03T13:53:00+00:00,in_transit,V083,DRV093
ORD09135,C0076,R020,2026-08-07T22:27:00+00:00,delivered,V072,DRV080
ORD09136,C1518,R045,2026-08-06T04:51:00+00:00,in_transit,V055,DRV047
ORD09137,C2020,R003,2026-08-05T15:03:00+00:00,delayed,V056,DRV088
ORD09138,C1301,R009,2026-09-11T11:49:00+00:00,delivered,V059,DRV057
ORD09139,C0384,R073,2026-08-31T07:35:00+00:00,delivered,V027,DRV087
ORD09140,C1143,R010,2026-09-19T05:35:00+00:00,delivered,V067,DRV015
ORD09141,C0990,R015,2026-09-16T04:50:00+00:00,delivered,V024,DRV073
ORD09142,C2384,R038,2026-08-26T02:41:00+00:00,in_transit,V021,DRV116
ORD09143,C1684,R071,2026-09-12T16:31:00+00:00,delivered,V014,DRV053
ORD09144,C0384,R069,2026-09-03T21:53:00+00:00,delivered,V096,DRV007
ORD09145,C1815,R021,2026-08-06T15:16:00+00:00,picked_up,V061,DRV030
ORD09146,C0473,R042,2026-09-02T19:54:00+00:00,in_transit,V061,DRV115
ORD09147,C0284,R062,2026-08-16T03:25:00+00:00,in_transit,V025,DRV034
ORD09148,C0943,R054,2026-08-29T17:45:00+00:00,delivered,V050,DRV064
ORD09149,C0117,R063,2026-08-16T16:11:00+00:00,delivered,V076,DRV103
ORD09150,C1474,R045,2026-08-20T23:52:00+00:00,delivered,V099,DRV016
ORD09151,C0716,R006,2026-08-03T20:33:00+00:00,in_transit,V078,DRV014
ORD09152,C0398,R067,2026-09-09T09:38:00+00:00,delivered,V088,DRV011
ORD09153,C0351,R042,2026-09-17T08:53:00+00:00,delivered,V060,DRV112
ORD09154,C1399,R012,2026-08-16T05:30:00+00:00,delivered,V088,DRV033
ORD09155,C2137,R061,2026-09-02T21:42:00+00:00,in_transit,V049,DRV029
ORD09156,C0465,R032,2026-08-30T19:51:00+00:00,delayed,V051,DRV070
ORD09157,C0194,R023,2026-08-18T12:38:00+00:00,picked_up,V093,DRV087
ORD09158,C1410,R057,2026-08-22T09:58:00+00:00,delivered,V060,DRV100
ORD09159,C0051,R067,2026-08-07T13:01:00+00:00,delivered,V089,DRV069
ORD09160,C0759,R070,2026-08-21T18:42:00+00:00,delivered,V055,DRV068
ORD09161,C1456,R038,2026-08-28T17:26:00+00:00,delivered,V100,DRV107
ORD09162,C0557,R045,2026-08-21T09:33:00+00:00,delivered,V006,DRV120
ORD09163,C1308,R072,2026-09-10T13:14:00+00:00,delivered,V024,DRV061
ORD09164,C1528,R035,2026-09-17T19:05:00+00:00,in_transit,V009,DRV023
ORD09165,C2495,R080,2026-08-10T02:24:00+00:00,in_transit,V045,DRV026
ORD09166,C1368,R033,2026-08-26T06:18:00+00:00,delivered,V002,DRV009
ORD09167,C0655,R068,2026-08-26T21:03:00+00:00,picked_up,V022,DRV057
ORD09168,C0611,R043,2026-08-16T12:45:00+00:00,picked_up,V025,DRV108
ORD09169,C2392,R018,2026-08-18T04:45:00+00:00,delivered,V067,DRV095
ORD09170,C0431,R021,2026-09-22T23:34:00+00:00,delivered,V079,DRV057
ORD09171,C2342,R014,2026-08-05T11:32:00+00:00,delivered,V086,DRV032
ORD09172,C0253,R040,2026-08-13T00:14:00+00:00,in_transit,V076,DRV008
ORD09173,C0400,R016,2026-09-10T07:27:00+00:00,picked_up,V094,DRV034
ORD09174,C0397,R026,2026-08-13T20:35:00+00:00,delivered,V048,DRV105
ORD09175,C0127,R076,2026-09-08T22:27:00+00:00,picked_up,V091,DRV058
ORD09176,C2495,R080,2026-08-06T22:15:00+00:00,delivered,V054,DRV074
ORD09177,C0586,R059,2026-09-20T22:12:00+00:00,delayed,V060,DRV054
ORD09178,C1892,R050,2026-09-10T05:15:00+00:00,in_transit,V001,DRV089
ORD09179,C0559,R063,2026-09-20T16:22:00+00:00,delivered,V083,DRV075
ORD09180,C1037,R004,2026-08-06T05:28:00+00:00,delivered,V066,DRV084
ORD09181,C1499,R023,2026-09-18T16:46:00+00:00,delivered,V032,DRV039
ORD09182,C0791,R025,2026-09-03T07:32:00+00:00,delivered,V094,DRV059
ORD09183,C0739,R011,2026-08-20T17:17:00+00:00,delivered,V094,DRV079
ORD09184,C1192,R049,2026-09-12T21:39:00+00:00,delivered,V053,DRV102
ORD09185,C1531,R016,2026-08-19T20:58:00+00:00,delivered,V069,DRV015
ORD09186,C0965,R026,2026-09-08T07:21:00+00:00,delivered,V029,DRV113
ORD09187,C2120,R005,2026-08-27T16:42:00+00:00,cancelled,V001,DRV110
ORD09188,C2166,R057,2026-08-28T02:48:00+00:00,delivered,V018,DRV037
ORD09189,C0420,R066,2026-09-13T16:29:00+00:00,in_transit,V078,DRV062
ORD09190,C1306,R003,2026-09-19T07:18:00+00:00,delayed,V072,DRV011
ORD09191,C0665,R058,2026-08-10T20:25:00+00:00,delivered,V095,DRV117
ORD09192,C1744,R002,2026-09-12T10:57:00+00:00,in_transit,V027,DRV097
ORD09193,C1024,R024,2026-08-04T07:42:00+00:00,delivered,V051,DRV108
ORD09194,C2382,R025,2026-09-05T10:39:00+00:00,delivered,V065,DRV013
ORD09195,C0108,R080,2026-08-08T10:37:00+00:00,delayed,V011,DRV028
ORD09196,C2456,R054,2026-09-05T10:47:00+00:00,delivered,V097,DRV100
ORD09197,C2433,R015,2026-09-22T19:59:00+00:00,delivered,V056,DRV101
ORD09198,C0388,R009,2026-09-04T18:50:00+00:00,delivered,V049,DRV063
ORD09199,C1490,R056,2026-09-19T21:00:00+00:00,delivered,V085,DRV089
ORD09200,C0455,R007,2026-09-10T14:26:00+00:00,delivered,V021,DRV117
ORD09201,C1820,R010,2026-08-13T20:01:00+00:00,delivered,V046,DRV016
ORD09202,C1757,R052,2026-08-15T04:34:00+00:00,delivered,V014,DRV102
ORD09203,C1061,R033,2026-09-21T17:35:00+00:00,in_transit,V071,DRV108
ORD09204,C1833,R063,2026-09-17T10:11:00+00:00,delivered,V012,DRV106
ORD09205,C0525,R042,2026-08-28T08:45:00+00:00,delivered,V084,DRV015
ORD09206,C1951,R014,2026-08-12T15:32:00+00:00,delayed,V066,DRV105
ORD09207,C2058,R002,2026-08-10T21:02:00+00:00,delivered,V080,DRV087
ORD09208,C0515,R013,2026-09-03T14:41:00+00:00,delivered,V078,DRV096
ORD09209,C0958,R013,2026-08-14T07:58:00+00:00,in_transit,V077,DRV065
ORD09210,C2369,R073,2026-08-08T02:06:00+00:00,in_transit,V093,DRV086
ORD09211,C0482,R065,2026-09-08T10:11:00+00:00,picked_up,V035,DRV021
ORD09212,C0029,R011,2026-08-13T05:12:00+00:00,delayed,V051,DRV009
ORD09213,C1440,R068,2026-08-14T19:58:00+00:00,delivered,V041,DRV049
ORD09214,C1914,R073,2026-09-21T03:00:00+00:00,delayed,V063,DRV055
ORD09215,C1701,R054,2026-08-29T03:29:00+00:00,cancelled,V021,DRV056
ORD09216,C0828,R028,2026-08-03T16:13:00+00:00,delivered,V018,DRV105
ORD09217,C0981,R018,2026-09-14T08:23:00+00:00,in_transit,V087,DRV035
ORD09218,C0581,R059,2026-08-07T19:03:00+00:00,delayed,V096,DRV052
ORD09219,C1260,R056,2026-08-24T19:08:00+00:00,delivered,V092,DRV111
ORD09220,C0327,R041,2026-09-04T23:33:00+00:00,delivered,V016,DRV030
ORD09221,C0629,R052,2026-09-06T00:16:00+00:00,picked_up,V006,DRV093
ORD09222,C1453,R079,2026-08-28T19:41:00+00:00,delivered,V026,DRV094
ORD09223,C2132,R077,2026-09-23T22:11:00+00:00,delivered,V085,DRV034
ORD09224,C1388,R071,2026-08-07T16:32:00+00:00,delivered,V055,DRV081
ORD09225,C0603,R027,2026-09-06T12:37:00+00:00,picked_up,V088,DRV101
ORD09226,C1204,R030,2026-09-13T07:48:00+00:00,delivered,V043,DRV095
ORD09227,C2295,R024,2026-09-08T07:12:00+00:00,delivered,V021,DRV062
ORD09228,C2117,R024,2026-08-26T21:13:00+00:00,picked_up,V049,DRV116
ORD09229,C1461,R043,2026-09-24T08:42:00+00:00,delayed,V034,DRV092
ORD09230,C0267,R019,2026-08-20T11:50:00+00:00,delayed,V061,DRV082
ORD09231,C1844,R049,2026-08-28T23:16:00+00:00,delivered,V003,DRV053
ORD09232,C0538,R048,2026-09-17T21:31:00+00:00,delivered,V079,DRV041
ORD09233,C1515,R069,2026-09-15T03:10:00+00:00,delayed,V013,DRV041
ORD09234,C2368,R043,2026-09-14T22:27:00+00:00,cancelled,V034,DRV040
ORD09235,C0492,R032,2026-09-22T06:16:00+00:00,delivered,V039,DRV072
ORD09236,C1158,R022,2026-08-26T04:11:00+00:00,delayed,V008,DRV110
ORD09237,C0306,R047,2026-08-27T15:44:00+00:00,delayed,V011,DRV076
ORD09238,C1356,R007,2026-08-17T07:10:00+00:00,delayed,V020,DRV055
ORD09239,C0940,R077,2026-08-15T09:46:00+00:00,delivered,V018,DRV039
ORD09240,C1238,R060,2026-09-19T11:38:00+00:00,cancelled,V009,DRV109
ORD09241,C2288,R079,2026-09-05T14:20:00+00:00,delivered,V094,DRV084
ORD09242,C0478,R039,2026-09-07T03:18:00+00:00,in_transit,V085,DRV106
ORD09243,C1962,R029,2026-09-04T20:23:00+00:00,delivered,V097,DRV047
ORD09244,C1990,R022,2026-08-16T20:16:00+00:00,delayed,V061,DRV055
ORD09245,C1586,R035,2026-08-29T04:46:00+00:00,picked_up,V010,DRV069
ORD09246,C0151,R009,2026-08-21T18:05:00+00:00,picked_up,V007,DRV033
ORD09247,C0949,R053,2026-08-13T22:28:00+00:00,delayed,V067,DRV098
ORD09248,C2404,R062,2026-08-10T07:13:00+00:00,delivered,V060,DRV005
ORD09249,C0617,R077,2026-08-08T17:23:00+00:00,delayed,V091,DRV009
ORD09250,C0552,R075,2026-08-31T14:59:00+00:00,delivered,V043,DRV028
ORD09251,C0186,R022,2026-09-08T18:43:00+00:00,delivered,V090,DRV023
ORD09252,C0178,R042,2026-09-05T17:09:00+00:00,delivered,V098,DRV118
ORD09253,C0287,R066,2026-09-19T22:37:00+00:00,delivered,V039,DRV009
ORD09254,C1540,R017,2026-08-03T16:27:00+00:00,delivered,V005,DRV020
ORD09255,C1827,R048,2026-08-24T05:01:00+00:00,delayed,V060,DRV119
ORD09256,C1466,R035,2026-08-06T23:03:00+00:00,picked_up,V040,DRV118
ORD09257,C2077,R069,2026-09-12T23:24:00+00:00,delivered,V094,DRV056
ORD09258,C0640,R004,2026-08-24T02:59:00+00:00,picked_up,V089,DRV042
ORD09259,C1512,R043,2026-08-11T01:58:00+00:00,cancelled,V095,DRV065
ORD09260,C2291,R036,2026-08-09T14:34:00+00:00,picked_up,V063,DRV019
ORD09261,C2288,R017,2026-08-16T10:03:00+00:00,delivered,V039,DRV034
ORD09262,C1301,R054,2026-09-08T16:29:00+00:00,delivered,V023,DRV078
ORD09263,C2443,R070,2026-09-01T10:47:00+00:00,delayed,V073,DRV091
ORD09264,C0156,R024,2026-09-07T13:09:00+00:00,delivered,V098,DRV063
ORD09265,C0790,R053,2026-08-13T18:45:00+00:00,delivered,V038,DRV037
ORD09266,C0178,R005,2026-09-19T10:30:00+00:00,delivered,V012,DRV055
ORD09267,C1777,R079,2026-08-23T11:15:00+00:00,in_transit,V042,DRV094
ORD09268,C0030,R049,2026-08-09T13:46:00+00:00,delivered,V014,DRV002
ORD09269,C0616,R034,2026-09-22T01:53:00+00:00,in_transit,V016,DRV103
ORD09270,C2033,R054,2026-09-16T20:28:00+00:00,delayed,V005,DRV007
ORD09271,C0567,R058,2026-08-09T14:02:00+00:00,delivered,V043,DRV050
ORD09272,C0258,R037,2026-09-15T08:16:00+00:00,delivered,V053,DRV109
ORD09273,C0029,R059,2026-09-16T14:13:00+00:00,delayed,V080,DRV107
ORD09274,C1282,R078,2026-09-20T04:27:00+00:00,picked_up,V004,DRV076
ORD09275,C1663,R049,2026-08-02T16:31:00+00:00,picked_up,V017,DRV050
ORD09276,C1017,R013,2026-08-06T00:32:00+00:00,delivered,V047,DRV110
ORD09277,C0665,R060,2026-08-04T04:13:00+00:00,delivered,V001,DRV109
ORD09278,C1721,R062,2026-09-13T22:01:00+00:00,delivered,V080,DRV096
ORD09279,C0272,R055,2026-08-27T18:24:00+00:00,delivered,V066,DRV007
ORD09280,C0701,R020,2026-09-21T08:49:00+00:00,in_transit,V056,DRV064
ORD09281,C1836,R068,2026-08-31T21:02:00+00:00,delivered,V044,DRV109
ORD09282,C1799,R034,2026-08-19T12:53:00+00:00,cancelled,V074,DRV012
ORD09283,C2017,R007,2026-08-05T20:32:00+00:00,delivered,V081,DRV044
ORD09284,C1262,R069,2026-08-21T18:54:00+00:00,in_transit,V083,DRV102
ORD09285,C0853,R063,2026-08-27T01:23:00+00:00,delivered,V008,DRV055
ORD09286,C2078,R044,2026-08-20T03:53:00+00:00,in_transit,V089,DRV024
ORD09287,C0328,R049,2026-09-23T01:25:00+00:00,in_transit,V030,DRV033
ORD09288,C1636,R018,2026-09-02T13:35:00+00:00,delivered,V013,DRV084
ORD09289,C0106,R056,2026-08-28T04:10:00+00:00,delivered,V030,DRV107
ORD09290,C1131,R008,2026-09-06T20:37:00+00:00,in_transit,V048,DRV013
ORD09291,C1010,R072,2026-08-17T04:18:00+00:00,delivered,V044,DRV053
ORD09292,C0636,R008,2026-09-23T00:56:00+00:00,picked_up,V019,DRV115
ORD09293,C0787,R012,2026-09-13T08:11:00+00:00,delivered,V048,DRV046
ORD09294,C0271,R031,2026-08-11T07:42:00+00:00,delayed,V038,DRV021
ORD09295,C0652,R017,2026-08-10T11:41:00+00:00,delayed,V075,DRV119
ORD09296,C0162,R031,2026-09-08T09:52:00+00:00,delivered,V076,DRV064
ORD09297,C0097,R079,2026-09-03T20:57:00+00:00,delivered,V030,DRV012
ORD09298,C1760,R073,2026-09-19T02:52:00+00:00,delivered,V070,DRV067
ORD09299,C1935,R077,2026-08-28T00:04:00+00:00,delivered,V029,DRV002
ORD09300,C2005,R058,2026-08-28T12:10:00+00:00,delivered,V060,DRV093
ORD09301,C1695,R051,2026-08-24T04:27:00+00:00,cancelled,V018,DRV047
ORD09302,C0633,R047,2026-08-07T05:39:00+00:00,delivered,V026,DRV015
ORD09303,C2217,R011,2026-08-28T08:34:00+00:00,delivered,V095,DRV025
ORD09304,C1114,R043,2026-08-26T04:15:00+00:00,delivered,V018,DRV062
ORD09305,C1515,R033,2026-09-09T12:09:00+00:00,delivered,V020,DRV047
ORD09306,C0039,R064,2026-08-07T22:24:00+00:00,picked_up,V024,DRV081
ORD09307,C2122,R036,2026-08-08T06:52:00+00:00,in_transit,V038,DRV087
ORD09308,C2065,R078,2026-09-14T10:47:00+00:00,delivered,V025,DRV017
ORD09309,C2344,R025,2026-09-17T11:26:00+00:00,delivered,V022,DRV098
ORD09310,C0049,R056,2026-09-09T12:50:00+00:00,picked_up,V035,DRV090
ORD09311,C2221,R072,2026-09-23T09:15:00+00:00,picked_up,V095,DRV055
ORD09312,C0356,R009,2026-09-12T21:53:00+00:00,delivered,V048,DRV089
ORD09313,C0248,R060,2026-08-26T21:44:00+00:00,delivered,V006,DRV008
ORD09314,C0521,R032,2026-08-09T07:02:00+00:00,cancelled,V086,DRV021
ORD09315,C1812,R039,2026-09-23T03:58:00+00:00,cancelled,V029,DRV020
ORD09316,C2368,R040,2026-09-02T18:45:00+00:00,picked_up,V029,DRV065
ORD09317,C1314,R062,2026-09-08T17:26:00+00:00,in_transit,V080,DRV075
ORD09318,C1213,R020,2026-08-30T03:28:00+00:00,delivered,V061,DRV061
ORD09319,C1047,R053,2026-09-10T08:34:00+00:00,delivered,V037,DRV071
ORD09320,C1658,R016,2026-08-27T04:07:00+00:00,delivered,V037,DRV093
ORD09321,C1455,R006,2026-08-30T13:01:00+00:00,delivered,V065,DRV047
ORD09322,C2169,R065,2026-08-31T19:58:00+00:00,cancelled,V076,DRV013
ORD09323,C2365,R035,2026-09-13T02:14:00+00:00,delivered,V033,DRV036
ORD09324,C0430,R043,2026-08-20T07:59:00+00:00,delayed,V098,DRV099
ORD09325,C0336,R029,2026-08-06T01:44:00+00:00,picked_up,V027,DRV019
ORD09326,C1854,R055,2026-08-10T09:23:00+00:00,picked_up,V098,DRV101
ORD09327,C0848,R046,2026-08-09T09:27:00+00:00,delayed,V074,DRV059
ORD09328,C2119,R004,2026-08-14T14:11:00+00:00,delayed,V085,DRV077
ORD09329,C2051,R013,2026-08-14T02:59:00+00:00,delivered,V019,DRV084
ORD09330,C2239,R008,2026-09-10T16:01:00+00:00,delivered,V098,DRV112
ORD09331,C1123,R002,2026-09-02T13:05:00+00:00,delivered,V038,DRV005
ORD09332,C1682,R007,2026-08-06T08:39:00+00:00,delivered,V049,DRV053
ORD09333,C1549,R010,2026-08-29T17:13:00+00:00,picked_up,V080,DRV032
ORD09334,C1131,R031,2026-08-23T02:39:00+00:00,picked_up,V027,DRV050
ORD09335,C1474,R045,2026-08-25T10:20:00+00:00,in_transit,V040,DRV056
ORD09336,C0211,R047,2026-08-28T13:23:00+00:00,delivered,V068,DRV047
ORD09337,C0757,R020,2026-09-03T13:36:00+00:00,delivered,V012,DRV053
ORD09338,C0764,R062,2026-08-16T04:21:00+00:00,delivered,V017,DRV047
ORD09339,C0600,R006,2026-09-24T23:44:00+00:00,in_transit,V052,DRV054
ORD09340,C0153,R044,2026-08-04T02:03:00+00:00,delivered,V009,DRV018
ORD09341,C0659,R037,2026-08-05T05:46:00+00:00,delivered,V067,DRV066
ORD09342,C2428,R062,2026-08-12T16:08:00+00:00,in_transit,V066,DRV042
ORD09343,C2069,R064,2026-09-16T23:47:00+00:00,picked_up,V065,DRV061
ORD09344,C1622,R035,2026-08-06T00:51:00+00:00,cancelled,V030,DRV070
ORD09345,C1970,R057,2026-09-11T13:41:00+00:00,picked_up,V087,DRV025
ORD09346,C0161,R073,2026-09-06T22:57:00+00:00,picked_up,V019,DRV072
ORD09347,C2363,R057,2026-08-12T06:31:00+00:00,delayed,V074,DRV119
ORD09348,C1979,R048,2026-08-04T02:07:00+00:00,delivered,V025,DRV044
ORD09349,C1889,R026,2026-08-25T18:48:00+00:00,cancelled,V079,DRV095
ORD09350,C0577,R029,2026-08-29T00:31:00+00:00,delivered,V020,DRV049
ORD09351,C1941,R051,2026-08-29T15:26:00+00:00,delivered,V035,DRV069
ORD09352,C0498,R038,2026-08-31T22:42:00+00:00,in_transit,V073,DRV036
ORD09353,C2147,R066,2026-08-01T12:44:00+00:00,delivered,V068,DRV118
ORD09354,C1168,R025,2026-08-16T06:17:00+00:00,delivered,V077,DRV050
ORD09355,C1375,R009,2026-09-13T10:07:00+00:00,picked_up,V046,DRV017
ORD09356,C0568,R009,2026-08-17T18:06:00+00:00,delayed,V045,DRV042
ORD09357,C1909,R004,2026-08-18T14:52:00+00:00,delivered,V074,DRV089
ORD09358,C1942,R053,2026-08-05T15:59:00+00:00,in_transit,V061,DRV067
ORD09359,C1388,R032,2026-08-13T05:36:00+00:00,picked_up,V015,DRV108
ORD09360,C0515,R052,2026-08-20T02:32:00+00:00,delivered,V091,DRV111
ORD09361,C1576,R055,2026-09-12T09:40:00+00:00,cancelled,V029,DRV081
ORD09362,C0563,R065,2026-09-18T09:27:00+00:00,delivered,V031,DRV051
ORD09363,C2419,R041,2026-08-01T17:16:00+00:00,delivered,V006,DRV089
ORD09364,C1597,R009,2026-09-18T19:03:00+00:00,picked_up,V067,DRV002
ORD09365,C0670,R030,2026-08-08T20:17:00+00:00,in_transit,V099,DRV036
ORD09366,C2246,R026,2026-08-02T14:10:00+00:00,delivered,V051,DRV103
ORD09367,C1867,R069,2026-09-04T10:13:00+00:00,delivered,V010,DRV008
ORD09368,C0502,R058,2026-09-11T18:52:00+00:00,picked_up,V033,DRV080
ORD09369,C2085,R042,2026-08-30T04:43:00+00:00,cancelled,V079,DRV071
ORD09370,C0141,R077,2026-08-07T01:25:00+00:00,delivered,V019,DRV062
ORD09371,C1488,R013,2026-08-27T02:14:00+00:00,cancelled,V016,DRV067
ORD09372,C0970,R031,2026-08-22T15:10:00+00:00,picked_up,V069,DRV108
ORD09373,C1853,R064,2026-08-17T10:18:00+00:00,in_transit,V005,DRV031
ORD09374,C1042,R063,2026-08-06T10:46:00+00:00,delayed,V075,DRV085
ORD09375,C1341,R046,2026-08-09T00:27:00+00:00,delivered,V063,DRV039
ORD09376,C0693,R077,2026-08-04T04:25:00+00:00,in_transit,V026,DRV045
ORD09377,C0539,R062,2026-08-04T04:33:00+00:00,picked_up,V026,DRV075
ORD09378,C2035,R031,2026-08-01T07:30:00+00:00,picked_up,V027,DRV007
ORD09379,C1066,R064,2026-08-07T02:47:00+00:00,picked_up,V053,DRV101
ORD09380,C1446,R036,2026-09-06T20:41:00+00:00,delivered,V081,DRV118
ORD09381,C0778,R069,2026-08-12T06:02:00+00:00,picked_up,V022,DRV025
ORD09382,C2461,R004,2026-08-19T05:25:00+00:00,delivered,V092,DRV079
ORD09383,C1196,R052,2026-08-22T22:25:00+00:00,picked_up,V011,DRV012
ORD09384,C0061,R013,2026-09-01T23:06:00+00:00,delivered,V007,DRV066
ORD09385,C2003,R021,2026-09-11T20:16:00+00:00,picked_up,V010,DRV060
ORD09386,C1130,R066,2026-09-23T19:27:00+00:00,delivered,V017,DRV029
ORD09387,C0350,R018,2026-08-14T11:38:00+00:00,delayed,V027,DRV086
ORD09388,C0458,R067,2026-08-11T02:56:00+00:00,picked_up,V023,DRV103
ORD09389,C1794,R061,2026-09-07T19:50:00+00:00,delivered,V056,DRV044
ORD09390,C0495,R055,2026-08-14T21:48:00+00:00,delivered,V033,DRV113
ORD09391,C0768,R041,2026-08-06T01:38:00+00:00,in_transit,V009,DRV037
ORD09392,C0284,R049,2026-08-11T23:52:00+00:00,delivered,V034,DRV113
ORD09393,C0027,R037,2026-08-30T07:31:00+00:00,delivered,V065,DRV024
ORD09394,C1472,R033,2026-08-06T22:18:00+00:00,in_transit,V035,DRV033
ORD09395,C1014,R013,2026-09-24T11:39:00+00:00,delivered,V053,DRV043
ORD09396,C1930,R080,2026-08-14T23:14:00+00:00,delivered,V066,DRV086
ORD09397,C1559,R029,2026-08-16T14:48:00+00:00,delayed,V032,DRV092
ORD09398,C1222,R004,2026-09-24T11:21:00+00:00,in_transit,V048,DRV027
ORD09399,C1298,R009,2026-09-15T05:35:00+00:00,delivered,V025,DRV104
ORD09400,C1435,R016,2026-09-04T01:35:00+00:00,delivered,V098,DRV119
ORD09401,C2069,R072,2026-09-22T15:32:00+00:00,in_transit,V001,DRV113
ORD09402,C2277,R027,2026-08-02T05:39:00+00:00,delayed,V052,DRV012
ORD09403,C0269,R009,2026-08-10T12:09:00+00:00,delayed,V024,DRV114
ORD09404,C0019,R016,2026-08-05T17:25:00+00:00,in_transit,V090,DRV082
ORD09405,C1597,R007,2026-08-13T15:41:00+00:00,delayed,V100,DRV117
ORD09406,C0794,R054,2026-09-24T05:11:00+00:00,delivered,V066,DRV004
ORD09407,C2433,R025,2026-08-10T15:29:00+00:00,delivered,V030,DRV093
ORD09408,C2361,R070,2026-08-22T11:14:00+00:00,delivered,V057,DRV040
ORD09409,C2012,R044,2026-09-10T05:20:00+00:00,delivered,V063,DRV011
ORD09410,C1542,R041,2026-08-31T13:19:00+00:00,delivered,V067,DRV074
ORD09411,C2406,R020,2026-08-14T22:01:00+00:00,delayed,V100,DRV051
ORD09412,C2184,R014,2026-09-18T19:13:00+00:00,picked_up,V013,DRV042
ORD09413,C0654,R076,2026-08-19T02:02:00+00:00,delayed,V083,DRV081
ORD09414,C0646,R033,2026-08-18T21:41:00+00:00,delivered,V020,DRV056
ORD09415,C1423,R066,2026-08-13T08:55:00+00:00,delivered,V015,DRV104
ORD09416,C2138,R058,2026-08-20T01:30:00+00:00,delivered,V007,DRV009
ORD09417,C1402,R027,2026-08-17T17:23:00+00:00,delivered,V062,DRV013
ORD09418,C1633,R072,2026-09-23T11:43:00+00:00,in_transit,V078,DRV090
ORD09419,C2331,R079,2026-08-06T16:28:00+00:00,delivered,V097,DRV050
ORD09420,C2090,R067,2026-08-10T11:10:00+00:00,picked_up,V100,DRV100
ORD09421,C1185,R069,2026-08-23T21:40:00+00:00,delivered,V031,DRV102
ORD09422,C1453,R074,2026-08-03T01:10:00+00:00,picked_up,V088,DRV071
ORD09423,C2113,R036,2026-09-06T02:13:00+00:00,in_transit,V097,DRV120
ORD09424,C0382,R044,2026-09-20T04:55:00+00:00,picked_up,V061,DRV008
ORD09425,C0163,R020,2026-08-13T06:53:00+00:00,picked_up,V081,DRV064
ORD09426,C0193,R061,2026-09-11T13:59:00+00:00,picked_up,V021,DRV005
ORD09427,C2441,R054,2026-09-20T00:11:00+00:00,picked_up,V093,DRV100
ORD09428,C1008,R074,2026-09-09T10:16:00+00:00,delivered,V041,DRV117
ORD09429,C0325,R014,2026-09-19T04:31:00+00:00,delivered,V053,DRV058
ORD09430,C0905,R035,2026-08-23T23:53:00+00:00,delayed,V009,DRV048
ORD09431,C1822,R014,2026-08-14T17:27:00+00:00,delayed,V093,DRV008
ORD09432,C0620,R052,2026-08-17T11:11:00+00:00,delivered,V053,DRV083
ORD09433,C2322,R034,2026-08-26T12:51:00+00:00,delivered,V002,DRV106
ORD09434,C0595,R034,2026-09-03T07:21:00+00:00,delivered,V009,DRV056
ORD09435,C1494,R020,2026-09-02T14:38:00+00:00,delivered,V087,DRV045
ORD09436,C2105,R057,2026-08-31T22:00:00+00:00,picked_up,V053,DRV114
ORD09437,C1314,R021,2026-08-01T20:23:00+00:00,delivered,V046,DRV054
ORD09438,C1975,R032,2026-08-05T13:22:00+00:00,delayed,V033,DRV003
ORD09439,C1841,R077,2026-08-19T14:22:00+00:00,delivered,V021,DRV114
ORD09440,C0722,R047,2026-08-20T15:59:00+00:00,delivered,V080,DRV084
ORD09441,C0531,R025,2026-09-20T23:03:00+00:00,delivered,V071,DRV116
ORD09442,C0257,R070,2026-09-23T17:16:00+00:00,delivered,V096,DRV061
ORD09443,C0501,R026,2026-09-14T11:49:00+00:00,delivered,V010,DRV089
ORD09444,C1408,R076,2026-08-23T05:14:00+00:00,delivered,V075,DRV088
ORD09445,C0319,R036,2026-08-31T09:46:00+00:00,picked_up,V064,DRV089
ORD09446,C1077,R037,2026-08-06T02:18:00+00:00,picked_up,V098,DRV065
ORD09447,C0380,R071,2026-09-18T07:51:00+00:00,delivered,V001,DRV033
ORD09448,C0787,R071,2026-09-12T03:23:00+00:00,delivered,V030,DRV095
ORD09449,C0775,R073,2026-08-31T00:43:00+00:00,delivered,V054,DRV018
ORD09450,C2321,R035,2026-08-03T11:20:00+00:00,in_transit,V096,DRV094
ORD09451,C1826,R079,2026-09-19T17:18:00+00:00,delivered,V026,DRV027
ORD09452,C2251,R030,2026-08-30T19:17:00+00:00,delayed,V008,DRV042
ORD09453,C2064,R075,2026-09-18T09:10:00+00:00,in_transit,V044,DRV073
ORD09454,C0274,R067,2026-09-18T23:11:00+00:00,delivered,V079,DRV043
ORD09455,C0750,R053,2026-09-14T15:04:00+00:00,delivered,V039,DRV018
ORD09456,C1898,R007,2026-08-04T10:19:00+00:00,delivered,V051,DRV038
ORD09457,C0184,R068,2026-09-13T17:08:00+00:00,delivered,V018,DRV068
ORD09458,C1107,R079,2026-08-11T02:05:00+00:00,in_transit,V080,DRV038
ORD09459,C2468,R028,2026-08-18T22:05:00+00:00,in_transit,V059,DRV063
ORD09460,C0999,R003,2026-08-24T04:03:00+00:00,delayed,V006,DRV015
ORD09461,C0445,R059,2026-09-09T04:35:00+00:00,picked_up,V035,DRV076
ORD09462,C2374,R077,2026-09-21T14:56:00+00:00,delivered,V043,DRV059
ORD09463,C1999,R013,2026-08-02T22:01:00+00:00,delivered,V094,DRV023
ORD09464,C1301,R055,2026-08-16T06:48:00+00:00,picked_up,V024,DRV117
ORD09465,C1021,R067,2026-08-26T18:43:00+00:00,delivered,V073,DRV002
ORD09466,C2082,R018,2026-08-07T22:19:00+00:00,delivered,V090,DRV065
ORD09467,C1935,R009,2026-09-20T13:01:00+00:00,delivered,V004,DRV113
ORD09468,C2032,R040,2026-08-08T08:27:00+00:00,in_transit,V075,DRV042
ORD09469,C1049,R012,2026-09-07T13:38:00+00:00,in_transit,V095,DRV065
ORD09470,C0159,R050,2026-09-21T17:22:00+00:00,cancelled,V085,DRV010
ORD09471,C1172,R040,2026-08-01T22:42:00+00:00,delivered,V038,DRV064
ORD09472,C0206,R028,2026-08-04T23:38:00+00:00,in_transit,V009,DRV099
ORD09473,C0293,R075,2026-08-22T06:10:00+00:00,delivered,V052,DRV046
ORD09474,C1863,R004,2026-09-12T20:39:00+00:00,cancelled,V022,DRV050
ORD09475,C0540,R042,2026-08-23T19:29:00+00:00,delayed,V079,DRV049
ORD09476,C0121,R076,2026-09-21T12:39:00+00:00,delivered,V071,DRV108
ORD09477,C0962,R013,2026-08-30T02:04:00+00:00,delivered,V018,DRV058
ORD09478,C1730,R018,2026-09-07T17:13:00+00:00,delivered,V098,DRV068
ORD09479,C2247,R015,2026-09-04T17:10:00+00:00,in_transit,V025,DRV097
ORD09480,C0120,R068,2026-08-10T14:22:00+00:00,delayed,V065,DRV013
ORD09481,C2193,R039,2026-08-30T07:05:00+00:00,delivered,V041,DRV059
ORD09482,C0820,R040,2026-08-17T08:21:00+00:00,delivered,V015,DRV120
ORD09483,C0095,R080,2026-09-06T00:00:00+00:00,delivered,V034,DRV038
ORD09484,C1241,R059,2026-09-23T07:02:00+00:00,in_transit,V078,DRV071
ORD09485,C0346,R044,2026-08-16T16:06:00+00:00,delivered,V091,DRV080
ORD09486,C0166,R060,2026-08-28T22:28:00+00:00,delivered,V044,DRV120
ORD09487,C1735,R031,2026-08-02T01:23:00+00:00,delivered,V001,DRV004
ORD09488,C0091,R021,2026-08-18T07:25:00+00:00,delivered,V039,DRV018
ORD09489,C0642,R019,2026-08-26T11:42:00+00:00,delivered,V002,DRV034
ORD09490,C1977,R041,2026-08-05T12:02:00+00:00,cancelled,V026,DRV052
ORD09491,C0219,R044,2026-08-02T20:39:00+00:00,in_transit,V031,DRV019
ORD09492,C0594,R041,2026-09-20T03:01:00+00:00,in_transit,V057,DRV042
ORD09493,C1537,R029,2026-08-15T16:56:00+00:00,delivered,V039,DRV036
ORD09494,C0552,R013,2026-08-02T19:49:00+00:00,delivered,V015,DRV095
ORD09495,C1471,R063,2026-09-09T20:43:00+00:00,in_transit,V067,DRV028
ORD09496,C2134,R061,2026-09-17T12:22:00+00:00,delayed,V018,DRV002
ORD09497,C2279,R075,2026-09-22T14:46:00+00:00,delivered,V025,DRV033
ORD09498,C0577,R073,2026-08-24T03:12:00+00:00,delivered,V064,DRV034
ORD09499,C0391,R080,2026-08-01T23:58:00+00:00,delivered,V046,DRV008
ORD09500,C0903,R045,2026-08-26T08:05:00+00:00,delivered,V045,DRV005
ORD09501,C1755,R066,2026-08-12T07:07:00+00:00,delivered,V025,DRV055
ORD09502,C0107,R078,2026-09-08T00:30:00+00:00,in_transit,V015,DRV023
ORD09503,C0500,R073,2026-08-03T01:54:00+00:00,cancelled,V068,DRV084
ORD09504,C1216,R040,2026-09-10T11:04:00+00:00,delivered,V080,DRV043
ORD09505,C0045,R072,2026-09-19T06:47:00+00:00,in_transit,V043,DRV114
ORD09506,C0111,R021,2026-08-07T06:48:00+00:00,picked_up,V074,DRV027
ORD09507,C0543,R072,2026-08-02T17:27:00+00:00,delivered,V039,DRV072
ORD09508,C0951,R037,2026-09-08T08:35:00+00:00,delivered,V071,DRV064
ORD09509,C0945,R018,2026-08-16T10:09:00+00:00,delivered,V098,DRV051
ORD09510,C1436,R078,2026-09-14T07:55:00+00:00,delivered,V065,DRV019
ORD09511,C1258,R065,2026-08-09T19:08:00+00:00,delivered,V037,DRV061
ORD09512,C1834,R078,2026-09-24T17:12:00+00:00,delivered,V042,DRV104
ORD09513,C1411,R031,2026-09-18T07:01:00+00:00,delivered,V004,DRV056
ORD09514,C1123,R025,2026-09-22T10:34:00+00:00,picked_up,V061,DRV082
ORD09515,C0011,R017,2026-09-22T01:55:00+00:00,delivered,V017,DRV089
ORD09516,C1855,R024,2026-08-12T06:28:00+00:00,delayed,V031,DRV087
ORD09517,C0566,R030,2026-08-15T09:47:00+00:00,in_transit,V084,DRV089
ORD09518,C0570,R024,2026-09-09T12:58:00+00:00,delivered,V082,DRV046
ORD09519,C0448,R015,2026-08-03T19:34:00+00:00,delayed,V068,DRV037
ORD09520,C1382,R075,2026-09-15T05:10:00+00:00,delivered,V083,DRV060
ORD09521,C1984,R032,2026-09-20T04:47:00+00:00,delivered,V086,DRV082
ORD09522,C1371,R052,2026-08-28T02:21:00+00:00,delivered,V057,DRV070
ORD09523,C1094,R022,2026-09-16T23:16:00+00:00,delayed,V003,DRV105
ORD09524,C0767,R078,2026-08-09T06:39:00+00:00,delivered,V095,DRV038
ORD09525,C0339,R007,2026-09-18T18:20:00+00:00,delivered,V012,DRV075
ORD09526,C1349,R069,2026-08-10T12:58:00+00:00,picked_up,V039,DRV041
ORD09527,C0099,R041,2026-08-19T05:27:00+00:00,delivered,V002,DRV114
ORD09528,C1584,R005,2026-08-16T20:38:00+00:00,delayed,V029,DRV109
ORD09529,C2474,R049,2026-08-27T03:30:00+00:00,picked_up,V009,DRV051
ORD09530,C0954,R061,2026-08-05T13:21:00+00:00,delivered,V071,DRV077
ORD09531,C1341,R055,2026-08-24T16:34:00+00:00,in_transit,V032,DRV056
ORD09532,C2417,R055,2026-09-18T03:23:00+00:00,delivered,V063,DRV019
ORD09533,C1429,R077,2026-08-03T21:22:00+00:00,delivered,V011,DRV070
ORD09534,C1174,R002,2026-09-04T07:48:00+00:00,delayed,V097,DRV034
ORD09535,C1982,R029,2026-09-20T16:02:00+00:00,delivered,V064,DRV013
ORD09536,C1943,R038,2026-09-24T19:15:00+00:00,picked_up,V003,DRV102
ORD09537,C1981,R019,2026-09-17T23:44:00+00:00,delivered,V031,DRV114
ORD09538,C1822,R019,2026-08-19T06:26:00+00:00,delivered,V043,DRV098
ORD09539,C2472,R007,2026-09-12T04:13:00+00:00,delivered,V053,DRV105
ORD09540,C0710,R069,2026-09-03T08:02:00+00:00,delayed,V100,DRV044
ORD09541,C1598,R056,2026-08-14T00:49:00+00:00,delivered,V077,DRV046
ORD09542,C1042,R034,2026-09-19T00:22:00+00:00,delivered,V024,DRV018
ORD09543,C1041,R075,2026-08-06T07:16:00+00:00,in_transit,V026,DRV103
ORD09544,C1227,R075,2026-08-15T07:58:00+00:00,delivered,V040,DRV033
ORD09545,C1382,R033,2026-08-11T07:38:00+00:00,picked_up,V048,DRV040
ORD09546,C0693,R009,2026-09-24T09:10:00+00:00,delivered,V059,DRV063
ORD09547,C2013,R041,2026-09-09T14:28:00+00:00,delivered,V069,DRV004
ORD09548,C0429,R044,2026-09-11T23:54:00+00:00,picked_up,V003,DRV060
ORD09549,C0154,R003,2026-09-07T06:03:00+00:00,cancelled,V042,DRV109
ORD09550,C1071,R039,2026-09-13T12:48:00+00:00,delivered,V026,DRV010
ORD09551,C1468,R020,2026-08-05T09:39:00+00:00,delivered,V058,DRV051
ORD09552,C0331,R056,2026-09-06T00:42:00+00:00,delayed,V045,DRV067
ORD09553,C1810,R030,2026-08-28T03:12:00+00:00,in_transit,V060,DRV110
ORD09554,C1671,R030,2026-09-06T05:31:00+00:00,delayed,V073,DRV050
ORD09555,C1069,R071,2026-09-09T01:36:00+00:00,delivered,V001,DRV108
ORD09556,C1035,R064,2026-09-15T07:04:00+00:00,delayed,V062,DRV109
ORD09557,C2451,R080,2026-09-01T19:44:00+00:00,picked_up,V004,DRV051
ORD09558,C1422,R011,2026-09-25T02:53:00+00:00,picked_up,V016,DRV012
ORD09559,C2274,R044,2026-08-17T05:30:00+00:00,in_transit,V019,DRV059
ORD09560,C0045,R025,2026-09-07T00:19:00+00:00,delivered,V088,DRV071
ORD09561,C0816,R062,2026-09-12T20:35:00+00:00,picked_up,V029,DRV116
ORD09562,C1583,R044,2026-08-05T23:34:00+00:00,delivered,V060,DRV072
ORD09563,C1299,R026,2026-08-10T21:22:00+00:00,delivered,V012,DRV030
ORD09564,C1228,R078,2026-09-11T01:59:00+00:00,delivered,V041,DRV011
ORD09565,C1577,R003,2026-08-07T07:02:00+00:00,delivered,V075,DRV004
ORD09566,C0965,R030,2026-09-08T05:15:00+00:00,delivered,V023,DRV087
ORD09567,C1402,R040,2026-09-12T09:13:00+00:00,delivered,V015,DRV043
ORD09568,C0014,R062,2026-08-18T10:38:00+00:00,delivered,V039,DRV002
ORD09569,C1084,R008,2026-09-02T11:38:00+00:00,picked_up,V012,DRV022
ORD09570,C0416,R055,2026-09-07T16:55:00+00:00,delivered,V049,DRV090
ORD09571,C1867,R038,2026-09-02T06:34:00+00:00,delivered,V067,DRV026
ORD09572,C1236,R016,2026-08-05T08:19:00+00:00,picked_up,V081,DRV106
ORD09573,C1876,R004,2026-08-18T16:13:00+00:00,delivered,V061,DRV057
ORD09574,C0325,R048,2026-08-23T13:35:00+00:00,delivered,V053,DRV034
ORD09575,C1966,R012,2026-08-16T00:44:00+00:00,delivered,V098,DRV048
ORD09576,C0808,R059,2026-08-13T20:42:00+00:00,delivered,V078,DRV109
ORD09577,C1859,R047,2026-08-07T16:43:00+00:00,delivered,V080,DRV068
ORD09578,C0043,R040,2026-09-06T13:27:00+00:00,delivered,V092,DRV008
ORD09579,C2126,R046,2026-09-19T21:15:00+00:00,delivered,V013,DRV017
ORD09580,C0494,R059,2026-08-04T03:07:00+00:00,delivered,V013,DRV119
ORD09581,C2171,R069,2026-09-08T05:21:00+00:00,delivered,V012,DRV002
ORD09582,C0566,R014,2026-09-04T00:04:00+00:00,delivered,V097,DRV120
ORD09583,C0154,R003,2026-08-05T07:09:00+00:00,picked_up,V042,DRV053
ORD09584,C2231,R072,2026-08-27T09:37:00+00:00,delivered,V050,DRV018
ORD09585,C0119,R077,2026-08-24T23:12:00+00:00,delivered,V037,DRV050
ORD09586,C0259,R075,2026-08-16T05:47:00+00:00,delivered,V085,DRV094
ORD09587,C1411,R042,2026-09-13T20:53:00+00:00,delivered,V070,DRV114
ORD09588,C1096,R078,2026-08-22T04:24:00+00:00,delivered,V049,DRV017
ORD09589,C1646,R045,2026-08-08T15:28:00+00:00,delivered,V098,DRV072
ORD09590,C1557,R070,2026-09-23T04:12:00+00:00,picked_up,V060,DRV067
ORD09591,C1861,R066,2026-09-12T18:42:00+00:00,delayed,V073,DRV050
ORD09592,C0134,R077,2026-09-03T03:20:00+00:00,delivered,V067,DRV104
ORD09593,C1561,R053,2026-09-09T20:04:00+00:00,delivered,V016,DRV120
ORD09594,C1102,R039,2026-09-17T21:22:00+00:00,delivered,V049,DRV096
ORD09595,C2072,R007,2026-08-31T03:36:00+00:00,picked_up,V084,DRV012
ORD09596,C0600,R049,2026-08-28T18:09:00+00:00,delivered,V001,DRV021
ORD09597,C1952,R069,2026-08-22T19:41:00+00:00,delivered,V042,DRV082
ORD09598,C1834,R029,2026-09-01T15:35:00+00:00,delivered,V023,DRV093
ORD09599,C1868,R069,2026-08-17T10:44:00+00:00,delivered,V003,DRV056
ORD09600,C1931,R019,2026-09-03T10:03:00+00:00,cancelled,V080,DRV011
ORD09601,C0251,R013,2026-08-09T17:12:00+00:00,in_transit,V091,DRV069
ORD09602,C0741,R008,2026-09-04T08:49:00+00:00,in_transit,V079,DRV031
ORD09603,C1394,R025,2026-09-09T08:59:00+00:00,delivered,V031,DRV052
ORD09604,C0489,R011,2026-09-21T06:47:00+00:00,cancelled,V062,DRV028
ORD09605,C1902,R022,2026-08-03T03:31:00+00:00,picked_up,V019,DRV112
ORD09606,C1210,R015,2026-09-05T23:01:00+00:00,delivered,V009,DRV063
ORD09607,C1845,R077,2026-08-21T09:16:00+00:00,cancelled,V073,DRV017
ORD09608,C1619,R036,2026-08-02T13:12:00+00:00,in_transit,V043,DRV069
ORD09609,C0571,R038,2026-09-09T21:39:00+00:00,in_transit,V032,DRV101
ORD09610,C1740,R018,2026-08-24T15:04:00+00:00,delivered,V094,DRV076
ORD09611,C0540,R076,2026-08-02T17:33:00+00:00,picked_up,V058,DRV036
ORD09612,C0345,R027,2026-08-20T06:51:00+00:00,delivered,V081,DRV080
ORD09613,C1936,R068,2026-08-03T12:12:00+00:00,delivered,V029,DRV083
ORD09614,C0801,R053,2026-08-02T23:58:00+00:00,in_transit,V100,DRV088
ORD09615,C1020,R009,2026-09-11T21:09:00+00:00,in_transit,V089,DRV111
ORD09616,C0373,R021,2026-08-22T10:36:00+00:00,in_transit,V026,DRV071
ORD09617,C0333,R036,2026-09-23T05:25:00+00:00,picked_up,V045,DRV105
ORD09618,C1800,R031,2026-09-18T07:53:00+00:00,in_transit,V072,DRV074
ORD09619,C0581,R003,2026-09-04T21:34:00+00:00,delivered,V010,DRV029
ORD09620,C0983,R058,2026-08-02T14:33:00+00:00,in_transit,V031,DRV014
ORD09621,C0343,R040,2026-08-27T16:33:00+00:00,picked_up,V078,DRV002
ORD09622,C0775,R029,2026-09-22T16:44:00+00:00,picked_up,V072,DRV029
ORD09623,C0484,R055,2026-09-02T22:26:00+00:00,delivered,V079,DRV002
ORD09624,C0910,R010,2026-09-16T03:52:00+00:00,delivered,V069,DRV079
ORD09625,C0214,R043,2026-09-24T17:35:00+00:00,picked_up,V008,DRV032
ORD09626,C0832,R060,2026-09-22T12:00:00+00:00,in_transit,V084,DRV113
ORD09627,C1421,R072,2026-08-04T18:18:00+00:00,delivered,V004,DRV050
ORD09628,C1275,R019,2026-08-11T09:53:00+00:00,in_transit,V064,DRV108
ORD09629,C0159,R053,2026-09-14T07:58:00+00:00,delivered,V039,DRV109
ORD09630,C1387,R070,2026-09-10T03:10:00+00:00,delivered,V062,DRV100
ORD09631,C0227,R054,2026-09-05T15:21:00+00:00,delivered,V089,DRV063
ORD09632,C2091,R039,2026-08-12T11:51:00+00:00,delivered,V003,DRV094
ORD09633,C2042,R051,2026-09-16T03:17:00+00:00,delivered,V026,DRV093
ORD09634,C1683,R039,2026-08-13T08:27:00+00:00,in_transit,V004,DRV043
ORD09635,C0704,R003,2026-09-11T17:11:00+00:00,delivered,V046,DRV104
ORD09636,C2209,R041,2026-09-05T09:30:00+00:00,delivered,V023,DRV080
ORD09637,C0037,R032,2026-08-04T12:38:00+00:00,delayed,V051,DRV016
ORD09638,C0009,R056,2026-08-02T21:07:00+00:00,picked_up,V043,DRV014
ORD09639,C2285,R073,2026-09-01T06:53:00+00:00,delivered,V080,DRV103
ORD09640,C0417,R051,2026-08-25T21:18:00+00:00,picked_up,V019,DRV058
ORD09641,C1003,R045,2026-08-12T23:22:00+00:00,picked_up,V047,DRV074
ORD09642,C0963,R011,2026-09-03T19:33:00+00:00,picked_up,V094,DRV021
ORD09643,C1333,R024,2026-08-23T23:34:00+00:00,delayed,V037,DRV020
ORD09644,C1268,R075,2026-08-29T22:31:00+00:00,in_transit,V063,DRV097
ORD09645,C1534,R012,2026-09-22T10:37:00+00:00,delivered,V055,DRV088
ORD09646,C2297,R015,2026-09-06T03:51:00+00:00,delivered,V027,DRV024
ORD09647,C0431,R074,2026-09-14T05:09:00+00:00,in_transit,V079,DRV039
ORD09648,C2127,R056,2026-08-21T16:49:00+00:00,in_transit,V046,DRV018
ORD09649,C1279,R002,2026-09-18T06:40:00+00:00,delivered,V028,DRV013
ORD09650,C0520,R005,2026-08-14T21:14:00+00:00,delivered,V006,DRV002
ORD09651,C2222,R021,2026-09-07T22:11:00+00:00,in_transit,V071,DRV006
ORD09652,C0002,R023,2026-08-29T22:42:00+00:00,delivered,V049,DRV064
ORD09653,C0290,R065,2026-08-31T03:04:00+00:00,in_transit,V097,DRV056
ORD09654,C2162,R032,2026-08-11T18:48:00+00:00,in_transit,V016,DRV059
ORD09655,C2081,R024,2026-09-05T21:50:00+00:00,delivered,V052,DRV079
ORD09656,C2172,R018,2026-08-15T17:10:00+00:00,picked_up,V030,DRV118
ORD09657,C1299,R040,2026-09-06T12:35:00+00:00,delivered,V059,DRV073
ORD09658,C0342,R048,2026-09-11T21:46:00+00:00,picked_up,V088,DRV106
ORD09659,C0292,R038,2026-08-24T11:13:00+00:00,in_transit,V040,DRV084
ORD09660,C2219,R050,2026-08-12T04:19:00+00:00,delivered,V010,DRV088
ORD09661,C0450,R030,2026-08-14T22:06:00+00:00,delivered,V088,DRV068
ORD09662,C1473,R006,2026-08-28T15:13:00+00:00,picked_up,V014,DRV118
ORD09663,C0254,R002,2026-08-06T12:11:00+00:00,picked_up,V017,DRV056
ORD09664,C0233,R066,2026-09-02T04:36:00+00:00,delivered,V038,DRV096
ORD09665,C1180,R005,2026-08-05T19:43:00+00:00,delivered,V098,DRV118
ORD09666,C0574,R014,2026-08-13T08:22:00+00:00,delivered,V022,DRV062
ORD09667,C1772,R069,2026-09-19T16:07:00+00:00,delivered,V055,DRV118
ORD09668,C1010,R061,2026-08-15T20:35:00+00:00,in_transit,V068,DRV096
ORD09669,C1499,R077,2026-08-30T08:18:00+00:00,delivered,V090,DRV071
ORD09670,C0813,R027,2026-09-15T13:20:00+00:00,delivered,V075,DRV099
ORD09671,C2184,R047,2026-09-20T07:27:00+00:00,delivered,V027,DRV071
ORD09672,C1799,R063,2026-08-11T07:53:00+00:00,delivered,V033,DRV050
ORD09673,C0745,R072,2026-08-13T12:26:00+00:00,delayed,V081,DRV105
ORD09674,C1351,R059,2026-09-07T04:48:00+00:00,delivered,V061,DRV018
ORD09675,C0778,R074,2026-09-10T08:12:00+00:00,delivered,V081,DRV010
ORD09676,C1730,R036,2026-09-08T03:46:00+00:00,delivered,V064,DRV084
ORD09677,C1168,R028,2026-09-09T14:52:00+00:00,picked_up,V056,DRV019
ORD09678,C1453,R060,2026-08-17T19:43:00+00:00,delayed,V018,DRV040
ORD09679,C2046,R050,2026-09-24T17:03:00+00:00,in_transit,V069,DRV099
ORD09680,C0829,R014,2026-08-27T01:40:00+00:00,delivered,V032,DRV087
ORD09681,C0275,R027,2026-09-21T16:02:00+00:00,picked_up,V056,DRV004
ORD09682,C2367,R064,2026-08-11T12:08:00+00:00,delivered,V088,DRV095
ORD09683,C1345,R010,2026-09-22T12:47:00+00:00,delivered,V081,DRV035
ORD09684,C1861,R051,2026-08-08T08:11:00+00:00,delivered,V079,DRV115
ORD09685,C1559,R011,2026-09-16T09:12:00+00:00,delivered,V019,DRV118
ORD09686,C0906,R042,2026-08-23T13:49:00+00:00,cancelled,V018,DRV077
ORD09687,C0242,R060,2026-09-07T01:45:00+00:00,in_transit,V063,DRV025
ORD09688,C0907,R024,2026-08-11T22:15:00+00:00,delivered,V036,DRV044
ORD09689,C1920,R056,2026-08-09T12:28:00+00:00,picked_up,V080,DRV010
ORD09690,C1414,R073,2026-08-21T07:08:00+00:00,in_transit,V079,DRV036
ORD09691,C0045,R058,2026-09-24T04:33:00+00:00,delayed,V067,DRV103
ORD09692,C1704,R034,2026-09-14T22:19:00+00:00,delivered,V091,DRV111
ORD09693,C0530,R001,2026-08-13T19:56:00+00:00,picked_up,V054,DRV084
ORD09694,C1061,R053,2026-08-23T11:10:00+00:00,delivered,V051,DRV110
ORD09695,C0660,R058,2026-09-07T08:06:00+00:00,delivered,V070,DRV112
ORD09696,C1681,R021,2026-09-20T21:17:00+00:00,delivered,V097,DRV106
ORD09697,C0707,R003,2026-09-21T21:22:00+00:00,delivered,V070,DRV059
ORD09698,C2208,R006,2026-09-10T02:31:00+00:00,delivered,V095,DRV033
ORD09699,C0669,R065,2026-08-14T20:57:00+00:00,picked_up,V036,DRV028
ORD09700,C1900,R060,2026-09-14T07:30:00+00:00,delivered,V097,DRV059
ORD09701,C1085,R062,2026-09-18T21:25:00+00:00,in_transit,V083,DRV099
ORD09702,C1890,R070,2026-09-20T23:41:00+00:00,delivered,V035,DRV018
ORD09703,C0235,R011,2026-08-25T23:31:00+00:00,delivered,V049,DRV042
ORD09704,C1752,R002,2026-09-22T04:05:00+00:00,in_transit,V028,DRV014
ORD09705,C2253,R007,2026-09-04T05:18:00+00:00,in_transit,V082,DRV034
ORD09706,C0886,R025,2026-08-25T16:59:00+00:00,delivered,V083,DRV081
ORD09707,C2351,R038,2026-09-01T12:11:00+00:00,delivered,V070,DRV066
ORD09708,C0145,R018,2026-09-17T20:25:00+00:00,delivered,V062,DRV012
ORD09709,C0832,R070,2026-08-12T00:29:00+00:00,in_transit,V008,DRV028
ORD09710,C1016,R062,2026-09-11T17:54:00+00:00,delivered,V082,DRV081
ORD09711,C1156,R057,2026-09-19T13:01:00+00:00,delivered,V066,DRV071
ORD09712,C2151,R075,2026-08-04T00:11:00+00:00,in_transit,V053,DRV063
ORD09713,C0429,R065,2026-08-13T21:04:00+00:00,delayed,V089,DRV089
ORD09714,C1152,R053,2026-09-15T16:10:00+00:00,delayed,V051,DRV086
ORD09715,C1554,R067,2026-08-23T19:35:00+00:00,picked_up,V046,DRV049
ORD09716,C1830,R067,2026-08-16T04:16:00+00:00,picked_up,V022,DRV024
ORD09717,C0136,R075,2026-09-13T02:48:00+00:00,delivered,V063,DRV031
ORD09718,C1794,R075,2026-09-16T01:49:00+00:00,delivered,V008,DRV058
ORD09719,C0219,R018,2026-08-20T10:37:00+00:00,delivered,V012,DRV087
ORD09720,C0079,R030,2026-09-05T07:20:00+00:00,in_transit,V019,DRV096
ORD09721,C2402,R039,2026-09-04T06:05:00+00:00,delivered,V010,DRV033
ORD09722,C1829,R024,2026-09-18T22:29:00+00:00,cancelled,V082,DRV054
ORD09723,C2364,R076,2026-08-24T19:15:00+00:00,delayed,V082,DRV084
ORD09724,C0425,R020,2026-09-07T21:00:00+00:00,picked_up,V087,DRV041
ORD09725,C0742,R043,2026-09-15T23:24:00+00:00,delivered,V023,DRV001
ORD09726,C2237,R042,2026-08-16T04:21:00+00:00,delivered,V090,DRV095
ORD09727,C0253,R053,2026-08-07T10:16:00+00:00,delivered,V079,DRV020
ORD09728,C1944,R039,2026-08-22T04:10:00+00:00,delivered,V093,DRV077
ORD09729,C0598,R080,2026-09-17T14:25:00+00:00,delivered,V041,DRV061
ORD09730,C2264,R067,2026-08-05T11:40:00+00:00,delivered,V090,DRV044
ORD09731,C1418,R054,2026-08-18T19:35:00+00:00,delivered,V033,DRV107
ORD09732,C1729,R047,2026-08-21T15:52:00+00:00,delivered,V052,DRV042
ORD09733,C1494,R034,2026-08-01T20:17:00+00:00,picked_up,V067,DRV100
ORD09734,C0533,R058,2026-09-13T02:06:00+00:00,delivered,V073,DRV056
ORD09735,C1689,R024,2026-08-21T20:22:00+00:00,delayed,V037,DRV096
ORD09736,C1803,R070,2026-08-28T11:34:00+00:00,delivered,V010,DRV085
ORD09737,C1616,R058,2026-08-28T06:12:00+00:00,delivered,V085,DRV057
ORD09738,C2127,R033,2026-08-01T14:52:00+00:00,picked_up,V013,DRV082
ORD09739,C0783,R055,2026-09-05T06:10:00+00:00,in_transit,V096,DRV047
ORD09740,C1121,R049,2026-08-03T04:29:00+00:00,delivered,V012,DRV019
ORD09741,C0119,R033,2026-09-13T08:43:00+00:00,delivered,V090,DRV020
ORD09742,C0512,R023,2026-08-17T20:07:00+00:00,in_transit,V098,DRV059
ORD09743,C1192,R067,2026-09-18T03:53:00+00:00,picked_up,V081,DRV108
ORD09744,C1299,R014,2026-08-06T13:45:00+00:00,picked_up,V092,DRV114
ORD09745,C0108,R008,2026-09-24T01:21:00+00:00,delivered,V005,DRV113
ORD09746,C1377,R008,2026-09-11T22:09:00+00:00,in_transit,V074,DRV059
ORD09747,C2023,R010,2026-09-11T16:01:00+00:00,delivered,V053,DRV053
ORD09748,C0275,R065,2026-08-07T13:37:00+00:00,delivered,V026,DRV002
ORD09749,C1739,R056,2026-09-15T20:06:00+00:00,cancelled,V035,DRV017
ORD09750,C0976,R056,2026-08-08T14:38:00+00:00,delivered,V076,DRV013
ORD09751,C0593,R077,2026-09-09T20:22:00+00:00,delivered,V021,DRV060
ORD09752,C0469,R015,2026-09-16T00:43:00+00:00,delayed,V033,DRV087
ORD09753,C2087,R049,2026-08-17T20:58:00+00:00,picked_up,V087,DRV031
ORD09754,C1668,R051,2026-09-14T12:02:00+00:00,delivered,V077,DRV038
ORD09755,C1668,R055,2026-09-12T04:53:00+00:00,in_transit,V012,DRV113
ORD09756,C1047,R067,2026-08-12T07:41:00+00:00,delivered,V054,DRV007
ORD09757,C0595,R076,2026-08-21T07:24:00+00:00,delivered,V026,DRV099
ORD09758,C2092,R004,2026-08-16T06:17:00+00:00,in_transit,V077,DRV104
ORD09759,C0174,R028,2026-08-28T05:58:00+00:00,delivered,V096,DRV106
ORD09760,C1978,R032,2026-09-19T03:26:00+00:00,delayed,V055,DRV050
ORD09761,C1589,R080,2026-09-09T10:23:00+00:00,delivered,V057,DRV105
ORD09762,C0352,R032,2026-08-16T21:23:00+00:00,delivered,V080,DRV077
ORD09763,C1308,R070,2026-08-22T14:08:00+00:00,in_transit,V057,DRV087
ORD09764,C0871,R029,2026-08-02T10:19:00+00:00,in_transit,V081,DRV025
ORD09765,C0459,R014,2026-08-27T19:49:00+00:00,delivered,V063,DRV118
ORD09766,C0754,R011,2026-09-19T08:13:00+00:00,in_transit,V067,DRV072
ORD09767,C2072,R031,2026-08-15T13:02:00+00:00,delayed,V022,DRV038
ORD09768,C1097,R049,2026-08-04T16:52:00+00:00,delivered,V025,DRV058
ORD09769,C2334,R058,2026-09-06T02:22:00+00:00,delivered,V093,DRV032
ORD09770,C1359,R069,2026-08-08T21:01:00+00:00,in_transit,V017,DRV064
ORD09771,C1851,R021,2026-09-14T13:55:00+00:00,delivered,V076,DRV039
ORD09772,C1045,R060,2026-08-05T21:56:00+00:00,delivered,V076,DRV020
ORD09773,C1569,R046,2026-08-29T17:53:00+00:00,delivered,V079,DRV081
ORD09774,C2461,R061,2026-08-12T00:22:00+00:00,cancelled,V089,DRV010
ORD09775,C0454,R016,2026-09-12T09:28:00+00:00,delivered,V071,DRV059
ORD09776,C0203,R007,2026-09-18T04:33:00+00:00,picked_up,V015,DRV060
ORD09777,C0626,R051,2026-08-07T06:47:00+00:00,delivered,V021,DRV037
ORD09778,C2228,R075,2026-08-26T04:03:00+00:00,delivered,V090,DRV091
ORD09779,C1903,R044,2026-08-28T03:44:00+00:00,delivered,V082,DRV104
ORD09780,C2272,R035,2026-09-10T01:13:00+00:00,delivered,V026,DRV102
ORD09781,C2122,R075,2026-08-13T04:23:00+00:00,in_transit,V012,DRV037
ORD09782,C0738,R022,2026-08-19T06:18:00+00:00,cancelled,V079,DRV107
ORD09783,C0035,R077,2026-09-04T20:36:00+00:00,delivered,V086,DRV042
ORD09784,C1415,R004,2026-08-12T03:14:00+00:00,picked_up,V011,DRV052
ORD09785,C0120,R052,2026-09-02T07:45:00+00:00,delivered,V045,DRV117
ORD09786,C0229,R047,2026-09-03T17:23:00+00:00,in_transit,V070,DRV087
ORD09787,C1981,R052,2026-08-03T21:47:00+00:00,delivered,V088,DRV098
ORD09788,C0165,R024,2026-08-10T16:20:00+00:00,delivered,V056,DRV003
ORD09789,C1007,R070,2026-08-04T05:53:00+00:00,picked_up,V094,DRV055
ORD09790,C2397,R068,2026-08-13T15:03:00+00:00,delayed,V032,DRV055
ORD09791,C0266,R078,2026-09-15T12:43:00+00:00,in_transit,V058,DRV022
ORD09792,C0452,R026,2026-08-01T18:55:00+00:00,in_transit,V098,DRV079
ORD09793,C1973,R012,2026-09-08T05:37:00+00:00,delivered,V004,DRV035
ORD09794,C0084,R042,2026-08-19T05:25:00+00:00,delivered,V086,DRV005
ORD09795,C0241,R066,2026-09-11T01:16:00+00:00,picked_up,V063,DRV116
ORD09796,C0059,R007,2026-09-02T01:12:00+00:00,picked_up,V085,DRV047
ORD09797,C1331,R058,2026-09-18T05:56:00+00:00,in_transit,V008,DRV084
ORD09798,C1418,R078,2026-08-25T02:38:00+00:00,delivered,V017,DRV046
ORD09799,C0863,R026,2026-08-24T13:08:00+00:00,in_transit,V088,DRV100
ORD09800,C0030,R011,2026-08-16T20:00:00+00:00,in_transit,V026,DRV102
ORD09801,C1638,R066,2026-08-19T12:26:00+00:00,delivered,V003,DRV028
ORD09802,C2375,R018,2026-08-13T17:57:00+00:00,cancelled,V055,DRV094
ORD09803,C0942,R062,2026-08-25T00:47:00+00:00,delivered,V084,DRV112
ORD09804,C1823,R066,2026-08-10T07:30:00+00:00,delivered,V004,DRV108
ORD09805,C1250,R063,2026-09-08T07:24:00+00:00,picked_up,V062,DRV068
ORD09806,C0993,R026,2026-08-27T13:47:00+00:00,in_transit,V025,DRV094
ORD09807,C0286,R066,2026-08-28T02:32:00+00:00,delivered,V006,DRV100
ORD09808,C0343,R006,2026-08-19T05:39:00+00:00,delivered,V052,DRV112
ORD09809,C1727,R028,2026-09-13T19:16:00+00:00,delayed,V042,DRV004
ORD09810,C1533,R008,2026-08-21T03:40:00+00:00,delivered,V093,DRV119
ORD09811,C1961,R051,2026-08-22T15:25:00+00:00,delayed,V094,DRV085
ORD09812,C0988,R058,2026-08-22T10:09:00+00:00,delivered,V022,DRV045
ORD09813,C1805,R035,2026-08-12T13:15:00+00:00,picked_up,V001,DRV022
ORD09814,C1845,R017,2026-09-06T14:53:00+00:00,picked_up,V078,DRV017
ORD09815,C1239,R067,2026-09-12T06:27:00+00:00,delivered,V024,DRV078
ORD09816,C0764,R076,2026-09-14T15:30:00+00:00,delivered,V009,DRV001
ORD09817,C1442,R034,2026-08-02T04:59:00+00:00,in_transit,V074,DRV053
ORD09818,C1125,R072,2026-09-21T21:08:00+00:00,picked_up,V081,DRV049
ORD09819,C0864,R068,2026-08-09T08:48:00+00:00,delayed,V057,DRV009
ORD09820,C1222,R021,2026-09-24T02:04:00+00:00,delivered,V072,DRV038
ORD09821,C0892,R014,2026-08-20T08:59:00+00:00,delivered,V095,DRV027
ORD09822,C0207,R032,2026-08-22T02:22:00+00:00,delayed,V008,DRV083
ORD09823,C0529,R080,2026-08-31T05:11:00+00:00,delivered,V025,DRV004
ORD09824,C0749,R075,2026-08-31T19:38:00+00:00,picked_up,V063,DRV083
ORD09825,C0706,R004,2026-09-11T09:07:00+00:00,delivered,V007,DRV003
ORD09826,C0029,R051,2026-09-24T06:03:00+00:00,delivered,V066,DRV056
ORD09827,C1153,R029,2026-08-11T19:03:00+00:00,delivered,V068,DRV062
ORD09828,C1720,R064,2026-08-23T10:21:00+00:00,delivered,V030,DRV046
ORD09829,C2008,R053,2026-08-22T16:04:00+00:00,delivered,V095,DRV076
ORD09830,C2488,R024,2026-08-30T19:08:00+00:00,delivered,V085,DRV032
ORD09831,C2369,R063,2026-08-24T14:49:00+00:00,delivered,V012,DRV030
ORD09832,C1610,R019,2026-08-01T20:32:00+00:00,delivered,V064,DRV047
ORD09833,C0417,R040,2026-08-23T16:58:00+00:00,delivered,V039,DRV004
ORD09834,C0663,R068,2026-09-21T05:13:00+00:00,delivered,V072,DRV040
ORD09835,C0768,R026,2026-09-12T04:18:00+00:00,delivered,V076,DRV033
ORD09836,C1686,R069,2026-09-18T15:06:00+00:00,delayed,V065,DRV047
ORD09837,C0609,R002,2026-08-17T17:12:00+00:00,in_transit,V100,DRV043
ORD09838,C1656,R007,2026-08-05T13:43:00+00:00,picked_up,V083,DRV012
ORD09839,C2325,R047,2026-08-09T15:15:00+00:00,picked_up,V048,DRV046
ORD09840,C0555,R070,2026-09-13T11:50:00+00:00,picked_up,V025,DRV112
ORD09841,C0168,R060,2026-08-02T11:44:00+00:00,delivered,V047,DRV094
ORD09842,C0284,R030,2026-09-03T04:39:00+00:00,in_transit,V002,DRV018
ORD09843,C0932,R070,2026-08-05T06:24:00+00:00,picked_up,V071,DRV009
ORD09844,C0600,R050,2026-08-19T15:41:00+00:00,in_transit,V050,DRV111
ORD09845,C1491,R037,2026-09-09T13:34:00+00:00,delayed,V055,DRV043
ORD09846,C0939,R047,2026-09-14T20:19:00+00:00,in_transit,V017,DRV105
ORD09847,C1150,R045,2026-08-08T18:47:00+00:00,cancelled,V017,DRV060
ORD09848,C2453,R077,2026-08-18T00:36:00+00:00,delivered,V046,DRV075
ORD09849,C1645,R049,2026-08-10T00:40:00+00:00,delivered,V041,DRV029
ORD09850,C0012,R065,2026-08-27T07:14:00+00:00,picked_up,V064,DRV094
ORD09851,C0643,R040,2026-08-01T14:23:00+00:00,in_transit,V009,DRV088
ORD09852,C0096,R020,2026-09-16T08:40:00+00:00,delivered,V082,DRV007
ORD09853,C0218,R014,2026-08-03T10:29:00+00:00,delivered,V038,DRV066
ORD09854,C2307,R019,2026-09-02T12:29:00+00:00,in_transit,V066,DRV051
ORD09855,C2151,R070,2026-09-18T21:08:00+00:00,picked_up,V013,DRV037
ORD09856,C0302,R078,2026-08-29T08:20:00+00:00,delivered,V043,DRV034
ORD09857,C0243,R036,2026-08-17T01:34:00+00:00,cancelled,V077,DRV053
ORD09858,C0491,R011,2026-08-23T22:10:00+00:00,delayed,V024,DRV101
ORD09859,C2288,R080,2026-08-29T15:42:00+00:00,picked_up,V089,DRV010
ORD09860,C2378,R057,2026-09-17T05:54:00+00:00,picked_up,V028,DRV103
ORD09861,C1520,R042,2026-09-09T06:31:00+00:00,delayed,V053,DRV091
ORD09862,C2169,R051,2026-08-21T13:22:00+00:00,delivered,V061,DRV106
ORD09863,C2137,R076,2026-09-10T16:12:00+00:00,picked_up,V011,DRV099
ORD09864,C1818,R037,2026-09-17T06:00:00+00:00,picked_up,V068,DRV094
ORD09865,C1867,R026,2026-08-20T22:26:00+00:00,delivered,V069,DRV108
ORD09866,C0868,R020,2026-09-07T13:39:00+00:00,delayed,V057,DRV093
ORD09867,C0911,R067,2026-08-11T03:15:00+00:00,delivered,V009,DRV044
ORD09868,C0722,R007,2026-09-14T01:30:00+00:00,in_transit,V018,DRV006
ORD09869,C1319,R062,2026-08-29T03:52:00+00:00,in_transit,V076,DRV114
ORD09870,C1146,R036,2026-08-09T06:18:00+00:00,in_transit,V100,DRV019
ORD09871,C0344,R014,2026-08-12T20:51:00+00:00,delivered,V010,DRV037
ORD09872,C1046,R011,2026-09-02T03:30:00+00:00,delivered,V044,DRV109
ORD09873,C0608,R033,2026-08-21T02:20:00+00:00,delivered,V070,DRV120
ORD09874,C2475,R008,2026-09-18T01:31:00+00:00,picked_up,V049,DRV087
ORD09875,C0307,R045,2026-08-07T10:58:00+00:00,delivered,V033,DRV089
ORD09876,C1158,R039,2026-08-13T14:21:00+00:00,delayed,V070,DRV025
ORD09877,C0249,R067,2026-08-23T15:42:00+00:00,delivered,V018,DRV057
ORD09878,C1127,R058,2026-09-14T02:37:00+00:00,in_transit,V084,DRV010
ORD09879,C2019,R038,2026-08-14T01:05:00+00:00,delivered,V079,DRV014
ORD09880,C0285,R017,2026-08-29T15:17:00+00:00,delivered,V030,DRV037
ORD09881,C0327,R059,2026-09-23T12:28:00+00:00,cancelled,V099,DRV020
ORD09882,C1612,R008,2026-08-04T07:32:00+00:00,delivered,V037,DRV041
ORD09883,C0496,R004,2026-08-09T19:28:00+00:00,delivered,V061,DRV109
ORD09884,C0067,R005,2026-09-21T08:02:00+00:00,in_transit,V037,DRV117
ORD09885,C0697,R005,2026-09-22T09:47:00+00:00,delivered,V012,DRV045
ORD09886,C1707,R078,2026-09-14T16:20:00+00:00,delivered,V067,DRV105
ORD09887,C2275,R052,2026-08-09T09:47:00+00:00,delivered,V031,DRV055
ORD09888,C1328,R050,2026-08-31T22:29:00+00:00,in_transit,V037,DRV098
ORD09889,C0656,R050,2026-08-01T15:13:00+00:00,delayed,V054,DRV120
ORD09890,C2289,R050,2026-09-14T10:57:00+00:00,picked_up,V078,DRV022
ORD09891,C0827,R061,2026-08-08T03:01:00+00:00,picked_up,V010,DRV105
ORD09892,C0998,R045,2026-08-27T08:54:00+00:00,delivered,V016,DRV030
ORD09893,C1172,R019,2026-09-14T15:49:00+00:00,delayed,V056,DRV093
ORD09894,C2340,R062,2026-09-18T03:27:00+00:00,delayed,V027,DRV115
ORD09895,C0980,R075,2026-09-13T04:19:00+00:00,in_transit,V012,DRV003
ORD09896,C0291,R029,2026-09-13T08:33:00+00:00,in_transit,V015,DRV052
ORD09897,C1756,R021,2026-09-12T05:59:00+00:00,delivered,V007,DRV100
ORD09898,C1312,R001,2026-09-24T14:09:00+00:00,delivered,V004,DRV090
ORD09899,C2400,R055,2026-08-08T23:39:00+00:00,delivered,V002,DRV050
ORD09900,C1697,R003,2026-08-05T01:50:00+00:00,delivered,V020,DRV072
ORD09901,C1382,R063,2026-08-26T15:02:00+00:00,delivered,V072,DRV065
ORD09902,C2159,R040,2026-08-25T05:55:00+00:00,delivered,V010,DRV032
ORD09903,C1440,R070,2026-08-17T15:03:00+00:00,delayed,V100,DRV085
ORD09904,C0242,R051,2026-08-21T22:14:00+00:00,delivered,V032,DRV069
ORD09905,C0184,R064,2026-09-13T17:02:00+00:00,in_transit,V066,DRV073
ORD09906,C0884,R069,2026-08-08T22:30:00+00:00,picked_up,V002,DRV051
ORD09907,C0115,R041,2026-09-24T11:04:00+00:00,in_transit,V099,DRV046
ORD09908,C1758,R016,2026-08-24T10:18:00+00:00,delivered,V034,DRV066
ORD09909,C0924,R056,2026-09-24T08:15:00+00:00,delivered,V031,DRV110
ORD09910,C0441,R008,2026-09-24T16:51:00+00:00,delivered,V006,DRV080
ORD09911,C1565,R078,2026-09-17T23:58:00+00:00,in_transit,V015,DRV088
ORD09912,C0791,R074,2026-09-16T16:17:00+00:00,picked_up,V036,DRV060
ORD09913,C0463,R033,2026-09-05T14:49:00+00:00,in_transit,V081,DRV054
ORD09914,C0636,R055,2026-08-04T07:34:00+00:00,delivered,V030,DRV067
ORD09915,C1878,R071,2026-08-16T05:40:00+00:00,delivered,V048,DRV028
ORD09916,C0541,R064,2026-08-13T12:20:00+00:00,delivered,V005,DRV043
ORD09917,C2193,R009,2026-09-19T16:04:00+00:00,picked_up,V081,DRV108
ORD09918,C1808,R006,2026-09-07T10:53:00+00:00,in_transit,V047,DRV111
ORD09919,C0504,R063,2026-09-12T10:36:00+00:00,delivered,V065,DRV061
ORD09920,C2470,R066,2026-08-24T08:13:00+00:00,picked_up,V065,DRV027
ORD09921,C0533,R001,2026-08-04T17:41:00+00:00,delivered,V055,DRV028
ORD09922,C1800,R066,2026-09-21T10:04:00+00:00,delivered,V049,DRV046
ORD09923,C1768,R076,2026-08-23T02:48:00+00:00,delivered,V082,DRV003
ORD09924,C0315,R064,2026-09-02T17:24:00+00:00,delivered,V028,DRV068
ORD09925,C0011,R008,2026-08-24T11:45:00+00:00,delivered,V072,DRV070
ORD09926,C1477,R027,2026-08-07T11:42:00+00:00,delivered,V001,DRV002
ORD09927,C2273,R025,2026-08-28T16:02:00+00:00,in_transit,V042,DRV084
ORD09928,C0260,R043,2026-08-31T01:50:00+00:00,delivered,V036,DRV118
ORD09929,C0116,R039,2026-08-20T22:59:00+00:00,picked_up,V058,DRV050
ORD09930,C2338,R026,2026-08-18T02:04:00+00:00,delayed,V062,DRV087
ORD09931,C1500,R077,2026-09-02T09:44:00+00:00,in_transit,V097,DRV030
ORD09932,C0212,R053,2026-09-24T02:52:00+00:00,delivered,V088,DRV055
ORD09933,C0030,R042,2026-09-22T04:28:00+00:00,picked_up,V003,DRV034
ORD09934,C2295,R031,2026-09-22T05:55:00+00:00,delayed,V094,DRV104
ORD09935,C1260,R038,2026-08-22T15:02:00+00:00,delayed,V036,DRV105
ORD09936,C2421,R040,2026-08-22T11:13:00+00:00,delivered,V024,DRV041
ORD09937,C2387,R010,2026-08-15T12:02:00+00:00,picked_up,V072,DRV052
ORD09938,C2054,R075,2026-08-21T07:21:00+00:00,picked_up,V093,DRV115
ORD09939,C1419,R007,2026-09-09T16:41:00+00:00,delivered,V049,DRV071
ORD09940,C2444,R006,2026-08-04T15:39:00+00:00,delayed,V029,DRV044
ORD09941,C1891,R026,2026-08-17T17:30:00+00:00,delayed,V082,DRV046
ORD09942,C1063,R039,2026-08-27T05:00:00+00:00,delayed,V011,DRV102
ORD09943,C1390,R036,2026-08-20T05:01:00+00:00,delayed,V003,DRV024
ORD09944,C1818,R067,2026-09-20T21:29:00+00:00,delivered,V042,DRV116
ORD09945,C0031,R029,2026-09-14T14:32:00+00:00,delivered,V082,DRV052
ORD09946,C1535,R006,2026-08-13T09:42:00+00:00,cancelled,V051,DRV021
ORD09947,C1478,R031,2026-08-29T23:43:00+00:00,delivered,V074,DRV105
ORD09948,C1931,R078,2026-08-12T03:01:00+00:00,delivered,V021,DRV002
ORD09949,C0834,R056,2026-09-14T10:16:00+00:00,in_transit,V065,DRV077
ORD09950,C1414,R050,2026-08-21T03:07:00+00:00,picked_up,V007,DRV013
ORD09951,C0382,R062,2026-08-19T08:38:00+00:00,delivered,V092,DRV070
ORD09952,C0070,R039,2026-08-26T04:34:00+00:00,delivered,V069,DRV075
ORD09953,C0206,R074,2026-08-10T05:07:00+00:00,delivered,V037,DRV038
ORD09954,C2092,R022,2026-09-01T05:20:00+00:00,picked_up,V067,DRV059
ORD09955,C0735,R060,2026-08-19T04:56:00+00:00,cancelled,V028,DRV003
ORD09956,C1418,R030,2026-09-11T08:19:00+00:00,delayed,V032,DRV120
ORD09957,C0001,R047,2026-08-22T06:05:00+00:00,delivered,V088,DRV033
ORD09958,C0250,R036,2026-09-12T01:31:00+00:00,delivered,V047,DRV086
ORD09959,C2197,R080,2026-08-21T23:47:00+00:00,delivered,V009,DRV080
ORD09960,C0286,R065,2026-08-30T05:13:00+00:00,delivered,V017,DRV091
ORD09961,C0843,R042,2026-08-24T18:33:00+00:00,delivered,V014,DRV073
ORD09962,C0699,R003,2026-09-05T18:30:00+00:00,picked_up,V009,DRV046
ORD09963,C2466,R011,2026-09-24T18:31:00+00:00,picked_up,V057,DRV062
ORD09964,C0130,R041,2026-08-02T22:26:00+00:00,picked_up,V039,DRV060
ORD09965,C1850,R024,2026-08-13T23:41:00+00:00,delivered,V006,DRV010
ORD09966,C2239,R079,2026-08-08T02:45:00+00:00,delivered,V037,DRV103
ORD09967,C0071,R023,2026-08-19T06:33:00+00:00,picked_up,V029,DRV053
ORD09968,C0078,R036,2026-09-14T07:23:00+00:00,delivered,V093,DRV097
ORD09969,C1316,R007,2026-09-02T17:40:00+00:00,delivered,V049,DRV115
ORD09970,C0290,R027,2026-09-22T15:24:00+00:00,picked_up,V072,DRV032
ORD09971,C0351,R042,2026-09-24T03:08:00+00:00,delivered,V021,DRV018
ORD09972,C1044,R015,2026-09-09T10:23:00+00:00,cancelled,V088,DRV038
ORD09973,C0882,R010,2026-09-06T05:31:00+00:00,in_transit,V053,DRV011
ORD09974,C1154,R032,2026-08-25T00:16:00+00:00,delivered,V070,DRV086
ORD09975,C0569,R042,2026-08-21T15:35:00+00:00,delivered,V092,DRV006
ORD09976,C0475,R038,2026-08-23T02:22:00+00:00,in_transit,V078,DRV092
ORD09977,C2212,R046,2026-08-26T06:57:00+00:00,delivered,V036,DRV118
ORD09978,C0538,R018,2026-08-06T04:38:00+00:00,in_transit,V041,DRV103
ORD09979,C1840,R043,2026-09-15T15:21:00+00:00,picked_up,V051,DRV008
ORD09980,C0900,R008,2026-09-24T04:54:00+00:00,delivered,V082,DRV086
ORD09981,C0584,R007,2026-09-08T00:55:00+00:00,delayed,V024,DRV103
ORD09982,C0457,R028,2026-09-16T13:04:00+00:00,delivered,V021,DRV072
ORD09983,C1306,R074,2026-09-12T17:15:00+00:00,delivered,V058,DRV119
ORD09984,C2253,R019,2026-09-04T10:05:00+00:00,delivered,V005,DRV027
ORD09985,C1309,R016,2026-09-17T18:49:00+00:00,delivered,V001,DRV098
ORD09986,C2310,R048,2026-08-30T05:07:00+00:00,delivered,V007,DRV113
ORD09987,C1191,R078,2026-08-28T06:07:00+00:00,delivered,V086,DRV053
ORD09988,C1548,R003,2026-09-13T07:44:00+00:00,delivered,V038,DRV044
ORD09989,C1049,R046,2026-09-02T18:59:00+00:00,delivered,V063,DRV115
ORD09990,C1462,R052,2026-09-22T01:21:00+00:00,picked_up,V075,DRV113
ORD09991,C0063,R073,2026-08-28T20:02:00+00:00,delivered,V073,DRV094
ORD09992,C2036,R034,2026-09-22T08:54:00+00:00,delivered,V042,DRV039
ORD09993,C2143,R019,2026-08-28T12:59:00+00:00,delivered,V079,DRV065
ORD09994,C2164,R052,2026-08-07T21:45:00+00:00,picked_up,V085,DRV014
ORD09995,C2271,R002,2026-09-09T22:21:00+00:00,delivered,V099,DRV098
ORD09996,C0133,R054,2026-08-09T09:58:00+00:00,in_transit,V020,DRV112
ORD09997,C1299,R048,2026-09-03T17:49:00+00:00,delivered,V060,DRV060
ORD09998,C1052,R053,2026-08-18T21:58:00+00:00,delivered,V021,DRV081
ORD09999,C1870,R046,2026-08-03T16:30:00+00:00,delivered,V042,DRV040
ORD10000,C2012,R048,2026-08-23T02:37:00+00:00,in_transit,V075,DRV060
